bench	point_id	mos	res	temp_c	load_a	cout_f	esr_ohm	netlist	netlist_sha256	invocation	git_sha	pdk	ngspice
loopgain	loopgain_dyn_ff_-40c_rwcs_i500ua_c330nf_e0mohm	mos_ff	res_wcs	-40	500e-6	330n	0	sim/ldo-cmos5l-pvt-sweep/netlist-snapshots/20261010-101245-6df50fd/loopgain_dyn_ff_-40c_rwcs_i500ua_c330nf_e0mohm.spice	5576fa51d6de595ce7999b5f4ba0b8a18b36946b33fcf489656a17c50dc334d5	klt sim --backend batch corners/20261010-101245-6df50fd/_batch/g00_loopgain_dyn_ff_-40c_rwcs_i500ua_c330nf_e0mohm/request.json (batch_backend.py; corner mos_ff__res_wcs__cap_typ @ -40C)	6df50fd	ihp-sg13cmos5l	ngspice-46 (EDA batch fleet runner, klt 0.5.0)
psrr	psrr_dyn_ff_-40c_rwcs_i500ua_c330nf_e0mohm	mos_ff	res_wcs	-40	500e-6	330n	0	sim/ldo-cmos5l-pvt-sweep/netlist-snapshots/20261010-101245-6df50fd/psrr_dyn_ff_-40c_rwcs_i500ua_c330nf_e0mohm.spice	bcb7dcf089f764feb690869863260bb6d7cb1f7899aa683c3630e78e494f5795	klt sim --backend batch corners/20261010-101245-6df50fd/_batch/g03_psrr_dyn_ff_-40c_rwcs_i500ua_c330nf_e0mohm/request.json (batch_backend.py; corner mos_ff__res_wcs__cap_typ @ -40C)	6df50fd	ihp-sg13cmos5l	ngspice-46 (EDA batch fleet runner, klt 0.5.0)
loopgain	loopgain_dyn_ff_-40c_rwcs_i13000ua_c330nf_e0mohm	mos_ff	res_wcs	-40	13000e-6	330n	0	sim/ldo-cmos5l-pvt-sweep/netlist-snapshots/20261010-101245-6df50fd/loopgain_dyn_ff_-40c_rwcs_i13000ua_c330nf_e0mohm.spice	52a240e44742a9a0072b88311dd1689c41b1193289977968ccd516663f84ac1a	klt sim --backend batch corners/20261010-101245-6df50fd/_batch/g00_loopgain_dyn_ff_-40c_rwcs_i500ua_c330nf_e0mohm/request.json (batch_backend.py; corner mos_ff__res_wcs__cap_typ @ -40C)	6df50fd	ihp-sg13cmos5l	ngspice-46 (EDA batch fleet runner, klt 0.5.0)
psrr	psrr_dyn_ff_-40c_rwcs_i13000ua_c330nf_e0mohm	mos_ff	res_wcs	-40	13000e-6	330n	0	sim/ldo-cmos5l-pvt-sweep/netlist-snapshots/20261010-101245-6df50fd/psrr_dyn_ff_-40c_rwcs_i13000ua_c330nf_e0mohm.spice	48a19fc518ce1bdec1f68fad51c670dd47bf1d1db20b44e4d77fb3fc5239f132	klt sim --backend batch corners/20261010-101245-6df50fd/_batch/g03_psrr_dyn_ff_-40c_rwcs_i500ua_c330nf_e0mohm/request.json (batch_backend.py; corner mos_ff__res_wcs__cap_typ @ -40C)	6df50fd	ihp-sg13cmos5l	ngspice-46 (EDA batch fleet runner, klt 0.5.0)
loopgain	loopgain_dyn_ff_-40c_rwcs_i37500ua_c330nf_e0mohm	mos_ff	res_wcs	-40	37500e-6	330n	0	sim/ldo-cmos5l-pvt-sweep/netlist-snapshots/20261010-101245-6df50fd/loopgain_dyn_ff_-40c_rwcs_i37500ua_c330nf_e0mohm.spice	7c82f8e6e86784d6b93308742f2c86e2791899f8953329d1527e71d547586894	klt sim --backend batch corners/20261010-101245-6df50fd/_batch/g00_loopgain_dyn_ff_-40c_rwcs_i500ua_c330nf_e0mohm/request.json (batch_backend.py; corner mos_ff__res_wcs__cap_typ @ -40C)	6df50fd	ihp-sg13cmos5l	ngspice-46 (EDA batch fleet runner, klt 0.5.0)
psrr	psrr_dyn_ff_-40c_rwcs_i37500ua_c330nf_e0mohm	mos_ff	res_wcs	-40	37500e-6	330n	0	sim/ldo-cmos5l-pvt-sweep/netlist-snapshots/20261010-101245-6df50fd/psrr_dyn_ff_-40c_rwcs_i37500ua_c330nf_e0mohm.spice	b8f80d8a36f174df5a47ab554fb0927660f6fa0be8d9781dee2641c291ff3427	klt sim --backend batch corners/20261010-101245-6df50fd/_batch/g03_psrr_dyn_ff_-40c_rwcs_i500ua_c330nf_e0mohm/request.json (batch_backend.py; corner mos_ff__res_wcs__cap_typ @ -40C)	6df50fd	ihp-sg13cmos5l	ngspice-46 (EDA batch fleet runner, klt 0.5.0)
loopgain	loopgain_dyn_ff_-40c_rwcs_i500ua_c330nf_e250mohm	mos_ff	res_wcs	-40	500e-6	330n	250e-3	sim/ldo-cmos5l-pvt-sweep/netlist-snapshots/20261010-101245-6df50fd/loopgain_dyn_ff_-40c_rwcs_i500ua_c330nf_e250mohm.spice	305167e34cc6351608a786d5add4b6bc366fd177f2f9f041e14488dd1ca0ae70	klt sim --backend batch corners/20261010-101245-6df50fd/_batch/g00_loopgain_dyn_ff_-40c_rwcs_i500ua_c330nf_e0mohm/request.json (batch_backend.py; corner mos_ff__res_wcs__cap_typ @ -40C)	6df50fd	ihp-sg13cmos5l	ngspice-46 (EDA batch fleet runner, klt 0.5.0)
psrr	psrr_dyn_ff_-40c_rwcs_i500ua_c330nf_e250mohm	mos_ff	res_wcs	-40	500e-6	330n	250e-3	sim/ldo-cmos5l-pvt-sweep/netlist-snapshots/20261010-101245-6df50fd/psrr_dyn_ff_-40c_rwcs_i500ua_c330nf_e250mohm.spice	302b67f86b70e8689e7ad75f6895cf470267a0cc51b3ad14344734f1b0a4391a	klt sim --backend batch corners/20261010-101245-6df50fd/_batch/g03_psrr_dyn_ff_-40c_rwcs_i500ua_c330nf_e0mohm/request.json (batch_backend.py; corner mos_ff__res_wcs__cap_typ @ -40C)	6df50fd	ihp-sg13cmos5l	ngspice-46 (EDA batch fleet runner, klt 0.5.0)
loopgain	loopgain_dyn_ff_-40c_rwcs_i13000ua_c330nf_e250mohm	mos_ff	res_wcs	-40	13000e-6	330n	250e-3	sim/ldo-cmos5l-pvt-sweep/netlist-snapshots/20261010-101245-6df50fd/loopgain_dyn_ff_-40c_rwcs_i13000ua_c330nf_e250mohm.spice	e12d00f588cee5c341a641b25c54d9416ebf5d968151405b7234260cb53a6bf0	klt sim --backend batch corners/20261010-101245-6df50fd/_batch/g00_loopgain_dyn_ff_-40c_rwcs_i500ua_c330nf_e0mohm/request.json (batch_backend.py; corner mos_ff__res_wcs__cap_typ @ -40C)	6df50fd	ihp-sg13cmos5l	ngspice-46 (EDA batch fleet runner, klt 0.5.0)
psrr	psrr_dyn_ff_-40c_rwcs_i13000ua_c330nf_e250mohm	mos_ff	res_wcs	-40	13000e-6	330n	250e-3	sim/ldo-cmos5l-pvt-sweep/netlist-snapshots/20261010-101245-6df50fd/psrr_dyn_ff_-40c_rwcs_i13000ua_c330nf_e250mohm.spice	09e9b69d83a64bd8d82a417484d9ee27bd3684f6974294f829801a69f8214365	klt sim --backend batch corners/20261010-101245-6df50fd/_batch/g03_psrr_dyn_ff_-40c_rwcs_i500ua_c330nf_e0mohm/request.json (batch_backend.py; corner mos_ff__res_wcs__cap_typ @ -40C)	6df50fd	ihp-sg13cmos5l	ngspice-46 (EDA batch fleet runner, klt 0.5.0)
loopgain	loopgain_dyn_ff_-40c_rwcs_i37500ua_c330nf_e250mohm	mos_ff	res_wcs	-40	37500e-6	330n	250e-3	sim/ldo-cmos5l-pvt-sweep/netlist-snapshots/20261010-101245-6df50fd/loopgain_dyn_ff_-40c_rwcs_i37500ua_c330nf_e250mohm.spice	cf9b7790fe725dbb0660be9edb5a9f1cb3789e3cc6007d63de3fd88001a0dfb2	klt sim --backend batch corners/20261010-101245-6df50fd/_batch/g00_loopgain_dyn_ff_-40c_rwcs_i500ua_c330nf_e0mohm/request.json (batch_backend.py; corner mos_ff__res_wcs__cap_typ @ -40C)	6df50fd	ihp-sg13cmos5l	ngspice-46 (EDA batch fleet runner, klt 0.5.0)
psrr	psrr_dyn_ff_-40c_rwcs_i37500ua_c330nf_e250mohm	mos_ff	res_wcs	-40	37500e-6	330n	250e-3	sim/ldo-cmos5l-pvt-sweep/netlist-snapshots/20261010-101245-6df50fd/psrr_dyn_ff_-40c_rwcs_i37500ua_c330nf_e250mohm.spice	18fbf65cdaa57031b6b941ec9ddabe622e8a76d5fa1d88fd31838e9c348ee4a2	klt sim --backend batch corners/20261010-101245-6df50fd/_batch/g03_psrr_dyn_ff_-40c_rwcs_i500ua_c330nf_e0mohm/request.json (batch_backend.py; corner mos_ff__res_wcs__cap_typ @ -40C)	6df50fd	ihp-sg13cmos5l	ngspice-46 (EDA batch fleet runner, klt 0.5.0)
loopgain	loopgain_dyn_ff_-40c_rwcs_i500ua_c330nf_e500mohm	mos_ff	res_wcs	-40	500e-6	330n	500e-3	sim/ldo-cmos5l-pvt-sweep/netlist-snapshots/20261010-101245-6df50fd/loopgain_dyn_ff_-40c_rwcs_i500ua_c330nf_e500mohm.spice	475568a5685178e10cd9938e925ebab070fc8275020b89f56be901aa7f8bfb10	klt sim --backend batch corners/20261010-101245-6df50fd/_batch/g00_loopgain_dyn_ff_-40c_rwcs_i500ua_c330nf_e0mohm/request.json (batch_backend.py; corner mos_ff__res_wcs__cap_typ @ -40C)	6df50fd	ihp-sg13cmos5l	ngspice-46 (EDA batch fleet runner, klt 0.5.0)
psrr	psrr_dyn_ff_-40c_rwcs_i500ua_c330nf_e500mohm	mos_ff	res_wcs	-40	500e-6	330n	500e-3	sim/ldo-cmos5l-pvt-sweep/netlist-snapshots/20261010-101245-6df50fd/psrr_dyn_ff_-40c_rwcs_i500ua_c330nf_e500mohm.spice	d2ccf2d49780bafbb6a8f794c9c3463945726def10c8e6f22c187414ab1eb44a	klt sim --backend batch corners/20261010-101245-6df50fd/_batch/g03_psrr_dyn_ff_-40c_rwcs_i500ua_c330nf_e0mohm/request.json (batch_backend.py; corner mos_ff__res_wcs__cap_typ @ -40C)	6df50fd	ihp-sg13cmos5l	ngspice-46 (EDA batch fleet runner, klt 0.5.0)
loopgain	loopgain_dyn_ff_-40c_rwcs_i13000ua_c330nf_e500mohm	mos_ff	res_wcs	-40	13000e-6	330n	500e-3	sim/ldo-cmos5l-pvt-sweep/netlist-snapshots/20261010-101245-6df50fd/loopgain_dyn_ff_-40c_rwcs_i13000ua_c330nf_e500mohm.spice	bb0ddfeb6cef33279cb4d163b344c59b68c1db26e1f3e842cac23f92e4cf490a	klt sim --backend batch corners/20261010-101245-6df50fd/_batch/g00_loopgain_dyn_ff_-40c_rwcs_i500ua_c330nf_e0mohm/request.json (batch_backend.py; corner mos_ff__res_wcs__cap_typ @ -40C)	6df50fd	ihp-sg13cmos5l	ngspice-46 (EDA batch fleet runner, klt 0.5.0)
psrr	psrr_dyn_ff_-40c_rwcs_i13000ua_c330nf_e500mohm	mos_ff	res_wcs	-40	13000e-6	330n	500e-3	sim/ldo-cmos5l-pvt-sweep/netlist-snapshots/20261010-101245-6df50fd/psrr_dyn_ff_-40c_rwcs_i13000ua_c330nf_e500mohm.spice	171832742a12593bd7dce5104f95606160e736aa99c3b2f733ed4e5403d4322c	klt sim --backend batch corners/20261010-101245-6df50fd/_batch/g03_psrr_dyn_ff_-40c_rwcs_i500ua_c330nf_e0mohm/request.json (batch_backend.py; corner mos_ff__res_wcs__cap_typ @ -40C)	6df50fd	ihp-sg13cmos5l	ngspice-46 (EDA batch fleet runner, klt 0.5.0)
loopgain	loopgain_dyn_ff_-40c_rwcs_i37500ua_c330nf_e500mohm	mos_ff	res_wcs	-40	37500e-6	330n	500e-3	sim/ldo-cmos5l-pvt-sweep/netlist-snapshots/20261010-101245-6df50fd/loopgain_dyn_ff_-40c_rwcs_i37500ua_c330nf_e500mohm.spice	46da82f37b01e59978ed676c250e1b3f7052872cd3658892e418fe37449e0b3c	klt sim --backend batch corners/20261010-101245-6df50fd/_batch/g00_loopgain_dyn_ff_-40c_rwcs_i500ua_c330nf_e0mohm/request.json (batch_backend.py; corner mos_ff__res_wcs__cap_typ @ -40C)	6df50fd	ihp-sg13cmos5l	ngspice-46 (EDA batch fleet runner, klt 0.5.0)
psrr	psrr_dyn_ff_-40c_rwcs_i37500ua_c330nf_e500mohm	mos_ff	res_wcs	-40	37500e-6	330n	500e-3	sim/ldo-cmos5l-pvt-sweep/netlist-snapshots/20261010-101245-6df50fd/psrr_dyn_ff_-40c_rwcs_i37500ua_c330nf_e500mohm.spice	3581c4cb98ac59c5dc7496752add555aeddc1d127cc5e89c8c5b07df49facd09	klt sim --backend batch corners/20261010-101245-6df50fd/_batch/g03_psrr_dyn_ff_-40c_rwcs_i500ua_c330nf_e0mohm/request.json (batch_backend.py; corner mos_ff__res_wcs__cap_typ @ -40C)	6df50fd	ihp-sg13cmos5l	ngspice-46 (EDA batch fleet runner, klt 0.5.0)
loopgain	loopgain_dyn_ff_-40c_rwcs_i500ua_c1000nf_e0mohm	mos_ff	res_wcs	-40	500e-6	1000n	0	sim/ldo-cmos5l-pvt-sweep/netlist-snapshots/20261010-101245-6df50fd/loopgain_dyn_ff_-40c_rwcs_i500ua_c1000nf_e0mohm.spice	c1756da945e6debac150642fd95922202dee95f4ac70d61dd9d7a8543f4c06d1	klt sim --backend batch corners/20261010-101245-6df50fd/_batch/g00_loopgain_dyn_ff_-40c_rwcs_i500ua_c330nf_e0mohm/request.json (batch_backend.py; corner mos_ff__res_wcs__cap_typ @ -40C)	6df50fd	ihp-sg13cmos5l	ngspice-46 (EDA batch fleet runner, klt 0.5.0)
psrr	psrr_dyn_ff_-40c_rwcs_i500ua_c1000nf_e0mohm	mos_ff	res_wcs	-40	500e-6	1000n	0	sim/ldo-cmos5l-pvt-sweep/netlist-snapshots/20261010-101245-6df50fd/psrr_dyn_ff_-40c_rwcs_i500ua_c1000nf_e0mohm.spice	39dfc66401f29794b2b36d751cc0e40bb52399426f217c6f0d2e1af3e500a28b	klt sim --backend batch corners/20261010-101245-6df50fd/_batch/g03_psrr_dyn_ff_-40c_rwcs_i500ua_c330nf_e0mohm/request.json (batch_backend.py; corner mos_ff__res_wcs__cap_typ @ -40C)	6df50fd	ihp-sg13cmos5l	ngspice-46 (EDA batch fleet runner, klt 0.5.0)
loopgain	loopgain_dyn_ff_-40c_rwcs_i13000ua_c1000nf_e0mohm	mos_ff	res_wcs	-40	13000e-6	1000n	0	sim/ldo-cmos5l-pvt-sweep/netlist-snapshots/20261010-101245-6df50fd/loopgain_dyn_ff_-40c_rwcs_i13000ua_c1000nf_e0mohm.spice	52008ef8cdbc526d28508606bd065fe635487f1fad04949e786941af7fb2ac2b	klt sim --backend batch corners/20261010-101245-6df50fd/_batch/g00_loopgain_dyn_ff_-40c_rwcs_i500ua_c330nf_e0mohm/request.json (batch_backend.py; corner mos_ff__res_wcs__cap_typ @ -40C)	6df50fd	ihp-sg13cmos5l	ngspice-46 (EDA batch fleet runner, klt 0.5.0)
psrr	psrr_dyn_ff_-40c_rwcs_i13000ua_c1000nf_e0mohm	mos_ff	res_wcs	-40	13000e-6	1000n	0	sim/ldo-cmos5l-pvt-sweep/netlist-snapshots/20261010-101245-6df50fd/psrr_dyn_ff_-40c_rwcs_i13000ua_c1000nf_e0mohm.spice	b9402cfffd3320c22ad4e62274763f482e85b30f4c3b5965785e1361147b462e	klt sim --backend batch corners/20261010-101245-6df50fd/_batch/g03_psrr_dyn_ff_-40c_rwcs_i500ua_c330nf_e0mohm/request.json (batch_backend.py; corner mos_ff__res_wcs__cap_typ @ -40C)	6df50fd	ihp-sg13cmos5l	ngspice-46 (EDA batch fleet runner, klt 0.5.0)
loopgain	loopgain_dyn_ff_-40c_rwcs_i37500ua_c1000nf_e0mohm	mos_ff	res_wcs	-40	37500e-6	1000n	0	sim/ldo-cmos5l-pvt-sweep/netlist-snapshots/20261010-101245-6df50fd/loopgain_dyn_ff_-40c_rwcs_i37500ua_c1000nf_e0mohm.spice	adedac939d134e668437a28411696e5e955a7b1209535d2e85bc67a812a9b363	klt sim --backend batch corners/20261010-101245-6df50fd/_batch/g00_loopgain_dyn_ff_-40c_rwcs_i500ua_c330nf_e0mohm/request.json (batch_backend.py; corner mos_ff__res_wcs__cap_typ @ -40C)	6df50fd	ihp-sg13cmos5l	ngspice-46 (EDA batch fleet runner, klt 0.5.0)
psrr	psrr_dyn_ff_-40c_rwcs_i37500ua_c1000nf_e0mohm	mos_ff	res_wcs	-40	37500e-6	1000n	0	sim/ldo-cmos5l-pvt-sweep/netlist-snapshots/20261010-101245-6df50fd/psrr_dyn_ff_-40c_rwcs_i37500ua_c1000nf_e0mohm.spice	3f84e8dd14bd0c46721093be4ebdfcf24ae7e70e7eb9214f5883f51572275344	klt sim --backend batch corners/20261010-101245-6df50fd/_batch/g03_psrr_dyn_ff_-40c_rwcs_i500ua_c330nf_e0mohm/request.json (batch_backend.py; corner mos_ff__res_wcs__cap_typ @ -40C)	6df50fd	ihp-sg13cmos5l	ngspice-46 (EDA batch fleet runner, klt 0.5.0)
loopgain	loopgain_dyn_ff_-40c_rwcs_i500ua_c1000nf_e250mohm	mos_ff	res_wcs	-40	500e-6	1000n	250e-3	sim/ldo-cmos5l-pvt-sweep/netlist-snapshots/20261010-101245-6df50fd/loopgain_dyn_ff_-40c_rwcs_i500ua_c1000nf_e250mohm.spice	6e5df7e9fbab82bf718d9fb2ed9643fbf41b3f69d037f53ff8eb5c43b0b21c4f	klt sim --backend batch corners/20261010-101245-6df50fd/_batch/g00_loopgain_dyn_ff_-40c_rwcs_i500ua_c330nf_e0mohm/request.json (batch_backend.py; corner mos_ff__res_wcs__cap_typ @ -40C)	6df50fd	ihp-sg13cmos5l	ngspice-46 (EDA batch fleet runner, klt 0.5.0)
psrr	psrr_dyn_ff_-40c_rwcs_i500ua_c1000nf_e250mohm	mos_ff	res_wcs	-40	500e-6	1000n	250e-3	sim/ldo-cmos5l-pvt-sweep/netlist-snapshots/20261010-101245-6df50fd/psrr_dyn_ff_-40c_rwcs_i500ua_c1000nf_e250mohm.spice	eb122e2dd1dafed6c1de4b5533e9fb9900698966ab5e1cd7bbe780ab7ad22a4e	klt sim --backend batch corners/20261010-101245-6df50fd/_batch/g03_psrr_dyn_ff_-40c_rwcs_i500ua_c330nf_e0mohm/request.json (batch_backend.py; corner mos_ff__res_wcs__cap_typ @ -40C)	6df50fd	ihp-sg13cmos5l	ngspice-46 (EDA batch fleet runner, klt 0.5.0)
loopgain	loopgain_dyn_ff_-40c_rwcs_i37500ua_c1000nf_e250mohm	mos_ff	res_wcs	-40	37500e-6	1000n	250e-3	sim/ldo-cmos5l-pvt-sweep/netlist-snapshots/20261010-101245-6df50fd/loopgain_dyn_ff_-40c_rwcs_i37500ua_c1000nf_e250mohm.spice	585477883380158dee1eea600d08e0feeccccf334d83669df1a9c89e55dba687	klt sim --backend batch corners/20261010-101245-6df50fd/_batch/g00_loopgain_dyn_ff_-40c_rwcs_i500ua_c330nf_e0mohm/request.json (batch_backend.py; corner mos_ff__res_wcs__cap_typ @ -40C)	6df50fd	ihp-sg13cmos5l	ngspice-46 (EDA batch fleet runner, klt 0.5.0)
psrr	psrr_dyn_ff_-40c_rwcs_i37500ua_c1000nf_e250mohm	mos_ff	res_wcs	-40	37500e-6	1000n	250e-3	sim/ldo-cmos5l-pvt-sweep/netlist-snapshots/20261010-101245-6df50fd/psrr_dyn_ff_-40c_rwcs_i37500ua_c1000nf_e250mohm.spice	2767199e830fc889867caf837b0883875dbfd0a68cc08410b05421ff745581a6	klt sim --backend batch corners/20261010-101245-6df50fd/_batch/g03_psrr_dyn_ff_-40c_rwcs_i500ua_c330nf_e0mohm/request.json (batch_backend.py; corner mos_ff__res_wcs__cap_typ @ -40C)	6df50fd	ihp-sg13cmos5l	ngspice-46 (EDA batch fleet runner, klt 0.5.0)
loopgain	loopgain_dyn_ff_-40c_rwcs_i13000ua_c1000nf_e250mohm	mos_ff	res_wcs	-40	13000e-6	1000n	250e-3	sim/ldo-cmos5l-pvt-sweep/netlist-snapshots/20261010-101245-6df50fd/loopgain_dyn_ff_-40c_rwcs_i13000ua_c1000nf_e250mohm.spice	0a2cb8ff9ef16d4952c7c53a0654edbe66244828218d208b8bd3510c377fe99d	klt sim --backend batch corners/20261010-101245-6df50fd/_batch/g00_loopgain_dyn_ff_-40c_rwcs_i500ua_c330nf_e0mohm/request.json (batch_backend.py; corner mos_ff__res_wcs__cap_typ @ -40C)	6df50fd	ihp-sg13cmos5l	ngspice-46 (EDA batch fleet runner, klt 0.5.0)
psrr	psrr_dyn_ff_-40c_rwcs_i13000ua_c1000nf_e250mohm	mos_ff	res_wcs	-40	13000e-6	1000n	250e-3	sim/ldo-cmos5l-pvt-sweep/netlist-snapshots/20261010-101245-6df50fd/psrr_dyn_ff_-40c_rwcs_i13000ua_c1000nf_e250mohm.spice	05171edf019f068ac3a23357df051963681f69be872eabe7cc52f30e1649ebb8	klt sim --backend batch corners/20261010-101245-6df50fd/_batch/g03_psrr_dyn_ff_-40c_rwcs_i500ua_c330nf_e0mohm/request.json (batch_backend.py; corner mos_ff__res_wcs__cap_typ @ -40C)	6df50fd	ihp-sg13cmos5l	ngspice-46 (EDA batch fleet runner, klt 0.5.0)
loopgain	loopgain_dyn_ff_-40c_rwcs_i500ua_c1000nf_e500mohm	mos_ff	res_wcs	-40	500e-6	1000n	500e-3	sim/ldo-cmos5l-pvt-sweep/netlist-snapshots/20261010-101245-6df50fd/loopgain_dyn_ff_-40c_rwcs_i500ua_c1000nf_e500mohm.spice	90c6c8aa9aa7ca52da067830c9a2cd073dcbd5bb7af6c871e5d4fadc24f74c11	klt sim --backend batch corners/20261010-101245-6df50fd/_batch/g00_loopgain_dyn_ff_-40c_rwcs_i500ua_c330nf_e0mohm/request.json (batch_backend.py; corner mos_ff__res_wcs__cap_typ @ -40C)	6df50fd	ihp-sg13cmos5l	ngspice-46 (EDA batch fleet runner, klt 0.5.0)
psrr	psrr_dyn_ff_-40c_rwcs_i500ua_c1000nf_e500mohm	mos_ff	res_wcs	-40	500e-6	1000n	500e-3	sim/ldo-cmos5l-pvt-sweep/netlist-snapshots/20261010-101245-6df50fd/psrr_dyn_ff_-40c_rwcs_i500ua_c1000nf_e500mohm.spice	1d2ac8108fd2e302d367b546807acb1b060f6dea0b36ae2b7947fed337802f0a	klt sim --backend batch corners/20261010-101245-6df50fd/_batch/g03_psrr_dyn_ff_-40c_rwcs_i500ua_c330nf_e0mohm/request.json (batch_backend.py; corner mos_ff__res_wcs__cap_typ @ -40C)	6df50fd	ihp-sg13cmos5l	ngspice-46 (EDA batch fleet runner, klt 0.5.0)
loopgain	loopgain_dyn_ff_-40c_rwcs_i13000ua_c1000nf_e500mohm	mos_ff	res_wcs	-40	13000e-6	1000n	500e-3	sim/ldo-cmos5l-pvt-sweep/netlist-snapshots/20261010-101245-6df50fd/loopgain_dyn_ff_-40c_rwcs_i13000ua_c1000nf_e500mohm.spice	584e778e7282b9800d0830c09dca0b69cfc952fad56ddea5b5839cdb0fca34ba	klt sim --backend batch corners/20261010-101245-6df50fd/_batch/g00_loopgain_dyn_ff_-40c_rwcs_i500ua_c330nf_e0mohm/request.json (batch_backend.py; corner mos_ff__res_wcs__cap_typ @ -40C)	6df50fd	ihp-sg13cmos5l	ngspice-46 (EDA batch fleet runner, klt 0.5.0)
psrr	psrr_dyn_ff_-40c_rwcs_i13000ua_c1000nf_e500mohm	mos_ff	res_wcs	-40	13000e-6	1000n	500e-3	sim/ldo-cmos5l-pvt-sweep/netlist-snapshots/20261010-101245-6df50fd/psrr_dyn_ff_-40c_rwcs_i13000ua_c1000nf_e500mohm.spice	68ae3a6c7fe28cbd37a97b900eed5577de7eb8a9f9309da54ccae4102924f017	klt sim --backend batch corners/20261010-101245-6df50fd/_batch/g03_psrr_dyn_ff_-40c_rwcs_i500ua_c330nf_e0mohm/request.json (batch_backend.py; corner mos_ff__res_wcs__cap_typ @ -40C)	6df50fd	ihp-sg13cmos5l	ngspice-46 (EDA batch fleet runner, klt 0.5.0)
loopgain	loopgain_dyn_ff_-40c_rwcs_i37500ua_c1000nf_e500mohm	mos_ff	res_wcs	-40	37500e-6	1000n	500e-3	sim/ldo-cmos5l-pvt-sweep/netlist-snapshots/20261010-101245-6df50fd/loopgain_dyn_ff_-40c_rwcs_i37500ua_c1000nf_e500mohm.spice	088edb537d7ad1b2d3e0a299fb83415d7b3d025a7d3269fe36497cc25d8df394	klt sim --backend batch corners/20261010-101245-6df50fd/_batch/g00_loopgain_dyn_ff_-40c_rwcs_i500ua_c330nf_e0mohm/request.json (batch_backend.py; corner mos_ff__res_wcs__cap_typ @ -40C)	6df50fd	ihp-sg13cmos5l	ngspice-46 (EDA batch fleet runner, klt 0.5.0)
psrr	psrr_dyn_ff_-40c_rwcs_i37500ua_c1000nf_e500mohm	mos_ff	res_wcs	-40	37500e-6	1000n	500e-3	sim/ldo-cmos5l-pvt-sweep/netlist-snapshots/20261010-101245-6df50fd/psrr_dyn_ff_-40c_rwcs_i37500ua_c1000nf_e500mohm.spice	c6b56d41885ef9063e5ea790a24a1794a910675f29ea5ee08aa74f04cc5baf35	klt sim --backend batch corners/20261010-101245-6df50fd/_batch/g03_psrr_dyn_ff_-40c_rwcs_i500ua_c330nf_e0mohm/request.json (batch_backend.py; corner mos_ff__res_wcs__cap_typ @ -40C)	6df50fd	ihp-sg13cmos5l	ngspice-46 (EDA batch fleet runner, klt 0.5.0)
loopgain	loopgain_dyn_ff_-40c_rwcs_i500ua_c2200nf_e0mohm	mos_ff	res_wcs	-40	500e-6	2200n	0	sim/ldo-cmos5l-pvt-sweep/netlist-snapshots/20261010-101245-6df50fd/loopgain_dyn_ff_-40c_rwcs_i500ua_c2200nf_e0mohm.spice	2a35f5134519c3366e1c12e06542d8d11c7709f3a91e3911e9fcae4312d585af	klt sim --backend batch corners/20261010-101245-6df50fd/_batch/g00_loopgain_dyn_ff_-40c_rwcs_i500ua_c330nf_e0mohm/request.json (batch_backend.py; corner mos_ff__res_wcs__cap_typ @ -40C)	6df50fd	ihp-sg13cmos5l	ngspice-46 (EDA batch fleet runner, klt 0.5.0)
psrr	psrr_dyn_ff_-40c_rwcs_i500ua_c2200nf_e0mohm	mos_ff	res_wcs	-40	500e-6	2200n	0	sim/ldo-cmos5l-pvt-sweep/netlist-snapshots/20261010-101245-6df50fd/psrr_dyn_ff_-40c_rwcs_i500ua_c2200nf_e0mohm.spice	6b3592ca0bab2cd269dcd243cb66987e0ac7a67885e78bd13b766d66d7c165f7	klt sim --backend batch corners/20261010-101245-6df50fd/_batch/g03_psrr_dyn_ff_-40c_rwcs_i500ua_c330nf_e0mohm/request.json (batch_backend.py; corner mos_ff__res_wcs__cap_typ @ -40C)	6df50fd	ihp-sg13cmos5l	ngspice-46 (EDA batch fleet runner, klt 0.5.0)
loopgain	loopgain_dyn_ff_-40c_rwcs_i37500ua_c2200nf_e0mohm	mos_ff	res_wcs	-40	37500e-6	2200n	0	sim/ldo-cmos5l-pvt-sweep/netlist-snapshots/20261010-101245-6df50fd/loopgain_dyn_ff_-40c_rwcs_i37500ua_c2200nf_e0mohm.spice	d04025a212ba7e2b88360e0fb5057e1575f9f87b51f005d230ba04c6a8f62ec6	klt sim --backend batch corners/20261010-101245-6df50fd/_batch/g00_loopgain_dyn_ff_-40c_rwcs_i500ua_c330nf_e0mohm/request.json (batch_backend.py; corner mos_ff__res_wcs__cap_typ @ -40C)	6df50fd	ihp-sg13cmos5l	ngspice-46 (EDA batch fleet runner, klt 0.5.0)
psrr	psrr_dyn_ff_-40c_rwcs_i37500ua_c2200nf_e0mohm	mos_ff	res_wcs	-40	37500e-6	2200n	0	sim/ldo-cmos5l-pvt-sweep/netlist-snapshots/20261010-101245-6df50fd/psrr_dyn_ff_-40c_rwcs_i37500ua_c2200nf_e0mohm.spice	a209f7af1d8c0516c537c13936eae417e6d265a57ee5df769bc5c1a0836cd316	klt sim --backend batch corners/20261010-101245-6df50fd/_batch/g03_psrr_dyn_ff_-40c_rwcs_i500ua_c330nf_e0mohm/request.json (batch_backend.py; corner mos_ff__res_wcs__cap_typ @ -40C)	6df50fd	ihp-sg13cmos5l	ngspice-46 (EDA batch fleet runner, klt 0.5.0)
loopgain	loopgain_dyn_ff_-40c_rwcs_i13000ua_c2200nf_e0mohm	mos_ff	res_wcs	-40	13000e-6	2200n	0	sim/ldo-cmos5l-pvt-sweep/netlist-snapshots/20261010-101245-6df50fd/loopgain_dyn_ff_-40c_rwcs_i13000ua_c2200nf_e0mohm.spice	4b073dc68ba419a8ef1cdf20a72a1b541332d2c2ac35000db6539a32ddf37f97	klt sim --backend batch corners/20261010-101245-6df50fd/_batch/g00_loopgain_dyn_ff_-40c_rwcs_i500ua_c330nf_e0mohm/request.json (batch_backend.py; corner mos_ff__res_wcs__cap_typ @ -40C)	6df50fd	ihp-sg13cmos5l	ngspice-46 (EDA batch fleet runner, klt 0.5.0)
psrr	psrr_dyn_ff_-40c_rwcs_i13000ua_c2200nf_e0mohm	mos_ff	res_wcs	-40	13000e-6	2200n	0	sim/ldo-cmos5l-pvt-sweep/netlist-snapshots/20261010-101245-6df50fd/psrr_dyn_ff_-40c_rwcs_i13000ua_c2200nf_e0mohm.spice	48193cebf5c989373646f1e224921c2927465e32139002809a65b183d006e220	klt sim --backend batch corners/20261010-101245-6df50fd/_batch/g03_psrr_dyn_ff_-40c_rwcs_i500ua_c330nf_e0mohm/request.json (batch_backend.py; corner mos_ff__res_wcs__cap_typ @ -40C)	6df50fd	ihp-sg13cmos5l	ngspice-46 (EDA batch fleet runner, klt 0.5.0)
loopgain	loopgain_dyn_ff_-40c_rwcs_i500ua_c2200nf_e250mohm	mos_ff	res_wcs	-40	500e-6	2200n	250e-3	sim/ldo-cmos5l-pvt-sweep/netlist-snapshots/20261010-101245-6df50fd/loopgain_dyn_ff_-40c_rwcs_i500ua_c2200nf_e250mohm.spice	b0e2ff0fe5f9aa31e9f80260a41ed4da333c89f0364085e7b3b5c6ed0775238d	klt sim --backend batch corners/20261010-101245-6df50fd/_batch/g00_loopgain_dyn_ff_-40c_rwcs_i500ua_c330nf_e0mohm/request.json (batch_backend.py; corner mos_ff__res_wcs__cap_typ @ -40C)	6df50fd	ihp-sg13cmos5l	ngspice-46 (EDA batch fleet runner, klt 0.5.0)
psrr	psrr_dyn_ff_-40c_rwcs_i500ua_c2200nf_e250mohm	mos_ff	res_wcs	-40	500e-6	2200n	250e-3	sim/ldo-cmos5l-pvt-sweep/netlist-snapshots/20261010-101245-6df50fd/psrr_dyn_ff_-40c_rwcs_i500ua_c2200nf_e250mohm.spice	188a85bb921f47aa41435691fb125551f1232174f56eb2a146cf41b894ee638f	klt sim --backend batch corners/20261010-101245-6df50fd/_batch/g03_psrr_dyn_ff_-40c_rwcs_i500ua_c330nf_e0mohm/request.json (batch_backend.py; corner mos_ff__res_wcs__cap_typ @ -40C)	6df50fd	ihp-sg13cmos5l	ngspice-46 (EDA batch fleet runner, klt 0.5.0)
loopgain	loopgain_dyn_ff_-40c_rwcs_i13000ua_c2200nf_e250mohm	mos_ff	res_wcs	-40	13000e-6	2200n	250e-3	sim/ldo-cmos5l-pvt-sweep/netlist-snapshots/20261010-101245-6df50fd/loopgain_dyn_ff_-40c_rwcs_i13000ua_c2200nf_e250mohm.spice	3eea9274d2ac828749489a5b975d2c5185da8d0f059438d86f3ba70ca438836a	klt sim --backend batch corners/20261010-101245-6df50fd/_batch/g00_loopgain_dyn_ff_-40c_rwcs_i500ua_c330nf_e0mohm/request.json (batch_backend.py; corner mos_ff__res_wcs__cap_typ @ -40C)	6df50fd	ihp-sg13cmos5l	ngspice-46 (EDA batch fleet runner, klt 0.5.0)
psrr	psrr_dyn_ff_-40c_rwcs_i13000ua_c2200nf_e250mohm	mos_ff	res_wcs	-40	13000e-6	2200n	250e-3	sim/ldo-cmos5l-pvt-sweep/netlist-snapshots/20261010-101245-6df50fd/psrr_dyn_ff_-40c_rwcs_i13000ua_c2200nf_e250mohm.spice	e6035396c07b7dc80c0c15f1961e7aac47683f8cbcd877adf70140d291a6c6cc	klt sim --backend batch corners/20261010-101245-6df50fd/_batch/g03_psrr_dyn_ff_-40c_rwcs_i500ua_c330nf_e0mohm/request.json (batch_backend.py; corner mos_ff__res_wcs__cap_typ @ -40C)	6df50fd	ihp-sg13cmos5l	ngspice-46 (EDA batch fleet runner, klt 0.5.0)
loopgain	loopgain_dyn_ff_-40c_rwcs_i500ua_c2200nf_e500mohm	mos_ff	res_wcs	-40	500e-6	2200n	500e-3	sim/ldo-cmos5l-pvt-sweep/netlist-snapshots/20261010-101245-6df50fd/loopgain_dyn_ff_-40c_rwcs_i500ua_c2200nf_e500mohm.spice	8e5b1f0acec6bea52217f452a6d8b9a6888e8d1f34b652e408f8f3aa38261d2e	klt sim --backend batch corners/20261010-101245-6df50fd/_batch/g00_loopgain_dyn_ff_-40c_rwcs_i500ua_c330nf_e0mohm/request.json (batch_backend.py; corner mos_ff__res_wcs__cap_typ @ -40C)	6df50fd	ihp-sg13cmos5l	ngspice-46 (EDA batch fleet runner, klt 0.5.0)
psrr	psrr_dyn_ff_-40c_rwcs_i500ua_c2200nf_e500mohm	mos_ff	res_wcs	-40	500e-6	2200n	500e-3	sim/ldo-cmos5l-pvt-sweep/netlist-snapshots/20261010-101245-6df50fd/psrr_dyn_ff_-40c_rwcs_i500ua_c2200nf_e500mohm.spice	f246f86aeab41e8b84afb09726cab9569c2132292d483153e61d57eafd522715	klt sim --backend batch corners/20261010-101245-6df50fd/_batch/g03_psrr_dyn_ff_-40c_rwcs_i500ua_c330nf_e0mohm/request.json (batch_backend.py; corner mos_ff__res_wcs__cap_typ @ -40C)	6df50fd	ihp-sg13cmos5l	ngspice-46 (EDA batch fleet runner, klt 0.5.0)
loopgain	loopgain_dyn_ff_-40c_rwcs_i13000ua_c2200nf_e500mohm	mos_ff	res_wcs	-40	13000e-6	2200n	500e-3	sim/ldo-cmos5l-pvt-sweep/netlist-snapshots/20261010-101245-6df50fd/loopgain_dyn_ff_-40c_rwcs_i13000ua_c2200nf_e500mohm.spice	82a8450614a95054210e0b69e5c3b4901c9b669823c01be98d8524b2b4b74718	klt sim --backend batch corners/20261010-101245-6df50fd/_batch/g00_loopgain_dyn_ff_-40c_rwcs_i500ua_c330nf_e0mohm/request.json (batch_backend.py; corner mos_ff__res_wcs__cap_typ @ -40C)	6df50fd	ihp-sg13cmos5l	ngspice-46 (EDA batch fleet runner, klt 0.5.0)
psrr	psrr_dyn_ff_-40c_rwcs_i13000ua_c2200nf_e500mohm	mos_ff	res_wcs	-40	13000e-6	2200n	500e-3	sim/ldo-cmos5l-pvt-sweep/netlist-snapshots/20261010-101245-6df50fd/psrr_dyn_ff_-40c_rwcs_i13000ua_c2200nf_e500mohm.spice	ce1e4e06615e26911a1d92aea62fc3330b75a87b54ece4e4e588c61aab6b1000	klt sim --backend batch corners/20261010-101245-6df50fd/_batch/g03_psrr_dyn_ff_-40c_rwcs_i500ua_c330nf_e0mohm/request.json (batch_backend.py; corner mos_ff__res_wcs__cap_typ @ -40C)	6df50fd	ihp-sg13cmos5l	ngspice-46 (EDA batch fleet runner, klt 0.5.0)
loopgain	loopgain_dyn_ff_-40c_rwcs_i37500ua_c2200nf_e500mohm	mos_ff	res_wcs	-40	37500e-6	2200n	500e-3	sim/ldo-cmos5l-pvt-sweep/netlist-snapshots/20261010-101245-6df50fd/loopgain_dyn_ff_-40c_rwcs_i37500ua_c2200nf_e500mohm.spice	bcaeecb0946da5141b18955b82da7bd291aaf3fd8e1fb916ea6c1f8731907b5b	klt sim --backend batch corners/20261010-101245-6df50fd/_batch/g00_loopgain_dyn_ff_-40c_rwcs_i500ua_c330nf_e0mohm/request.json (batch_backend.py; corner mos_ff__res_wcs__cap_typ @ -40C)	6df50fd	ihp-sg13cmos5l	ngspice-46 (EDA batch fleet runner, klt 0.5.0)
psrr	psrr_dyn_ff_-40c_rwcs_i37500ua_c2200nf_e500mohm	mos_ff	res_wcs	-40	37500e-6	2200n	500e-3	sim/ldo-cmos5l-pvt-sweep/netlist-snapshots/20261010-101245-6df50fd/psrr_dyn_ff_-40c_rwcs_i37500ua_c2200nf_e500mohm.spice	debb8160f35e9d59d6ba8ab74f32cb7a6e21253371734faba634683ab6a27d97	klt sim --backend batch corners/20261010-101245-6df50fd/_batch/g03_psrr_dyn_ff_-40c_rwcs_i500ua_c330nf_e0mohm/request.json (batch_backend.py; corner mos_ff__res_wcs__cap_typ @ -40C)	6df50fd	ihp-sg13cmos5l	ngspice-46 (EDA batch fleet runner, klt 0.5.0)
loopgain	loopgain_dyn_ff_-40c_rwcs_i500ua_c4700nf_e0mohm	mos_ff	res_wcs	-40	500e-6	4700n	0	sim/ldo-cmos5l-pvt-sweep/netlist-snapshots/20261010-101245-6df50fd/loopgain_dyn_ff_-40c_rwcs_i500ua_c4700nf_e0mohm.spice	1b748ff1030c5102277cddb1a84933a12326a95fd39dfe07c823827060c71484	klt sim --backend batch corners/20261010-101245-6df50fd/_batch/g00_loopgain_dyn_ff_-40c_rwcs_i500ua_c330nf_e0mohm/request.json (batch_backend.py; corner mos_ff__res_wcs__cap_typ @ -40C)	6df50fd	ihp-sg13cmos5l	ngspice-46 (EDA batch fleet runner, klt 0.5.0)
psrr	psrr_dyn_ff_-40c_rwcs_i500ua_c4700nf_e0mohm	mos_ff	res_wcs	-40	500e-6	4700n	0	sim/ldo-cmos5l-pvt-sweep/netlist-snapshots/20261010-101245-6df50fd/psrr_dyn_ff_-40c_rwcs_i500ua_c4700nf_e0mohm.spice	7bb10639a635086fcf36153f319cb7f658cf2c42f240f156286688a181dcf7bc	klt sim --backend batch corners/20261010-101245-6df50fd/_batch/g03_psrr_dyn_ff_-40c_rwcs_i500ua_c330nf_e0mohm/request.json (batch_backend.py; corner mos_ff__res_wcs__cap_typ @ -40C)	6df50fd	ihp-sg13cmos5l	ngspice-46 (EDA batch fleet runner, klt 0.5.0)
loopgain	loopgain_dyn_ff_-40c_rwcs_i13000ua_c4700nf_e0mohm	mos_ff	res_wcs	-40	13000e-6	4700n	0	sim/ldo-cmos5l-pvt-sweep/netlist-snapshots/20261010-101245-6df50fd/loopgain_dyn_ff_-40c_rwcs_i13000ua_c4700nf_e0mohm.spice	8097a0c31245e656940d794f5dedad9ba9c5f75e2c43efc127f428768e760761	klt sim --backend batch corners/20261010-101245-6df50fd/_batch/g00_loopgain_dyn_ff_-40c_rwcs_i500ua_c330nf_e0mohm/request.json (batch_backend.py; corner mos_ff__res_wcs__cap_typ @ -40C)	6df50fd	ihp-sg13cmos5l	ngspice-46 (EDA batch fleet runner, klt 0.5.0)
psrr	psrr_dyn_ff_-40c_rwcs_i13000ua_c4700nf_e0mohm	mos_ff	res_wcs	-40	13000e-6	4700n	0	sim/ldo-cmos5l-pvt-sweep/netlist-snapshots/20261010-101245-6df50fd/psrr_dyn_ff_-40c_rwcs_i13000ua_c4700nf_e0mohm.spice	45328e8057f3425159ef6ea35490a00bb6f50a7688a0ca35c6963db7cf808213	klt sim --backend batch corners/20261010-101245-6df50fd/_batch/g03_psrr_dyn_ff_-40c_rwcs_i500ua_c330nf_e0mohm/request.json (batch_backend.py; corner mos_ff__res_wcs__cap_typ @ -40C)	6df50fd	ihp-sg13cmos5l	ngspice-46 (EDA batch fleet runner, klt 0.5.0)
loopgain	loopgain_dyn_ff_-40c_rwcs_i500ua_c4700nf_e250mohm	mos_ff	res_wcs	-40	500e-6	4700n	250e-3	sim/ldo-cmos5l-pvt-sweep/netlist-snapshots/20261010-101245-6df50fd/loopgain_dyn_ff_-40c_rwcs_i500ua_c4700nf_e250mohm.spice	310a6a6e9f578a37e35e1be524d3c9498d3aefb5b2f6654d5c985f73aae57d84	klt sim --backend batch corners/20261010-101245-6df50fd/_batch/g00_loopgain_dyn_ff_-40c_rwcs_i500ua_c330nf_e0mohm/request.json (batch_backend.py; corner mos_ff__res_wcs__cap_typ @ -40C)	6df50fd	ihp-sg13cmos5l	ngspice-46 (EDA batch fleet runner, klt 0.5.0)
psrr	psrr_dyn_ff_-40c_rwcs_i500ua_c4700nf_e250mohm	mos_ff	res_wcs	-40	500e-6	4700n	250e-3	sim/ldo-cmos5l-pvt-sweep/netlist-snapshots/20261010-101245-6df50fd/psrr_dyn_ff_-40c_rwcs_i500ua_c4700nf_e250mohm.spice	43a3cecfadfe5f5b54c9f7293111c980b17fd09c7ee3424867527095308cad92	klt sim --backend batch corners/20261010-101245-6df50fd/_batch/g03_psrr_dyn_ff_-40c_rwcs_i500ua_c330nf_e0mohm/request.json (batch_backend.py; corner mos_ff__res_wcs__cap_typ @ -40C)	6df50fd	ihp-sg13cmos5l	ngspice-46 (EDA batch fleet runner, klt 0.5.0)
loopgain	loopgain_dyn_ff_-40c_rwcs_i13000ua_c4700nf_e250mohm	mos_ff	res_wcs	-40	13000e-6	4700n	250e-3	sim/ldo-cmos5l-pvt-sweep/netlist-snapshots/20261010-101245-6df50fd/loopgain_dyn_ff_-40c_rwcs_i13000ua_c4700nf_e250mohm.spice	9d61a32b3fd48a9d00421e2febb1c7e950382f97a0621e7a9f1b055285cc69f2	klt sim --backend batch corners/20261010-101245-6df50fd/_batch/g00_loopgain_dyn_ff_-40c_rwcs_i500ua_c330nf_e0mohm/request.json (batch_backend.py; corner mos_ff__res_wcs__cap_typ @ -40C)	6df50fd	ihp-sg13cmos5l	ngspice-46 (EDA batch fleet runner, klt 0.5.0)
psrr	psrr_dyn_ff_-40c_rwcs_i13000ua_c4700nf_e250mohm	mos_ff	res_wcs	-40	13000e-6	4700n	250e-3	sim/ldo-cmos5l-pvt-sweep/netlist-snapshots/20261010-101245-6df50fd/psrr_dyn_ff_-40c_rwcs_i13000ua_c4700nf_e250mohm.spice	5215b24f8497a5eb3f4952fb15f5d6d6e83d66f48c22367d0b253c4b28c15017	klt sim --backend batch corners/20261010-101245-6df50fd/_batch/g03_psrr_dyn_ff_-40c_rwcs_i500ua_c330nf_e0mohm/request.json (batch_backend.py; corner mos_ff__res_wcs__cap_typ @ -40C)	6df50fd	ihp-sg13cmos5l	ngspice-46 (EDA batch fleet runner, klt 0.5.0)
loopgain	loopgain_dyn_ff_-40c_rwcs_i500ua_c4700nf_e500mohm	mos_ff	res_wcs	-40	500e-6	4700n	500e-3	sim/ldo-cmos5l-pvt-sweep/netlist-snapshots/20261010-101245-6df50fd/loopgain_dyn_ff_-40c_rwcs_i500ua_c4700nf_e500mohm.spice	3960f4cfc9e6abcb10e4c7bced68de9dd6076e3a1a97b67cfded3f0cd9c286ba	klt sim --backend batch corners/20261010-101245-6df50fd/_batch/g00_loopgain_dyn_ff_-40c_rwcs_i500ua_c330nf_e0mohm/request.json (batch_backend.py; corner mos_ff__res_wcs__cap_typ @ -40C)	6df50fd	ihp-sg13cmos5l	ngspice-46 (EDA batch fleet runner, klt 0.5.0)
psrr	psrr_dyn_ff_-40c_rwcs_i500ua_c4700nf_e500mohm	mos_ff	res_wcs	-40	500e-6	4700n	500e-3	sim/ldo-cmos5l-pvt-sweep/netlist-snapshots/20261010-101245-6df50fd/psrr_dyn_ff_-40c_rwcs_i500ua_c4700nf_e500mohm.spice	adb8937a98d4315afa3bc32d8d89b7925beb63d446e5e1a30e12e4e69af75c9d	klt sim --backend batch corners/20261010-101245-6df50fd/_batch/g03_psrr_dyn_ff_-40c_rwcs_i500ua_c330nf_e0mohm/request.json (batch_backend.py; corner mos_ff__res_wcs__cap_typ @ -40C)	6df50fd	ihp-sg13cmos5l	ngspice-46 (EDA batch fleet runner, klt 0.5.0)
loopgain	loopgain_dyn_ff_-40c_rwcs_i37500ua_c4700nf_e500mohm	mos_ff	res_wcs	-40	37500e-6	4700n	500e-3	sim/ldo-cmos5l-pvt-sweep/netlist-snapshots/20261010-101245-6df50fd/loopgain_dyn_ff_-40c_rwcs_i37500ua_c4700nf_e500mohm.spice	e1a283805ae873902b3aae95ce3acb02e706e0428fcada53627cc7b3c790f69d	klt sim --backend batch corners/20261010-101245-6df50fd/_batch/g00_loopgain_dyn_ff_-40c_rwcs_i500ua_c330nf_e0mohm/request.json (batch_backend.py; corner mos_ff__res_wcs__cap_typ @ -40C)	6df50fd	ihp-sg13cmos5l	ngspice-46 (EDA batch fleet runner, klt 0.5.0)
psrr	psrr_dyn_ff_-40c_rwcs_i37500ua_c4700nf_e500mohm	mos_ff	res_wcs	-40	37500e-6	4700n	500e-3	sim/ldo-cmos5l-pvt-sweep/netlist-snapshots/20261010-101245-6df50fd/psrr_dyn_ff_-40c_rwcs_i37500ua_c4700nf_e500mohm.spice	5f1db41ad847bf3b014b77e9b90c26ddc8f4233ce66bdd1e73d43f6d1dafb670	klt sim --backend batch corners/20261010-101245-6df50fd/_batch/g03_psrr_dyn_ff_-40c_rwcs_i500ua_c330nf_e0mohm/request.json (batch_backend.py; corner mos_ff__res_wcs__cap_typ @ -40C)	6df50fd	ihp-sg13cmos5l	ngspice-46 (EDA batch fleet runner, klt 0.5.0)
loopgain	loopgain_dyn_ff_-40c_rwcs_i13000ua_c4700nf_e500mohm	mos_ff	res_wcs	-40	13000e-6	4700n	500e-3	sim/ldo-cmos5l-pvt-sweep/netlist-snapshots/20261010-101245-6df50fd/loopgain_dyn_ff_-40c_rwcs_i13000ua_c4700nf_e500mohm.spice	933945bcb67cd396dccf183b0d9637c46f226326df231ff065d9f14749824387	klt sim --backend batch corners/20261010-101245-6df50fd/_batch/g00_loopgain_dyn_ff_-40c_rwcs_i500ua_c330nf_e0mohm/request.json (batch_backend.py; corner mos_ff__res_wcs__cap_typ @ -40C)	6df50fd	ihp-sg13cmos5l	ngspice-46 (EDA batch fleet runner, klt 0.5.0)
psrr	psrr_dyn_ff_-40c_rwcs_i13000ua_c4700nf_e500mohm	mos_ff	res_wcs	-40	13000e-6	4700n	500e-3	sim/ldo-cmos5l-pvt-sweep/netlist-snapshots/20261010-101245-6df50fd/psrr_dyn_ff_-40c_rwcs_i13000ua_c4700nf_e500mohm.spice	74f093007516ccdc30d50fd1e290e3fc636485f5e78209b22eb715eed4791ff2	klt sim --backend batch corners/20261010-101245-6df50fd/_batch/g03_psrr_dyn_ff_-40c_rwcs_i500ua_c330nf_e0mohm/request.json (batch_backend.py; corner mos_ff__res_wcs__cap_typ @ -40C)	6df50fd	ihp-sg13cmos5l	ngspice-46 (EDA batch fleet runner, klt 0.5.0)
loopgain	loopgain_dyn_ff_-40c_rwcs_i0ua_c665nf_e0mohm	mos_ff	res_wcs	-40	0	665n	0	sim/ldo-cmos5l-pvt-sweep/netlist-snapshots/20261010-101245-6df50fd/loopgain_dyn_ff_-40c_rwcs_i0ua_c665nf_e0mohm.spice	009ff8703d4584f6063d0f091ff1daffc3d45e234088bef91f5c4517d3f3edb5	klt sim --backend batch corners/20261010-101245-6df50fd/_batch/g00_loopgain_dyn_ff_-40c_rwcs_i500ua_c330nf_e0mohm/request.json (batch_backend.py; corner mos_ff__res_wcs__cap_typ @ -40C)	6df50fd	ihp-sg13cmos5l	ngspice-46 (EDA batch fleet runner, klt 0.5.0)
psrr	psrr_dyn_ff_-40c_rwcs_i0ua_c665nf_e0mohm	mos_ff	res_wcs	-40	0	665n	0	sim/ldo-cmos5l-pvt-sweep/netlist-snapshots/20261010-101245-6df50fd/psrr_dyn_ff_-40c_rwcs_i0ua_c665nf_e0mohm.spice	0b44427e1c9a5d3fd3dd0c5aaa4910e7c84c0577188d9071afd279aeb9e83a16	klt sim --backend batch corners/20261010-101245-6df50fd/_batch/g03_psrr_dyn_ff_-40c_rwcs_i500ua_c330nf_e0mohm/request.json (batch_backend.py; corner mos_ff__res_wcs__cap_typ @ -40C)	6df50fd	ihp-sg13cmos5l	ngspice-46 (EDA batch fleet runner, klt 0.5.0)
loopgain	loopgain_dyn_ff_-40c_rwcs_i0ua_c1600nf_e0mohm	mos_ff	res_wcs	-40	0	1600n	0	sim/ldo-cmos5l-pvt-sweep/netlist-snapshots/20261010-101245-6df50fd/loopgain_dyn_ff_-40c_rwcs_i0ua_c1600nf_e0mohm.spice	4f271533d33c3b6b279c6bcb24e9a162c389cf4a9ece5992c96b301df1e94783	klt sim --backend batch corners/20261010-101245-6df50fd/_batch/g00_loopgain_dyn_ff_-40c_rwcs_i500ua_c330nf_e0mohm/request.json (batch_backend.py; corner mos_ff__res_wcs__cap_typ @ -40C)	6df50fd	ihp-sg13cmos5l	ngspice-46 (EDA batch fleet runner, klt 0.5.0)
psrr	psrr_dyn_ff_-40c_rwcs_i0ua_c1600nf_e0mohm	mos_ff	res_wcs	-40	0	1600n	0	sim/ldo-cmos5l-pvt-sweep/netlist-snapshots/20261010-101245-6df50fd/psrr_dyn_ff_-40c_rwcs_i0ua_c1600nf_e0mohm.spice	5fd26852809715ce5c96f2d64da08319c4b62d9d85b40405579ab6cbe5320405	klt sim --backend batch corners/20261010-101245-6df50fd/_batch/g03_psrr_dyn_ff_-40c_rwcs_i500ua_c330nf_e0mohm/request.json (batch_backend.py; corner mos_ff__res_wcs__cap_typ @ -40C)	6df50fd	ihp-sg13cmos5l	ngspice-46 (EDA batch fleet runner, klt 0.5.0)
loopgain	loopgain_dyn_ff_-40c_rwcs_i0ua_c3450nf_e0mohm	mos_ff	res_wcs	-40	0	3450n	0	sim/ldo-cmos5l-pvt-sweep/netlist-snapshots/20261010-101245-6df50fd/loopgain_dyn_ff_-40c_rwcs_i0ua_c3450nf_e0mohm.spice	5ce83b07d62f7936f17d9b413b54a9b53bacd07ed8fe9578f72d74a4745ced70	klt sim --backend batch corners/20261010-101245-6df50fd/_batch/g00_loopgain_dyn_ff_-40c_rwcs_i500ua_c330nf_e0mohm/request.json (batch_backend.py; corner mos_ff__res_wcs__cap_typ @ -40C)	6df50fd	ihp-sg13cmos5l	ngspice-46 (EDA batch fleet runner, klt 0.5.0)
psrr	psrr_dyn_ff_-40c_rwcs_i0ua_c3450nf_e0mohm	mos_ff	res_wcs	-40	0	3450n	0	sim/ldo-cmos5l-pvt-sweep/netlist-snapshots/20261010-101245-6df50fd/psrr_dyn_ff_-40c_rwcs_i0ua_c3450nf_e0mohm.spice	84fe78d07abcc6182974ecd68b08d3ccf416f61616164cf27b9051d6786101f1	klt sim --backend batch corners/20261010-101245-6df50fd/_batch/g03_psrr_dyn_ff_-40c_rwcs_i500ua_c330nf_e0mohm/request.json (batch_backend.py; corner mos_ff__res_wcs__cap_typ @ -40C)	6df50fd	ihp-sg13cmos5l	ngspice-46 (EDA batch fleet runner, klt 0.5.0)
loopgain	loopgain_dyn_ff_-40c_rwcs_i0ua_c665nf_e250mohm	mos_ff	res_wcs	-40	0	665n	250e-3	sim/ldo-cmos5l-pvt-sweep/netlist-snapshots/20261010-101245-6df50fd/loopgain_dyn_ff_-40c_rwcs_i0ua_c665nf_e250mohm.spice	208ac1be94c88c36198bf5d0002580e5adb1043972f5f270890015d81ab5a13c	klt sim --backend batch corners/20261010-101245-6df50fd/_batch/g00_loopgain_dyn_ff_-40c_rwcs_i500ua_c330nf_e0mohm/request.json (batch_backend.py; corner mos_ff__res_wcs__cap_typ @ -40C)	6df50fd	ihp-sg13cmos5l	ngspice-46 (EDA batch fleet runner, klt 0.5.0)
psrr	psrr_dyn_ff_-40c_rwcs_i0ua_c665nf_e250mohm	mos_ff	res_wcs	-40	0	665n	250e-3	sim/ldo-cmos5l-pvt-sweep/netlist-snapshots/20261010-101245-6df50fd/psrr_dyn_ff_-40c_rwcs_i0ua_c665nf_e250mohm.spice	3b6581089f707eecdee535244cec1f56b06ecf4a397b90d2407316cb26eb41d8	klt sim --backend batch corners/20261010-101245-6df50fd/_batch/g03_psrr_dyn_ff_-40c_rwcs_i500ua_c330nf_e0mohm/request.json (batch_backend.py; corner mos_ff__res_wcs__cap_typ @ -40C)	6df50fd	ihp-sg13cmos5l	ngspice-46 (EDA batch fleet runner, klt 0.5.0)
loopgain	loopgain_dyn_ff_-40c_rwcs_i0ua_c1600nf_e250mohm	mos_ff	res_wcs	-40	0	1600n	250e-3	sim/ldo-cmos5l-pvt-sweep/netlist-snapshots/20261010-101245-6df50fd/loopgain_dyn_ff_-40c_rwcs_i0ua_c1600nf_e250mohm.spice	4076b549e36a46d506056c5cac75482abe6c4013549807aef7c786c1c5e36bca	klt sim --backend batch corners/20261010-101245-6df50fd/_batch/g00_loopgain_dyn_ff_-40c_rwcs_i500ua_c330nf_e0mohm/request.json (batch_backend.py; corner mos_ff__res_wcs__cap_typ @ -40C)	6df50fd	ihp-sg13cmos5l	ngspice-46 (EDA batch fleet runner, klt 0.5.0)
psrr	psrr_dyn_ff_-40c_rwcs_i0ua_c1600nf_e250mohm	mos_ff	res_wcs	-40	0	1600n	250e-3	sim/ldo-cmos5l-pvt-sweep/netlist-snapshots/20261010-101245-6df50fd/psrr_dyn_ff_-40c_rwcs_i0ua_c1600nf_e250mohm.spice	206c0bebecf888cf81a6f0c0203e710ccd6bf72d52c89bab4086d3ef27f4ac9c	klt sim --backend batch corners/20261010-101245-6df50fd/_batch/g03_psrr_dyn_ff_-40c_rwcs_i500ua_c330nf_e0mohm/request.json (batch_backend.py; corner mos_ff__res_wcs__cap_typ @ -40C)	6df50fd	ihp-sg13cmos5l	ngspice-46 (EDA batch fleet runner, klt 0.5.0)
loopgain	loopgain_dyn_ff_-40c_rwcs_i0ua_c3450nf_e250mohm	mos_ff	res_wcs	-40	0	3450n	250e-3	sim/ldo-cmos5l-pvt-sweep/netlist-snapshots/20261010-101245-6df50fd/loopgain_dyn_ff_-40c_rwcs_i0ua_c3450nf_e250mohm.spice	5b1e90e55c68762b44812ff21d21ea87002854268309a0aaae56b047c942dfea	klt sim --backend batch corners/20261010-101245-6df50fd/_batch/g00_loopgain_dyn_ff_-40c_rwcs_i500ua_c330nf_e0mohm/request.json (batch_backend.py; corner mos_ff__res_wcs__cap_typ @ -40C)	6df50fd	ihp-sg13cmos5l	ngspice-46 (EDA batch fleet runner, klt 0.5.0)
psrr	psrr_dyn_ff_-40c_rwcs_i0ua_c3450nf_e250mohm	mos_ff	res_wcs	-40	0	3450n	250e-3	sim/ldo-cmos5l-pvt-sweep/netlist-snapshots/20261010-101245-6df50fd/psrr_dyn_ff_-40c_rwcs_i0ua_c3450nf_e250mohm.spice	68877fc0349e97eeacbd4bbc3625a63833614bc688cb7e1e2cdf61f5539a108f	klt sim --backend batch corners/20261010-101245-6df50fd/_batch/g03_psrr_dyn_ff_-40c_rwcs_i500ua_c330nf_e0mohm/request.json (batch_backend.py; corner mos_ff__res_wcs__cap_typ @ -40C)	6df50fd	ihp-sg13cmos5l	ngspice-46 (EDA batch fleet runner, klt 0.5.0)
loopgain	loopgain_dyn_ff_-40c_rwcs_i0ua_c665nf_e500mohm	mos_ff	res_wcs	-40	0	665n	500e-3	sim/ldo-cmos5l-pvt-sweep/netlist-snapshots/20261010-101245-6df50fd/loopgain_dyn_ff_-40c_rwcs_i0ua_c665nf_e500mohm.spice	ed781431c134d4edbaa139605ecb8289af2a4cd6ded11e39f24cb4abd3b3d244	klt sim --backend batch corners/20261010-101245-6df50fd/_batch/g00_loopgain_dyn_ff_-40c_rwcs_i500ua_c330nf_e0mohm/request.json (batch_backend.py; corner mos_ff__res_wcs__cap_typ @ -40C)	6df50fd	ihp-sg13cmos5l	ngspice-46 (EDA batch fleet runner, klt 0.5.0)
psrr	psrr_dyn_ff_-40c_rwcs_i0ua_c665nf_e500mohm	mos_ff	res_wcs	-40	0	665n	500e-3	sim/ldo-cmos5l-pvt-sweep/netlist-snapshots/20261010-101245-6df50fd/psrr_dyn_ff_-40c_rwcs_i0ua_c665nf_e500mohm.spice	336703f8b3dcd07b16a2d7d8c93ac6801ac710493ed9229dcdcd8f7456c010ca	klt sim --backend batch corners/20261010-101245-6df50fd/_batch/g03_psrr_dyn_ff_-40c_rwcs_i500ua_c330nf_e0mohm/request.json (batch_backend.py; corner mos_ff__res_wcs__cap_typ @ -40C)	6df50fd	ihp-sg13cmos5l	ngspice-46 (EDA batch fleet runner, klt 0.5.0)
loopgain	loopgain_dyn_ff_-40c_rwcs_i0ua_c1600nf_e500mohm	mos_ff	res_wcs	-40	0	1600n	500e-3	sim/ldo-cmos5l-pvt-sweep/netlist-snapshots/20261010-101245-6df50fd/loopgain_dyn_ff_-40c_rwcs_i0ua_c1600nf_e500mohm.spice	f9b04ad1cd1f53bc648c381f306fc5860ea7c2b78a277babff943e6c6ac98f2c	klt sim --backend batch corners/20261010-101245-6df50fd/_batch/g00_loopgain_dyn_ff_-40c_rwcs_i500ua_c330nf_e0mohm/request.json (batch_backend.py; corner mos_ff__res_wcs__cap_typ @ -40C)	6df50fd	ihp-sg13cmos5l	ngspice-46 (EDA batch fleet runner, klt 0.5.0)
psrr	psrr_dyn_ff_-40c_rwcs_i0ua_c1600nf_e500mohm	mos_ff	res_wcs	-40	0	1600n	500e-3	sim/ldo-cmos5l-pvt-sweep/netlist-snapshots/20261010-101245-6df50fd/psrr_dyn_ff_-40c_rwcs_i0ua_c1600nf_e500mohm.spice	9c11bede2928e38c7f402c857bc8bfd484a967c59a5ab327e5bdede16ed1b4f0	klt sim --backend batch corners/20261010-101245-6df50fd/_batch/g03_psrr_dyn_ff_-40c_rwcs_i500ua_c330nf_e0mohm/request.json (batch_backend.py; corner mos_ff__res_wcs__cap_typ @ -40C)	6df50fd	ihp-sg13cmos5l	ngspice-46 (EDA batch fleet runner, klt 0.5.0)
loopgain	loopgain_dyn_ff_-40c_rwcs_i0ua_c3450nf_e500mohm	mos_ff	res_wcs	-40	0	3450n	500e-3	sim/ldo-cmos5l-pvt-sweep/netlist-snapshots/20261010-101245-6df50fd/loopgain_dyn_ff_-40c_rwcs_i0ua_c3450nf_e500mohm.spice	e30df00d609734b28fb33d16c4da62c21b1119d049bbdcfc8c2211cace00d9bd	klt sim --backend batch corners/20261010-101245-6df50fd/_batch/g00_loopgain_dyn_ff_-40c_rwcs_i500ua_c330nf_e0mohm/request.json (batch_backend.py; corner mos_ff__res_wcs__cap_typ @ -40C)	6df50fd	ihp-sg13cmos5l	ngspice-46 (EDA batch fleet runner, klt 0.5.0)
psrr	psrr_dyn_ff_-40c_rwcs_i0ua_c3450nf_e500mohm	mos_ff	res_wcs	-40	0	3450n	500e-3	sim/ldo-cmos5l-pvt-sweep/netlist-snapshots/20261010-101245-6df50fd/psrr_dyn_ff_-40c_rwcs_i0ua_c3450nf_e500mohm.spice	86b72637d206c3aa325e0ae3ae50893d70f83ecfd21ef019cbf0499b745153ea	klt sim --backend batch corners/20261010-101245-6df50fd/_batch/g03_psrr_dyn_ff_-40c_rwcs_i500ua_c330nf_e0mohm/request.json (batch_backend.py; corner mos_ff__res_wcs__cap_typ @ -40C)	6df50fd	ihp-sg13cmos5l	ngspice-46 (EDA batch fleet runner, klt 0.5.0)
loopgain	loopgain_dyn_ff_-40c_rwcs_i1000ua_c1600nf_e0mohm	mos_ff	res_wcs	-40	1000e-6	1600n	0	sim/ldo-cmos5l-pvt-sweep/netlist-snapshots/20261010-101245-6df50fd/loopgain_dyn_ff_-40c_rwcs_i1000ua_c1600nf_e0mohm.spice	66aee64c36c33d2fd21fc135d20c623aed82549c3bae184e434bf7872e89f1a1	klt sim --backend batch corners/20261010-101245-6df50fd/_batch/g00_loopgain_dyn_ff_-40c_rwcs_i500ua_c330nf_e0mohm/request.json (batch_backend.py; corner mos_ff__res_wcs__cap_typ @ -40C)	6df50fd	ihp-sg13cmos5l	ngspice-46 (EDA batch fleet runner, klt 0.5.0)
psrr	psrr_dyn_ff_-40c_rwcs_i1000ua_c1600nf_e0mohm	mos_ff	res_wcs	-40	1000e-6	1600n	0	sim/ldo-cmos5l-pvt-sweep/netlist-snapshots/20261010-101245-6df50fd/psrr_dyn_ff_-40c_rwcs_i1000ua_c1600nf_e0mohm.spice	a75268678af9a7e8038e2ecb716699fa9f2a0b9067b676612183b3ccdae1fecb	klt sim --backend batch corners/20261010-101245-6df50fd/_batch/g03_psrr_dyn_ff_-40c_rwcs_i500ua_c330nf_e0mohm/request.json (batch_backend.py; corner mos_ff__res_wcs__cap_typ @ -40C)	6df50fd	ihp-sg13cmos5l	ngspice-46 (EDA batch fleet runner, klt 0.5.0)
loopgain	loopgain_dyn_ff_-40c_rwcs_i1000ua_c3450nf_e0mohm	mos_ff	res_wcs	-40	1000e-6	3450n	0	sim/ldo-cmos5l-pvt-sweep/netlist-snapshots/20261010-101245-6df50fd/loopgain_dyn_ff_-40c_rwcs_i1000ua_c3450nf_e0mohm.spice	8882d627613aefea76001f7bea9a35f62284eef14da811ce91c1f48fb5f042f4	klt sim --backend batch corners/20261010-101245-6df50fd/_batch/g00_loopgain_dyn_ff_-40c_rwcs_i500ua_c330nf_e0mohm/request.json (batch_backend.py; corner mos_ff__res_wcs__cap_typ @ -40C)	6df50fd	ihp-sg13cmos5l	ngspice-46 (EDA batch fleet runner, klt 0.5.0)
psrr	psrr_dyn_ff_-40c_rwcs_i1000ua_c3450nf_e0mohm	mos_ff	res_wcs	-40	1000e-6	3450n	0	sim/ldo-cmos5l-pvt-sweep/netlist-snapshots/20261010-101245-6df50fd/psrr_dyn_ff_-40c_rwcs_i1000ua_c3450nf_e0mohm.spice	1f08e0776b6c1ab1f16804f78ae597372f406fe64450fdae853bf0b29ee3c443	klt sim --backend batch corners/20261010-101245-6df50fd/_batch/g03_psrr_dyn_ff_-40c_rwcs_i500ua_c330nf_e0mohm/request.json (batch_backend.py; corner mos_ff__res_wcs__cap_typ @ -40C)	6df50fd	ihp-sg13cmos5l	ngspice-46 (EDA batch fleet runner, klt 0.5.0)
loopgain	loopgain_dyn_ff_-40c_rwcs_i1000ua_c1600nf_e250mohm	mos_ff	res_wcs	-40	1000e-6	1600n	250e-3	sim/ldo-cmos5l-pvt-sweep/netlist-snapshots/20261010-101245-6df50fd/loopgain_dyn_ff_-40c_rwcs_i1000ua_c1600nf_e250mohm.spice	62e87d5b1e23e3c39c11828eab9e3cca4f1fb5e65bdedeb355998551574128a3	klt sim --backend batch corners/20261010-101245-6df50fd/_batch/g00_loopgain_dyn_ff_-40c_rwcs_i500ua_c330nf_e0mohm/request.json (batch_backend.py; corner mos_ff__res_wcs__cap_typ @ -40C)	6df50fd	ihp-sg13cmos5l	ngspice-46 (EDA batch fleet runner, klt 0.5.0)
psrr	psrr_dyn_ff_-40c_rwcs_i1000ua_c1600nf_e250mohm	mos_ff	res_wcs	-40	1000e-6	1600n	250e-3	sim/ldo-cmos5l-pvt-sweep/netlist-snapshots/20261010-101245-6df50fd/psrr_dyn_ff_-40c_rwcs_i1000ua_c1600nf_e250mohm.spice	5617c2b8144c9e355b06dc24a125e086889f3db1e8ac97438e19d63d842504c1	klt sim --backend batch corners/20261010-101245-6df50fd/_batch/g03_psrr_dyn_ff_-40c_rwcs_i500ua_c330nf_e0mohm/request.json (batch_backend.py; corner mos_ff__res_wcs__cap_typ @ -40C)	6df50fd	ihp-sg13cmos5l	ngspice-46 (EDA batch fleet runner, klt 0.5.0)
loopgain	loopgain_dyn_ff_-40c_rwcs_i1000ua_c3450nf_e250mohm	mos_ff	res_wcs	-40	1000e-6	3450n	250e-3	sim/ldo-cmos5l-pvt-sweep/netlist-snapshots/20261010-101245-6df50fd/loopgain_dyn_ff_-40c_rwcs_i1000ua_c3450nf_e250mohm.spice	4d71e220094821260b4bc12ff467fcc17086f77a0b9fe66d07ced69b4cc54acd	klt sim --backend batch corners/20261010-101245-6df50fd/_batch/g00_loopgain_dyn_ff_-40c_rwcs_i500ua_c330nf_e0mohm/request.json (batch_backend.py; corner mos_ff__res_wcs__cap_typ @ -40C)	6df50fd	ihp-sg13cmos5l	ngspice-46 (EDA batch fleet runner, klt 0.5.0)
psrr	psrr_dyn_ff_-40c_rwcs_i1000ua_c3450nf_e250mohm	mos_ff	res_wcs	-40	1000e-6	3450n	250e-3	sim/ldo-cmos5l-pvt-sweep/netlist-snapshots/20261010-101245-6df50fd/psrr_dyn_ff_-40c_rwcs_i1000ua_c3450nf_e250mohm.spice	60e263dbcc7f5885c6c8ba41974ec9c81c355ee69f9dc5813da5b99dec2debc4	klt sim --backend batch corners/20261010-101245-6df50fd/_batch/g03_psrr_dyn_ff_-40c_rwcs_i500ua_c330nf_e0mohm/request.json (batch_backend.py; corner mos_ff__res_wcs__cap_typ @ -40C)	6df50fd	ihp-sg13cmos5l	ngspice-46 (EDA batch fleet runner, klt 0.5.0)
loopgain	loopgain_dyn_ff_-40c_rwcs_i1000ua_c1600nf_e500mohm	mos_ff	res_wcs	-40	1000e-6	1600n	500e-3	sim/ldo-cmos5l-pvt-sweep/netlist-snapshots/20261010-101245-6df50fd/loopgain_dyn_ff_-40c_rwcs_i1000ua_c1600nf_e500mohm.spice	0aac579e7a2f23bf97dea27acb6e61881c392165c890866ff20d0afad613a87a	klt sim --backend batch corners/20261010-101245-6df50fd/_batch/g00_loopgain_dyn_ff_-40c_rwcs_i500ua_c330nf_e0mohm/request.json (batch_backend.py; corner mos_ff__res_wcs__cap_typ @ -40C)	6df50fd	ihp-sg13cmos5l	ngspice-46 (EDA batch fleet runner, klt 0.5.0)
psrr	psrr_dyn_ff_-40c_rwcs_i1000ua_c1600nf_e500mohm	mos_ff	res_wcs	-40	1000e-6	1600n	500e-3	sim/ldo-cmos5l-pvt-sweep/netlist-snapshots/20261010-101245-6df50fd/psrr_dyn_ff_-40c_rwcs_i1000ua_c1600nf_e500mohm.spice	0fc071e9bdb3fc2f7a292e7492810c21db8a7868336df89eb677f745048f79fd	klt sim --backend batch corners/20261010-101245-6df50fd/_batch/g03_psrr_dyn_ff_-40c_rwcs_i500ua_c330nf_e0mohm/request.json (batch_backend.py; corner mos_ff__res_wcs__cap_typ @ -40C)	6df50fd	ihp-sg13cmos5l	ngspice-46 (EDA batch fleet runner, klt 0.5.0)
loopgain	loopgain_dyn_ff_-40c_rwcs_i1000ua_c3450nf_e500mohm	mos_ff	res_wcs	-40	1000e-6	3450n	500e-3	sim/ldo-cmos5l-pvt-sweep/netlist-snapshots/20261010-101245-6df50fd/loopgain_dyn_ff_-40c_rwcs_i1000ua_c3450nf_e500mohm.spice	7cc5a9b2825ccf17eeddb4b0ae35839cc12c42b477bfb319de23feca9f85f929	klt sim --backend batch corners/20261010-101245-6df50fd/_batch/g00_loopgain_dyn_ff_-40c_rwcs_i500ua_c330nf_e0mohm/request.json (batch_backend.py; corner mos_ff__res_wcs__cap_typ @ -40C)	6df50fd	ihp-sg13cmos5l	ngspice-46 (EDA batch fleet runner, klt 0.5.0)
psrr	psrr_dyn_ff_-40c_rwcs_i1000ua_c3450nf_e500mohm	mos_ff	res_wcs	-40	1000e-6	3450n	500e-3	sim/ldo-cmos5l-pvt-sweep/netlist-snapshots/20261010-101245-6df50fd/psrr_dyn_ff_-40c_rwcs_i1000ua_c3450nf_e500mohm.spice	91fde132091ee2a14b3da1b5851d0ad9d7def4156003c80f6184a02a49db85b9	klt sim --backend batch corners/20261010-101245-6df50fd/_batch/g03_psrr_dyn_ff_-40c_rwcs_i500ua_c330nf_e0mohm/request.json (batch_backend.py; corner mos_ff__res_wcs__cap_typ @ -40C)	6df50fd	ihp-sg13cmos5l	ngspice-46 (EDA batch fleet runner, klt 0.5.0)
loopgain	loopgain_dyn_ff_-40c_rwcs_i25000ua_c665nf_e0mohm	mos_ff	res_wcs	-40	25000e-6	665n	0	sim/ldo-cmos5l-pvt-sweep/netlist-snapshots/20261010-101245-6df50fd/loopgain_dyn_ff_-40c_rwcs_i25000ua_c665nf_e0mohm.spice	293a9cfb9cebf4144650c88f9151edd229ec3eb514110a8b44a09c098fd668d5	klt sim --backend batch corners/20261010-101245-6df50fd/_batch/g00_loopgain_dyn_ff_-40c_rwcs_i500ua_c330nf_e0mohm/request.json (batch_backend.py; corner mos_ff__res_wcs__cap_typ @ -40C)	6df50fd	ihp-sg13cmos5l	ngspice-46 (EDA batch fleet runner, klt 0.5.0)
psrr	psrr_dyn_ff_-40c_rwcs_i25000ua_c665nf_e0mohm	mos_ff	res_wcs	-40	25000e-6	665n	0	sim/ldo-cmos5l-pvt-sweep/netlist-snapshots/20261010-101245-6df50fd/psrr_dyn_ff_-40c_rwcs_i25000ua_c665nf_e0mohm.spice	f2fd3e4dff10b46f3e063e12c579f5071c544b8c4324a131f12b5e2ee4a6334e	klt sim --backend batch corners/20261010-101245-6df50fd/_batch/g03_psrr_dyn_ff_-40c_rwcs_i500ua_c330nf_e0mohm/request.json (batch_backend.py; corner mos_ff__res_wcs__cap_typ @ -40C)	6df50fd	ihp-sg13cmos5l	ngspice-46 (EDA batch fleet runner, klt 0.5.0)
loopgain	loopgain_dyn_ff_-40c_rwcs_i25000ua_c1600nf_e0mohm	mos_ff	res_wcs	-40	25000e-6	1600n	0	sim/ldo-cmos5l-pvt-sweep/netlist-snapshots/20261010-101245-6df50fd/loopgain_dyn_ff_-40c_rwcs_i25000ua_c1600nf_e0mohm.spice	8dc5f0070d45180ae97818b98943498b517d5e75e20e8d2a9ec68e9d1be4f742	klt sim --backend batch corners/20261010-101245-6df50fd/_batch/g00_loopgain_dyn_ff_-40c_rwcs_i500ua_c330nf_e0mohm/request.json (batch_backend.py; corner mos_ff__res_wcs__cap_typ @ -40C)	6df50fd	ihp-sg13cmos5l	ngspice-46 (EDA batch fleet runner, klt 0.5.0)
psrr	psrr_dyn_ff_-40c_rwcs_i25000ua_c1600nf_e0mohm	mos_ff	res_wcs	-40	25000e-6	1600n	0	sim/ldo-cmos5l-pvt-sweep/netlist-snapshots/20261010-101245-6df50fd/psrr_dyn_ff_-40c_rwcs_i25000ua_c1600nf_e0mohm.spice	ac08bfdb2da34c90f8f543ad0c41a4c8c594d1e3b1a75087c30a7d28043695f4	klt sim --backend batch corners/20261010-101245-6df50fd/_batch/g03_psrr_dyn_ff_-40c_rwcs_i500ua_c330nf_e0mohm/request.json (batch_backend.py; corner mos_ff__res_wcs__cap_typ @ -40C)	6df50fd	ihp-sg13cmos5l	ngspice-46 (EDA batch fleet runner, klt 0.5.0)
loopgain	loopgain_dyn_ff_-40c_rwcs_i25000ua_c665nf_e250mohm	mos_ff	res_wcs	-40	25000e-6	665n	250e-3	sim/ldo-cmos5l-pvt-sweep/netlist-snapshots/20261010-101245-6df50fd/loopgain_dyn_ff_-40c_rwcs_i25000ua_c665nf_e250mohm.spice	d59af6d2e9e49d0c4a78e345b5e2ef03a8b2421656e64c82e6a151a6e144894e	klt sim --backend batch corners/20261010-101245-6df50fd/_batch/g00_loopgain_dyn_ff_-40c_rwcs_i500ua_c330nf_e0mohm/request.json (batch_backend.py; corner mos_ff__res_wcs__cap_typ @ -40C)	6df50fd	ihp-sg13cmos5l	ngspice-46 (EDA batch fleet runner, klt 0.5.0)
psrr	psrr_dyn_ff_-40c_rwcs_i25000ua_c665nf_e250mohm	mos_ff	res_wcs	-40	25000e-6	665n	250e-3	sim/ldo-cmos5l-pvt-sweep/netlist-snapshots/20261010-101245-6df50fd/psrr_dyn_ff_-40c_rwcs_i25000ua_c665nf_e250mohm.spice	e1fb84385d558499daa302cac5963a506cc4903dd910d089505be64428bc4aaa	klt sim --backend batch corners/20261010-101245-6df50fd/_batch/g03_psrr_dyn_ff_-40c_rwcs_i500ua_c330nf_e0mohm/request.json (batch_backend.py; corner mos_ff__res_wcs__cap_typ @ -40C)	6df50fd	ihp-sg13cmos5l	ngspice-46 (EDA batch fleet runner, klt 0.5.0)
loopgain	loopgain_dyn_ff_-40c_rwcs_i25000ua_c665nf_e500mohm	mos_ff	res_wcs	-40	25000e-6	665n	500e-3	sim/ldo-cmos5l-pvt-sweep/netlist-snapshots/20261010-101245-6df50fd/loopgain_dyn_ff_-40c_rwcs_i25000ua_c665nf_e500mohm.spice	85deed3b40b5324b4bf19df9ca78184aab2e4aacce4a0f3a30fb7cc629478b7c	klt sim --backend batch corners/20261010-101245-6df50fd/_batch/g00_loopgain_dyn_ff_-40c_rwcs_i500ua_c330nf_e0mohm/request.json (batch_backend.py; corner mos_ff__res_wcs__cap_typ @ -40C)	6df50fd	ihp-sg13cmos5l	ngspice-46 (EDA batch fleet runner, klt 0.5.0)
psrr	psrr_dyn_ff_-40c_rwcs_i25000ua_c665nf_e500mohm	mos_ff	res_wcs	-40	25000e-6	665n	500e-3	sim/ldo-cmos5l-pvt-sweep/netlist-snapshots/20261010-101245-6df50fd/psrr_dyn_ff_-40c_rwcs_i25000ua_c665nf_e500mohm.spice	6439a5ae9e9edbd7e087631a92d6b32e6eac1a5d5f7b88124fa0f1338ec860ac	klt sim --backend batch corners/20261010-101245-6df50fd/_batch/g03_psrr_dyn_ff_-40c_rwcs_i500ua_c330nf_e0mohm/request.json (batch_backend.py; corner mos_ff__res_wcs__cap_typ @ -40C)	6df50fd	ihp-sg13cmos5l	ngspice-46 (EDA batch fleet runner, klt 0.5.0)
loopgain	loopgain_dyn_ff_-40c_rwcs_i25000ua_c1600nf_e500mohm	mos_ff	res_wcs	-40	25000e-6	1600n	500e-3	sim/ldo-cmos5l-pvt-sweep/netlist-snapshots/20261010-101245-6df50fd/loopgain_dyn_ff_-40c_rwcs_i25000ua_c1600nf_e500mohm.spice	463663a9813e0346d390f27cfdaaa83df4fe0591eefd410cc00c44a7e4966744	klt sim --backend batch corners/20261010-101245-6df50fd/_batch/g00_loopgain_dyn_ff_-40c_rwcs_i500ua_c330nf_e0mohm/request.json (batch_backend.py; corner mos_ff__res_wcs__cap_typ @ -40C)	6df50fd	ihp-sg13cmos5l	ngspice-46 (EDA batch fleet runner, klt 0.5.0)
psrr	psrr_dyn_ff_-40c_rwcs_i25000ua_c1600nf_e500mohm	mos_ff	res_wcs	-40	25000e-6	1600n	500e-3	sim/ldo-cmos5l-pvt-sweep/netlist-snapshots/20261010-101245-6df50fd/psrr_dyn_ff_-40c_rwcs_i25000ua_c1600nf_e500mohm.spice	4147d9f4a0c95237832fa5178fa073eb3665d91bbad6bc3560faf572beda1738	klt sim --backend batch corners/20261010-101245-6df50fd/_batch/g03_psrr_dyn_ff_-40c_rwcs_i500ua_c330nf_e0mohm/request.json (batch_backend.py; corner mos_ff__res_wcs__cap_typ @ -40C)	6df50fd	ihp-sg13cmos5l	ngspice-46 (EDA batch fleet runner, klt 0.5.0)
loopgain	loopgain_dyn_ff_-40c_rwcs_i25000ua_c3450nf_e500mohm	mos_ff	res_wcs	-40	25000e-6	3450n	500e-3	sim/ldo-cmos5l-pvt-sweep/netlist-snapshots/20261010-101245-6df50fd/loopgain_dyn_ff_-40c_rwcs_i25000ua_c3450nf_e500mohm.spice	865ad1c217ed33502ca78b8082c26644a6f0d2ea2ba4fa6f6eca67367d8a55b0	klt sim --backend batch corners/20261010-101245-6df50fd/_batch/g00_loopgain_dyn_ff_-40c_rwcs_i500ua_c330nf_e0mohm/request.json (batch_backend.py; corner mos_ff__res_wcs__cap_typ @ -40C)	6df50fd	ihp-sg13cmos5l	ngspice-46 (EDA batch fleet runner, klt 0.5.0)
psrr	psrr_dyn_ff_-40c_rwcs_i25000ua_c3450nf_e500mohm	mos_ff	res_wcs	-40	25000e-6	3450n	500e-3	sim/ldo-cmos5l-pvt-sweep/netlist-snapshots/20261010-101245-6df50fd/psrr_dyn_ff_-40c_rwcs_i25000ua_c3450nf_e500mohm.spice	3c49b3ff68b489cb80fbd96a4bce7fed41038c91a8679853ef09aa4619c9dba1	klt sim --backend batch corners/20261010-101245-6df50fd/_batch/g03_psrr_dyn_ff_-40c_rwcs_i500ua_c330nf_e0mohm/request.json (batch_backend.py; corner mos_ff__res_wcs__cap_typ @ -40C)	6df50fd	ihp-sg13cmos5l	ngspice-46 (EDA batch fleet runner, klt 0.5.0)
loopgain	loopgain_dyn_ff_-40c_rwcs_i50000ua_c665nf_e0mohm	mos_ff	res_wcs	-40	50000e-6	665n	0	sim/ldo-cmos5l-pvt-sweep/netlist-snapshots/20261010-101245-6df50fd/loopgain_dyn_ff_-40c_rwcs_i50000ua_c665nf_e0mohm.spice	f2a097cad5f5e744c7fa872e0ec736338b0288be399e21190126a0a7e1d0daf9	klt sim --backend batch corners/20261010-101245-6df50fd/_batch/g00_loopgain_dyn_ff_-40c_rwcs_i500ua_c330nf_e0mohm/request.json (batch_backend.py; corner mos_ff__res_wcs__cap_typ @ -40C)	6df50fd	ihp-sg13cmos5l	ngspice-46 (EDA batch fleet runner, klt 0.5.0)
psrr	psrr_dyn_ff_-40c_rwcs_i50000ua_c665nf_e0mohm	mos_ff	res_wcs	-40	50000e-6	665n	0	sim/ldo-cmos5l-pvt-sweep/netlist-snapshots/20261010-101245-6df50fd/psrr_dyn_ff_-40c_rwcs_i50000ua_c665nf_e0mohm.spice	aed412133a671a76a204d9c90608970d35491ec429188e224dfd994d3e744182	klt sim --backend batch corners/20261010-101245-6df50fd/_batch/g03_psrr_dyn_ff_-40c_rwcs_i500ua_c330nf_e0mohm/request.json (batch_backend.py; corner mos_ff__res_wcs__cap_typ @ -40C)	6df50fd	ihp-sg13cmos5l	ngspice-46 (EDA batch fleet runner, klt 0.5.0)
loopgain	loopgain_dyn_ff_-40c_rwcs_i50000ua_c1600nf_e0mohm	mos_ff	res_wcs	-40	50000e-6	1600n	0	sim/ldo-cmos5l-pvt-sweep/netlist-snapshots/20261010-101245-6df50fd/loopgain_dyn_ff_-40c_rwcs_i50000ua_c1600nf_e0mohm.spice	017a21af31954b449c3a68a0eb226e32f1cf2e81548116582367aa240ba66f57	klt sim --backend batch corners/20261010-101245-6df50fd/_batch/g00_loopgain_dyn_ff_-40c_rwcs_i500ua_c330nf_e0mohm/request.json (batch_backend.py; corner mos_ff__res_wcs__cap_typ @ -40C)	6df50fd	ihp-sg13cmos5l	ngspice-46 (EDA batch fleet runner, klt 0.5.0)
psrr	psrr_dyn_ff_-40c_rwcs_i50000ua_c1600nf_e0mohm	mos_ff	res_wcs	-40	50000e-6	1600n	0	sim/ldo-cmos5l-pvt-sweep/netlist-snapshots/20261010-101245-6df50fd/psrr_dyn_ff_-40c_rwcs_i50000ua_c1600nf_e0mohm.spice	0b41dd67636b918e7d30adbee90b13930c7de21cc53949d3d9d20afffe35a118	klt sim --backend batch corners/20261010-101245-6df50fd/_batch/g03_psrr_dyn_ff_-40c_rwcs_i500ua_c330nf_e0mohm/request.json (batch_backend.py; corner mos_ff__res_wcs__cap_typ @ -40C)	6df50fd	ihp-sg13cmos5l	ngspice-46 (EDA batch fleet runner, klt 0.5.0)
loopgain	loopgain_dyn_ff_-40c_rwcs_i50000ua_c3450nf_e0mohm	mos_ff	res_wcs	-40	50000e-6	3450n	0	sim/ldo-cmos5l-pvt-sweep/netlist-snapshots/20261010-101245-6df50fd/loopgain_dyn_ff_-40c_rwcs_i50000ua_c3450nf_e0mohm.spice	a042948a29c5db24c2cea52323a43314e67450d25be97b27efdb03f4e2195e49	klt sim --backend batch corners/20261010-101245-6df50fd/_batch/g00_loopgain_dyn_ff_-40c_rwcs_i500ua_c330nf_e0mohm/request.json (batch_backend.py; corner mos_ff__res_wcs__cap_typ @ -40C)	6df50fd	ihp-sg13cmos5l	ngspice-46 (EDA batch fleet runner, klt 0.5.0)
psrr	psrr_dyn_ff_-40c_rwcs_i50000ua_c3450nf_e0mohm	mos_ff	res_wcs	-40	50000e-6	3450n	0	sim/ldo-cmos5l-pvt-sweep/netlist-snapshots/20261010-101245-6df50fd/psrr_dyn_ff_-40c_rwcs_i50000ua_c3450nf_e0mohm.spice	c3f760893ef1a55dacbca09e7e85526368c557d4b7e9bc1b2793c8704bf9d234	klt sim --backend batch corners/20261010-101245-6df50fd/_batch/g03_psrr_dyn_ff_-40c_rwcs_i500ua_c330nf_e0mohm/request.json (batch_backend.py; corner mos_ff__res_wcs__cap_typ @ -40C)	6df50fd	ihp-sg13cmos5l	ngspice-46 (EDA batch fleet runner, klt 0.5.0)
loopgain	loopgain_dyn_ff_-40c_rwcs_i50000ua_c665nf_e250mohm	mos_ff	res_wcs	-40	50000e-6	665n	250e-3	sim/ldo-cmos5l-pvt-sweep/netlist-snapshots/20261010-101245-6df50fd/loopgain_dyn_ff_-40c_rwcs_i50000ua_c665nf_e250mohm.spice	64a8f5aaee862ee52f107cfbe191d4b434011c3c1291f43d1254bacf40904a4e	klt sim --backend batch corners/20261010-101245-6df50fd/_batch/g00_loopgain_dyn_ff_-40c_rwcs_i500ua_c330nf_e0mohm/request.json (batch_backend.py; corner mos_ff__res_wcs__cap_typ @ -40C)	6df50fd	ihp-sg13cmos5l	ngspice-46 (EDA batch fleet runner, klt 0.5.0)
psrr	psrr_dyn_ff_-40c_rwcs_i50000ua_c665nf_e250mohm	mos_ff	res_wcs	-40	50000e-6	665n	250e-3	sim/ldo-cmos5l-pvt-sweep/netlist-snapshots/20261010-101245-6df50fd/psrr_dyn_ff_-40c_rwcs_i50000ua_c665nf_e250mohm.spice	9b3a8d4387947baae95fc4f5f4a7015e9cb151db118e0eb48d9df68aa5080f9c	klt sim --backend batch corners/20261010-101245-6df50fd/_batch/g03_psrr_dyn_ff_-40c_rwcs_i500ua_c330nf_e0mohm/request.json (batch_backend.py; corner mos_ff__res_wcs__cap_typ @ -40C)	6df50fd	ihp-sg13cmos5l	ngspice-46 (EDA batch fleet runner, klt 0.5.0)
loopgain	loopgain_dyn_ff_-40c_rwcs_i50000ua_c1600nf_e250mohm	mos_ff	res_wcs	-40	50000e-6	1600n	250e-3	sim/ldo-cmos5l-pvt-sweep/netlist-snapshots/20261010-101245-6df50fd/loopgain_dyn_ff_-40c_rwcs_i50000ua_c1600nf_e250mohm.spice	41510605f4319773273bed323140fb709c2b21817e4eca9857f9a58d5558eb7f	klt sim --backend batch corners/20261010-101245-6df50fd/_batch/g00_loopgain_dyn_ff_-40c_rwcs_i500ua_c330nf_e0mohm/request.json (batch_backend.py; corner mos_ff__res_wcs__cap_typ @ -40C)	6df50fd	ihp-sg13cmos5l	ngspice-46 (EDA batch fleet runner, klt 0.5.0)
psrr	psrr_dyn_ff_-40c_rwcs_i50000ua_c1600nf_e250mohm	mos_ff	res_wcs	-40	50000e-6	1600n	250e-3	sim/ldo-cmos5l-pvt-sweep/netlist-snapshots/20261010-101245-6df50fd/psrr_dyn_ff_-40c_rwcs_i50000ua_c1600nf_e250mohm.spice	456398c95aff50ca6f63576c27104407c0fe2f53d839858bf33dcc676672274b	klt sim --backend batch corners/20261010-101245-6df50fd/_batch/g03_psrr_dyn_ff_-40c_rwcs_i500ua_c330nf_e0mohm/request.json (batch_backend.py; corner mos_ff__res_wcs__cap_typ @ -40C)	6df50fd	ihp-sg13cmos5l	ngspice-46 (EDA batch fleet runner, klt 0.5.0)
loopgain	loopgain_dyn_ff_-40c_rwcs_i50000ua_c665nf_e500mohm	mos_ff	res_wcs	-40	50000e-6	665n	500e-3	sim/ldo-cmos5l-pvt-sweep/netlist-snapshots/20261010-101245-6df50fd/loopgain_dyn_ff_-40c_rwcs_i50000ua_c665nf_e500mohm.spice	a5aa2db3ca521024938196783caba1092d3afa09a9fc83f0c15746c85a43fdbc	klt sim --backend batch corners/20261010-101245-6df50fd/_batch/g00_loopgain_dyn_ff_-40c_rwcs_i500ua_c330nf_e0mohm/request.json (batch_backend.py; corner mos_ff__res_wcs__cap_typ @ -40C)	6df50fd	ihp-sg13cmos5l	ngspice-46 (EDA batch fleet runner, klt 0.5.0)
psrr	psrr_dyn_ff_-40c_rwcs_i50000ua_c665nf_e500mohm	mos_ff	res_wcs	-40	50000e-6	665n	500e-3	sim/ldo-cmos5l-pvt-sweep/netlist-snapshots/20261010-101245-6df50fd/psrr_dyn_ff_-40c_rwcs_i50000ua_c665nf_e500mohm.spice	3debc1c71171e8f37e3f064918bb4e608e32623e766a91c3237fa28bca1150e7	klt sim --backend batch corners/20261010-101245-6df50fd/_batch/g03_psrr_dyn_ff_-40c_rwcs_i500ua_c330nf_e0mohm/request.json (batch_backend.py; corner mos_ff__res_wcs__cap_typ @ -40C)	6df50fd	ihp-sg13cmos5l	ngspice-46 (EDA batch fleet runner, klt 0.5.0)
loopgain	loopgain_dyn_ff_-40c_rwcs_i50000ua_c1600nf_e500mohm	mos_ff	res_wcs	-40	50000e-6	1600n	500e-3	sim/ldo-cmos5l-pvt-sweep/netlist-snapshots/20261010-101245-6df50fd/loopgain_dyn_ff_-40c_rwcs_i50000ua_c1600nf_e500mohm.spice	85829ac9747ec328d9beabc55d6e0e5f61cd442647f5e6fb413740a6570d1247	klt sim --backend batch corners/20261010-101245-6df50fd/_batch/g00_loopgain_dyn_ff_-40c_rwcs_i500ua_c330nf_e0mohm/request.json (batch_backend.py; corner mos_ff__res_wcs__cap_typ @ -40C)	6df50fd	ihp-sg13cmos5l	ngspice-46 (EDA batch fleet runner, klt 0.5.0)
psrr	psrr_dyn_ff_-40c_rwcs_i50000ua_c1600nf_e500mohm	mos_ff	res_wcs	-40	50000e-6	1600n	500e-3	sim/ldo-cmos5l-pvt-sweep/netlist-snapshots/20261010-101245-6df50fd/psrr_dyn_ff_-40c_rwcs_i50000ua_c1600nf_e500mohm.spice	f8c9b71b0e4ae8b13fb20e79f17af8eb70d7076ab7ab861abde489700f50d497	klt sim --backend batch corners/20261010-101245-6df50fd/_batch/g03_psrr_dyn_ff_-40c_rwcs_i500ua_c330nf_e0mohm/request.json (batch_backend.py; corner mos_ff__res_wcs__cap_typ @ -40C)	6df50fd	ihp-sg13cmos5l	ngspice-46 (EDA batch fleet runner, klt 0.5.0)
loopgain	loopgain_dyn_ff_-40c_rwcs_i50000ua_c3450nf_e500mohm	mos_ff	res_wcs	-40	50000e-6	3450n	500e-3	sim/ldo-cmos5l-pvt-sweep/netlist-snapshots/20261010-101245-6df50fd/loopgain_dyn_ff_-40c_rwcs_i50000ua_c3450nf_e500mohm.spice	ceb786726bc2845ced34ef2dd502b5e967797dc6a20206f20cf6d2e46b372ece	klt sim --backend batch corners/20261010-101245-6df50fd/_batch/g00_loopgain_dyn_ff_-40c_rwcs_i500ua_c330nf_e0mohm/request.json (batch_backend.py; corner mos_ff__res_wcs__cap_typ @ -40C)	6df50fd	ihp-sg13cmos5l	ngspice-46 (EDA batch fleet runner, klt 0.5.0)
psrr	psrr_dyn_ff_-40c_rwcs_i50000ua_c3450nf_e500mohm	mos_ff	res_wcs	-40	50000e-6	3450n	500e-3	sim/ldo-cmos5l-pvt-sweep/netlist-snapshots/20261010-101245-6df50fd/psrr_dyn_ff_-40c_rwcs_i50000ua_c3450nf_e500mohm.spice	e8861db69d4d065be38df8fd2c724ec32e36f1b6fdfafb7407d720997b2d276c	klt sim --backend batch corners/20261010-101245-6df50fd/_batch/g03_psrr_dyn_ff_-40c_rwcs_i500ua_c330nf_e0mohm/request.json (batch_backend.py; corner mos_ff__res_wcs__cap_typ @ -40C)	6df50fd	ihp-sg13cmos5l	ngspice-46 (EDA batch fleet runner, klt 0.5.0)
loopgain	loopgain_dyn_ff_-40c_rwcs_i0ua_c330nf_e125mohm	mos_ff	res_wcs	-40	0	330n	125e-3	sim/ldo-cmos5l-pvt-sweep/netlist-snapshots/20261010-101245-6df50fd/loopgain_dyn_ff_-40c_rwcs_i0ua_c330nf_e125mohm.spice	fd67d95cf9ed212cc154ccf32f5e311d62751a1fa2ac6e56c18e620b1742b2a8	klt sim --backend batch corners/20261010-101245-6df50fd/_batch/g00_loopgain_dyn_ff_-40c_rwcs_i500ua_c330nf_e0mohm/request.json (batch_backend.py; corner mos_ff__res_wcs__cap_typ @ -40C)	6df50fd	ihp-sg13cmos5l	ngspice-46 (EDA batch fleet runner, klt 0.5.0)
psrr	psrr_dyn_ff_-40c_rwcs_i0ua_c330nf_e125mohm	mos_ff	res_wcs	-40	0	330n	125e-3	sim/ldo-cmos5l-pvt-sweep/netlist-snapshots/20261010-101245-6df50fd/psrr_dyn_ff_-40c_rwcs_i0ua_c330nf_e125mohm.spice	a788c6e2500a71772f3dec93d3b6ff0a08183928fbf5d7a7dd69356689851d27	klt sim --backend batch corners/20261010-101245-6df50fd/_batch/g03_psrr_dyn_ff_-40c_rwcs_i500ua_c330nf_e0mohm/request.json (batch_backend.py; corner mos_ff__res_wcs__cap_typ @ -40C)	6df50fd	ihp-sg13cmos5l	ngspice-46 (EDA batch fleet runner, klt 0.5.0)
loopgain	loopgain_dyn_ff_-40c_rwcs_i0ua_c330nf_e375mohm	mos_ff	res_wcs	-40	0	330n	375e-3	sim/ldo-cmos5l-pvt-sweep/netlist-snapshots/20261010-101245-6df50fd/loopgain_dyn_ff_-40c_rwcs_i0ua_c330nf_e375mohm.spice	04461ebcbaefbea82c00be863e048a54c343bf2e3b2338c2f63412e6db269b52	klt sim --backend batch corners/20261010-101245-6df50fd/_batch/g00_loopgain_dyn_ff_-40c_rwcs_i500ua_c330nf_e0mohm/request.json (batch_backend.py; corner mos_ff__res_wcs__cap_typ @ -40C)	6df50fd	ihp-sg13cmos5l	ngspice-46 (EDA batch fleet runner, klt 0.5.0)
psrr	psrr_dyn_ff_-40c_rwcs_i0ua_c330nf_e375mohm	mos_ff	res_wcs	-40	0	330n	375e-3	sim/ldo-cmos5l-pvt-sweep/netlist-snapshots/20261010-101245-6df50fd/psrr_dyn_ff_-40c_rwcs_i0ua_c330nf_e375mohm.spice	64e906246e76860bd57689f195a2f480ed1de8b6f3e1ffb05467735d663fa2fd	klt sim --backend batch corners/20261010-101245-6df50fd/_batch/g03_psrr_dyn_ff_-40c_rwcs_i500ua_c330nf_e0mohm/request.json (batch_backend.py; corner mos_ff__res_wcs__cap_typ @ -40C)	6df50fd	ihp-sg13cmos5l	ngspice-46 (EDA batch fleet runner, klt 0.5.0)
loopgain	loopgain_dyn_ff_-40c_rwcs_i0ua_c1000nf_e125mohm	mos_ff	res_wcs	-40	0	1000n	125e-3	sim/ldo-cmos5l-pvt-sweep/netlist-snapshots/20261010-101245-6df50fd/loopgain_dyn_ff_-40c_rwcs_i0ua_c1000nf_e125mohm.spice	6e47f8c995cc0d40e9f54d3448e0090f9cefe95b30ea1bcbcf8383e7b5f3be77	klt sim --backend batch corners/20261010-101245-6df50fd/_batch/g00_loopgain_dyn_ff_-40c_rwcs_i500ua_c330nf_e0mohm/request.json (batch_backend.py; corner mos_ff__res_wcs__cap_typ @ -40C)	6df50fd	ihp-sg13cmos5l	ngspice-46 (EDA batch fleet runner, klt 0.5.0)
psrr	psrr_dyn_ff_-40c_rwcs_i0ua_c1000nf_e125mohm	mos_ff	res_wcs	-40	0	1000n	125e-3	sim/ldo-cmos5l-pvt-sweep/netlist-snapshots/20261010-101245-6df50fd/psrr_dyn_ff_-40c_rwcs_i0ua_c1000nf_e125mohm.spice	bf37c234e7cc6cc8b8f66eeaaf937339136bf3018d0c19824658cf07afedd4f5	klt sim --backend batch corners/20261010-101245-6df50fd/_batch/g03_psrr_dyn_ff_-40c_rwcs_i500ua_c330nf_e0mohm/request.json (batch_backend.py; corner mos_ff__res_wcs__cap_typ @ -40C)	6df50fd	ihp-sg13cmos5l	ngspice-46 (EDA batch fleet runner, klt 0.5.0)
loopgain	loopgain_dyn_ff_-40c_rwcs_i0ua_c1000nf_e375mohm	mos_ff	res_wcs	-40	0	1000n	375e-3	sim/ldo-cmos5l-pvt-sweep/netlist-snapshots/20261010-101245-6df50fd/loopgain_dyn_ff_-40c_rwcs_i0ua_c1000nf_e375mohm.spice	3e564d6d1642e442a7d1493ef2f71e2795d458be74576a403a9f0035a71ecb79	klt sim --backend batch corners/20261010-101245-6df50fd/_batch/g00_loopgain_dyn_ff_-40c_rwcs_i500ua_c330nf_e0mohm/request.json (batch_backend.py; corner mos_ff__res_wcs__cap_typ @ -40C)	6df50fd	ihp-sg13cmos5l	ngspice-46 (EDA batch fleet runner, klt 0.5.0)
psrr	psrr_dyn_ff_-40c_rwcs_i0ua_c1000nf_e375mohm	mos_ff	res_wcs	-40	0	1000n	375e-3	sim/ldo-cmos5l-pvt-sweep/netlist-snapshots/20261010-101245-6df50fd/psrr_dyn_ff_-40c_rwcs_i0ua_c1000nf_e375mohm.spice	f9440b9192947f587f01b9628faa30cf1680dde35eac4ed9f80e1f2e5863327b	klt sim --backend batch corners/20261010-101245-6df50fd/_batch/g03_psrr_dyn_ff_-40c_rwcs_i500ua_c330nf_e0mohm/request.json (batch_backend.py; corner mos_ff__res_wcs__cap_typ @ -40C)	6df50fd	ihp-sg13cmos5l	ngspice-46 (EDA batch fleet runner, klt 0.5.0)
loopgain	loopgain_dyn_ff_-40c_rwcs_i0ua_c2200nf_e125mohm	mos_ff	res_wcs	-40	0	2200n	125e-3	sim/ldo-cmos5l-pvt-sweep/netlist-snapshots/20261010-101245-6df50fd/loopgain_dyn_ff_-40c_rwcs_i0ua_c2200nf_e125mohm.spice	b7e287ff0999b7310d3375dd4fd37e1b584aee55b4c68e34cf36ebf082db4216	klt sim --backend batch corners/20261010-101245-6df50fd/_batch/g00_loopgain_dyn_ff_-40c_rwcs_i500ua_c330nf_e0mohm/request.json (batch_backend.py; corner mos_ff__res_wcs__cap_typ @ -40C)	6df50fd	ihp-sg13cmos5l	ngspice-46 (EDA batch fleet runner, klt 0.5.0)
psrr	psrr_dyn_ff_-40c_rwcs_i0ua_c2200nf_e125mohm	mos_ff	res_wcs	-40	0	2200n	125e-3	sim/ldo-cmos5l-pvt-sweep/netlist-snapshots/20261010-101245-6df50fd/psrr_dyn_ff_-40c_rwcs_i0ua_c2200nf_e125mohm.spice	fcbca91bf1faba7116fbacf8e654e4cbe7af3aa1de431db18ecd7c4a5dd4fef7	klt sim --backend batch corners/20261010-101245-6df50fd/_batch/g03_psrr_dyn_ff_-40c_rwcs_i500ua_c330nf_e0mohm/request.json (batch_backend.py; corner mos_ff__res_wcs__cap_typ @ -40C)	6df50fd	ihp-sg13cmos5l	ngspice-46 (EDA batch fleet runner, klt 0.5.0)
loopgain	loopgain_dyn_ff_-40c_rwcs_i0ua_c2200nf_e375mohm	mos_ff	res_wcs	-40	0	2200n	375e-3	sim/ldo-cmos5l-pvt-sweep/netlist-snapshots/20261010-101245-6df50fd/loopgain_dyn_ff_-40c_rwcs_i0ua_c2200nf_e375mohm.spice	660c2489d8ab3d254687e57d49250fb1a4788dc68250874bfdff97e8f64b0d14	klt sim --backend batch corners/20261010-101245-6df50fd/_batch/g00_loopgain_dyn_ff_-40c_rwcs_i500ua_c330nf_e0mohm/request.json (batch_backend.py; corner mos_ff__res_wcs__cap_typ @ -40C)	6df50fd	ihp-sg13cmos5l	ngspice-46 (EDA batch fleet runner, klt 0.5.0)
psrr	psrr_dyn_ff_-40c_rwcs_i0ua_c2200nf_e375mohm	mos_ff	res_wcs	-40	0	2200n	375e-3	sim/ldo-cmos5l-pvt-sweep/netlist-snapshots/20261010-101245-6df50fd/psrr_dyn_ff_-40c_rwcs_i0ua_c2200nf_e375mohm.spice	bb6923d5d7083a32aac178d498a9ea8a29819fad5b6ea22c9bc765f8ee2627ba	klt sim --backend batch corners/20261010-101245-6df50fd/_batch/g03_psrr_dyn_ff_-40c_rwcs_i500ua_c330nf_e0mohm/request.json (batch_backend.py; corner mos_ff__res_wcs__cap_typ @ -40C)	6df50fd	ihp-sg13cmos5l	ngspice-46 (EDA batch fleet runner, klt 0.5.0)
loopgain	loopgain_dyn_ff_-40c_rwcs_i0ua_c4700nf_e125mohm	mos_ff	res_wcs	-40	0	4700n	125e-3	sim/ldo-cmos5l-pvt-sweep/netlist-snapshots/20261010-101245-6df50fd/loopgain_dyn_ff_-40c_rwcs_i0ua_c4700nf_e125mohm.spice	47314cdac666ad020581a7a4a44dc5cdac35b99ee32b86eb5e6157933a7d48c9	klt sim --backend batch corners/20261010-101245-6df50fd/_batch/g00_loopgain_dyn_ff_-40c_rwcs_i500ua_c330nf_e0mohm/request.json (batch_backend.py; corner mos_ff__res_wcs__cap_typ @ -40C)	6df50fd	ihp-sg13cmos5l	ngspice-46 (EDA batch fleet runner, klt 0.5.0)
psrr	psrr_dyn_ff_-40c_rwcs_i0ua_c4700nf_e125mohm	mos_ff	res_wcs	-40	0	4700n	125e-3	sim/ldo-cmos5l-pvt-sweep/netlist-snapshots/20261010-101245-6df50fd/psrr_dyn_ff_-40c_rwcs_i0ua_c4700nf_e125mohm.spice	6ce1b52111e117acd6301aa0127f31e3734c8b3afdb9d56d897f428c62082eb0	klt sim --backend batch corners/20261010-101245-6df50fd/_batch/g03_psrr_dyn_ff_-40c_rwcs_i500ua_c330nf_e0mohm/request.json (batch_backend.py; corner mos_ff__res_wcs__cap_typ @ -40C)	6df50fd	ihp-sg13cmos5l	ngspice-46 (EDA batch fleet runner, klt 0.5.0)
loopgain	loopgain_dyn_ff_-40c_rwcs_i0ua_c4700nf_e375mohm	mos_ff	res_wcs	-40	0	4700n	375e-3	sim/ldo-cmos5l-pvt-sweep/netlist-snapshots/20261010-101245-6df50fd/loopgain_dyn_ff_-40c_rwcs_i0ua_c4700nf_e375mohm.spice	9f8edac4d22dcc64e51ded3ea8fc55886850c885f1c6385e035eb918b174dbd0	klt sim --backend batch corners/20261010-101245-6df50fd/_batch/g00_loopgain_dyn_ff_-40c_rwcs_i500ua_c330nf_e0mohm/request.json (batch_backend.py; corner mos_ff__res_wcs__cap_typ @ -40C)	6df50fd	ihp-sg13cmos5l	ngspice-46 (EDA batch fleet runner, klt 0.5.0)
psrr	psrr_dyn_ff_-40c_rwcs_i0ua_c4700nf_e375mohm	mos_ff	res_wcs	-40	0	4700n	375e-3	sim/ldo-cmos5l-pvt-sweep/netlist-snapshots/20261010-101245-6df50fd/psrr_dyn_ff_-40c_rwcs_i0ua_c4700nf_e375mohm.spice	8aff9ec0c3bf044bdadef0a05f4264667151e26d844ac0819e7d5ca5672b8e57	klt sim --backend batch corners/20261010-101245-6df50fd/_batch/g03_psrr_dyn_ff_-40c_rwcs_i500ua_c330nf_e0mohm/request.json (batch_backend.py; corner mos_ff__res_wcs__cap_typ @ -40C)	6df50fd	ihp-sg13cmos5l	ngspice-46 (EDA batch fleet runner, klt 0.5.0)
loopgain	loopgain_dyn_ff_-40c_rwcs_i25000ua_c330nf_e125mohm	mos_ff	res_wcs	-40	25000e-6	330n	125e-3	sim/ldo-cmos5l-pvt-sweep/netlist-snapshots/20261010-101245-6df50fd/loopgain_dyn_ff_-40c_rwcs_i25000ua_c330nf_e125mohm.spice	22d5ba6956cf781c01164d78330c466f83769ed8a91372bc603f1927d93d5af2	klt sim --backend batch corners/20261010-101245-6df50fd/_batch/g00_loopgain_dyn_ff_-40c_rwcs_i500ua_c330nf_e0mohm/request.json (batch_backend.py; corner mos_ff__res_wcs__cap_typ @ -40C)	6df50fd	ihp-sg13cmos5l	ngspice-46 (EDA batch fleet runner, klt 0.5.0)
psrr	psrr_dyn_ff_-40c_rwcs_i25000ua_c330nf_e125mohm	mos_ff	res_wcs	-40	25000e-6	330n	125e-3	sim/ldo-cmos5l-pvt-sweep/netlist-snapshots/20261010-101245-6df50fd/psrr_dyn_ff_-40c_rwcs_i25000ua_c330nf_e125mohm.spice	0fc16159e62099ef6adc0041054c7d1264ab597c5173b83f3c77ae98742ce9d5	klt sim --backend batch corners/20261010-101245-6df50fd/_batch/g03_psrr_dyn_ff_-40c_rwcs_i500ua_c330nf_e0mohm/request.json (batch_backend.py; corner mos_ff__res_wcs__cap_typ @ -40C)	6df50fd	ihp-sg13cmos5l	ngspice-46 (EDA batch fleet runner, klt 0.5.0)
loopgain	loopgain_dyn_ff_-40c_rwcs_i25000ua_c330nf_e375mohm	mos_ff	res_wcs	-40	25000e-6	330n	375e-3	sim/ldo-cmos5l-pvt-sweep/netlist-snapshots/20261010-101245-6df50fd/loopgain_dyn_ff_-40c_rwcs_i25000ua_c330nf_e375mohm.spice	253c15a223dbe270e7d82387ef6007a3fc912e63e8358322fe1608ef9eae78fc	klt sim --backend batch corners/20261010-101245-6df50fd/_batch/g00_loopgain_dyn_ff_-40c_rwcs_i500ua_c330nf_e0mohm/request.json (batch_backend.py; corner mos_ff__res_wcs__cap_typ @ -40C)	6df50fd	ihp-sg13cmos5l	ngspice-46 (EDA batch fleet runner, klt 0.5.0)
psrr	psrr_dyn_ff_-40c_rwcs_i25000ua_c330nf_e375mohm	mos_ff	res_wcs	-40	25000e-6	330n	375e-3	sim/ldo-cmos5l-pvt-sweep/netlist-snapshots/20261010-101245-6df50fd/psrr_dyn_ff_-40c_rwcs_i25000ua_c330nf_e375mohm.spice	8c999a203fa40b8a356bd10471a0a676906a5faca4bc9459f3335247f3f9632e	klt sim --backend batch corners/20261010-101245-6df50fd/_batch/g03_psrr_dyn_ff_-40c_rwcs_i500ua_c330nf_e0mohm/request.json (batch_backend.py; corner mos_ff__res_wcs__cap_typ @ -40C)	6df50fd	ihp-sg13cmos5l	ngspice-46 (EDA batch fleet runner, klt 0.5.0)
loopgain	loopgain_dyn_ff_-40c_rwcs_i25000ua_c1000nf_e125mohm	mos_ff	res_wcs	-40	25000e-6	1000n	125e-3	sim/ldo-cmos5l-pvt-sweep/netlist-snapshots/20261010-101245-6df50fd/loopgain_dyn_ff_-40c_rwcs_i25000ua_c1000nf_e125mohm.spice	2d13830ab8d3fa51deb3f7c5bddaedc5a83939bbd48d81149ad27b1d467100a4	klt sim --backend batch corners/20261010-101245-6df50fd/_batch/g00_loopgain_dyn_ff_-40c_rwcs_i500ua_c330nf_e0mohm/request.json (batch_backend.py; corner mos_ff__res_wcs__cap_typ @ -40C)	6df50fd	ihp-sg13cmos5l	ngspice-46 (EDA batch fleet runner, klt 0.5.0)
psrr	psrr_dyn_ff_-40c_rwcs_i25000ua_c1000nf_e125mohm	mos_ff	res_wcs	-40	25000e-6	1000n	125e-3	sim/ldo-cmos5l-pvt-sweep/netlist-snapshots/20261010-101245-6df50fd/psrr_dyn_ff_-40c_rwcs_i25000ua_c1000nf_e125mohm.spice	97cde27e10989b8e4b828e5f3f933a518d94538794fb6741568089cd02520501	klt sim --backend batch corners/20261010-101245-6df50fd/_batch/g03_psrr_dyn_ff_-40c_rwcs_i500ua_c330nf_e0mohm/request.json (batch_backend.py; corner mos_ff__res_wcs__cap_typ @ -40C)	6df50fd	ihp-sg13cmos5l	ngspice-46 (EDA batch fleet runner, klt 0.5.0)
loopgain	loopgain_dyn_ff_-40c_rwcs_i25000ua_c1000nf_e375mohm	mos_ff	res_wcs	-40	25000e-6	1000n	375e-3	sim/ldo-cmos5l-pvt-sweep/netlist-snapshots/20261010-101245-6df50fd/loopgain_dyn_ff_-40c_rwcs_i25000ua_c1000nf_e375mohm.spice	7ceb45c706445a96df05b93277a17965d377500b54875ed4224ac1f0c91b5031	klt sim --backend batch corners/20261010-101245-6df50fd/_batch/g00_loopgain_dyn_ff_-40c_rwcs_i500ua_c330nf_e0mohm/request.json (batch_backend.py; corner mos_ff__res_wcs__cap_typ @ -40C)	6df50fd	ihp-sg13cmos5l	ngspice-46 (EDA batch fleet runner, klt 0.5.0)
psrr	psrr_dyn_ff_-40c_rwcs_i25000ua_c1000nf_e375mohm	mos_ff	res_wcs	-40	25000e-6	1000n	375e-3	sim/ldo-cmos5l-pvt-sweep/netlist-snapshots/20261010-101245-6df50fd/psrr_dyn_ff_-40c_rwcs_i25000ua_c1000nf_e375mohm.spice	35266b338b765f4dde0d7ab5b9d50ac164af85429b077e66e0951bb27a54a709	klt sim --backend batch corners/20261010-101245-6df50fd/_batch/g03_psrr_dyn_ff_-40c_rwcs_i500ua_c330nf_e0mohm/request.json (batch_backend.py; corner mos_ff__res_wcs__cap_typ @ -40C)	6df50fd	ihp-sg13cmos5l	ngspice-46 (EDA batch fleet runner, klt 0.5.0)
loopgain	loopgain_dyn_ff_-40c_rwcs_i25000ua_c2200nf_e375mohm	mos_ff	res_wcs	-40	25000e-6	2200n	375e-3	sim/ldo-cmos5l-pvt-sweep/netlist-snapshots/20261010-101245-6df50fd/loopgain_dyn_ff_-40c_rwcs_i25000ua_c2200nf_e375mohm.spice	8ec006c05687fe2bd0296d1733d7ac90f309e9615c3e92b874fbac405b339fec	klt sim --backend batch corners/20261010-101245-6df50fd/_batch/g00_loopgain_dyn_ff_-40c_rwcs_i500ua_c330nf_e0mohm/request.json (batch_backend.py; corner mos_ff__res_wcs__cap_typ @ -40C)	6df50fd	ihp-sg13cmos5l	ngspice-46 (EDA batch fleet runner, klt 0.5.0)
psrr	psrr_dyn_ff_-40c_rwcs_i25000ua_c2200nf_e375mohm	mos_ff	res_wcs	-40	25000e-6	2200n	375e-3	sim/ldo-cmos5l-pvt-sweep/netlist-snapshots/20261010-101245-6df50fd/psrr_dyn_ff_-40c_rwcs_i25000ua_c2200nf_e375mohm.spice	f640d1e5097812cbf4ac6b40b0e50c747267d8446fe05d26ed5946b2d4ae4cba	klt sim --backend batch corners/20261010-101245-6df50fd/_batch/g03_psrr_dyn_ff_-40c_rwcs_i500ua_c330nf_e0mohm/request.json (batch_backend.py; corner mos_ff__res_wcs__cap_typ @ -40C)	6df50fd	ihp-sg13cmos5l	ngspice-46 (EDA batch fleet runner, klt 0.5.0)
loopgain	loopgain_dyn_ff_-40c_rwcs_i25000ua_c2200nf_e125mohm	mos_ff	res_wcs	-40	25000e-6	2200n	125e-3	sim/ldo-cmos5l-pvt-sweep/netlist-snapshots/20261010-101245-6df50fd/loopgain_dyn_ff_-40c_rwcs_i25000ua_c2200nf_e125mohm.spice	83fef96742484a87952fd61942bdd729be00128306b54800f33261d84030e129	klt sim --backend batch corners/20261010-101245-6df50fd/_batch/g00_loopgain_dyn_ff_-40c_rwcs_i500ua_c330nf_e0mohm/request.json (batch_backend.py; corner mos_ff__res_wcs__cap_typ @ -40C)	6df50fd	ihp-sg13cmos5l	ngspice-46 (EDA batch fleet runner, klt 0.5.0)
psrr	psrr_dyn_ff_-40c_rwcs_i25000ua_c2200nf_e125mohm	mos_ff	res_wcs	-40	25000e-6	2200n	125e-3	sim/ldo-cmos5l-pvt-sweep/netlist-snapshots/20261010-101245-6df50fd/psrr_dyn_ff_-40c_rwcs_i25000ua_c2200nf_e125mohm.spice	766e295adb3d7f7d089923d6d33dcefe545867be3ea2f0111ea35618edb60525	klt sim --backend batch corners/20261010-101245-6df50fd/_batch/g03_psrr_dyn_ff_-40c_rwcs_i500ua_c330nf_e0mohm/request.json (batch_backend.py; corner mos_ff__res_wcs__cap_typ @ -40C)	6df50fd	ihp-sg13cmos5l	ngspice-46 (EDA batch fleet runner, klt 0.5.0)
loopgain	loopgain_dyn_ff_-40c_rwcs_i25000ua_c4700nf_e125mohm	mos_ff	res_wcs	-40	25000e-6	4700n	125e-3	sim/ldo-cmos5l-pvt-sweep/netlist-snapshots/20261010-101245-6df50fd/loopgain_dyn_ff_-40c_rwcs_i25000ua_c4700nf_e125mohm.spice	a083e67793530da020eca7dbd0c15cbc708d8548dc2c1e01d1f827fc0e5b5619	klt sim --backend batch corners/20261010-101245-6df50fd/_batch/g00_loopgain_dyn_ff_-40c_rwcs_i500ua_c330nf_e0mohm/request.json (batch_backend.py; corner mos_ff__res_wcs__cap_typ @ -40C)	6df50fd	ihp-sg13cmos5l	ngspice-46 (EDA batch fleet runner, klt 0.5.0)
psrr	psrr_dyn_ff_-40c_rwcs_i25000ua_c4700nf_e125mohm	mos_ff	res_wcs	-40	25000e-6	4700n	125e-3	sim/ldo-cmos5l-pvt-sweep/netlist-snapshots/20261010-101245-6df50fd/psrr_dyn_ff_-40c_rwcs_i25000ua_c4700nf_e125mohm.spice	c94d9bd1b7a51152b69e6efceafb5e6fb27bd69db6b07ac17b4258ec22a69974	klt sim --backend batch corners/20261010-101245-6df50fd/_batch/g03_psrr_dyn_ff_-40c_rwcs_i500ua_c330nf_e0mohm/request.json (batch_backend.py; corner mos_ff__res_wcs__cap_typ @ -40C)	6df50fd	ihp-sg13cmos5l	ngspice-46 (EDA batch fleet runner, klt 0.5.0)
loopgain	loopgain_dyn_ff_-40c_rwcs_i25000ua_c4700nf_e375mohm	mos_ff	res_wcs	-40	25000e-6	4700n	375e-3	sim/ldo-cmos5l-pvt-sweep/netlist-snapshots/20261010-101245-6df50fd/loopgain_dyn_ff_-40c_rwcs_i25000ua_c4700nf_e375mohm.spice	392890bdd0d194cf8038fcddf9aceb4ffffd2c0b50596ff204b175f74466f7cc	klt sim --backend batch corners/20261010-101245-6df50fd/_batch/g00_loopgain_dyn_ff_-40c_rwcs_i500ua_c330nf_e0mohm/request.json (batch_backend.py; corner mos_ff__res_wcs__cap_typ @ -40C)	6df50fd	ihp-sg13cmos5l	ngspice-46 (EDA batch fleet runner, klt 0.5.0)
psrr	psrr_dyn_ff_-40c_rwcs_i25000ua_c4700nf_e375mohm	mos_ff	res_wcs	-40	25000e-6	4700n	375e-3	sim/ldo-cmos5l-pvt-sweep/netlist-snapshots/20261010-101245-6df50fd/psrr_dyn_ff_-40c_rwcs_i25000ua_c4700nf_e375mohm.spice	29891287a4d44bc3e0195e830f57a38264b104d7554e9aa0f3dc21a5566a8e38	klt sim --backend batch corners/20261010-101245-6df50fd/_batch/g03_psrr_dyn_ff_-40c_rwcs_i500ua_c330nf_e0mohm/request.json (batch_backend.py; corner mos_ff__res_wcs__cap_typ @ -40C)	6df50fd	ihp-sg13cmos5l	ngspice-46 (EDA batch fleet runner, klt 0.5.0)
loopgain	loopgain_dyn_ff_-40c_rwcs_i50000ua_c330nf_e125mohm	mos_ff	res_wcs	-40	50000e-6	330n	125e-3	sim/ldo-cmos5l-pvt-sweep/netlist-snapshots/20261010-101245-6df50fd/loopgain_dyn_ff_-40c_rwcs_i50000ua_c330nf_e125mohm.spice	a86b621da48ea2b42b068e7b00a69c5aee1327f2de1fa5a8a4b19b4d53c6a76a	klt sim --backend batch corners/20261010-101245-6df50fd/_batch/g00_loopgain_dyn_ff_-40c_rwcs_i500ua_c330nf_e0mohm/request.json (batch_backend.py; corner mos_ff__res_wcs__cap_typ @ -40C)	6df50fd	ihp-sg13cmos5l	ngspice-46 (EDA batch fleet runner, klt 0.5.0)
psrr	psrr_dyn_ff_-40c_rwcs_i50000ua_c330nf_e125mohm	mos_ff	res_wcs	-40	50000e-6	330n	125e-3	sim/ldo-cmos5l-pvt-sweep/netlist-snapshots/20261010-101245-6df50fd/psrr_dyn_ff_-40c_rwcs_i50000ua_c330nf_e125mohm.spice	56f816ec0e0478f07873b6b0706708f1935670ccb9365b712cce24eb9342e3b5	klt sim --backend batch corners/20261010-101245-6df50fd/_batch/g03_psrr_dyn_ff_-40c_rwcs_i500ua_c330nf_e0mohm/request.json (batch_backend.py; corner mos_ff__res_wcs__cap_typ @ -40C)	6df50fd	ihp-sg13cmos5l	ngspice-46 (EDA batch fleet runner, klt 0.5.0)
loopgain	loopgain_dyn_ff_-40c_rwcs_i50000ua_c330nf_e375mohm	mos_ff	res_wcs	-40	50000e-6	330n	375e-3	sim/ldo-cmos5l-pvt-sweep/netlist-snapshots/20261010-101245-6df50fd/loopgain_dyn_ff_-40c_rwcs_i50000ua_c330nf_e375mohm.spice	3c115c9674d3d3dce81af1544bce054f23b5dc83f8c33a668b0fab58d956145b	klt sim --backend batch corners/20261010-101245-6df50fd/_batch/g00_loopgain_dyn_ff_-40c_rwcs_i500ua_c330nf_e0mohm/request.json (batch_backend.py; corner mos_ff__res_wcs__cap_typ @ -40C)	6df50fd	ihp-sg13cmos5l	ngspice-46 (EDA batch fleet runner, klt 0.5.0)
psrr	psrr_dyn_ff_-40c_rwcs_i50000ua_c330nf_e375mohm	mos_ff	res_wcs	-40	50000e-6	330n	375e-3	sim/ldo-cmos5l-pvt-sweep/netlist-snapshots/20261010-101245-6df50fd/psrr_dyn_ff_-40c_rwcs_i50000ua_c330nf_e375mohm.spice	a4a58c7e5bd70d3ef94f771ae98faa5403999845ade313c4f4b5bbc3e5536929	klt sim --backend batch corners/20261010-101245-6df50fd/_batch/g03_psrr_dyn_ff_-40c_rwcs_i500ua_c330nf_e0mohm/request.json (batch_backend.py; corner mos_ff__res_wcs__cap_typ @ -40C)	6df50fd	ihp-sg13cmos5l	ngspice-46 (EDA batch fleet runner, klt 0.5.0)
loopgain	loopgain_dyn_ff_-40c_rwcs_i50000ua_c1000nf_e125mohm	mos_ff	res_wcs	-40	50000e-6	1000n	125e-3	sim/ldo-cmos5l-pvt-sweep/netlist-snapshots/20261010-101245-6df50fd/loopgain_dyn_ff_-40c_rwcs_i50000ua_c1000nf_e125mohm.spice	199d3deb36b3ca2f75f035f4f878532759033bcb1d7fecd8caede8858555e826	klt sim --backend batch corners/20261010-101245-6df50fd/_batch/g00_loopgain_dyn_ff_-40c_rwcs_i500ua_c330nf_e0mohm/request.json (batch_backend.py; corner mos_ff__res_wcs__cap_typ @ -40C)	6df50fd	ihp-sg13cmos5l	ngspice-46 (EDA batch fleet runner, klt 0.5.0)
psrr	psrr_dyn_ff_-40c_rwcs_i50000ua_c1000nf_e125mohm	mos_ff	res_wcs	-40	50000e-6	1000n	125e-3	sim/ldo-cmos5l-pvt-sweep/netlist-snapshots/20261010-101245-6df50fd/psrr_dyn_ff_-40c_rwcs_i50000ua_c1000nf_e125mohm.spice	344a34bf9abbde5cd3c12b478ee1ffe8345e2e82e09045ec24463a5ea3d060dc	klt sim --backend batch corners/20261010-101245-6df50fd/_batch/g03_psrr_dyn_ff_-40c_rwcs_i500ua_c330nf_e0mohm/request.json (batch_backend.py; corner mos_ff__res_wcs__cap_typ @ -40C)	6df50fd	ihp-sg13cmos5l	ngspice-46 (EDA batch fleet runner, klt 0.5.0)
loopgain	loopgain_dyn_ff_-40c_rwcs_i50000ua_c1000nf_e375mohm	mos_ff	res_wcs	-40	50000e-6	1000n	375e-3	sim/ldo-cmos5l-pvt-sweep/netlist-snapshots/20261010-101245-6df50fd/loopgain_dyn_ff_-40c_rwcs_i50000ua_c1000nf_e375mohm.spice	6bc115065060529780ef13a34d32429ce8d21558c3756759c397eefdf43ac4bd	klt sim --backend batch corners/20261010-101245-6df50fd/_batch/g00_loopgain_dyn_ff_-40c_rwcs_i500ua_c330nf_e0mohm/request.json (batch_backend.py; corner mos_ff__res_wcs__cap_typ @ -40C)	6df50fd	ihp-sg13cmos5l	ngspice-46 (EDA batch fleet runner, klt 0.5.0)
psrr	psrr_dyn_ff_-40c_rwcs_i50000ua_c1000nf_e375mohm	mos_ff	res_wcs	-40	50000e-6	1000n	375e-3	sim/ldo-cmos5l-pvt-sweep/netlist-snapshots/20261010-101245-6df50fd/psrr_dyn_ff_-40c_rwcs_i50000ua_c1000nf_e375mohm.spice	bf318d0ed0d53151a49d97888f0cea79f9bdf20a7da0ea168da1e666559b8526	klt sim --backend batch corners/20261010-101245-6df50fd/_batch/g03_psrr_dyn_ff_-40c_rwcs_i500ua_c330nf_e0mohm/request.json (batch_backend.py; corner mos_ff__res_wcs__cap_typ @ -40C)	6df50fd	ihp-sg13cmos5l	ngspice-46 (EDA batch fleet runner, klt 0.5.0)
loopgain	loopgain_dyn_ff_-40c_rwcs_i50000ua_c2200nf_e125mohm	mos_ff	res_wcs	-40	50000e-6	2200n	125e-3	sim/ldo-cmos5l-pvt-sweep/netlist-snapshots/20261010-101245-6df50fd/loopgain_dyn_ff_-40c_rwcs_i50000ua_c2200nf_e125mohm.spice	7c5204082fee82ab3bd9615f522a5283982a3e9dc368964d79e07f79ebb709a4	klt sim --backend batch corners/20261010-101245-6df50fd/_batch/g00_loopgain_dyn_ff_-40c_rwcs_i500ua_c330nf_e0mohm/request.json (batch_backend.py; corner mos_ff__res_wcs__cap_typ @ -40C)	6df50fd	ihp-sg13cmos5l	ngspice-46 (EDA batch fleet runner, klt 0.5.0)
psrr	psrr_dyn_ff_-40c_rwcs_i50000ua_c2200nf_e125mohm	mos_ff	res_wcs	-40	50000e-6	2200n	125e-3	sim/ldo-cmos5l-pvt-sweep/netlist-snapshots/20261010-101245-6df50fd/psrr_dyn_ff_-40c_rwcs_i50000ua_c2200nf_e125mohm.spice	52ab2cb003608e19bb32a4a486335f4e652e8e034c09c3c896c6aee98fdaaace	klt sim --backend batch corners/20261010-101245-6df50fd/_batch/g03_psrr_dyn_ff_-40c_rwcs_i500ua_c330nf_e0mohm/request.json (batch_backend.py; corner mos_ff__res_wcs__cap_typ @ -40C)	6df50fd	ihp-sg13cmos5l	ngspice-46 (EDA batch fleet runner, klt 0.5.0)
loopgain	loopgain_dyn_ff_-40c_rwcs_i50000ua_c2200nf_e375mohm	mos_ff	res_wcs	-40	50000e-6	2200n	375e-3	sim/ldo-cmos5l-pvt-sweep/netlist-snapshots/20261010-101245-6df50fd/loopgain_dyn_ff_-40c_rwcs_i50000ua_c2200nf_e375mohm.spice	425e6772630d1b4466443bdf0b9982de38c034876ac544daafb3279ceb05aa5c	klt sim --backend batch corners/20261010-101245-6df50fd/_batch/g00_loopgain_dyn_ff_-40c_rwcs_i500ua_c330nf_e0mohm/request.json (batch_backend.py; corner mos_ff__res_wcs__cap_typ @ -40C)	6df50fd	ihp-sg13cmos5l	ngspice-46 (EDA batch fleet runner, klt 0.5.0)
psrr	psrr_dyn_ff_-40c_rwcs_i50000ua_c2200nf_e375mohm	mos_ff	res_wcs	-40	50000e-6	2200n	375e-3	sim/ldo-cmos5l-pvt-sweep/netlist-snapshots/20261010-101245-6df50fd/psrr_dyn_ff_-40c_rwcs_i50000ua_c2200nf_e375mohm.spice	72c475c03ae10cce591dfea1518c0dabd5e1a464be97ad10c4bfe550891cd0d5	klt sim --backend batch corners/20261010-101245-6df50fd/_batch/g03_psrr_dyn_ff_-40c_rwcs_i500ua_c330nf_e0mohm/request.json (batch_backend.py; corner mos_ff__res_wcs__cap_typ @ -40C)	6df50fd	ihp-sg13cmos5l	ngspice-46 (EDA batch fleet runner, klt 0.5.0)
loopgain	loopgain_dyn_ff_-40c_rwcs_i50000ua_c4700nf_e375mohm	mos_ff	res_wcs	-40	50000e-6	4700n	375e-3	sim/ldo-cmos5l-pvt-sweep/netlist-snapshots/20261010-101245-6df50fd/loopgain_dyn_ff_-40c_rwcs_i50000ua_c4700nf_e375mohm.spice	530c051fbfa70a6c8dd816c2186869192cf40632da902b593167acdbde4c9979	klt sim --backend batch corners/20261010-101245-6df50fd/_batch/g00_loopgain_dyn_ff_-40c_rwcs_i500ua_c330nf_e0mohm/request.json (batch_backend.py; corner mos_ff__res_wcs__cap_typ @ -40C)	6df50fd	ihp-sg13cmos5l	ngspice-46 (EDA batch fleet runner, klt 0.5.0)
psrr	psrr_dyn_ff_-40c_rwcs_i50000ua_c4700nf_e375mohm	mos_ff	res_wcs	-40	50000e-6	4700n	375e-3	sim/ldo-cmos5l-pvt-sweep/netlist-snapshots/20261010-101245-6df50fd/psrr_dyn_ff_-40c_rwcs_i50000ua_c4700nf_e375mohm.spice	c7cba7dd058afbdc8115113e1362967736fb7ff61b964308ca88713863745c31	klt sim --backend batch corners/20261010-101245-6df50fd/_batch/g03_psrr_dyn_ff_-40c_rwcs_i500ua_c330nf_e0mohm/request.json (batch_backend.py; corner mos_ff__res_wcs__cap_typ @ -40C)	6df50fd	ihp-sg13cmos5l	ngspice-46 (EDA batch fleet runner, klt 0.5.0)
loopgain	loopgain_dyn_ff_-40c_rwcs_i37500ua_c2200nf_e250mohm	mos_ff	res_wcs	-40	37500e-6	2200n	250e-3	sim/ldo-cmos5l-pvt-sweep/netlist-snapshots/20261010-101245-6df50fd/loopgain_dyn_ff_-40c_rwcs_i37500ua_c2200nf_e250mohm.spice	03619467439e68ea7d9c5ce1727631a5fbb959d4354da6996e58f75156ac6efc	klt sim --backend batch corners/20261010-101245-6df50fd/_batch/g00_loopgain_dyn_ff_-40c_rwcs_i500ua_c330nf_e0mohm/request.json (batch_backend.py; corner mos_ff__res_wcs__cap_typ @ -40C)	6df50fd	ihp-sg13cmos5l	ngspice-46 (EDA batch fleet runner, klt 0.5.0)
psrr	psrr_dyn_ff_-40c_rwcs_i37500ua_c2200nf_e250mohm	mos_ff	res_wcs	-40	37500e-6	2200n	250e-3	sim/ldo-cmos5l-pvt-sweep/netlist-snapshots/20261010-101245-6df50fd/psrr_dyn_ff_-40c_rwcs_i37500ua_c2200nf_e250mohm.spice	b6c07d284b65e7d8306f747f61b545148f4fbb5891991c1d4c4d2f24fc10dbff	klt sim --backend batch corners/20261010-101245-6df50fd/_batch/g03_psrr_dyn_ff_-40c_rwcs_i500ua_c330nf_e0mohm/request.json (batch_backend.py; corner mos_ff__res_wcs__cap_typ @ -40C)	6df50fd	ihp-sg13cmos5l	ngspice-46 (EDA batch fleet runner, klt 0.5.0)
loopgain	loopgain_dyn_ff_-40c_rwcs_i37500ua_c4700nf_e0mohm	mos_ff	res_wcs	-40	37500e-6	4700n	0	sim/ldo-cmos5l-pvt-sweep/netlist-snapshots/20261010-101245-6df50fd/loopgain_dyn_ff_-40c_rwcs_i37500ua_c4700nf_e0mohm.spice	1b0022a109f146bd5e78cddf2e0d1e805844cd18ade79adc332a059e1340435e	klt sim --backend batch corners/20261010-101245-6df50fd/_batch/g00_loopgain_dyn_ff_-40c_rwcs_i500ua_c330nf_e0mohm/request.json (batch_backend.py; corner mos_ff__res_wcs__cap_typ @ -40C)	6df50fd	ihp-sg13cmos5l	ngspice-46 (EDA batch fleet runner, klt 0.5.0)
psrr	psrr_dyn_ff_-40c_rwcs_i37500ua_c4700nf_e0mohm	mos_ff	res_wcs	-40	37500e-6	4700n	0	sim/ldo-cmos5l-pvt-sweep/netlist-snapshots/20261010-101245-6df50fd/psrr_dyn_ff_-40c_rwcs_i37500ua_c4700nf_e0mohm.spice	86e64a9a809d3025674776f23fae4a8caa523cccb147223ffb035f10998f27aa	klt sim --backend batch corners/20261010-101245-6df50fd/_batch/g03_psrr_dyn_ff_-40c_rwcs_i500ua_c330nf_e0mohm/request.json (batch_backend.py; corner mos_ff__res_wcs__cap_typ @ -40C)	6df50fd	ihp-sg13cmos5l	ngspice-46 (EDA batch fleet runner, klt 0.5.0)
loopgain	loopgain_dyn_ff_-40c_rwcs_i1000ua_c665nf_e0mohm	mos_ff	res_wcs	-40	1000e-6	665n	0	sim/ldo-cmos5l-pvt-sweep/netlist-snapshots/20261010-101245-6df50fd/loopgain_dyn_ff_-40c_rwcs_i1000ua_c665nf_e0mohm.spice	1e04ea10ae701a31da6ee04ac84df75708af6a13dae5160c07d3e1cf68ae781e	klt sim --backend batch corners/20261010-101245-6df50fd/_batch/g00_loopgain_dyn_ff_-40c_rwcs_i500ua_c330nf_e0mohm/request.json (batch_backend.py; corner mos_ff__res_wcs__cap_typ @ -40C)	6df50fd	ihp-sg13cmos5l	ngspice-46 (EDA batch fleet runner, klt 0.5.0)
psrr	psrr_dyn_ff_-40c_rwcs_i1000ua_c665nf_e0mohm	mos_ff	res_wcs	-40	1000e-6	665n	0	sim/ldo-cmos5l-pvt-sweep/netlist-snapshots/20261010-101245-6df50fd/psrr_dyn_ff_-40c_rwcs_i1000ua_c665nf_e0mohm.spice	28b274abd62246bb37b76703312a72089bd499cf9b2afc383562a81201f774e7	klt sim --backend batch corners/20261010-101245-6df50fd/_batch/g03_psrr_dyn_ff_-40c_rwcs_i500ua_c330nf_e0mohm/request.json (batch_backend.py; corner mos_ff__res_wcs__cap_typ @ -40C)	6df50fd	ihp-sg13cmos5l	ngspice-46 (EDA batch fleet runner, klt 0.5.0)
loopgain	loopgain_dyn_ff_-40c_rwcs_i25000ua_c3450nf_e0mohm	mos_ff	res_wcs	-40	25000e-6	3450n	0	sim/ldo-cmos5l-pvt-sweep/netlist-snapshots/20261010-101245-6df50fd/loopgain_dyn_ff_-40c_rwcs_i25000ua_c3450nf_e0mohm.spice	d2df638ca8d46525217d9a20b450044cc917cdbb34922fec322f249f68bf861d	klt sim --backend batch corners/20261010-101245-6df50fd/_batch/g00_loopgain_dyn_ff_-40c_rwcs_i500ua_c330nf_e0mohm/request.json (batch_backend.py; corner mos_ff__res_wcs__cap_typ @ -40C)	6df50fd	ihp-sg13cmos5l	ngspice-46 (EDA batch fleet runner, klt 0.5.0)
psrr	psrr_dyn_ff_-40c_rwcs_i25000ua_c3450nf_e0mohm	mos_ff	res_wcs	-40	25000e-6	3450n	0	sim/ldo-cmos5l-pvt-sweep/netlist-snapshots/20261010-101245-6df50fd/psrr_dyn_ff_-40c_rwcs_i25000ua_c3450nf_e0mohm.spice	64a923e7e4139edfded6b0559866cdb1807ed1619bf0ed67580e6ba20406f8f6	klt sim --backend batch corners/20261010-101245-6df50fd/_batch/g03_psrr_dyn_ff_-40c_rwcs_i500ua_c330nf_e0mohm/request.json (batch_backend.py; corner mos_ff__res_wcs__cap_typ @ -40C)	6df50fd	ihp-sg13cmos5l	ngspice-46 (EDA batch fleet runner, klt 0.5.0)
loopgain	loopgain_dyn_ff_-40c_rwcs_i25000ua_c1600nf_e250mohm	mos_ff	res_wcs	-40	25000e-6	1600n	250e-3	sim/ldo-cmos5l-pvt-sweep/netlist-snapshots/20261010-101245-6df50fd/loopgain_dyn_ff_-40c_rwcs_i25000ua_c1600nf_e250mohm.spice	21c4f21b767335e0545b5216dca608fef02dfaeb3931fcab77d2a4c4ba557e28	klt sim --backend batch corners/20261010-101245-6df50fd/_batch/g00_loopgain_dyn_ff_-40c_rwcs_i500ua_c330nf_e0mohm/request.json (batch_backend.py; corner mos_ff__res_wcs__cap_typ @ -40C)	6df50fd	ihp-sg13cmos5l	ngspice-46 (EDA batch fleet runner, klt 0.5.0)
psrr	psrr_dyn_ff_-40c_rwcs_i25000ua_c1600nf_e250mohm	mos_ff	res_wcs	-40	25000e-6	1600n	250e-3	sim/ldo-cmos5l-pvt-sweep/netlist-snapshots/20261010-101245-6df50fd/psrr_dyn_ff_-40c_rwcs_i25000ua_c1600nf_e250mohm.spice	e1cdfecde455c5f060a8567355bcd64672af43c16913d9a98b33c384b0ab8dca	klt sim --backend batch corners/20261010-101245-6df50fd/_batch/g03_psrr_dyn_ff_-40c_rwcs_i500ua_c330nf_e0mohm/request.json (batch_backend.py; corner mos_ff__res_wcs__cap_typ @ -40C)	6df50fd	ihp-sg13cmos5l	ngspice-46 (EDA batch fleet runner, klt 0.5.0)
loopgain	loopgain_dyn_ff_-40c_rwcs_i50000ua_c3450nf_e250mohm	mos_ff	res_wcs	-40	50000e-6	3450n	250e-3	sim/ldo-cmos5l-pvt-sweep/netlist-snapshots/20261010-101245-6df50fd/loopgain_dyn_ff_-40c_rwcs_i50000ua_c3450nf_e250mohm.spice	ad9f62a265bb381231bc1a050a19fd2aa042e709be655eb5e2c6c068c3e1f577	klt sim --backend batch corners/20261010-101245-6df50fd/_batch/g00_loopgain_dyn_ff_-40c_rwcs_i500ua_c330nf_e0mohm/request.json (batch_backend.py; corner mos_ff__res_wcs__cap_typ @ -40C)	6df50fd	ihp-sg13cmos5l	ngspice-46 (EDA batch fleet runner, klt 0.5.0)
psrr	psrr_dyn_ff_-40c_rwcs_i50000ua_c3450nf_e250mohm	mos_ff	res_wcs	-40	50000e-6	3450n	250e-3	sim/ldo-cmos5l-pvt-sweep/netlist-snapshots/20261010-101245-6df50fd/psrr_dyn_ff_-40c_rwcs_i50000ua_c3450nf_e250mohm.spice	03bff20050bd59ece6cac82a86d7783f1319c1d0e01f8f39d56cb18fdfaf02b0	klt sim --backend batch corners/20261010-101245-6df50fd/_batch/g03_psrr_dyn_ff_-40c_rwcs_i500ua_c330nf_e0mohm/request.json (batch_backend.py; corner mos_ff__res_wcs__cap_typ @ -40C)	6df50fd	ihp-sg13cmos5l	ngspice-46 (EDA batch fleet runner, klt 0.5.0)
loopgain	loopgain_dyn_ff_-40c_rwcs_i1000ua_c330nf_e125mohm	mos_ff	res_wcs	-40	1000e-6	330n	125e-3	sim/ldo-cmos5l-pvt-sweep/netlist-snapshots/20261010-101245-6df50fd/loopgain_dyn_ff_-40c_rwcs_i1000ua_c330nf_e125mohm.spice	a1093a8b1c357e2dc3ac38fbfe76b87003dd647e2ef4b957366b32ed5727c300	klt sim --backend batch corners/20261010-101245-6df50fd/_batch/g00_loopgain_dyn_ff_-40c_rwcs_i500ua_c330nf_e0mohm/request.json (batch_backend.py; corner mos_ff__res_wcs__cap_typ @ -40C)	6df50fd	ihp-sg13cmos5l	ngspice-46 (EDA batch fleet runner, klt 0.5.0)
psrr	psrr_dyn_ff_-40c_rwcs_i1000ua_c330nf_e125mohm	mos_ff	res_wcs	-40	1000e-6	330n	125e-3	sim/ldo-cmos5l-pvt-sweep/netlist-snapshots/20261010-101245-6df50fd/psrr_dyn_ff_-40c_rwcs_i1000ua_c330nf_e125mohm.spice	13d196d4623e1ee59e8bef6048755cad77b9e4c9a378c546eed1b184c5b81606	klt sim --backend batch corners/20261010-101245-6df50fd/_batch/g03_psrr_dyn_ff_-40c_rwcs_i500ua_c330nf_e0mohm/request.json (batch_backend.py; corner mos_ff__res_wcs__cap_typ @ -40C)	6df50fd	ihp-sg13cmos5l	ngspice-46 (EDA batch fleet runner, klt 0.5.0)
loopgain	loopgain_dyn_ff_-40c_rwcs_i1000ua_c1000nf_e125mohm	mos_ff	res_wcs	-40	1000e-6	1000n	125e-3	sim/ldo-cmos5l-pvt-sweep/netlist-snapshots/20261010-101245-6df50fd/loopgain_dyn_ff_-40c_rwcs_i1000ua_c1000nf_e125mohm.spice	2f59e62368733f974ad81d9a6b4d8fa0b78bcdcfe581b1aaaae23ab17f1dfd66	klt sim --backend batch corners/20261010-101245-6df50fd/_batch/g00_loopgain_dyn_ff_-40c_rwcs_i500ua_c330nf_e0mohm/request.json (batch_backend.py; corner mos_ff__res_wcs__cap_typ @ -40C)	6df50fd	ihp-sg13cmos5l	ngspice-46 (EDA batch fleet runner, klt 0.5.0)
psrr	psrr_dyn_ff_-40c_rwcs_i1000ua_c1000nf_e125mohm	mos_ff	res_wcs	-40	1000e-6	1000n	125e-3	sim/ldo-cmos5l-pvt-sweep/netlist-snapshots/20261010-101245-6df50fd/psrr_dyn_ff_-40c_rwcs_i1000ua_c1000nf_e125mohm.spice	665326371c386be8f3e262e840b701a3b400daad4a0bd4851075954e9ef1af8d	klt sim --backend batch corners/20261010-101245-6df50fd/_batch/g03_psrr_dyn_ff_-40c_rwcs_i500ua_c330nf_e0mohm/request.json (batch_backend.py; corner mos_ff__res_wcs__cap_typ @ -40C)	6df50fd	ihp-sg13cmos5l	ngspice-46 (EDA batch fleet runner, klt 0.5.0)
loopgain	loopgain_dyn_ff_-40c_rwcs_i1000ua_c1000nf_e375mohm	mos_ff	res_wcs	-40	1000e-6	1000n	375e-3	sim/ldo-cmos5l-pvt-sweep/netlist-snapshots/20261010-101245-6df50fd/loopgain_dyn_ff_-40c_rwcs_i1000ua_c1000nf_e375mohm.spice	62dc8d12ff19ad940ee4ccb8cf65766468b80dcd16be23b78073ef28052553f9	klt sim --backend batch corners/20261010-101245-6df50fd/_batch/g00_loopgain_dyn_ff_-40c_rwcs_i500ua_c330nf_e0mohm/request.json (batch_backend.py; corner mos_ff__res_wcs__cap_typ @ -40C)	6df50fd	ihp-sg13cmos5l	ngspice-46 (EDA batch fleet runner, klt 0.5.0)
psrr	psrr_dyn_ff_-40c_rwcs_i1000ua_c1000nf_e375mohm	mos_ff	res_wcs	-40	1000e-6	1000n	375e-3	sim/ldo-cmos5l-pvt-sweep/netlist-snapshots/20261010-101245-6df50fd/psrr_dyn_ff_-40c_rwcs_i1000ua_c1000nf_e375mohm.spice	9ce4a12be486458f562d32327649075c67ab44b6518f3fe74fbe716782fed209	klt sim --backend batch corners/20261010-101245-6df50fd/_batch/g03_psrr_dyn_ff_-40c_rwcs_i500ua_c330nf_e0mohm/request.json (batch_backend.py; corner mos_ff__res_wcs__cap_typ @ -40C)	6df50fd	ihp-sg13cmos5l	ngspice-46 (EDA batch fleet runner, klt 0.5.0)
loopgain	loopgain_dyn_ff_-40c_rwcs_i1000ua_c2200nf_e125mohm	mos_ff	res_wcs	-40	1000e-6	2200n	125e-3	sim/ldo-cmos5l-pvt-sweep/netlist-snapshots/20261010-101245-6df50fd/loopgain_dyn_ff_-40c_rwcs_i1000ua_c2200nf_e125mohm.spice	c4efaa353a21363789cc972e37ae29e1acd8686411729f623dd801b9c86d895e	klt sim --backend batch corners/20261010-101245-6df50fd/_batch/g00_loopgain_dyn_ff_-40c_rwcs_i500ua_c330nf_e0mohm/request.json (batch_backend.py; corner mos_ff__res_wcs__cap_typ @ -40C)	6df50fd	ihp-sg13cmos5l	ngspice-46 (EDA batch fleet runner, klt 0.5.0)
psrr	psrr_dyn_ff_-40c_rwcs_i1000ua_c2200nf_e125mohm	mos_ff	res_wcs	-40	1000e-6	2200n	125e-3	sim/ldo-cmos5l-pvt-sweep/netlist-snapshots/20261010-101245-6df50fd/psrr_dyn_ff_-40c_rwcs_i1000ua_c2200nf_e125mohm.spice	9002b67a602152fd1d1c4645369ddd5d3d359175c5883830af7c8552ee0715fb	klt sim --backend batch corners/20261010-101245-6df50fd/_batch/g03_psrr_dyn_ff_-40c_rwcs_i500ua_c330nf_e0mohm/request.json (batch_backend.py; corner mos_ff__res_wcs__cap_typ @ -40C)	6df50fd	ihp-sg13cmos5l	ngspice-46 (EDA batch fleet runner, klt 0.5.0)
loopgain	loopgain_dyn_ff_-40c_rwcs_i1000ua_c2200nf_e375mohm	mos_ff	res_wcs	-40	1000e-6	2200n	375e-3	sim/ldo-cmos5l-pvt-sweep/netlist-snapshots/20261010-101245-6df50fd/loopgain_dyn_ff_-40c_rwcs_i1000ua_c2200nf_e375mohm.spice	e7671f994838bcacdfe84fd092743d1c166f31cb8acecc2a5cd407c664d428b1	klt sim --backend batch corners/20261010-101245-6df50fd/_batch/g00_loopgain_dyn_ff_-40c_rwcs_i500ua_c330nf_e0mohm/request.json (batch_backend.py; corner mos_ff__res_wcs__cap_typ @ -40C)	6df50fd	ihp-sg13cmos5l	ngspice-46 (EDA batch fleet runner, klt 0.5.0)
psrr	psrr_dyn_ff_-40c_rwcs_i1000ua_c2200nf_e375mohm	mos_ff	res_wcs	-40	1000e-6	2200n	375e-3	sim/ldo-cmos5l-pvt-sweep/netlist-snapshots/20261010-101245-6df50fd/psrr_dyn_ff_-40c_rwcs_i1000ua_c2200nf_e375mohm.spice	b3ed9db8afb29cb0a24427cff5ce0b96547b8fbff3ec4ad66fbf468efbc331ae	klt sim --backend batch corners/20261010-101245-6df50fd/_batch/g03_psrr_dyn_ff_-40c_rwcs_i500ua_c330nf_e0mohm/request.json (batch_backend.py; corner mos_ff__res_wcs__cap_typ @ -40C)	6df50fd	ihp-sg13cmos5l	ngspice-46 (EDA batch fleet runner, klt 0.5.0)
loopgain	loopgain_dyn_ff_-40c_rwcs_i1000ua_c4700nf_e125mohm	mos_ff	res_wcs	-40	1000e-6	4700n	125e-3	sim/ldo-cmos5l-pvt-sweep/netlist-snapshots/20261010-101245-6df50fd/loopgain_dyn_ff_-40c_rwcs_i1000ua_c4700nf_e125mohm.spice	70cffa3aef86ee91f6bb2d2a7414e750e399de9e006ef97196f70a87ed0ec425	klt sim --backend batch corners/20261010-101245-6df50fd/_batch/g00_loopgain_dyn_ff_-40c_rwcs_i500ua_c330nf_e0mohm/request.json (batch_backend.py; corner mos_ff__res_wcs__cap_typ @ -40C)	6df50fd	ihp-sg13cmos5l	ngspice-46 (EDA batch fleet runner, klt 0.5.0)
psrr	psrr_dyn_ff_-40c_rwcs_i1000ua_c4700nf_e125mohm	mos_ff	res_wcs	-40	1000e-6	4700n	125e-3	sim/ldo-cmos5l-pvt-sweep/netlist-snapshots/20261010-101245-6df50fd/psrr_dyn_ff_-40c_rwcs_i1000ua_c4700nf_e125mohm.spice	873accccc9c05796078478751d9049c1bcb35481ce19b4a05ff3bbefbd27fa45	klt sim --backend batch corners/20261010-101245-6df50fd/_batch/g03_psrr_dyn_ff_-40c_rwcs_i500ua_c330nf_e0mohm/request.json (batch_backend.py; corner mos_ff__res_wcs__cap_typ @ -40C)	6df50fd	ihp-sg13cmos5l	ngspice-46 (EDA batch fleet runner, klt 0.5.0)
loopgain	loopgain_dyn_ff_-40c_rwcs_i1000ua_c4700nf_e375mohm	mos_ff	res_wcs	-40	1000e-6	4700n	375e-3	sim/ldo-cmos5l-pvt-sweep/netlist-snapshots/20261010-101245-6df50fd/loopgain_dyn_ff_-40c_rwcs_i1000ua_c4700nf_e375mohm.spice	8a5505886a100e7b833055d3f25729f2427751db8bad8286c310b51bf5ad8610	klt sim --backend batch corners/20261010-101245-6df50fd/_batch/g00_loopgain_dyn_ff_-40c_rwcs_i500ua_c330nf_e0mohm/request.json (batch_backend.py; corner mos_ff__res_wcs__cap_typ @ -40C)	6df50fd	ihp-sg13cmos5l	ngspice-46 (EDA batch fleet runner, klt 0.5.0)
psrr	psrr_dyn_ff_-40c_rwcs_i1000ua_c4700nf_e375mohm	mos_ff	res_wcs	-40	1000e-6	4700n	375e-3	sim/ldo-cmos5l-pvt-sweep/netlist-snapshots/20261010-101245-6df50fd/psrr_dyn_ff_-40c_rwcs_i1000ua_c4700nf_e375mohm.spice	bee80dc337999dc63905b3caeca02b522a753b3daf2b3da00b42580dab4e12b1	klt sim --backend batch corners/20261010-101245-6df50fd/_batch/g03_psrr_dyn_ff_-40c_rwcs_i500ua_c330nf_e0mohm/request.json (batch_backend.py; corner mos_ff__res_wcs__cap_typ @ -40C)	6df50fd	ihp-sg13cmos5l	ngspice-46 (EDA batch fleet runner, klt 0.5.0)
loopgain	loopgain_dyn_ff_-40c_rwcs_i50000ua_c4700nf_e125mohm	mos_ff	res_wcs	-40	50000e-6	4700n	125e-3	sim/ldo-cmos5l-pvt-sweep/netlist-snapshots/20261010-101245-6df50fd/loopgain_dyn_ff_-40c_rwcs_i50000ua_c4700nf_e125mohm.spice	ba73b59163f5e29d896f4e09c197cbf331d78a721ca7fbe5dba234471a88d332	klt sim --backend batch corners/20261010-101245-6df50fd/_batch/g00_loopgain_dyn_ff_-40c_rwcs_i500ua_c330nf_e0mohm/request.json (batch_backend.py; corner mos_ff__res_wcs__cap_typ @ -40C)	6df50fd	ihp-sg13cmos5l	ngspice-46 (EDA batch fleet runner, klt 0.5.0)
psrr	psrr_dyn_ff_-40c_rwcs_i50000ua_c4700nf_e125mohm	mos_ff	res_wcs	-40	50000e-6	4700n	125e-3	sim/ldo-cmos5l-pvt-sweep/netlist-snapshots/20261010-101245-6df50fd/psrr_dyn_ff_-40c_rwcs_i50000ua_c4700nf_e125mohm.spice	881f4db225ea835d892c84a2399466697d8b598f1e58d673447ee1a704d8508e	klt sim --backend batch corners/20261010-101245-6df50fd/_batch/g03_psrr_dyn_ff_-40c_rwcs_i500ua_c330nf_e0mohm/request.json (batch_backend.py; corner mos_ff__res_wcs__cap_typ @ -40C)	6df50fd	ihp-sg13cmos5l	ngspice-46 (EDA batch fleet runner, klt 0.5.0)
loopgain	loopgain_dyn_ff_-40c_rwcs_i37500ua_c4700nf_e250mohm	mos_ff	res_wcs	-40	37500e-6	4700n	250e-3	sim/ldo-cmos5l-pvt-sweep/netlist-snapshots/20261010-101245-6df50fd/loopgain_dyn_ff_-40c_rwcs_i37500ua_c4700nf_e250mohm.spice	0942c6134d3d8bc55dfade338bda7c9edc5c35c613690bd4b4390b61f340c481	klt sim --backend batch corners/20261010-101245-6df50fd/_batch/g00_loopgain_dyn_ff_-40c_rwcs_i500ua_c330nf_e0mohm/request.json (batch_backend.py; corner mos_ff__res_wcs__cap_typ @ -40C)	6df50fd	ihp-sg13cmos5l	ngspice-46 (EDA batch fleet runner, klt 0.5.0)
psrr	psrr_dyn_ff_-40c_rwcs_i37500ua_c4700nf_e250mohm	mos_ff	res_wcs	-40	37500e-6	4700n	250e-3	sim/ldo-cmos5l-pvt-sweep/netlist-snapshots/20261010-101245-6df50fd/psrr_dyn_ff_-40c_rwcs_i37500ua_c4700nf_e250mohm.spice	df3f282c57c7c126728fdba69413d1b20855bf38b5f5c26ffa5df47121da9216	klt sim --backend batch corners/20261010-101245-6df50fd/_batch/g03_psrr_dyn_ff_-40c_rwcs_i500ua_c330nf_e0mohm/request.json (batch_backend.py; corner mos_ff__res_wcs__cap_typ @ -40C)	6df50fd	ihp-sg13cmos5l	ngspice-46 (EDA batch fleet runner, klt 0.5.0)
loopgain	loopgain_dyn_ff_27c_rbcs_i500ua_c330nf_e0mohm	mos_ff	res_bcs	27	500e-6	330n	0	sim/ldo-cmos5l-pvt-sweep/netlist-snapshots/20261010-101245-6df50fd/loopgain_dyn_ff_27c_rbcs_i500ua_c330nf_e0mohm.spice	6a153c64a90058326e9e661d066f75a709cdc91a5f082af37164f1ad28013bc7	klt sim --backend batch corners/20261010-101245-6df50fd/_batch/g00_loopgain_dyn_ff_-40c_rwcs_i500ua_c330nf_e0mohm/request.json (batch_backend.py; corner mos_ff__res_bcs__cap_typ @ 27C)	6df50fd	ihp-sg13cmos5l	ngspice-46 (EDA batch fleet runner, klt 0.5.0)
psrr	psrr_dyn_ff_27c_rbcs_i500ua_c330nf_e0mohm	mos_ff	res_bcs	27	500e-6	330n	0	sim/ldo-cmos5l-pvt-sweep/netlist-snapshots/20261010-101245-6df50fd/psrr_dyn_ff_27c_rbcs_i500ua_c330nf_e0mohm.spice	85f5714af133afb6495304ef67928cd4c4e33abb442e50822e4e2bd75ae821f8	klt sim --backend batch corners/20261010-101245-6df50fd/_batch/g03_psrr_dyn_ff_-40c_rwcs_i500ua_c330nf_e0mohm/request.json (batch_backend.py; corner mos_ff__res_bcs__cap_typ @ 27C)	6df50fd	ihp-sg13cmos5l	ngspice-46 (EDA batch fleet runner, klt 0.5.0)
loopgain	loopgain_dyn_ff_27c_rbcs_i13000ua_c330nf_e0mohm	mos_ff	res_bcs	27	13000e-6	330n	0	sim/ldo-cmos5l-pvt-sweep/netlist-snapshots/20261010-101245-6df50fd/loopgain_dyn_ff_27c_rbcs_i13000ua_c330nf_e0mohm.spice	4735f06ebed02d523446e15b78e0d3229410114a280141fb5b9afdf34baa1875	klt sim --backend batch corners/20261010-101245-6df50fd/_batch/g00_loopgain_dyn_ff_-40c_rwcs_i500ua_c330nf_e0mohm/request.json (batch_backend.py; corner mos_ff__res_bcs__cap_typ @ 27C)	6df50fd	ihp-sg13cmos5l	ngspice-46 (EDA batch fleet runner, klt 0.5.0)
psrr	psrr_dyn_ff_27c_rbcs_i13000ua_c330nf_e0mohm	mos_ff	res_bcs	27	13000e-6	330n	0	sim/ldo-cmos5l-pvt-sweep/netlist-snapshots/20261010-101245-6df50fd/psrr_dyn_ff_27c_rbcs_i13000ua_c330nf_e0mohm.spice	33d605719cdaf800d7b75498941184b2841f3488a91f52c6456e2f9c72a87d2e	klt sim --backend batch corners/20261010-101245-6df50fd/_batch/g03_psrr_dyn_ff_-40c_rwcs_i500ua_c330nf_e0mohm/request.json (batch_backend.py; corner mos_ff__res_bcs__cap_typ @ 27C)	6df50fd	ihp-sg13cmos5l	ngspice-46 (EDA batch fleet runner, klt 0.5.0)
loopgain	loopgain_dyn_ff_27c_rbcs_i37500ua_c330nf_e0mohm	mos_ff	res_bcs	27	37500e-6	330n	0	sim/ldo-cmos5l-pvt-sweep/netlist-snapshots/20261010-101245-6df50fd/loopgain_dyn_ff_27c_rbcs_i37500ua_c330nf_e0mohm.spice	188787c20ae64cbbd5fa9c936f907569094b9728d23570b9059757199995f217	klt sim --backend batch corners/20261010-101245-6df50fd/_batch/g00_loopgain_dyn_ff_-40c_rwcs_i500ua_c330nf_e0mohm/request.json (batch_backend.py; corner mos_ff__res_bcs__cap_typ @ 27C)	6df50fd	ihp-sg13cmos5l	ngspice-46 (EDA batch fleet runner, klt 0.5.0)
psrr	psrr_dyn_ff_27c_rbcs_i37500ua_c330nf_e0mohm	mos_ff	res_bcs	27	37500e-6	330n	0	sim/ldo-cmos5l-pvt-sweep/netlist-snapshots/20261010-101245-6df50fd/psrr_dyn_ff_27c_rbcs_i37500ua_c330nf_e0mohm.spice	bb8232dc9dee7caa43a6b79692aecfcc668be3b42406151b1e920879176a94c2	klt sim --backend batch corners/20261010-101245-6df50fd/_batch/g03_psrr_dyn_ff_-40c_rwcs_i500ua_c330nf_e0mohm/request.json (batch_backend.py; corner mos_ff__res_bcs__cap_typ @ 27C)	6df50fd	ihp-sg13cmos5l	ngspice-46 (EDA batch fleet runner, klt 0.5.0)
loopgain	loopgain_dyn_ff_27c_rbcs_i500ua_c330nf_e250mohm	mos_ff	res_bcs	27	500e-6	330n	250e-3	sim/ldo-cmos5l-pvt-sweep/netlist-snapshots/20261010-101245-6df50fd/loopgain_dyn_ff_27c_rbcs_i500ua_c330nf_e250mohm.spice	deb73455592902ef3f429d81dff0cf4d313e17ea351fd02e2fe9c64fa7e7856d	klt sim --backend batch corners/20261010-101245-6df50fd/_batch/g00_loopgain_dyn_ff_-40c_rwcs_i500ua_c330nf_e0mohm/request.json (batch_backend.py; corner mos_ff__res_bcs__cap_typ @ 27C)	6df50fd	ihp-sg13cmos5l	ngspice-46 (EDA batch fleet runner, klt 0.5.0)
psrr	psrr_dyn_ff_27c_rbcs_i500ua_c330nf_e250mohm	mos_ff	res_bcs	27	500e-6	330n	250e-3	sim/ldo-cmos5l-pvt-sweep/netlist-snapshots/20261010-101245-6df50fd/psrr_dyn_ff_27c_rbcs_i500ua_c330nf_e250mohm.spice	734009adc32aa67706f3edec1f6e8d1a0287cb92dde8a4b78dbe002650db389d	klt sim --backend batch corners/20261010-101245-6df50fd/_batch/g03_psrr_dyn_ff_-40c_rwcs_i500ua_c330nf_e0mohm/request.json (batch_backend.py; corner mos_ff__res_bcs__cap_typ @ 27C)	6df50fd	ihp-sg13cmos5l	ngspice-46 (EDA batch fleet runner, klt 0.5.0)
loopgain	loopgain_dyn_ff_27c_rbcs_i37500ua_c330nf_e250mohm	mos_ff	res_bcs	27	37500e-6	330n	250e-3	sim/ldo-cmos5l-pvt-sweep/netlist-snapshots/20261010-101245-6df50fd/loopgain_dyn_ff_27c_rbcs_i37500ua_c330nf_e250mohm.spice	30fac743c8b90e1807a211510656cf8fde621c560bd27f2cd4dbbc02ee5bf8f4	klt sim --backend batch corners/20261010-101245-6df50fd/_batch/g00_loopgain_dyn_ff_-40c_rwcs_i500ua_c330nf_e0mohm/request.json (batch_backend.py; corner mos_ff__res_bcs__cap_typ @ 27C)	6df50fd	ihp-sg13cmos5l	ngspice-46 (EDA batch fleet runner, klt 0.5.0)
psrr	psrr_dyn_ff_27c_rbcs_i37500ua_c330nf_e250mohm	mos_ff	res_bcs	27	37500e-6	330n	250e-3	sim/ldo-cmos5l-pvt-sweep/netlist-snapshots/20261010-101245-6df50fd/psrr_dyn_ff_27c_rbcs_i37500ua_c330nf_e250mohm.spice	f3c7ec0ad5f05206db125f6b86253d9a4b81e9d3d57234f01a48fd5f65383c5c	klt sim --backend batch corners/20261010-101245-6df50fd/_batch/g03_psrr_dyn_ff_-40c_rwcs_i500ua_c330nf_e0mohm/request.json (batch_backend.py; corner mos_ff__res_bcs__cap_typ @ 27C)	6df50fd	ihp-sg13cmos5l	ngspice-46 (EDA batch fleet runner, klt 0.5.0)
loopgain	loopgain_dyn_ff_27c_rbcs_i13000ua_c330nf_e250mohm	mos_ff	res_bcs	27	13000e-6	330n	250e-3	sim/ldo-cmos5l-pvt-sweep/netlist-snapshots/20261010-101245-6df50fd/loopgain_dyn_ff_27c_rbcs_i13000ua_c330nf_e250mohm.spice	b3383806421fe1082f32c83d35df9fcd2a37134480a23a3c6dd291c77ef365da	klt sim --backend batch corners/20261010-101245-6df50fd/_batch/g00_loopgain_dyn_ff_-40c_rwcs_i500ua_c330nf_e0mohm/request.json (batch_backend.py; corner mos_ff__res_bcs__cap_typ @ 27C)	6df50fd	ihp-sg13cmos5l	ngspice-46 (EDA batch fleet runner, klt 0.5.0)
psrr	psrr_dyn_ff_27c_rbcs_i13000ua_c330nf_e250mohm	mos_ff	res_bcs	27	13000e-6	330n	250e-3	sim/ldo-cmos5l-pvt-sweep/netlist-snapshots/20261010-101245-6df50fd/psrr_dyn_ff_27c_rbcs_i13000ua_c330nf_e250mohm.spice	30c7ef6f37dfe573b65ba6c7d4ee8c47b16217be966e4227d409374ebbb3f929	klt sim --backend batch corners/20261010-101245-6df50fd/_batch/g03_psrr_dyn_ff_-40c_rwcs_i500ua_c330nf_e0mohm/request.json (batch_backend.py; corner mos_ff__res_bcs__cap_typ @ 27C)	6df50fd	ihp-sg13cmos5l	ngspice-46 (EDA batch fleet runner, klt 0.5.0)
loopgain	loopgain_dyn_ff_27c_rbcs_i500ua_c330nf_e500mohm	mos_ff	res_bcs	27	500e-6	330n	500e-3	sim/ldo-cmos5l-pvt-sweep/netlist-snapshots/20261010-101245-6df50fd/loopgain_dyn_ff_27c_rbcs_i500ua_c330nf_e500mohm.spice	b58fb58b651e8a0e8dad99001c91712656cf326f7eecec1d829f19e97ba286f3	klt sim --backend batch corners/20261010-101245-6df50fd/_batch/g00_loopgain_dyn_ff_-40c_rwcs_i500ua_c330nf_e0mohm/request.json (batch_backend.py; corner mos_ff__res_bcs__cap_typ @ 27C)	6df50fd	ihp-sg13cmos5l	ngspice-46 (EDA batch fleet runner, klt 0.5.0)
psrr	psrr_dyn_ff_27c_rbcs_i500ua_c330nf_e500mohm	mos_ff	res_bcs	27	500e-6	330n	500e-3	sim/ldo-cmos5l-pvt-sweep/netlist-snapshots/20261010-101245-6df50fd/psrr_dyn_ff_27c_rbcs_i500ua_c330nf_e500mohm.spice	2a7d52bb5307be35117386eb85a229b2e23adfb019713f689448782cf966a98e	klt sim --backend batch corners/20261010-101245-6df50fd/_batch/g03_psrr_dyn_ff_-40c_rwcs_i500ua_c330nf_e0mohm/request.json (batch_backend.py; corner mos_ff__res_bcs__cap_typ @ 27C)	6df50fd	ihp-sg13cmos5l	ngspice-46 (EDA batch fleet runner, klt 0.5.0)
loopgain	loopgain_dyn_ff_27c_rbcs_i13000ua_c330nf_e500mohm	mos_ff	res_bcs	27	13000e-6	330n	500e-3	sim/ldo-cmos5l-pvt-sweep/netlist-snapshots/20261010-101245-6df50fd/loopgain_dyn_ff_27c_rbcs_i13000ua_c330nf_e500mohm.spice	b7a878dd63e963498a85def791ccda6cfbea6d84982b1144bb5522fc6f53fcf6	klt sim --backend batch corners/20261010-101245-6df50fd/_batch/g00_loopgain_dyn_ff_-40c_rwcs_i500ua_c330nf_e0mohm/request.json (batch_backend.py; corner mos_ff__res_bcs__cap_typ @ 27C)	6df50fd	ihp-sg13cmos5l	ngspice-46 (EDA batch fleet runner, klt 0.5.0)
psrr	psrr_dyn_ff_27c_rbcs_i13000ua_c330nf_e500mohm	mos_ff	res_bcs	27	13000e-6	330n	500e-3	sim/ldo-cmos5l-pvt-sweep/netlist-snapshots/20261010-101245-6df50fd/psrr_dyn_ff_27c_rbcs_i13000ua_c330nf_e500mohm.spice	a4f12ea73e1a041672d46aea6de7ef75d57289d871cb75b05cd2acbec269c082	klt sim --backend batch corners/20261010-101245-6df50fd/_batch/g03_psrr_dyn_ff_-40c_rwcs_i500ua_c330nf_e0mohm/request.json (batch_backend.py; corner mos_ff__res_bcs__cap_typ @ 27C)	6df50fd	ihp-sg13cmos5l	ngspice-46 (EDA batch fleet runner, klt 0.5.0)
loopgain	loopgain_dyn_ff_27c_rbcs_i500ua_c1000nf_e0mohm	mos_ff	res_bcs	27	500e-6	1000n	0	sim/ldo-cmos5l-pvt-sweep/netlist-snapshots/20261010-101245-6df50fd/loopgain_dyn_ff_27c_rbcs_i500ua_c1000nf_e0mohm.spice	5a4d81cf1d7d0f01209c71ef27a630c53bcd5d72ac2de7d599c406af8557eac9	klt sim --backend batch corners/20261010-101245-6df50fd/_batch/g00_loopgain_dyn_ff_-40c_rwcs_i500ua_c330nf_e0mohm/request.json (batch_backend.py; corner mos_ff__res_bcs__cap_typ @ 27C)	6df50fd	ihp-sg13cmos5l	ngspice-46 (EDA batch fleet runner, klt 0.5.0)
psrr	psrr_dyn_ff_27c_rbcs_i500ua_c1000nf_e0mohm	mos_ff	res_bcs	27	500e-6	1000n	0	sim/ldo-cmos5l-pvt-sweep/netlist-snapshots/20261010-101245-6df50fd/psrr_dyn_ff_27c_rbcs_i500ua_c1000nf_e0mohm.spice	4c3214a7737471c8839c90596a7c63f778cb884e39dfd075c05770f90a9077ed	klt sim --backend batch corners/20261010-101245-6df50fd/_batch/g03_psrr_dyn_ff_-40c_rwcs_i500ua_c330nf_e0mohm/request.json (batch_backend.py; corner mos_ff__res_bcs__cap_typ @ 27C)	6df50fd	ihp-sg13cmos5l	ngspice-46 (EDA batch fleet runner, klt 0.5.0)
loopgain	loopgain_dyn_ff_27c_rbcs_i13000ua_c1000nf_e0mohm	mos_ff	res_bcs	27	13000e-6	1000n	0	sim/ldo-cmos5l-pvt-sweep/netlist-snapshots/20261010-101245-6df50fd/loopgain_dyn_ff_27c_rbcs_i13000ua_c1000nf_e0mohm.spice	84172a77a2370328e5abb3953d94cbdb7366ae14b2cfbf8a01bcc53417820225	klt sim --backend batch corners/20261010-101245-6df50fd/_batch/g00_loopgain_dyn_ff_-40c_rwcs_i500ua_c330nf_e0mohm/request.json (batch_backend.py; corner mos_ff__res_bcs__cap_typ @ 27C)	6df50fd	ihp-sg13cmos5l	ngspice-46 (EDA batch fleet runner, klt 0.5.0)
psrr	psrr_dyn_ff_27c_rbcs_i13000ua_c1000nf_e0mohm	mos_ff	res_bcs	27	13000e-6	1000n	0	sim/ldo-cmos5l-pvt-sweep/netlist-snapshots/20261010-101245-6df50fd/psrr_dyn_ff_27c_rbcs_i13000ua_c1000nf_e0mohm.spice	9b4d79377021be4484d08b3f4aff3a6af28088f30cc01ae266068cffa9fd66ad	klt sim --backend batch corners/20261010-101245-6df50fd/_batch/g03_psrr_dyn_ff_-40c_rwcs_i500ua_c330nf_e0mohm/request.json (batch_backend.py; corner mos_ff__res_bcs__cap_typ @ 27C)	6df50fd	ihp-sg13cmos5l	ngspice-46 (EDA batch fleet runner, klt 0.5.0)
loopgain	loopgain_dyn_ff_27c_rbcs_i500ua_c1000nf_e250mohm	mos_ff	res_bcs	27	500e-6	1000n	250e-3	sim/ldo-cmos5l-pvt-sweep/netlist-snapshots/20261010-101245-6df50fd/loopgain_dyn_ff_27c_rbcs_i500ua_c1000nf_e250mohm.spice	4fa67ddd8a9bb20bf4752402abdeb3b256a5d1dfb0a3b00848fe166beade728c	klt sim --backend batch corners/20261010-101245-6df50fd/_batch/g00_loopgain_dyn_ff_-40c_rwcs_i500ua_c330nf_e0mohm/request.json (batch_backend.py; corner mos_ff__res_bcs__cap_typ @ 27C)	6df50fd	ihp-sg13cmos5l	ngspice-46 (EDA batch fleet runner, klt 0.5.0)
psrr	psrr_dyn_ff_27c_rbcs_i500ua_c1000nf_e250mohm	mos_ff	res_bcs	27	500e-6	1000n	250e-3	sim/ldo-cmos5l-pvt-sweep/netlist-snapshots/20261010-101245-6df50fd/psrr_dyn_ff_27c_rbcs_i500ua_c1000nf_e250mohm.spice	d04f778a646a56bda7c8f38ec57c3407945767d79b27063b69314259f2cc0a43	klt sim --backend batch corners/20261010-101245-6df50fd/_batch/g03_psrr_dyn_ff_-40c_rwcs_i500ua_c330nf_e0mohm/request.json (batch_backend.py; corner mos_ff__res_bcs__cap_typ @ 27C)	6df50fd	ihp-sg13cmos5l	ngspice-46 (EDA batch fleet runner, klt 0.5.0)
loopgain	loopgain_dyn_ff_27c_rbcs_i13000ua_c1000nf_e250mohm	mos_ff	res_bcs	27	13000e-6	1000n	250e-3	sim/ldo-cmos5l-pvt-sweep/netlist-snapshots/20261010-101245-6df50fd/loopgain_dyn_ff_27c_rbcs_i13000ua_c1000nf_e250mohm.spice	0df03e727c4d094c05a4b1efea5d5e0a7ab828b8453fafc0c3619c041162719d	klt sim --backend batch corners/20261010-101245-6df50fd/_batch/g00_loopgain_dyn_ff_-40c_rwcs_i500ua_c330nf_e0mohm/request.json (batch_backend.py; corner mos_ff__res_bcs__cap_typ @ 27C)	6df50fd	ihp-sg13cmos5l	ngspice-46 (EDA batch fleet runner, klt 0.5.0)
psrr	psrr_dyn_ff_27c_rbcs_i13000ua_c1000nf_e250mohm	mos_ff	res_bcs	27	13000e-6	1000n	250e-3	sim/ldo-cmos5l-pvt-sweep/netlist-snapshots/20261010-101245-6df50fd/psrr_dyn_ff_27c_rbcs_i13000ua_c1000nf_e250mohm.spice	bee4a7c754667707b6fca2490ac68abb7a30cb101491d1f67d333d40261ad06e	klt sim --backend batch corners/20261010-101245-6df50fd/_batch/g03_psrr_dyn_ff_-40c_rwcs_i500ua_c330nf_e0mohm/request.json (batch_backend.py; corner mos_ff__res_bcs__cap_typ @ 27C)	6df50fd	ihp-sg13cmos5l	ngspice-46 (EDA batch fleet runner, klt 0.5.0)
loopgain	loopgain_dyn_ff_27c_rbcs_i37500ua_c1000nf_e250mohm	mos_ff	res_bcs	27	37500e-6	1000n	250e-3	sim/ldo-cmos5l-pvt-sweep/netlist-snapshots/20261010-101245-6df50fd/loopgain_dyn_ff_27c_rbcs_i37500ua_c1000nf_e250mohm.spice	3c4446cad1f1a4b366bdb4212736b8955cd0ae8687a13e261fb178ac12aa90f5	klt sim --backend batch corners/20261010-101245-6df50fd/_batch/g00_loopgain_dyn_ff_-40c_rwcs_i500ua_c330nf_e0mohm/request.json (batch_backend.py; corner mos_ff__res_bcs__cap_typ @ 27C)	6df50fd	ihp-sg13cmos5l	ngspice-46 (EDA batch fleet runner, klt 0.5.0)
psrr	psrr_dyn_ff_27c_rbcs_i37500ua_c1000nf_e250mohm	mos_ff	res_bcs	27	37500e-6	1000n	250e-3	sim/ldo-cmos5l-pvt-sweep/netlist-snapshots/20261010-101245-6df50fd/psrr_dyn_ff_27c_rbcs_i37500ua_c1000nf_e250mohm.spice	514b4d6cada7f4b8b1a494da247e507a3bd50cc3b4e8c9c1afa418d227aa1266	klt sim --backend batch corners/20261010-101245-6df50fd/_batch/g03_psrr_dyn_ff_-40c_rwcs_i500ua_c330nf_e0mohm/request.json (batch_backend.py; corner mos_ff__res_bcs__cap_typ @ 27C)	6df50fd	ihp-sg13cmos5l	ngspice-46 (EDA batch fleet runner, klt 0.5.0)
loopgain	loopgain_dyn_ff_27c_rbcs_i500ua_c1000nf_e500mohm	mos_ff	res_bcs	27	500e-6	1000n	500e-3	sim/ldo-cmos5l-pvt-sweep/netlist-snapshots/20261010-101245-6df50fd/loopgain_dyn_ff_27c_rbcs_i500ua_c1000nf_e500mohm.spice	60132a9df8c076de6257a668f5b1dcd3d55665b1dcf22cf3973aad2fca5ade21	klt sim --backend batch corners/20261010-101245-6df50fd/_batch/g00_loopgain_dyn_ff_-40c_rwcs_i500ua_c330nf_e0mohm/request.json (batch_backend.py; corner mos_ff__res_bcs__cap_typ @ 27C)	6df50fd	ihp-sg13cmos5l	ngspice-46 (EDA batch fleet runner, klt 0.5.0)
psrr	psrr_dyn_ff_27c_rbcs_i500ua_c1000nf_e500mohm	mos_ff	res_bcs	27	500e-6	1000n	500e-3	sim/ldo-cmos5l-pvt-sweep/netlist-snapshots/20261010-101245-6df50fd/psrr_dyn_ff_27c_rbcs_i500ua_c1000nf_e500mohm.spice	7dfc3adb509dc878b6776d6e08197b1b7774cd9debff965fae7b88863e9f269c	klt sim --backend batch corners/20261010-101245-6df50fd/_batch/g03_psrr_dyn_ff_-40c_rwcs_i500ua_c330nf_e0mohm/request.json (batch_backend.py; corner mos_ff__res_bcs__cap_typ @ 27C)	6df50fd	ihp-sg13cmos5l	ngspice-46 (EDA batch fleet runner, klt 0.5.0)
loopgain	loopgain_dyn_ff_27c_rbcs_i13000ua_c1000nf_e500mohm	mos_ff	res_bcs	27	13000e-6	1000n	500e-3	sim/ldo-cmos5l-pvt-sweep/netlist-snapshots/20261010-101245-6df50fd/loopgain_dyn_ff_27c_rbcs_i13000ua_c1000nf_e500mohm.spice	6615f8c5d8e2591d0ede6308fa92ec88da6099401771adf045c6855efa70097a	klt sim --backend batch corners/20261010-101245-6df50fd/_batch/g00_loopgain_dyn_ff_-40c_rwcs_i500ua_c330nf_e0mohm/request.json (batch_backend.py; corner mos_ff__res_bcs__cap_typ @ 27C)	6df50fd	ihp-sg13cmos5l	ngspice-46 (EDA batch fleet runner, klt 0.5.0)
psrr	psrr_dyn_ff_27c_rbcs_i13000ua_c1000nf_e500mohm	mos_ff	res_bcs	27	13000e-6	1000n	500e-3	sim/ldo-cmos5l-pvt-sweep/netlist-snapshots/20261010-101245-6df50fd/psrr_dyn_ff_27c_rbcs_i13000ua_c1000nf_e500mohm.spice	7b1ed824dc85434fbd141170238b83463ac4e549509ef0726b185a2e02608b7b	klt sim --backend batch corners/20261010-101245-6df50fd/_batch/g03_psrr_dyn_ff_-40c_rwcs_i500ua_c330nf_e0mohm/request.json (batch_backend.py; corner mos_ff__res_bcs__cap_typ @ 27C)	6df50fd	ihp-sg13cmos5l	ngspice-46 (EDA batch fleet runner, klt 0.5.0)
loopgain	loopgain_dyn_ff_27c_rbcs_i37500ua_c1000nf_e500mohm	mos_ff	res_bcs	27	37500e-6	1000n	500e-3	sim/ldo-cmos5l-pvt-sweep/netlist-snapshots/20261010-101245-6df50fd/loopgain_dyn_ff_27c_rbcs_i37500ua_c1000nf_e500mohm.spice	6fa63ea1b909091da04046845829e509b52e1caa1d95136bc132f76697622ac7	klt sim --backend batch corners/20261010-101245-6df50fd/_batch/g01_loopgain_dyn_ff_27c_rbcs_i37500ua_c1000nf_e500mohm/request.json (batch_backend.py; corner mos_ff__res_bcs__cap_typ @ 27C)	6df50fd	ihp-sg13cmos5l	ngspice-46 (EDA batch fleet runner, klt 0.5.0)
psrr	psrr_dyn_ff_27c_rbcs_i37500ua_c1000nf_e500mohm	mos_ff	res_bcs	27	37500e-6	1000n	500e-3	sim/ldo-cmos5l-pvt-sweep/netlist-snapshots/20261010-101245-6df50fd/psrr_dyn_ff_27c_rbcs_i37500ua_c1000nf_e500mohm.spice	8e1be234a06e77c51ccd3e8b46a9c8261429c23d60695799b2330db82e197624	klt sim --backend batch corners/20261010-101245-6df50fd/_batch/g04_psrr_dyn_ff_27c_rbcs_i37500ua_c1000nf_e500mohm/request.json (batch_backend.py; corner mos_ff__res_bcs__cap_typ @ 27C)	6df50fd	ihp-sg13cmos5l	ngspice-46 (EDA batch fleet runner, klt 0.5.0)
loopgain	loopgain_dyn_ff_27c_rbcs_i500ua_c2200nf_e0mohm	mos_ff	res_bcs	27	500e-6	2200n	0	sim/ldo-cmos5l-pvt-sweep/netlist-snapshots/20261010-101245-6df50fd/loopgain_dyn_ff_27c_rbcs_i500ua_c2200nf_e0mohm.spice	05982499334ef4eb547d08c9a35f745e7a383697086c7a759f7dd46e1d26cfeb	klt sim --backend batch corners/20261010-101245-6df50fd/_batch/g01_loopgain_dyn_ff_27c_rbcs_i37500ua_c1000nf_e500mohm/request.json (batch_backend.py; corner mos_ff__res_bcs__cap_typ @ 27C)	6df50fd	ihp-sg13cmos5l	ngspice-46 (EDA batch fleet runner, klt 0.5.0)
psrr	psrr_dyn_ff_27c_rbcs_i500ua_c2200nf_e0mohm	mos_ff	res_bcs	27	500e-6	2200n	0	sim/ldo-cmos5l-pvt-sweep/netlist-snapshots/20261010-101245-6df50fd/psrr_dyn_ff_27c_rbcs_i500ua_c2200nf_e0mohm.spice	bf0fb2f3167d4cf3000b1d32e901288e4beb66b28fdcecdf7f09fa902428fdb8	klt sim --backend batch corners/20261010-101245-6df50fd/_batch/g04_psrr_dyn_ff_27c_rbcs_i37500ua_c1000nf_e500mohm/request.json (batch_backend.py; corner mos_ff__res_bcs__cap_typ @ 27C)	6df50fd	ihp-sg13cmos5l	ngspice-46 (EDA batch fleet runner, klt 0.5.0)
loopgain	loopgain_dyn_ff_27c_rbcs_i13000ua_c2200nf_e0mohm	mos_ff	res_bcs	27	13000e-6	2200n	0	sim/ldo-cmos5l-pvt-sweep/netlist-snapshots/20261010-101245-6df50fd/loopgain_dyn_ff_27c_rbcs_i13000ua_c2200nf_e0mohm.spice	871abd82d42e55171fd8018926546dc78be666e84b807de77906d5fa3c6c71fd	klt sim --backend batch corners/20261010-101245-6df50fd/_batch/g01_loopgain_dyn_ff_27c_rbcs_i37500ua_c1000nf_e500mohm/request.json (batch_backend.py; corner mos_ff__res_bcs__cap_typ @ 27C)	6df50fd	ihp-sg13cmos5l	ngspice-46 (EDA batch fleet runner, klt 0.5.0)
psrr	psrr_dyn_ff_27c_rbcs_i13000ua_c2200nf_e0mohm	mos_ff	res_bcs	27	13000e-6	2200n	0	sim/ldo-cmos5l-pvt-sweep/netlist-snapshots/20261010-101245-6df50fd/psrr_dyn_ff_27c_rbcs_i13000ua_c2200nf_e0mohm.spice	87c4b9b0e3bd986df2eedc289d571cacb21efde6cc2152224986b77e61e02a67	klt sim --backend batch corners/20261010-101245-6df50fd/_batch/g04_psrr_dyn_ff_27c_rbcs_i37500ua_c1000nf_e500mohm/request.json (batch_backend.py; corner mos_ff__res_bcs__cap_typ @ 27C)	6df50fd	ihp-sg13cmos5l	ngspice-46 (EDA batch fleet runner, klt 0.5.0)
loopgain	loopgain_dyn_ff_27c_rbcs_i37500ua_c2200nf_e0mohm	mos_ff	res_bcs	27	37500e-6	2200n	0	sim/ldo-cmos5l-pvt-sweep/netlist-snapshots/20261010-101245-6df50fd/loopgain_dyn_ff_27c_rbcs_i37500ua_c2200nf_e0mohm.spice	ec8ebf2f9dca9564418cb9f92172e6f0de5c9efa1635559fab28816b6ce46012	klt sim --backend batch corners/20261010-101245-6df50fd/_batch/g01_loopgain_dyn_ff_27c_rbcs_i37500ua_c1000nf_e500mohm/request.json (batch_backend.py; corner mos_ff__res_bcs__cap_typ @ 27C)	6df50fd	ihp-sg13cmos5l	ngspice-46 (EDA batch fleet runner, klt 0.5.0)
psrr	psrr_dyn_ff_27c_rbcs_i37500ua_c2200nf_e0mohm	mos_ff	res_bcs	27	37500e-6	2200n	0	sim/ldo-cmos5l-pvt-sweep/netlist-snapshots/20261010-101245-6df50fd/psrr_dyn_ff_27c_rbcs_i37500ua_c2200nf_e0mohm.spice	2725ec2b5dced82c96a16c990dc1f55ed0a805f95cc0bd5376746912b56cbcff	klt sim --backend batch corners/20261010-101245-6df50fd/_batch/g04_psrr_dyn_ff_27c_rbcs_i37500ua_c1000nf_e500mohm/request.json (batch_backend.py; corner mos_ff__res_bcs__cap_typ @ 27C)	6df50fd	ihp-sg13cmos5l	ngspice-46 (EDA batch fleet runner, klt 0.5.0)
loopgain	loopgain_dyn_ff_27c_rbcs_i500ua_c2200nf_e250mohm	mos_ff	res_bcs	27	500e-6	2200n	250e-3	sim/ldo-cmos5l-pvt-sweep/netlist-snapshots/20261010-101245-6df50fd/loopgain_dyn_ff_27c_rbcs_i500ua_c2200nf_e250mohm.spice	88460db50ad82ba7e565abeb158636d619810a3a5f0b30dbb6354a640674ff1c	klt sim --backend batch corners/20261010-101245-6df50fd/_batch/g01_loopgain_dyn_ff_27c_rbcs_i37500ua_c1000nf_e500mohm/request.json (batch_backend.py; corner mos_ff__res_bcs__cap_typ @ 27C)	6df50fd	ihp-sg13cmos5l	ngspice-46 (EDA batch fleet runner, klt 0.5.0)
psrr	psrr_dyn_ff_27c_rbcs_i500ua_c2200nf_e250mohm	mos_ff	res_bcs	27	500e-6	2200n	250e-3	sim/ldo-cmos5l-pvt-sweep/netlist-snapshots/20261010-101245-6df50fd/psrr_dyn_ff_27c_rbcs_i500ua_c2200nf_e250mohm.spice	1ae25fc5bfb7abb82b813b79f99a8be2b8150132d9b19abf9e49a7b8aa2c51c6	klt sim --backend batch corners/20261010-101245-6df50fd/_batch/g04_psrr_dyn_ff_27c_rbcs_i37500ua_c1000nf_e500mohm/request.json (batch_backend.py; corner mos_ff__res_bcs__cap_typ @ 27C)	6df50fd	ihp-sg13cmos5l	ngspice-46 (EDA batch fleet runner, klt 0.5.0)
loopgain	loopgain_dyn_ff_27c_rbcs_i500ua_c2200nf_e500mohm	mos_ff	res_bcs	27	500e-6	2200n	500e-3	sim/ldo-cmos5l-pvt-sweep/netlist-snapshots/20261010-101245-6df50fd/loopgain_dyn_ff_27c_rbcs_i500ua_c2200nf_e500mohm.spice	c9bb72dd3feac8559009ab608bd800ea38559323c5017288c74edf5de9cf9125	klt sim --backend batch corners/20261010-101245-6df50fd/_batch/g01_loopgain_dyn_ff_27c_rbcs_i37500ua_c1000nf_e500mohm/request.json (batch_backend.py; corner mos_ff__res_bcs__cap_typ @ 27C)	6df50fd	ihp-sg13cmos5l	ngspice-46 (EDA batch fleet runner, klt 0.5.0)
psrr	psrr_dyn_ff_27c_rbcs_i500ua_c2200nf_e500mohm	mos_ff	res_bcs	27	500e-6	2200n	500e-3	sim/ldo-cmos5l-pvt-sweep/netlist-snapshots/20261010-101245-6df50fd/psrr_dyn_ff_27c_rbcs_i500ua_c2200nf_e500mohm.spice	9109c7cebe54b95c73afa2e3fe21ead369e75899e68a0520beebaf36b0d82575	klt sim --backend batch corners/20261010-101245-6df50fd/_batch/g04_psrr_dyn_ff_27c_rbcs_i37500ua_c1000nf_e500mohm/request.json (batch_backend.py; corner mos_ff__res_bcs__cap_typ @ 27C)	6df50fd	ihp-sg13cmos5l	ngspice-46 (EDA batch fleet runner, klt 0.5.0)
loopgain	loopgain_dyn_ff_27c_rbcs_i13000ua_c2200nf_e500mohm	mos_ff	res_bcs	27	13000e-6	2200n	500e-3	sim/ldo-cmos5l-pvt-sweep/netlist-snapshots/20261010-101245-6df50fd/loopgain_dyn_ff_27c_rbcs_i13000ua_c2200nf_e500mohm.spice	fbdd78c344ee32f39e09b56b3e833b2d44719f1a28f9db9d2d49a727b7e97cc5	klt sim --backend batch corners/20261010-101245-6df50fd/_batch/g01_loopgain_dyn_ff_27c_rbcs_i37500ua_c1000nf_e500mohm/request.json (batch_backend.py; corner mos_ff__res_bcs__cap_typ @ 27C)	6df50fd	ihp-sg13cmos5l	ngspice-46 (EDA batch fleet runner, klt 0.5.0)
psrr	psrr_dyn_ff_27c_rbcs_i13000ua_c2200nf_e500mohm	mos_ff	res_bcs	27	13000e-6	2200n	500e-3	sim/ldo-cmos5l-pvt-sweep/netlist-snapshots/20261010-101245-6df50fd/psrr_dyn_ff_27c_rbcs_i13000ua_c2200nf_e500mohm.spice	77240c9bd254937a5884da3d91a25ce89e3149dc208b2503ecfe4a700f5188f1	klt sim --backend batch corners/20261010-101245-6df50fd/_batch/g04_psrr_dyn_ff_27c_rbcs_i37500ua_c1000nf_e500mohm/request.json (batch_backend.py; corner mos_ff__res_bcs__cap_typ @ 27C)	6df50fd	ihp-sg13cmos5l	ngspice-46 (EDA batch fleet runner, klt 0.5.0)
loopgain	loopgain_dyn_ff_27c_rbcs_i37500ua_c2200nf_e500mohm	mos_ff	res_bcs	27	37500e-6	2200n	500e-3	sim/ldo-cmos5l-pvt-sweep/netlist-snapshots/20261010-101245-6df50fd/loopgain_dyn_ff_27c_rbcs_i37500ua_c2200nf_e500mohm.spice	44bc066b563931800e0d44554096811823bff32f21957dea14e5be4f70e3864c	klt sim --backend batch corners/20261010-101245-6df50fd/_batch/g01_loopgain_dyn_ff_27c_rbcs_i37500ua_c1000nf_e500mohm/request.json (batch_backend.py; corner mos_ff__res_bcs__cap_typ @ 27C)	6df50fd	ihp-sg13cmos5l	ngspice-46 (EDA batch fleet runner, klt 0.5.0)
psrr	psrr_dyn_ff_27c_rbcs_i37500ua_c2200nf_e500mohm	mos_ff	res_bcs	27	37500e-6	2200n	500e-3	sim/ldo-cmos5l-pvt-sweep/netlist-snapshots/20261010-101245-6df50fd/psrr_dyn_ff_27c_rbcs_i37500ua_c2200nf_e500mohm.spice	b67b31a23c4215ee05ed9f58544c1eca9feecdd0b2649ef16b9fe54410b5f8f0	klt sim --backend batch corners/20261010-101245-6df50fd/_batch/g04_psrr_dyn_ff_27c_rbcs_i37500ua_c1000nf_e500mohm/request.json (batch_backend.py; corner mos_ff__res_bcs__cap_typ @ 27C)	6df50fd	ihp-sg13cmos5l	ngspice-46 (EDA batch fleet runner, klt 0.5.0)
loopgain	loopgain_dyn_ff_27c_rbcs_i500ua_c4700nf_e0mohm	mos_ff	res_bcs	27	500e-6	4700n	0	sim/ldo-cmos5l-pvt-sweep/netlist-snapshots/20261010-101245-6df50fd/loopgain_dyn_ff_27c_rbcs_i500ua_c4700nf_e0mohm.spice	6a4550d9c977c9a89ab92091957a07ebe6c802f850e06cadc00c1fa86c6d5689	klt sim --backend batch corners/20261010-101245-6df50fd/_batch/g01_loopgain_dyn_ff_27c_rbcs_i37500ua_c1000nf_e500mohm/request.json (batch_backend.py; corner mos_ff__res_bcs__cap_typ @ 27C)	6df50fd	ihp-sg13cmos5l	ngspice-46 (EDA batch fleet runner, klt 0.5.0)
psrr	psrr_dyn_ff_27c_rbcs_i500ua_c4700nf_e0mohm	mos_ff	res_bcs	27	500e-6	4700n	0	sim/ldo-cmos5l-pvt-sweep/netlist-snapshots/20261010-101245-6df50fd/psrr_dyn_ff_27c_rbcs_i500ua_c4700nf_e0mohm.spice	7f47faee533339a2b0ccca34754f7b0681bd81f3b66b849c8d61fb452f6c0328	klt sim --backend batch corners/20261010-101245-6df50fd/_batch/g04_psrr_dyn_ff_27c_rbcs_i37500ua_c1000nf_e500mohm/request.json (batch_backend.py; corner mos_ff__res_bcs__cap_typ @ 27C)	6df50fd	ihp-sg13cmos5l	ngspice-46 (EDA batch fleet runner, klt 0.5.0)
loopgain	loopgain_dyn_ff_27c_rbcs_i13000ua_c4700nf_e0mohm	mos_ff	res_bcs	27	13000e-6	4700n	0	sim/ldo-cmos5l-pvt-sweep/netlist-snapshots/20261010-101245-6df50fd/loopgain_dyn_ff_27c_rbcs_i13000ua_c4700nf_e0mohm.spice	9cd8840295dae8ecff026b6e6b0ba043507a19bd76cc05fabe37dbe9dd18a353	klt sim --backend batch corners/20261010-101245-6df50fd/_batch/g01_loopgain_dyn_ff_27c_rbcs_i37500ua_c1000nf_e500mohm/request.json (batch_backend.py; corner mos_ff__res_bcs__cap_typ @ 27C)	6df50fd	ihp-sg13cmos5l	ngspice-46 (EDA batch fleet runner, klt 0.5.0)
psrr	psrr_dyn_ff_27c_rbcs_i13000ua_c4700nf_e0mohm	mos_ff	res_bcs	27	13000e-6	4700n	0	sim/ldo-cmos5l-pvt-sweep/netlist-snapshots/20261010-101245-6df50fd/psrr_dyn_ff_27c_rbcs_i13000ua_c4700nf_e0mohm.spice	33db77971788321423b45c09929a646f27380a4f5efbe737c0782034a01ecc31	klt sim --backend batch corners/20261010-101245-6df50fd/_batch/g04_psrr_dyn_ff_27c_rbcs_i37500ua_c1000nf_e500mohm/request.json (batch_backend.py; corner mos_ff__res_bcs__cap_typ @ 27C)	6df50fd	ihp-sg13cmos5l	ngspice-46 (EDA batch fleet runner, klt 0.5.0)
loopgain	loopgain_dyn_ff_27c_rbcs_i500ua_c4700nf_e250mohm	mos_ff	res_bcs	27	500e-6	4700n	250e-3	sim/ldo-cmos5l-pvt-sweep/netlist-snapshots/20261010-101245-6df50fd/loopgain_dyn_ff_27c_rbcs_i500ua_c4700nf_e250mohm.spice	20e2ae02bbe809762109fbb021a4ad9481887d0edb57dd68e4cc6d390b93734c	klt sim --backend batch corners/20261010-101245-6df50fd/_batch/g01_loopgain_dyn_ff_27c_rbcs_i37500ua_c1000nf_e500mohm/request.json (batch_backend.py; corner mos_ff__res_bcs__cap_typ @ 27C)	6df50fd	ihp-sg13cmos5l	ngspice-46 (EDA batch fleet runner, klt 0.5.0)
psrr	psrr_dyn_ff_27c_rbcs_i500ua_c4700nf_e250mohm	mos_ff	res_bcs	27	500e-6	4700n	250e-3	sim/ldo-cmos5l-pvt-sweep/netlist-snapshots/20261010-101245-6df50fd/psrr_dyn_ff_27c_rbcs_i500ua_c4700nf_e250mohm.spice	ccda684898fb7b15fa123b98a7a649f18e86d09afea1cc678ed5cd59c30a9063	klt sim --backend batch corners/20261010-101245-6df50fd/_batch/g04_psrr_dyn_ff_27c_rbcs_i37500ua_c1000nf_e500mohm/request.json (batch_backend.py; corner mos_ff__res_bcs__cap_typ @ 27C)	6df50fd	ihp-sg13cmos5l	ngspice-46 (EDA batch fleet runner, klt 0.5.0)
loopgain	loopgain_dyn_ff_27c_rbcs_i500ua_c4700nf_e500mohm	mos_ff	res_bcs	27	500e-6	4700n	500e-3	sim/ldo-cmos5l-pvt-sweep/netlist-snapshots/20261010-101245-6df50fd/loopgain_dyn_ff_27c_rbcs_i500ua_c4700nf_e500mohm.spice	c2622e881d53acc30bf40c7ef867e988c181e8f9e45845073a2b3c026eb3d58b	klt sim --backend batch corners/20261010-101245-6df50fd/_batch/g01_loopgain_dyn_ff_27c_rbcs_i37500ua_c1000nf_e500mohm/request.json (batch_backend.py; corner mos_ff__res_bcs__cap_typ @ 27C)	6df50fd	ihp-sg13cmos5l	ngspice-46 (EDA batch fleet runner, klt 0.5.0)
psrr	psrr_dyn_ff_27c_rbcs_i500ua_c4700nf_e500mohm	mos_ff	res_bcs	27	500e-6	4700n	500e-3	sim/ldo-cmos5l-pvt-sweep/netlist-snapshots/20261010-101245-6df50fd/psrr_dyn_ff_27c_rbcs_i500ua_c4700nf_e500mohm.spice	5f27516cfff5c24f1a7a2dbc56776ac60cc824b3a14f5de7e6012554de9eda01	klt sim --backend batch corners/20261010-101245-6df50fd/_batch/g04_psrr_dyn_ff_27c_rbcs_i37500ua_c1000nf_e500mohm/request.json (batch_backend.py; corner mos_ff__res_bcs__cap_typ @ 27C)	6df50fd	ihp-sg13cmos5l	ngspice-46 (EDA batch fleet runner, klt 0.5.0)
loopgain	loopgain_dyn_ff_27c_rbcs_i13000ua_c4700nf_e500mohm	mos_ff	res_bcs	27	13000e-6	4700n	500e-3	sim/ldo-cmos5l-pvt-sweep/netlist-snapshots/20261010-101245-6df50fd/loopgain_dyn_ff_27c_rbcs_i13000ua_c4700nf_e500mohm.spice	368be0e3cf1b1ef46711f15f05bc5b7bd4e43064cbab7c9d794042c122372887	klt sim --backend batch corners/20261010-101245-6df50fd/_batch/g01_loopgain_dyn_ff_27c_rbcs_i37500ua_c1000nf_e500mohm/request.json (batch_backend.py; corner mos_ff__res_bcs__cap_typ @ 27C)	6df50fd	ihp-sg13cmos5l	ngspice-46 (EDA batch fleet runner, klt 0.5.0)
psrr	psrr_dyn_ff_27c_rbcs_i13000ua_c4700nf_e500mohm	mos_ff	res_bcs	27	13000e-6	4700n	500e-3	sim/ldo-cmos5l-pvt-sweep/netlist-snapshots/20261010-101245-6df50fd/psrr_dyn_ff_27c_rbcs_i13000ua_c4700nf_e500mohm.spice	f06b3b6cc8301605c2372a3e24bb559a7372ef25387074ef4e334e90dcfa4300	klt sim --backend batch corners/20261010-101245-6df50fd/_batch/g04_psrr_dyn_ff_27c_rbcs_i37500ua_c1000nf_e500mohm/request.json (batch_backend.py; corner mos_ff__res_bcs__cap_typ @ 27C)	6df50fd	ihp-sg13cmos5l	ngspice-46 (EDA batch fleet runner, klt 0.5.0)
loopgain	loopgain_dyn_ff_27c_rbcs_i37500ua_c4700nf_e500mohm	mos_ff	res_bcs	27	37500e-6	4700n	500e-3	sim/ldo-cmos5l-pvt-sweep/netlist-snapshots/20261010-101245-6df50fd/loopgain_dyn_ff_27c_rbcs_i37500ua_c4700nf_e500mohm.spice	0bfe576a4ff99b05b704130fa076b45b791e5dd605d61b1453fe581f53d05c83	klt sim --backend batch corners/20261010-101245-6df50fd/_batch/g01_loopgain_dyn_ff_27c_rbcs_i37500ua_c1000nf_e500mohm/request.json (batch_backend.py; corner mos_ff__res_bcs__cap_typ @ 27C)	6df50fd	ihp-sg13cmos5l	ngspice-46 (EDA batch fleet runner, klt 0.5.0)
psrr	psrr_dyn_ff_27c_rbcs_i37500ua_c4700nf_e500mohm	mos_ff	res_bcs	27	37500e-6	4700n	500e-3	sim/ldo-cmos5l-pvt-sweep/netlist-snapshots/20261010-101245-6df50fd/psrr_dyn_ff_27c_rbcs_i37500ua_c4700nf_e500mohm.spice	19d00fc8b1e44ceb1227010c757ee08422adb4962850990e5e9973d594ed4156	klt sim --backend batch corners/20261010-101245-6df50fd/_batch/g04_psrr_dyn_ff_27c_rbcs_i37500ua_c1000nf_e500mohm/request.json (batch_backend.py; corner mos_ff__res_bcs__cap_typ @ 27C)	6df50fd	ihp-sg13cmos5l	ngspice-46 (EDA batch fleet runner, klt 0.5.0)
loopgain	loopgain_dyn_ff_27c_rbcs_i0ua_c665nf_e0mohm	mos_ff	res_bcs	27	0	665n	0	sim/ldo-cmos5l-pvt-sweep/netlist-snapshots/20261010-101245-6df50fd/loopgain_dyn_ff_27c_rbcs_i0ua_c665nf_e0mohm.spice	ac531421db9a551e72d58dfc663f50bab9076dec668260a53e7ecaaa4a3ca401	klt sim --backend batch corners/20261010-101245-6df50fd/_batch/g01_loopgain_dyn_ff_27c_rbcs_i37500ua_c1000nf_e500mohm/request.json (batch_backend.py; corner mos_ff__res_bcs__cap_typ @ 27C)	6df50fd	ihp-sg13cmos5l	ngspice-46 (EDA batch fleet runner, klt 0.5.0)
psrr	psrr_dyn_ff_27c_rbcs_i0ua_c665nf_e0mohm	mos_ff	res_bcs	27	0	665n	0	sim/ldo-cmos5l-pvt-sweep/netlist-snapshots/20261010-101245-6df50fd/psrr_dyn_ff_27c_rbcs_i0ua_c665nf_e0mohm.spice	9b3b12b2904a220ce21adf72514cc26f60e4884a771ba72ed667f4560a01377a	klt sim --backend batch corners/20261010-101245-6df50fd/_batch/g04_psrr_dyn_ff_27c_rbcs_i37500ua_c1000nf_e500mohm/request.json (batch_backend.py; corner mos_ff__res_bcs__cap_typ @ 27C)	6df50fd	ihp-sg13cmos5l	ngspice-46 (EDA batch fleet runner, klt 0.5.0)
loopgain	loopgain_dyn_ff_27c_rbcs_i0ua_c1600nf_e0mohm	mos_ff	res_bcs	27	0	1600n	0	sim/ldo-cmos5l-pvt-sweep/netlist-snapshots/20261010-101245-6df50fd/loopgain_dyn_ff_27c_rbcs_i0ua_c1600nf_e0mohm.spice	ceab2c7b1eeeb076dbc6de6b232aef5fd02d357c8f8e5be911d19c34615df464	klt sim --backend batch corners/20261010-101245-6df50fd/_batch/g01_loopgain_dyn_ff_27c_rbcs_i37500ua_c1000nf_e500mohm/request.json (batch_backend.py; corner mos_ff__res_bcs__cap_typ @ 27C)	6df50fd	ihp-sg13cmos5l	ngspice-46 (EDA batch fleet runner, klt 0.5.0)
psrr	psrr_dyn_ff_27c_rbcs_i0ua_c1600nf_e0mohm	mos_ff	res_bcs	27	0	1600n	0	sim/ldo-cmos5l-pvt-sweep/netlist-snapshots/20261010-101245-6df50fd/psrr_dyn_ff_27c_rbcs_i0ua_c1600nf_e0mohm.spice	0e218e5185a889140ad8147362ee670d572f44f24af4b3f1f509a67c8d06195c	klt sim --backend batch corners/20261010-101245-6df50fd/_batch/g04_psrr_dyn_ff_27c_rbcs_i37500ua_c1000nf_e500mohm/request.json (batch_backend.py; corner mos_ff__res_bcs__cap_typ @ 27C)	6df50fd	ihp-sg13cmos5l	ngspice-46 (EDA batch fleet runner, klt 0.5.0)
loopgain	loopgain_dyn_ff_27c_rbcs_i0ua_c3450nf_e0mohm	mos_ff	res_bcs	27	0	3450n	0	sim/ldo-cmos5l-pvt-sweep/netlist-snapshots/20261010-101245-6df50fd/loopgain_dyn_ff_27c_rbcs_i0ua_c3450nf_e0mohm.spice	595d2ba977ce15be9721f25ee31088598da81cf8c615a62f6caac5912b12854f	klt sim --backend batch corners/20261010-101245-6df50fd/_batch/g01_loopgain_dyn_ff_27c_rbcs_i37500ua_c1000nf_e500mohm/request.json (batch_backend.py; corner mos_ff__res_bcs__cap_typ @ 27C)	6df50fd	ihp-sg13cmos5l	ngspice-46 (EDA batch fleet runner, klt 0.5.0)
psrr	psrr_dyn_ff_27c_rbcs_i0ua_c3450nf_e0mohm	mos_ff	res_bcs	27	0	3450n	0	sim/ldo-cmos5l-pvt-sweep/netlist-snapshots/20261010-101245-6df50fd/psrr_dyn_ff_27c_rbcs_i0ua_c3450nf_e0mohm.spice	f6bb75ceee1c3271253a233d795a0b9ef35c814d793eda5694c310c846f474b3	klt sim --backend batch corners/20261010-101245-6df50fd/_batch/g04_psrr_dyn_ff_27c_rbcs_i37500ua_c1000nf_e500mohm/request.json (batch_backend.py; corner mos_ff__res_bcs__cap_typ @ 27C)	6df50fd	ihp-sg13cmos5l	ngspice-46 (EDA batch fleet runner, klt 0.5.0)
loopgain	loopgain_dyn_ff_27c_rbcs_i0ua_c665nf_e250mohm	mos_ff	res_bcs	27	0	665n	250e-3	sim/ldo-cmos5l-pvt-sweep/netlist-snapshots/20261010-101245-6df50fd/loopgain_dyn_ff_27c_rbcs_i0ua_c665nf_e250mohm.spice	8d9bc17cbceb3bfbd19aebff17ce02ab06a2d2e11af3396115cf904b6a4b3426	klt sim --backend batch corners/20261010-101245-6df50fd/_batch/g01_loopgain_dyn_ff_27c_rbcs_i37500ua_c1000nf_e500mohm/request.json (batch_backend.py; corner mos_ff__res_bcs__cap_typ @ 27C)	6df50fd	ihp-sg13cmos5l	ngspice-46 (EDA batch fleet runner, klt 0.5.0)
psrr	psrr_dyn_ff_27c_rbcs_i0ua_c665nf_e250mohm	mos_ff	res_bcs	27	0	665n	250e-3	sim/ldo-cmos5l-pvt-sweep/netlist-snapshots/20261010-101245-6df50fd/psrr_dyn_ff_27c_rbcs_i0ua_c665nf_e250mohm.spice	b9e8ba8e3897b9e2b3c0ec8647db47f3c05311f8fb2efbf7aa227f2d98e225e0	klt sim --backend batch corners/20261010-101245-6df50fd/_batch/g04_psrr_dyn_ff_27c_rbcs_i37500ua_c1000nf_e500mohm/request.json (batch_backend.py; corner mos_ff__res_bcs__cap_typ @ 27C)	6df50fd	ihp-sg13cmos5l	ngspice-46 (EDA batch fleet runner, klt 0.5.0)
loopgain	loopgain_dyn_ff_27c_rbcs_i0ua_c1600nf_e250mohm	mos_ff	res_bcs	27	0	1600n	250e-3	sim/ldo-cmos5l-pvt-sweep/netlist-snapshots/20261010-101245-6df50fd/loopgain_dyn_ff_27c_rbcs_i0ua_c1600nf_e250mohm.spice	33956d85b568642d0dc525c4075e5452d0a205259d8dc355b980fe62f5f7fa2d	klt sim --backend batch corners/20261010-101245-6df50fd/_batch/g01_loopgain_dyn_ff_27c_rbcs_i37500ua_c1000nf_e500mohm/request.json (batch_backend.py; corner mos_ff__res_bcs__cap_typ @ 27C)	6df50fd	ihp-sg13cmos5l	ngspice-46 (EDA batch fleet runner, klt 0.5.0)
psrr	psrr_dyn_ff_27c_rbcs_i0ua_c1600nf_e250mohm	mos_ff	res_bcs	27	0	1600n	250e-3	sim/ldo-cmos5l-pvt-sweep/netlist-snapshots/20261010-101245-6df50fd/psrr_dyn_ff_27c_rbcs_i0ua_c1600nf_e250mohm.spice	2bd10909a2537cd904136ebb26db66dff101cdd2c6613b6841b660074d6d9678	klt sim --backend batch corners/20261010-101245-6df50fd/_batch/g04_psrr_dyn_ff_27c_rbcs_i37500ua_c1000nf_e500mohm/request.json (batch_backend.py; corner mos_ff__res_bcs__cap_typ @ 27C)	6df50fd	ihp-sg13cmos5l	ngspice-46 (EDA batch fleet runner, klt 0.5.0)
loopgain	loopgain_dyn_ff_27c_rbcs_i0ua_c3450nf_e250mohm	mos_ff	res_bcs	27	0	3450n	250e-3	sim/ldo-cmos5l-pvt-sweep/netlist-snapshots/20261010-101245-6df50fd/loopgain_dyn_ff_27c_rbcs_i0ua_c3450nf_e250mohm.spice	73e7b47d238e4620aa147769cbe620ca034205eaca33e5b90b06d947af7ddbb7	klt sim --backend batch corners/20261010-101245-6df50fd/_batch/g01_loopgain_dyn_ff_27c_rbcs_i37500ua_c1000nf_e500mohm/request.json (batch_backend.py; corner mos_ff__res_bcs__cap_typ @ 27C)	6df50fd	ihp-sg13cmos5l	ngspice-46 (EDA batch fleet runner, klt 0.5.0)
psrr	psrr_dyn_ff_27c_rbcs_i0ua_c3450nf_e250mohm	mos_ff	res_bcs	27	0	3450n	250e-3	sim/ldo-cmos5l-pvt-sweep/netlist-snapshots/20261010-101245-6df50fd/psrr_dyn_ff_27c_rbcs_i0ua_c3450nf_e250mohm.spice	9c74ad9b19ff34cad09fe292f2944a80b3950fef6e5f7f943dc0d665c5f32731	klt sim --backend batch corners/20261010-101245-6df50fd/_batch/g04_psrr_dyn_ff_27c_rbcs_i37500ua_c1000nf_e500mohm/request.json (batch_backend.py; corner mos_ff__res_bcs__cap_typ @ 27C)	6df50fd	ihp-sg13cmos5l	ngspice-46 (EDA batch fleet runner, klt 0.5.0)
loopgain	loopgain_dyn_ff_27c_rbcs_i0ua_c665nf_e500mohm	mos_ff	res_bcs	27	0	665n	500e-3	sim/ldo-cmos5l-pvt-sweep/netlist-snapshots/20261010-101245-6df50fd/loopgain_dyn_ff_27c_rbcs_i0ua_c665nf_e500mohm.spice	026de3c131e2f3cff212617f0535bb084f77b7a4aa065191b7b1d3fceeafa364	klt sim --backend batch corners/20261010-101245-6df50fd/_batch/g01_loopgain_dyn_ff_27c_rbcs_i37500ua_c1000nf_e500mohm/request.json (batch_backend.py; corner mos_ff__res_bcs__cap_typ @ 27C)	6df50fd	ihp-sg13cmos5l	ngspice-46 (EDA batch fleet runner, klt 0.5.0)
psrr	psrr_dyn_ff_27c_rbcs_i0ua_c665nf_e500mohm	mos_ff	res_bcs	27	0	665n	500e-3	sim/ldo-cmos5l-pvt-sweep/netlist-snapshots/20261010-101245-6df50fd/psrr_dyn_ff_27c_rbcs_i0ua_c665nf_e500mohm.spice	e9c4948005655cb74a0a144250d6b49b7049ef7d04d615e9cfff75b21e96a574	klt sim --backend batch corners/20261010-101245-6df50fd/_batch/g04_psrr_dyn_ff_27c_rbcs_i37500ua_c1000nf_e500mohm/request.json (batch_backend.py; corner mos_ff__res_bcs__cap_typ @ 27C)	6df50fd	ihp-sg13cmos5l	ngspice-46 (EDA batch fleet runner, klt 0.5.0)
loopgain	loopgain_dyn_ff_27c_rbcs_i0ua_c1600nf_e500mohm	mos_ff	res_bcs	27	0	1600n	500e-3	sim/ldo-cmos5l-pvt-sweep/netlist-snapshots/20261010-101245-6df50fd/loopgain_dyn_ff_27c_rbcs_i0ua_c1600nf_e500mohm.spice	22d8b78f6faaaa8374529ed0de47095184665f30717fa50a07bf0e7276de53fd	klt sim --backend batch corners/20261010-101245-6df50fd/_batch/g01_loopgain_dyn_ff_27c_rbcs_i37500ua_c1000nf_e500mohm/request.json (batch_backend.py; corner mos_ff__res_bcs__cap_typ @ 27C)	6df50fd	ihp-sg13cmos5l	ngspice-46 (EDA batch fleet runner, klt 0.5.0)
psrr	psrr_dyn_ff_27c_rbcs_i0ua_c1600nf_e500mohm	mos_ff	res_bcs	27	0	1600n	500e-3	sim/ldo-cmos5l-pvt-sweep/netlist-snapshots/20261010-101245-6df50fd/psrr_dyn_ff_27c_rbcs_i0ua_c1600nf_e500mohm.spice	a36a0c2b503116599c089e7e53632f2af60972c2e47ceede5e855ba183c647b5	klt sim --backend batch corners/20261010-101245-6df50fd/_batch/g04_psrr_dyn_ff_27c_rbcs_i37500ua_c1000nf_e500mohm/request.json (batch_backend.py; corner mos_ff__res_bcs__cap_typ @ 27C)	6df50fd	ihp-sg13cmos5l	ngspice-46 (EDA batch fleet runner, klt 0.5.0)
loopgain	loopgain_dyn_ff_27c_rbcs_i0ua_c3450nf_e500mohm	mos_ff	res_bcs	27	0	3450n	500e-3	sim/ldo-cmos5l-pvt-sweep/netlist-snapshots/20261010-101245-6df50fd/loopgain_dyn_ff_27c_rbcs_i0ua_c3450nf_e500mohm.spice	42bf5e99e1029a4d3ad1278a121f8788e8e55765c07f5ce152a2ebfe82083955	klt sim --backend batch corners/20261010-101245-6df50fd/_batch/g01_loopgain_dyn_ff_27c_rbcs_i37500ua_c1000nf_e500mohm/request.json (batch_backend.py; corner mos_ff__res_bcs__cap_typ @ 27C)	6df50fd	ihp-sg13cmos5l	ngspice-46 (EDA batch fleet runner, klt 0.5.0)
psrr	psrr_dyn_ff_27c_rbcs_i0ua_c3450nf_e500mohm	mos_ff	res_bcs	27	0	3450n	500e-3	sim/ldo-cmos5l-pvt-sweep/netlist-snapshots/20261010-101245-6df50fd/psrr_dyn_ff_27c_rbcs_i0ua_c3450nf_e500mohm.spice	76bcdc77ca22a53b38c6ad98dd618593c61fb7b198e5d68d17e464984a608854	klt sim --backend batch corners/20261010-101245-6df50fd/_batch/g04_psrr_dyn_ff_27c_rbcs_i37500ua_c1000nf_e500mohm/request.json (batch_backend.py; corner mos_ff__res_bcs__cap_typ @ 27C)	6df50fd	ihp-sg13cmos5l	ngspice-46 (EDA batch fleet runner, klt 0.5.0)
loopgain	loopgain_dyn_ff_27c_rbcs_i1000ua_c3450nf_e0mohm	mos_ff	res_bcs	27	1000e-6	3450n	0	sim/ldo-cmos5l-pvt-sweep/netlist-snapshots/20261010-101245-6df50fd/loopgain_dyn_ff_27c_rbcs_i1000ua_c3450nf_e0mohm.spice	df2870a523c2310f5a8754f849a7805ad375afd6c9f25c6a2e71b5d37dc6f6df	klt sim --backend batch corners/20261010-101245-6df50fd/_batch/g01_loopgain_dyn_ff_27c_rbcs_i37500ua_c1000nf_e500mohm/request.json (batch_backend.py; corner mos_ff__res_bcs__cap_typ @ 27C)	6df50fd	ihp-sg13cmos5l	ngspice-46 (EDA batch fleet runner, klt 0.5.0)
psrr	psrr_dyn_ff_27c_rbcs_i1000ua_c3450nf_e0mohm	mos_ff	res_bcs	27	1000e-6	3450n	0	sim/ldo-cmos5l-pvt-sweep/netlist-snapshots/20261010-101245-6df50fd/psrr_dyn_ff_27c_rbcs_i1000ua_c3450nf_e0mohm.spice	aa06c28cb1938db8d0504328f155744413a842566b75773da3b4e600efcd7e9f	klt sim --backend batch corners/20261010-101245-6df50fd/_batch/g04_psrr_dyn_ff_27c_rbcs_i37500ua_c1000nf_e500mohm/request.json (batch_backend.py; corner mos_ff__res_bcs__cap_typ @ 27C)	6df50fd	ihp-sg13cmos5l	ngspice-46 (EDA batch fleet runner, klt 0.5.0)
loopgain	loopgain_dyn_ff_27c_rbcs_i25000ua_c665nf_e0mohm	mos_ff	res_bcs	27	25000e-6	665n	0	sim/ldo-cmos5l-pvt-sweep/netlist-snapshots/20261010-101245-6df50fd/loopgain_dyn_ff_27c_rbcs_i25000ua_c665nf_e0mohm.spice	c272d408984779904f01062378461335df605f18333e0fad1614193f4a8c002e	klt sim --backend batch corners/20261010-101245-6df50fd/_batch/g01_loopgain_dyn_ff_27c_rbcs_i37500ua_c1000nf_e500mohm/request.json (batch_backend.py; corner mos_ff__res_bcs__cap_typ @ 27C)	6df50fd	ihp-sg13cmos5l	ngspice-46 (EDA batch fleet runner, klt 0.5.0)
psrr	psrr_dyn_ff_27c_rbcs_i25000ua_c665nf_e0mohm	mos_ff	res_bcs	27	25000e-6	665n	0	sim/ldo-cmos5l-pvt-sweep/netlist-snapshots/20261010-101245-6df50fd/psrr_dyn_ff_27c_rbcs_i25000ua_c665nf_e0mohm.spice	f2eb335ebd2cdb8bb5326ff905f2672cc5b316e2566c08db069541eaa5fd01b1	klt sim --backend batch corners/20261010-101245-6df50fd/_batch/g04_psrr_dyn_ff_27c_rbcs_i37500ua_c1000nf_e500mohm/request.json (batch_backend.py; corner mos_ff__res_bcs__cap_typ @ 27C)	6df50fd	ihp-sg13cmos5l	ngspice-46 (EDA batch fleet runner, klt 0.5.0)
loopgain	loopgain_dyn_ff_27c_rbcs_i50000ua_c665nf_e0mohm	mos_ff	res_bcs	27	50000e-6	665n	0	sim/ldo-cmos5l-pvt-sweep/netlist-snapshots/20261010-101245-6df50fd/loopgain_dyn_ff_27c_rbcs_i50000ua_c665nf_e0mohm.spice	727343d8348e1f6581a0ce21e2c0af2470465b4bf17198a3fa1ca937cbdaafd8	klt sim --backend batch corners/20261010-101245-6df50fd/_batch/g01_loopgain_dyn_ff_27c_rbcs_i37500ua_c1000nf_e500mohm/request.json (batch_backend.py; corner mos_ff__res_bcs__cap_typ @ 27C)	6df50fd	ihp-sg13cmos5l	ngspice-46 (EDA batch fleet runner, klt 0.5.0)
psrr	psrr_dyn_ff_27c_rbcs_i50000ua_c665nf_e0mohm	mos_ff	res_bcs	27	50000e-6	665n	0	sim/ldo-cmos5l-pvt-sweep/netlist-snapshots/20261010-101245-6df50fd/psrr_dyn_ff_27c_rbcs_i50000ua_c665nf_e0mohm.spice	e34e9ad5e1215e6fabf1a0f55db1385ded5d211445ea83520b99435926804390	klt sim --backend batch corners/20261010-101245-6df50fd/_batch/g04_psrr_dyn_ff_27c_rbcs_i37500ua_c1000nf_e500mohm/request.json (batch_backend.py; corner mos_ff__res_bcs__cap_typ @ 27C)	6df50fd	ihp-sg13cmos5l	ngspice-46 (EDA batch fleet runner, klt 0.5.0)
loopgain	loopgain_dyn_ff_27c_rbcs_i50000ua_c665nf_e250mohm	mos_ff	res_bcs	27	50000e-6	665n	250e-3	sim/ldo-cmos5l-pvt-sweep/netlist-snapshots/20261010-101245-6df50fd/loopgain_dyn_ff_27c_rbcs_i50000ua_c665nf_e250mohm.spice	15db8489a9cfa01a85f0d867b18025852d61bf23a0e9c637954e81c3990e13ad	klt sim --backend batch corners/20261010-101245-6df50fd/_batch/g01_loopgain_dyn_ff_27c_rbcs_i37500ua_c1000nf_e500mohm/request.json (batch_backend.py; corner mos_ff__res_bcs__cap_typ @ 27C)	6df50fd	ihp-sg13cmos5l	ngspice-46 (EDA batch fleet runner, klt 0.5.0)
psrr	psrr_dyn_ff_27c_rbcs_i50000ua_c665nf_e250mohm	mos_ff	res_bcs	27	50000e-6	665n	250e-3	sim/ldo-cmos5l-pvt-sweep/netlist-snapshots/20261010-101245-6df50fd/psrr_dyn_ff_27c_rbcs_i50000ua_c665nf_e250mohm.spice	e3f8ae9bd9b154d6b6316abadc78b6fa97c6582d8576225554d1ccf8dc04e4e6	klt sim --backend batch corners/20261010-101245-6df50fd/_batch/g04_psrr_dyn_ff_27c_rbcs_i37500ua_c1000nf_e500mohm/request.json (batch_backend.py; corner mos_ff__res_bcs__cap_typ @ 27C)	6df50fd	ihp-sg13cmos5l	ngspice-46 (EDA batch fleet runner, klt 0.5.0)
loopgain	loopgain_dyn_ff_27c_rbcs_i0ua_c330nf_e125mohm	mos_ff	res_bcs	27	0	330n	125e-3	sim/ldo-cmos5l-pvt-sweep/netlist-snapshots/20261010-101245-6df50fd/loopgain_dyn_ff_27c_rbcs_i0ua_c330nf_e125mohm.spice	2bd4895b1685cd3dcbdba13e1b7dc5c975e59a994136ff3c40217df2d713ffae	klt sim --backend batch corners/20261010-101245-6df50fd/_batch/g01_loopgain_dyn_ff_27c_rbcs_i37500ua_c1000nf_e500mohm/request.json (batch_backend.py; corner mos_ff__res_bcs__cap_typ @ 27C)	6df50fd	ihp-sg13cmos5l	ngspice-46 (EDA batch fleet runner, klt 0.5.0)
psrr	psrr_dyn_ff_27c_rbcs_i0ua_c330nf_e125mohm	mos_ff	res_bcs	27	0	330n	125e-3	sim/ldo-cmos5l-pvt-sweep/netlist-snapshots/20261010-101245-6df50fd/psrr_dyn_ff_27c_rbcs_i0ua_c330nf_e125mohm.spice	03dbe6a652c80fa7e88e0e68d584c5c6e8c694415d96c636d28d30ba12b6a193	klt sim --backend batch corners/20261010-101245-6df50fd/_batch/g04_psrr_dyn_ff_27c_rbcs_i37500ua_c1000nf_e500mohm/request.json (batch_backend.py; corner mos_ff__res_bcs__cap_typ @ 27C)	6df50fd	ihp-sg13cmos5l	ngspice-46 (EDA batch fleet runner, klt 0.5.0)
loopgain	loopgain_dyn_ff_27c_rbcs_i0ua_c330nf_e375mohm	mos_ff	res_bcs	27	0	330n	375e-3	sim/ldo-cmos5l-pvt-sweep/netlist-snapshots/20261010-101245-6df50fd/loopgain_dyn_ff_27c_rbcs_i0ua_c330nf_e375mohm.spice	e6b38bd6487a44c5c45047604c1c689103e0c1efc438b7db08d5d5b8a8dd09a4	klt sim --backend batch corners/20261010-101245-6df50fd/_batch/g01_loopgain_dyn_ff_27c_rbcs_i37500ua_c1000nf_e500mohm/request.json (batch_backend.py; corner mos_ff__res_bcs__cap_typ @ 27C)	6df50fd	ihp-sg13cmos5l	ngspice-46 (EDA batch fleet runner, klt 0.5.0)
psrr	psrr_dyn_ff_27c_rbcs_i0ua_c330nf_e375mohm	mos_ff	res_bcs	27	0	330n	375e-3	sim/ldo-cmos5l-pvt-sweep/netlist-snapshots/20261010-101245-6df50fd/psrr_dyn_ff_27c_rbcs_i0ua_c330nf_e375mohm.spice	6a2e1d9cf42cd6eb4a74ca51ee3d3847e5108cd09439f543b7b121a4b5e19f28	klt sim --backend batch corners/20261010-101245-6df50fd/_batch/g04_psrr_dyn_ff_27c_rbcs_i37500ua_c1000nf_e500mohm/request.json (batch_backend.py; corner mos_ff__res_bcs__cap_typ @ 27C)	6df50fd	ihp-sg13cmos5l	ngspice-46 (EDA batch fleet runner, klt 0.5.0)
loopgain	loopgain_dyn_ff_27c_rbcs_i0ua_c1000nf_e125mohm	mos_ff	res_bcs	27	0	1000n	125e-3	sim/ldo-cmos5l-pvt-sweep/netlist-snapshots/20261010-101245-6df50fd/loopgain_dyn_ff_27c_rbcs_i0ua_c1000nf_e125mohm.spice	34981fd507d97cf72f655b2db50d8abc805033879b31d302f24a680554ce533a	klt sim --backend batch corners/20261010-101245-6df50fd/_batch/g01_loopgain_dyn_ff_27c_rbcs_i37500ua_c1000nf_e500mohm/request.json (batch_backend.py; corner mos_ff__res_bcs__cap_typ @ 27C)	6df50fd	ihp-sg13cmos5l	ngspice-46 (EDA batch fleet runner, klt 0.5.0)
psrr	psrr_dyn_ff_27c_rbcs_i0ua_c1000nf_e125mohm	mos_ff	res_bcs	27	0	1000n	125e-3	sim/ldo-cmos5l-pvt-sweep/netlist-snapshots/20261010-101245-6df50fd/psrr_dyn_ff_27c_rbcs_i0ua_c1000nf_e125mohm.spice	0b698d7c6bb451b2fe2b87b01b4b0ba915311e54ea05682b99ed1630265035f7	klt sim --backend batch corners/20261010-101245-6df50fd/_batch/g04_psrr_dyn_ff_27c_rbcs_i37500ua_c1000nf_e500mohm/request.json (batch_backend.py; corner mos_ff__res_bcs__cap_typ @ 27C)	6df50fd	ihp-sg13cmos5l	ngspice-46 (EDA batch fleet runner, klt 0.5.0)
loopgain	loopgain_dyn_ff_27c_rbcs_i0ua_c1000nf_e375mohm	mos_ff	res_bcs	27	0	1000n	375e-3	sim/ldo-cmos5l-pvt-sweep/netlist-snapshots/20261010-101245-6df50fd/loopgain_dyn_ff_27c_rbcs_i0ua_c1000nf_e375mohm.spice	08cc1e2783a38d569365e91a5a359cffb71b649e81247586fd6da47e18bc4d46	klt sim --backend batch corners/20261010-101245-6df50fd/_batch/g01_loopgain_dyn_ff_27c_rbcs_i37500ua_c1000nf_e500mohm/request.json (batch_backend.py; corner mos_ff__res_bcs__cap_typ @ 27C)	6df50fd	ihp-sg13cmos5l	ngspice-46 (EDA batch fleet runner, klt 0.5.0)
psrr	psrr_dyn_ff_27c_rbcs_i0ua_c1000nf_e375mohm	mos_ff	res_bcs	27	0	1000n	375e-3	sim/ldo-cmos5l-pvt-sweep/netlist-snapshots/20261010-101245-6df50fd/psrr_dyn_ff_27c_rbcs_i0ua_c1000nf_e375mohm.spice	c20efe84a5e0fe5a2a89e5e6e1c9ae61de1c90f44af6fc6e34fb38c6ee48f215	klt sim --backend batch corners/20261010-101245-6df50fd/_batch/g04_psrr_dyn_ff_27c_rbcs_i37500ua_c1000nf_e500mohm/request.json (batch_backend.py; corner mos_ff__res_bcs__cap_typ @ 27C)	6df50fd	ihp-sg13cmos5l	ngspice-46 (EDA batch fleet runner, klt 0.5.0)
loopgain	loopgain_dyn_ff_27c_rbcs_i0ua_c2200nf_e125mohm	mos_ff	res_bcs	27	0	2200n	125e-3	sim/ldo-cmos5l-pvt-sweep/netlist-snapshots/20261010-101245-6df50fd/loopgain_dyn_ff_27c_rbcs_i0ua_c2200nf_e125mohm.spice	9b526feffcbbca9fc36dbecdfca88d9ac22fb01b301bc80ea8f90b17cef23466	klt sim --backend batch corners/20261010-101245-6df50fd/_batch/g01_loopgain_dyn_ff_27c_rbcs_i37500ua_c1000nf_e500mohm/request.json (batch_backend.py; corner mos_ff__res_bcs__cap_typ @ 27C)	6df50fd	ihp-sg13cmos5l	ngspice-46 (EDA batch fleet runner, klt 0.5.0)
psrr	psrr_dyn_ff_27c_rbcs_i0ua_c2200nf_e125mohm	mos_ff	res_bcs	27	0	2200n	125e-3	sim/ldo-cmos5l-pvt-sweep/netlist-snapshots/20261010-101245-6df50fd/psrr_dyn_ff_27c_rbcs_i0ua_c2200nf_e125mohm.spice	8666af26351577c9e2d2c81ae5c1e8257353c818978aa1ff3b6d3d23a8470334	klt sim --backend batch corners/20261010-101245-6df50fd/_batch/g04_psrr_dyn_ff_27c_rbcs_i37500ua_c1000nf_e500mohm/request.json (batch_backend.py; corner mos_ff__res_bcs__cap_typ @ 27C)	6df50fd	ihp-sg13cmos5l	ngspice-46 (EDA batch fleet runner, klt 0.5.0)
loopgain	loopgain_dyn_ff_27c_rbcs_i0ua_c2200nf_e375mohm	mos_ff	res_bcs	27	0	2200n	375e-3	sim/ldo-cmos5l-pvt-sweep/netlist-snapshots/20261010-101245-6df50fd/loopgain_dyn_ff_27c_rbcs_i0ua_c2200nf_e375mohm.spice	4376b165fafe50c76fb2ebb1b8bac09973e866e1e6623860940abffc4b8e87bb	klt sim --backend batch corners/20261010-101245-6df50fd/_batch/g01_loopgain_dyn_ff_27c_rbcs_i37500ua_c1000nf_e500mohm/request.json (batch_backend.py; corner mos_ff__res_bcs__cap_typ @ 27C)	6df50fd	ihp-sg13cmos5l	ngspice-46 (EDA batch fleet runner, klt 0.5.0)
psrr	psrr_dyn_ff_27c_rbcs_i0ua_c2200nf_e375mohm	mos_ff	res_bcs	27	0	2200n	375e-3	sim/ldo-cmos5l-pvt-sweep/netlist-snapshots/20261010-101245-6df50fd/psrr_dyn_ff_27c_rbcs_i0ua_c2200nf_e375mohm.spice	529a5c2f1ef6b2953e3c8e0681e3c267e803fe08ab4a93611d47c5e52797d98e	klt sim --backend batch corners/20261010-101245-6df50fd/_batch/g04_psrr_dyn_ff_27c_rbcs_i37500ua_c1000nf_e500mohm/request.json (batch_backend.py; corner mos_ff__res_bcs__cap_typ @ 27C)	6df50fd	ihp-sg13cmos5l	ngspice-46 (EDA batch fleet runner, klt 0.5.0)
loopgain	loopgain_dyn_ff_27c_rbcs_i0ua_c4700nf_e125mohm	mos_ff	res_bcs	27	0	4700n	125e-3	sim/ldo-cmos5l-pvt-sweep/netlist-snapshots/20261010-101245-6df50fd/loopgain_dyn_ff_27c_rbcs_i0ua_c4700nf_e125mohm.spice	2635cf50673b7d97875eb5e509ba216571fb3e0844be28d38f82b82c8955982b	klt sim --backend batch corners/20261010-101245-6df50fd/_batch/g01_loopgain_dyn_ff_27c_rbcs_i37500ua_c1000nf_e500mohm/request.json (batch_backend.py; corner mos_ff__res_bcs__cap_typ @ 27C)	6df50fd	ihp-sg13cmos5l	ngspice-46 (EDA batch fleet runner, klt 0.5.0)
psrr	psrr_dyn_ff_27c_rbcs_i0ua_c4700nf_e125mohm	mos_ff	res_bcs	27	0	4700n	125e-3	sim/ldo-cmos5l-pvt-sweep/netlist-snapshots/20261010-101245-6df50fd/psrr_dyn_ff_27c_rbcs_i0ua_c4700nf_e125mohm.spice	1575932c40ae73995fb357b4676d018fb9d163e3b3d50f48912808c802b1fd5c	klt sim --backend batch corners/20261010-101245-6df50fd/_batch/g04_psrr_dyn_ff_27c_rbcs_i37500ua_c1000nf_e500mohm/request.json (batch_backend.py; corner mos_ff__res_bcs__cap_typ @ 27C)	6df50fd	ihp-sg13cmos5l	ngspice-46 (EDA batch fleet runner, klt 0.5.0)
loopgain	loopgain_dyn_ff_27c_rbcs_i0ua_c4700nf_e375mohm	mos_ff	res_bcs	27	0	4700n	375e-3	sim/ldo-cmos5l-pvt-sweep/netlist-snapshots/20261010-101245-6df50fd/loopgain_dyn_ff_27c_rbcs_i0ua_c4700nf_e375mohm.spice	c24bda0ac42a49b9acb0d3582064856d22ce0d239712f854368996e523513487	klt sim --backend batch corners/20261010-101245-6df50fd/_batch/g01_loopgain_dyn_ff_27c_rbcs_i37500ua_c1000nf_e500mohm/request.json (batch_backend.py; corner mos_ff__res_bcs__cap_typ @ 27C)	6df50fd	ihp-sg13cmos5l	ngspice-46 (EDA batch fleet runner, klt 0.5.0)
psrr	psrr_dyn_ff_27c_rbcs_i0ua_c4700nf_e375mohm	mos_ff	res_bcs	27	0	4700n	375e-3	sim/ldo-cmos5l-pvt-sweep/netlist-snapshots/20261010-101245-6df50fd/psrr_dyn_ff_27c_rbcs_i0ua_c4700nf_e375mohm.spice	1bdf4e6182490657a5e956212ae09f627a981d2bdc17d3efa5577b914e62f227	klt sim --backend batch corners/20261010-101245-6df50fd/_batch/g04_psrr_dyn_ff_27c_rbcs_i37500ua_c1000nf_e500mohm/request.json (batch_backend.py; corner mos_ff__res_bcs__cap_typ @ 27C)	6df50fd	ihp-sg13cmos5l	ngspice-46 (EDA batch fleet runner, klt 0.5.0)
loopgain	loopgain_dyn_ff_27c_rbcs_i1000ua_c4700nf_e125mohm	mos_ff	res_bcs	27	1000e-6	4700n	125e-3	sim/ldo-cmos5l-pvt-sweep/netlist-snapshots/20261010-101245-6df50fd/loopgain_dyn_ff_27c_rbcs_i1000ua_c4700nf_e125mohm.spice	0e01bf6f5c69665989e94e348d97cf725572b566d461356ceff24aa795b8934f	klt sim --backend batch corners/20261010-101245-6df50fd/_batch/g01_loopgain_dyn_ff_27c_rbcs_i37500ua_c1000nf_e500mohm/request.json (batch_backend.py; corner mos_ff__res_bcs__cap_typ @ 27C)	6df50fd	ihp-sg13cmos5l	ngspice-46 (EDA batch fleet runner, klt 0.5.0)
psrr	psrr_dyn_ff_27c_rbcs_i1000ua_c4700nf_e125mohm	mos_ff	res_bcs	27	1000e-6	4700n	125e-3	sim/ldo-cmos5l-pvt-sweep/netlist-snapshots/20261010-101245-6df50fd/psrr_dyn_ff_27c_rbcs_i1000ua_c4700nf_e125mohm.spice	005d4dce203017482dcf0777916612a15e9dbab6ecae29b17ae29674a59f9c43	klt sim --backend batch corners/20261010-101245-6df50fd/_batch/g04_psrr_dyn_ff_27c_rbcs_i37500ua_c1000nf_e500mohm/request.json (batch_backend.py; corner mos_ff__res_bcs__cap_typ @ 27C)	6df50fd	ihp-sg13cmos5l	ngspice-46 (EDA batch fleet runner, klt 0.5.0)
loopgain	loopgain_dyn_ff_27c_rbcs_i25000ua_c330nf_e125mohm	mos_ff	res_bcs	27	25000e-6	330n	125e-3	sim/ldo-cmos5l-pvt-sweep/netlist-snapshots/20261010-101245-6df50fd/loopgain_dyn_ff_27c_rbcs_i25000ua_c330nf_e125mohm.spice	094f05cb9107e9b74d57cf4b5a0f2a57ff7ca84bf400f0cc7e34d41c0f5f8cd3	klt sim --backend batch corners/20261010-101245-6df50fd/_batch/g01_loopgain_dyn_ff_27c_rbcs_i37500ua_c1000nf_e500mohm/request.json (batch_backend.py; corner mos_ff__res_bcs__cap_typ @ 27C)	6df50fd	ihp-sg13cmos5l	ngspice-46 (EDA batch fleet runner, klt 0.5.0)
psrr	psrr_dyn_ff_27c_rbcs_i25000ua_c330nf_e125mohm	mos_ff	res_bcs	27	25000e-6	330n	125e-3	sim/ldo-cmos5l-pvt-sweep/netlist-snapshots/20261010-101245-6df50fd/psrr_dyn_ff_27c_rbcs_i25000ua_c330nf_e125mohm.spice	89994a06b9349c2ff26dc3337c10beddd78792a21f1216fef00f19d8d3a22e80	klt sim --backend batch corners/20261010-101245-6df50fd/_batch/g04_psrr_dyn_ff_27c_rbcs_i37500ua_c1000nf_e500mohm/request.json (batch_backend.py; corner mos_ff__res_bcs__cap_typ @ 27C)	6df50fd	ihp-sg13cmos5l	ngspice-46 (EDA batch fleet runner, klt 0.5.0)
loopgain	loopgain_dyn_ff_27c_rbcs_i25000ua_c1000nf_e125mohm	mos_ff	res_bcs	27	25000e-6	1000n	125e-3	sim/ldo-cmos5l-pvt-sweep/netlist-snapshots/20261010-101245-6df50fd/loopgain_dyn_ff_27c_rbcs_i25000ua_c1000nf_e125mohm.spice	4816ac913f9aed62cb65f72ce352844b9753888e0c47be8109323afc44c3795f	klt sim --backend batch corners/20261010-101245-6df50fd/_batch/g01_loopgain_dyn_ff_27c_rbcs_i37500ua_c1000nf_e500mohm/request.json (batch_backend.py; corner mos_ff__res_bcs__cap_typ @ 27C)	6df50fd	ihp-sg13cmos5l	ngspice-46 (EDA batch fleet runner, klt 0.5.0)
psrr	psrr_dyn_ff_27c_rbcs_i25000ua_c1000nf_e125mohm	mos_ff	res_bcs	27	25000e-6	1000n	125e-3	sim/ldo-cmos5l-pvt-sweep/netlist-snapshots/20261010-101245-6df50fd/psrr_dyn_ff_27c_rbcs_i25000ua_c1000nf_e125mohm.spice	db401a3f8e5cf6199d8ddcf836847d4f436230ead4d4b727dba1d85568acd797	klt sim --backend batch corners/20261010-101245-6df50fd/_batch/g04_psrr_dyn_ff_27c_rbcs_i37500ua_c1000nf_e500mohm/request.json (batch_backend.py; corner mos_ff__res_bcs__cap_typ @ 27C)	6df50fd	ihp-sg13cmos5l	ngspice-46 (EDA batch fleet runner, klt 0.5.0)
loopgain	loopgain_dyn_ff_27c_rbcs_i25000ua_c1000nf_e375mohm	mos_ff	res_bcs	27	25000e-6	1000n	375e-3	sim/ldo-cmos5l-pvt-sweep/netlist-snapshots/20261010-101245-6df50fd/loopgain_dyn_ff_27c_rbcs_i25000ua_c1000nf_e375mohm.spice	9c716bcba1132691ce8b707d44e95ebee2a9498795cf4ff30fce74a2435849b8	klt sim --backend batch corners/20261010-101245-6df50fd/_batch/g01_loopgain_dyn_ff_27c_rbcs_i37500ua_c1000nf_e500mohm/request.json (batch_backend.py; corner mos_ff__res_bcs__cap_typ @ 27C)	6df50fd	ihp-sg13cmos5l	ngspice-46 (EDA batch fleet runner, klt 0.5.0)
psrr	psrr_dyn_ff_27c_rbcs_i25000ua_c1000nf_e375mohm	mos_ff	res_bcs	27	25000e-6	1000n	375e-3	sim/ldo-cmos5l-pvt-sweep/netlist-snapshots/20261010-101245-6df50fd/psrr_dyn_ff_27c_rbcs_i25000ua_c1000nf_e375mohm.spice	3c0695ae68854b65629c3879b1bdf631c4fa57884ad1d6e9589e2b14bd7cdaec	klt sim --backend batch corners/20261010-101245-6df50fd/_batch/g04_psrr_dyn_ff_27c_rbcs_i37500ua_c1000nf_e500mohm/request.json (batch_backend.py; corner mos_ff__res_bcs__cap_typ @ 27C)	6df50fd	ihp-sg13cmos5l	ngspice-46 (EDA batch fleet runner, klt 0.5.0)
loopgain	loopgain_dyn_ff_27c_rbcs_i25000ua_c2200nf_e125mohm	mos_ff	res_bcs	27	25000e-6	2200n	125e-3	sim/ldo-cmos5l-pvt-sweep/netlist-snapshots/20261010-101245-6df50fd/loopgain_dyn_ff_27c_rbcs_i25000ua_c2200nf_e125mohm.spice	6fa85c15bde40cbfc03dd2eacbebba6a957bc192a57af9e4d4d06157bb3faf02	klt sim --backend batch corners/20261010-101245-6df50fd/_batch/g01_loopgain_dyn_ff_27c_rbcs_i37500ua_c1000nf_e500mohm/request.json (batch_backend.py; corner mos_ff__res_bcs__cap_typ @ 27C)	6df50fd	ihp-sg13cmos5l	ngspice-46 (EDA batch fleet runner, klt 0.5.0)
psrr	psrr_dyn_ff_27c_rbcs_i25000ua_c2200nf_e125mohm	mos_ff	res_bcs	27	25000e-6	2200n	125e-3	sim/ldo-cmos5l-pvt-sweep/netlist-snapshots/20261010-101245-6df50fd/psrr_dyn_ff_27c_rbcs_i25000ua_c2200nf_e125mohm.spice	caded7292e0d92fca19c00c48547f9ef5566c4ee2d19324c1260b5bfdeec2b36	klt sim --backend batch corners/20261010-101245-6df50fd/_batch/g04_psrr_dyn_ff_27c_rbcs_i37500ua_c1000nf_e500mohm/request.json (batch_backend.py; corner mos_ff__res_bcs__cap_typ @ 27C)	6df50fd	ihp-sg13cmos5l	ngspice-46 (EDA batch fleet runner, klt 0.5.0)
loopgain	loopgain_dyn_ff_27c_rbcs_i25000ua_c2200nf_e375mohm	mos_ff	res_bcs	27	25000e-6	2200n	375e-3	sim/ldo-cmos5l-pvt-sweep/netlist-snapshots/20261010-101245-6df50fd/loopgain_dyn_ff_27c_rbcs_i25000ua_c2200nf_e375mohm.spice	0a7b61e2de9389e0ca459af51099f9048a5da7c46c86261e1928bc62cacf571c	klt sim --backend batch corners/20261010-101245-6df50fd/_batch/g01_loopgain_dyn_ff_27c_rbcs_i37500ua_c1000nf_e500mohm/request.json (batch_backend.py; corner mos_ff__res_bcs__cap_typ @ 27C)	6df50fd	ihp-sg13cmos5l	ngspice-46 (EDA batch fleet runner, klt 0.5.0)
psrr	psrr_dyn_ff_27c_rbcs_i25000ua_c2200nf_e375mohm	mos_ff	res_bcs	27	25000e-6	2200n	375e-3	sim/ldo-cmos5l-pvt-sweep/netlist-snapshots/20261010-101245-6df50fd/psrr_dyn_ff_27c_rbcs_i25000ua_c2200nf_e375mohm.spice	c20bcf2b0cc7b570d064c65b9d82b55ebaab7035ba863632f1c24a0627502dbe	klt sim --backend batch corners/20261010-101245-6df50fd/_batch/g04_psrr_dyn_ff_27c_rbcs_i37500ua_c1000nf_e500mohm/request.json (batch_backend.py; corner mos_ff__res_bcs__cap_typ @ 27C)	6df50fd	ihp-sg13cmos5l	ngspice-46 (EDA batch fleet runner, klt 0.5.0)
loopgain	loopgain_dyn_ff_27c_rbcs_i25000ua_c4700nf_e125mohm	mos_ff	res_bcs	27	25000e-6	4700n	125e-3	sim/ldo-cmos5l-pvt-sweep/netlist-snapshots/20261010-101245-6df50fd/loopgain_dyn_ff_27c_rbcs_i25000ua_c4700nf_e125mohm.spice	1d4e74f4adf7e860c9cf722b1526c2a9c37e0bffc323302ee5f262bb8974001a	klt sim --backend batch corners/20261010-101245-6df50fd/_batch/g01_loopgain_dyn_ff_27c_rbcs_i37500ua_c1000nf_e500mohm/request.json (batch_backend.py; corner mos_ff__res_bcs__cap_typ @ 27C)	6df50fd	ihp-sg13cmos5l	ngspice-46 (EDA batch fleet runner, klt 0.5.0)
psrr	psrr_dyn_ff_27c_rbcs_i25000ua_c4700nf_e125mohm	mos_ff	res_bcs	27	25000e-6	4700n	125e-3	sim/ldo-cmos5l-pvt-sweep/netlist-snapshots/20261010-101245-6df50fd/psrr_dyn_ff_27c_rbcs_i25000ua_c4700nf_e125mohm.spice	8c6c82b89a3a17ac86cca28e6003fbabe5cb2ba45c336069b22d160113340ed4	klt sim --backend batch corners/20261010-101245-6df50fd/_batch/g04_psrr_dyn_ff_27c_rbcs_i37500ua_c1000nf_e500mohm/request.json (batch_backend.py; corner mos_ff__res_bcs__cap_typ @ 27C)	6df50fd	ihp-sg13cmos5l	ngspice-46 (EDA batch fleet runner, klt 0.5.0)
loopgain	loopgain_dyn_ff_27c_rbcs_i25000ua_c4700nf_e375mohm	mos_ff	res_bcs	27	25000e-6	4700n	375e-3	sim/ldo-cmos5l-pvt-sweep/netlist-snapshots/20261010-101245-6df50fd/loopgain_dyn_ff_27c_rbcs_i25000ua_c4700nf_e375mohm.spice	141edbfe13783be0c7ea7174a18bdd2083834527e4910f3677ed5de0ac9fe714	klt sim --backend batch corners/20261010-101245-6df50fd/_batch/g01_loopgain_dyn_ff_27c_rbcs_i37500ua_c1000nf_e500mohm/request.json (batch_backend.py; corner mos_ff__res_bcs__cap_typ @ 27C)	6df50fd	ihp-sg13cmos5l	ngspice-46 (EDA batch fleet runner, klt 0.5.0)
psrr	psrr_dyn_ff_27c_rbcs_i25000ua_c4700nf_e375mohm	mos_ff	res_bcs	27	25000e-6	4700n	375e-3	sim/ldo-cmos5l-pvt-sweep/netlist-snapshots/20261010-101245-6df50fd/psrr_dyn_ff_27c_rbcs_i25000ua_c4700nf_e375mohm.spice	48b6ac5b5a886e5d794f580d019f090803da7ae9664ec24cd7fb26203b2c5b1e	klt sim --backend batch corners/20261010-101245-6df50fd/_batch/g04_psrr_dyn_ff_27c_rbcs_i37500ua_c1000nf_e500mohm/request.json (batch_backend.py; corner mos_ff__res_bcs__cap_typ @ 27C)	6df50fd	ihp-sg13cmos5l	ngspice-46 (EDA batch fleet runner, klt 0.5.0)
loopgain	loopgain_dyn_ff_27c_rbcs_i50000ua_c330nf_e125mohm	mos_ff	res_bcs	27	50000e-6	330n	125e-3	sim/ldo-cmos5l-pvt-sweep/netlist-snapshots/20261010-101245-6df50fd/loopgain_dyn_ff_27c_rbcs_i50000ua_c330nf_e125mohm.spice	6ed5fc6bc3d9795530f63ef6d3764908560b5d0e1a252e644c1947482290bed3	klt sim --backend batch corners/20261010-101245-6df50fd/_batch/g01_loopgain_dyn_ff_27c_rbcs_i37500ua_c1000nf_e500mohm/request.json (batch_backend.py; corner mos_ff__res_bcs__cap_typ @ 27C)	6df50fd	ihp-sg13cmos5l	ngspice-46 (EDA batch fleet runner, klt 0.5.0)
psrr	psrr_dyn_ff_27c_rbcs_i50000ua_c330nf_e125mohm	mos_ff	res_bcs	27	50000e-6	330n	125e-3	sim/ldo-cmos5l-pvt-sweep/netlist-snapshots/20261010-101245-6df50fd/psrr_dyn_ff_27c_rbcs_i50000ua_c330nf_e125mohm.spice	fba580e7175129090e0a22615ed9ef418e57437167d480345077464e91c100d7	klt sim --backend batch corners/20261010-101245-6df50fd/_batch/g04_psrr_dyn_ff_27c_rbcs_i37500ua_c1000nf_e500mohm/request.json (batch_backend.py; corner mos_ff__res_bcs__cap_typ @ 27C)	6df50fd	ihp-sg13cmos5l	ngspice-46 (EDA batch fleet runner, klt 0.5.0)
loopgain	loopgain_dyn_ff_27c_rbcs_i50000ua_c330nf_e375mohm	mos_ff	res_bcs	27	50000e-6	330n	375e-3	sim/ldo-cmos5l-pvt-sweep/netlist-snapshots/20261010-101245-6df50fd/loopgain_dyn_ff_27c_rbcs_i50000ua_c330nf_e375mohm.spice	d33b3ce3777313f89415ed38a915a9a8b2eb3c77418b3ceded397ed29e7688a2	klt sim --backend batch corners/20261010-101245-6df50fd/_batch/g01_loopgain_dyn_ff_27c_rbcs_i37500ua_c1000nf_e500mohm/request.json (batch_backend.py; corner mos_ff__res_bcs__cap_typ @ 27C)	6df50fd	ihp-sg13cmos5l	ngspice-46 (EDA batch fleet runner, klt 0.5.0)
psrr	psrr_dyn_ff_27c_rbcs_i50000ua_c330nf_e375mohm	mos_ff	res_bcs	27	50000e-6	330n	375e-3	sim/ldo-cmos5l-pvt-sweep/netlist-snapshots/20261010-101245-6df50fd/psrr_dyn_ff_27c_rbcs_i50000ua_c330nf_e375mohm.spice	7120ba6769a136598cd70441300f61f3aa3a57a0af2ed5b8acb4f50f66f053b2	klt sim --backend batch corners/20261010-101245-6df50fd/_batch/g04_psrr_dyn_ff_27c_rbcs_i37500ua_c1000nf_e500mohm/request.json (batch_backend.py; corner mos_ff__res_bcs__cap_typ @ 27C)	6df50fd	ihp-sg13cmos5l	ngspice-46 (EDA batch fleet runner, klt 0.5.0)
loopgain	loopgain_dyn_ff_27c_rbcs_i50000ua_c1000nf_e125mohm	mos_ff	res_bcs	27	50000e-6	1000n	125e-3	sim/ldo-cmos5l-pvt-sweep/netlist-snapshots/20261010-101245-6df50fd/loopgain_dyn_ff_27c_rbcs_i50000ua_c1000nf_e125mohm.spice	7d28cd7d6000dba2196be9caf97a12cba14287ce7602e6efc3178a8f6ef649f7	klt sim --backend batch corners/20261010-101245-6df50fd/_batch/g01_loopgain_dyn_ff_27c_rbcs_i37500ua_c1000nf_e500mohm/request.json (batch_backend.py; corner mos_ff__res_bcs__cap_typ @ 27C)	6df50fd	ihp-sg13cmos5l	ngspice-46 (EDA batch fleet runner, klt 0.5.0)
psrr	psrr_dyn_ff_27c_rbcs_i50000ua_c1000nf_e125mohm	mos_ff	res_bcs	27	50000e-6	1000n	125e-3	sim/ldo-cmos5l-pvt-sweep/netlist-snapshots/20261010-101245-6df50fd/psrr_dyn_ff_27c_rbcs_i50000ua_c1000nf_e125mohm.spice	99251375a3567c7b2b658ef0fe9278b7b0e0709779038b238a34b5cca5619682	klt sim --backend batch corners/20261010-101245-6df50fd/_batch/g04_psrr_dyn_ff_27c_rbcs_i37500ua_c1000nf_e500mohm/request.json (batch_backend.py; corner mos_ff__res_bcs__cap_typ @ 27C)	6df50fd	ihp-sg13cmos5l	ngspice-46 (EDA batch fleet runner, klt 0.5.0)
loopgain	loopgain_dyn_ff_27c_rbcs_i50000ua_c1000nf_e375mohm	mos_ff	res_bcs	27	50000e-6	1000n	375e-3	sim/ldo-cmos5l-pvt-sweep/netlist-snapshots/20261010-101245-6df50fd/loopgain_dyn_ff_27c_rbcs_i50000ua_c1000nf_e375mohm.spice	2c13792ece61212fc7d62ee2b68539ee280d8bdbf3e13f7eff58b7cd17dace7d	klt sim --backend batch corners/20261010-101245-6df50fd/_batch/g01_loopgain_dyn_ff_27c_rbcs_i37500ua_c1000nf_e500mohm/request.json (batch_backend.py; corner mos_ff__res_bcs__cap_typ @ 27C)	6df50fd	ihp-sg13cmos5l	ngspice-46 (EDA batch fleet runner, klt 0.5.0)
psrr	psrr_dyn_ff_27c_rbcs_i50000ua_c1000nf_e375mohm	mos_ff	res_bcs	27	50000e-6	1000n	375e-3	sim/ldo-cmos5l-pvt-sweep/netlist-snapshots/20261010-101245-6df50fd/psrr_dyn_ff_27c_rbcs_i50000ua_c1000nf_e375mohm.spice	8ca5de951144a4de156da0beb5c2c659215dce8b62fb8769b694863b1dcf81eb	klt sim --backend batch corners/20261010-101245-6df50fd/_batch/g04_psrr_dyn_ff_27c_rbcs_i37500ua_c1000nf_e500mohm/request.json (batch_backend.py; corner mos_ff__res_bcs__cap_typ @ 27C)	6df50fd	ihp-sg13cmos5l	ngspice-46 (EDA batch fleet runner, klt 0.5.0)
loopgain	loopgain_dyn_ff_27c_rbcs_i50000ua_c2200nf_e125mohm	mos_ff	res_bcs	27	50000e-6	2200n	125e-3	sim/ldo-cmos5l-pvt-sweep/netlist-snapshots/20261010-101245-6df50fd/loopgain_dyn_ff_27c_rbcs_i50000ua_c2200nf_e125mohm.spice	68b27f953a2ab1201240bf3ca27e219f953650a8e41724b4f18f0f556843a812	klt sim --backend batch corners/20261010-101245-6df50fd/_batch/g01_loopgain_dyn_ff_27c_rbcs_i37500ua_c1000nf_e500mohm/request.json (batch_backend.py; corner mos_ff__res_bcs__cap_typ @ 27C)	6df50fd	ihp-sg13cmos5l	ngspice-46 (EDA batch fleet runner, klt 0.5.0)
psrr	psrr_dyn_ff_27c_rbcs_i50000ua_c2200nf_e125mohm	mos_ff	res_bcs	27	50000e-6	2200n	125e-3	sim/ldo-cmos5l-pvt-sweep/netlist-snapshots/20261010-101245-6df50fd/psrr_dyn_ff_27c_rbcs_i50000ua_c2200nf_e125mohm.spice	aa4d73ab61af7227dbd06eb1038e7746ce4a64af6838151b46c0b451de21a270	klt sim --backend batch corners/20261010-101245-6df50fd/_batch/g04_psrr_dyn_ff_27c_rbcs_i37500ua_c1000nf_e500mohm/request.json (batch_backend.py; corner mos_ff__res_bcs__cap_typ @ 27C)	6df50fd	ihp-sg13cmos5l	ngspice-46 (EDA batch fleet runner, klt 0.5.0)
loopgain	loopgain_dyn_ff_27c_rbcs_i50000ua_c2200nf_e375mohm	mos_ff	res_bcs	27	50000e-6	2200n	375e-3	sim/ldo-cmos5l-pvt-sweep/netlist-snapshots/20261010-101245-6df50fd/loopgain_dyn_ff_27c_rbcs_i50000ua_c2200nf_e375mohm.spice	8d3ee13bc3e6b32d2b48be65068d0a0088cc186e1c0cb9ddde6e16c48e7d1a2a	klt sim --backend batch corners/20261010-101245-6df50fd/_batch/g01_loopgain_dyn_ff_27c_rbcs_i37500ua_c1000nf_e500mohm/request.json (batch_backend.py; corner mos_ff__res_bcs__cap_typ @ 27C)	6df50fd	ihp-sg13cmos5l	ngspice-46 (EDA batch fleet runner, klt 0.5.0)
psrr	psrr_dyn_ff_27c_rbcs_i50000ua_c2200nf_e375mohm	mos_ff	res_bcs	27	50000e-6	2200n	375e-3	sim/ldo-cmos5l-pvt-sweep/netlist-snapshots/20261010-101245-6df50fd/psrr_dyn_ff_27c_rbcs_i50000ua_c2200nf_e375mohm.spice	de3e9f1dbaa4edc084107c0d9e6dba3a43277b6dcb171476255d0791bb406b49	klt sim --backend batch corners/20261010-101245-6df50fd/_batch/g04_psrr_dyn_ff_27c_rbcs_i37500ua_c1000nf_e500mohm/request.json (batch_backend.py; corner mos_ff__res_bcs__cap_typ @ 27C)	6df50fd	ihp-sg13cmos5l	ngspice-46 (EDA batch fleet runner, klt 0.5.0)
loopgain	loopgain_dyn_ff_27c_rbcs_i50000ua_c4700nf_e125mohm	mos_ff	res_bcs	27	50000e-6	4700n	125e-3	sim/ldo-cmos5l-pvt-sweep/netlist-snapshots/20261010-101245-6df50fd/loopgain_dyn_ff_27c_rbcs_i50000ua_c4700nf_e125mohm.spice	2c131c745dd88a2ea5dbc490b25bc2bcd9afafea2038487699a090b0528f88c0	klt sim --backend batch corners/20261010-101245-6df50fd/_batch/g01_loopgain_dyn_ff_27c_rbcs_i37500ua_c1000nf_e500mohm/request.json (batch_backend.py; corner mos_ff__res_bcs__cap_typ @ 27C)	6df50fd	ihp-sg13cmos5l	ngspice-46 (EDA batch fleet runner, klt 0.5.0)
psrr	psrr_dyn_ff_27c_rbcs_i50000ua_c4700nf_e125mohm	mos_ff	res_bcs	27	50000e-6	4700n	125e-3	sim/ldo-cmos5l-pvt-sweep/netlist-snapshots/20261010-101245-6df50fd/psrr_dyn_ff_27c_rbcs_i50000ua_c4700nf_e125mohm.spice	35661d15fa46db2da7e2a10408557070b78bf21c833da88711729ab857f24032	klt sim --backend batch corners/20261010-101245-6df50fd/_batch/g04_psrr_dyn_ff_27c_rbcs_i37500ua_c1000nf_e500mohm/request.json (batch_backend.py; corner mos_ff__res_bcs__cap_typ @ 27C)	6df50fd	ihp-sg13cmos5l	ngspice-46 (EDA batch fleet runner, klt 0.5.0)
loopgain	loopgain_dyn_ff_27c_rbcs_i50000ua_c4700nf_e375mohm	mos_ff	res_bcs	27	50000e-6	4700n	375e-3	sim/ldo-cmos5l-pvt-sweep/netlist-snapshots/20261010-101245-6df50fd/loopgain_dyn_ff_27c_rbcs_i50000ua_c4700nf_e375mohm.spice	8df4f3ed054800524f774c5ca0428575d5fa52b8fe5e9f00211a1e2cdc4c1de7	klt sim --backend batch corners/20261010-101245-6df50fd/_batch/g01_loopgain_dyn_ff_27c_rbcs_i37500ua_c1000nf_e500mohm/request.json (batch_backend.py; corner mos_ff__res_bcs__cap_typ @ 27C)	6df50fd	ihp-sg13cmos5l	ngspice-46 (EDA batch fleet runner, klt 0.5.0)
psrr	psrr_dyn_ff_27c_rbcs_i50000ua_c4700nf_e375mohm	mos_ff	res_bcs	27	50000e-6	4700n	375e-3	sim/ldo-cmos5l-pvt-sweep/netlist-snapshots/20261010-101245-6df50fd/psrr_dyn_ff_27c_rbcs_i50000ua_c4700nf_e375mohm.spice	1c14f540a65d14efe8e059fd1c9098dfabb0a2179d2a549c921d93af3d1bfea4	klt sim --backend batch corners/20261010-101245-6df50fd/_batch/g04_psrr_dyn_ff_27c_rbcs_i37500ua_c1000nf_e500mohm/request.json (batch_backend.py; corner mos_ff__res_bcs__cap_typ @ 27C)	6df50fd	ihp-sg13cmos5l	ngspice-46 (EDA batch fleet runner, klt 0.5.0)
loopgain	loopgain_dyn_ff_27c_rbcs_i37500ua_c1000nf_e0mohm	mos_ff	res_bcs	27	37500e-6	1000n	0	sim/ldo-cmos5l-pvt-sweep/netlist-snapshots/20261010-101245-6df50fd/loopgain_dyn_ff_27c_rbcs_i37500ua_c1000nf_e0mohm.spice	68d2251645331ca21b6350c684b37c1e8b3d2892059223d3f2f605b9849260c3	klt sim --backend batch corners/20261010-101245-6df50fd/_batch/g01_loopgain_dyn_ff_27c_rbcs_i37500ua_c1000nf_e500mohm/request.json (batch_backend.py; corner mos_ff__res_bcs__cap_typ @ 27C)	6df50fd	ihp-sg13cmos5l	ngspice-46 (EDA batch fleet runner, klt 0.5.0)
psrr	psrr_dyn_ff_27c_rbcs_i37500ua_c1000nf_e0mohm	mos_ff	res_bcs	27	37500e-6	1000n	0	sim/ldo-cmos5l-pvt-sweep/netlist-snapshots/20261010-101245-6df50fd/psrr_dyn_ff_27c_rbcs_i37500ua_c1000nf_e0mohm.spice	acaa9eb4c6ac605e76df86480248b8ba25a4f4c941c7f46f52c20981c68d4555	klt sim --backend batch corners/20261010-101245-6df50fd/_batch/g04_psrr_dyn_ff_27c_rbcs_i37500ua_c1000nf_e500mohm/request.json (batch_backend.py; corner mos_ff__res_bcs__cap_typ @ 27C)	6df50fd	ihp-sg13cmos5l	ngspice-46 (EDA batch fleet runner, klt 0.5.0)
loopgain	loopgain_dyn_ff_27c_rbcs_i50000ua_c1600nf_e0mohm	mos_ff	res_bcs	27	50000e-6	1600n	0	sim/ldo-cmos5l-pvt-sweep/netlist-snapshots/20261010-101245-6df50fd/loopgain_dyn_ff_27c_rbcs_i50000ua_c1600nf_e0mohm.spice	165e27969715a5b9af6c2fa6dff85253df452fc64b59ba9c9465b40e7a0238e3	klt sim --backend batch corners/20261010-101245-6df50fd/_batch/g01_loopgain_dyn_ff_27c_rbcs_i37500ua_c1000nf_e500mohm/request.json (batch_backend.py; corner mos_ff__res_bcs__cap_typ @ 27C)	6df50fd	ihp-sg13cmos5l	ngspice-46 (EDA batch fleet runner, klt 0.5.0)
psrr	psrr_dyn_ff_27c_rbcs_i50000ua_c1600nf_e0mohm	mos_ff	res_bcs	27	50000e-6	1600n	0	sim/ldo-cmos5l-pvt-sweep/netlist-snapshots/20261010-101245-6df50fd/psrr_dyn_ff_27c_rbcs_i50000ua_c1600nf_e0mohm.spice	2ea9f2525aba8008e7125048f283f1b783066f79eea2634f992a1ae0ba463c1b	klt sim --backend batch corners/20261010-101245-6df50fd/_batch/g04_psrr_dyn_ff_27c_rbcs_i37500ua_c1000nf_e500mohm/request.json (batch_backend.py; corner mos_ff__res_bcs__cap_typ @ 27C)	6df50fd	ihp-sg13cmos5l	ngspice-46 (EDA batch fleet runner, klt 0.5.0)
loopgain	loopgain_dyn_ff_27c_rbcs_i1000ua_c1000nf_e125mohm	mos_ff	res_bcs	27	1000e-6	1000n	125e-3	sim/ldo-cmos5l-pvt-sweep/netlist-snapshots/20261010-101245-6df50fd/loopgain_dyn_ff_27c_rbcs_i1000ua_c1000nf_e125mohm.spice	036b0aaceec03ef20fd5c5576f0e982a5520a27148cdca1a50a95d61904497fe	klt sim --backend batch corners/20261010-101245-6df50fd/_batch/g01_loopgain_dyn_ff_27c_rbcs_i37500ua_c1000nf_e500mohm/request.json (batch_backend.py; corner mos_ff__res_bcs__cap_typ @ 27C)	6df50fd	ihp-sg13cmos5l	ngspice-46 (EDA batch fleet runner, klt 0.5.0)
psrr	psrr_dyn_ff_27c_rbcs_i1000ua_c1000nf_e125mohm	mos_ff	res_bcs	27	1000e-6	1000n	125e-3	sim/ldo-cmos5l-pvt-sweep/netlist-snapshots/20261010-101245-6df50fd/psrr_dyn_ff_27c_rbcs_i1000ua_c1000nf_e125mohm.spice	ea581f11700819b60af99da2c1a78adea31baaec52bf3c89a81d585cc600b312	klt sim --backend batch corners/20261010-101245-6df50fd/_batch/g04_psrr_dyn_ff_27c_rbcs_i37500ua_c1000nf_e500mohm/request.json (batch_backend.py; corner mos_ff__res_bcs__cap_typ @ 27C)	6df50fd	ihp-sg13cmos5l	ngspice-46 (EDA batch fleet runner, klt 0.5.0)
loopgain	loopgain_dyn_ff_27c_rbcs_i1000ua_c1000nf_e375mohm	mos_ff	res_bcs	27	1000e-6	1000n	375e-3	sim/ldo-cmos5l-pvt-sweep/netlist-snapshots/20261010-101245-6df50fd/loopgain_dyn_ff_27c_rbcs_i1000ua_c1000nf_e375mohm.spice	68f2c483faff92a4620cf121370762aa1e5a1fc9a6e8560111e5bd4c66311128	klt sim --backend batch corners/20261010-101245-6df50fd/_batch/g01_loopgain_dyn_ff_27c_rbcs_i37500ua_c1000nf_e500mohm/request.json (batch_backend.py; corner mos_ff__res_bcs__cap_typ @ 27C)	6df50fd	ihp-sg13cmos5l	ngspice-46 (EDA batch fleet runner, klt 0.5.0)
psrr	psrr_dyn_ff_27c_rbcs_i1000ua_c1000nf_e375mohm	mos_ff	res_bcs	27	1000e-6	1000n	375e-3	sim/ldo-cmos5l-pvt-sweep/netlist-snapshots/20261010-101245-6df50fd/psrr_dyn_ff_27c_rbcs_i1000ua_c1000nf_e375mohm.spice	06778c35a86c95e4de39e27ac4e562893f88096b8317992f1d893c9ae69ae5d4	klt sim --backend batch corners/20261010-101245-6df50fd/_batch/g04_psrr_dyn_ff_27c_rbcs_i37500ua_c1000nf_e500mohm/request.json (batch_backend.py; corner mos_ff__res_bcs__cap_typ @ 27C)	6df50fd	ihp-sg13cmos5l	ngspice-46 (EDA batch fleet runner, klt 0.5.0)
loopgain	loopgain_dyn_ff_27c_rbcs_i1000ua_c2200nf_e125mohm	mos_ff	res_bcs	27	1000e-6	2200n	125e-3	sim/ldo-cmos5l-pvt-sweep/netlist-snapshots/20261010-101245-6df50fd/loopgain_dyn_ff_27c_rbcs_i1000ua_c2200nf_e125mohm.spice	287c1759ad3abaadaf0519811045356b679761309c3537fe51c6505bbdfa6c62	klt sim --backend batch corners/20261010-101245-6df50fd/_batch/g01_loopgain_dyn_ff_27c_rbcs_i37500ua_c1000nf_e500mohm/request.json (batch_backend.py; corner mos_ff__res_bcs__cap_typ @ 27C)	6df50fd	ihp-sg13cmos5l	ngspice-46 (EDA batch fleet runner, klt 0.5.0)
psrr	psrr_dyn_ff_27c_rbcs_i1000ua_c2200nf_e125mohm	mos_ff	res_bcs	27	1000e-6	2200n	125e-3	sim/ldo-cmos5l-pvt-sweep/netlist-snapshots/20261010-101245-6df50fd/psrr_dyn_ff_27c_rbcs_i1000ua_c2200nf_e125mohm.spice	5af995615e021d867d8594b23d3871e0c4cfe906bf5f60c0213cef94fdf0dec1	klt sim --backend batch corners/20261010-101245-6df50fd/_batch/g04_psrr_dyn_ff_27c_rbcs_i37500ua_c1000nf_e500mohm/request.json (batch_backend.py; corner mos_ff__res_bcs__cap_typ @ 27C)	6df50fd	ihp-sg13cmos5l	ngspice-46 (EDA batch fleet runner, klt 0.5.0)
loopgain	loopgain_dyn_ff_27c_rbcs_i1000ua_c2200nf_e375mohm	mos_ff	res_bcs	27	1000e-6	2200n	375e-3	sim/ldo-cmos5l-pvt-sweep/netlist-snapshots/20261010-101245-6df50fd/loopgain_dyn_ff_27c_rbcs_i1000ua_c2200nf_e375mohm.spice	96f019e4941e10d0ed26422f734b36efe772baabd4c7761041d09189c253555c	klt sim --backend batch corners/20261010-101245-6df50fd/_batch/g01_loopgain_dyn_ff_27c_rbcs_i37500ua_c1000nf_e500mohm/request.json (batch_backend.py; corner mos_ff__res_bcs__cap_typ @ 27C)	6df50fd	ihp-sg13cmos5l	ngspice-46 (EDA batch fleet runner, klt 0.5.0)
psrr	psrr_dyn_ff_27c_rbcs_i1000ua_c2200nf_e375mohm	mos_ff	res_bcs	27	1000e-6	2200n	375e-3	sim/ldo-cmos5l-pvt-sweep/netlist-snapshots/20261010-101245-6df50fd/psrr_dyn_ff_27c_rbcs_i1000ua_c2200nf_e375mohm.spice	26b1c1a4916310ead37f9eaee1e937508f40d1cd646804a5f5ba53882d95f13f	klt sim --backend batch corners/20261010-101245-6df50fd/_batch/g04_psrr_dyn_ff_27c_rbcs_i37500ua_c1000nf_e500mohm/request.json (batch_backend.py; corner mos_ff__res_bcs__cap_typ @ 27C)	6df50fd	ihp-sg13cmos5l	ngspice-46 (EDA batch fleet runner, klt 0.5.0)
loopgain	loopgain_dyn_ff_27c_rbcs_i1000ua_c4700nf_e375mohm	mos_ff	res_bcs	27	1000e-6	4700n	375e-3	sim/ldo-cmos5l-pvt-sweep/netlist-snapshots/20261010-101245-6df50fd/loopgain_dyn_ff_27c_rbcs_i1000ua_c4700nf_e375mohm.spice	dc6f6e475df51403783efa218b8f58684d984ecf766510089c652bdca9b91f64	klt sim --backend batch corners/20261010-101245-6df50fd/_batch/g01_loopgain_dyn_ff_27c_rbcs_i37500ua_c1000nf_e500mohm/request.json (batch_backend.py; corner mos_ff__res_bcs__cap_typ @ 27C)	6df50fd	ihp-sg13cmos5l	ngspice-46 (EDA batch fleet runner, klt 0.5.0)
psrr	psrr_dyn_ff_27c_rbcs_i1000ua_c4700nf_e375mohm	mos_ff	res_bcs	27	1000e-6	4700n	375e-3	sim/ldo-cmos5l-pvt-sweep/netlist-snapshots/20261010-101245-6df50fd/psrr_dyn_ff_27c_rbcs_i1000ua_c4700nf_e375mohm.spice	61c271b6cc40df9dd17a7bd04d5dcf305f3eb0760a2d79c7ccaf55196262c834	klt sim --backend batch corners/20261010-101245-6df50fd/_batch/g04_psrr_dyn_ff_27c_rbcs_i37500ua_c1000nf_e500mohm/request.json (batch_backend.py; corner mos_ff__res_bcs__cap_typ @ 27C)	6df50fd	ihp-sg13cmos5l	ngspice-46 (EDA batch fleet runner, klt 0.5.0)
loopgain	loopgain_dyn_ff_27c_rbcs_i13000ua_c2200nf_e250mohm	mos_ff	res_bcs	27	13000e-6	2200n	250e-3	sim/ldo-cmos5l-pvt-sweep/netlist-snapshots/20261010-101245-6df50fd/loopgain_dyn_ff_27c_rbcs_i13000ua_c2200nf_e250mohm.spice	b3c645434642e3f5c6d692c967a73bda48fe438007daf57f011af6194da5fb5c	klt sim --backend batch corners/20261010-101245-6df50fd/_batch/g01_loopgain_dyn_ff_27c_rbcs_i37500ua_c1000nf_e500mohm/request.json (batch_backend.py; corner mos_ff__res_bcs__cap_typ @ 27C)	6df50fd	ihp-sg13cmos5l	ngspice-46 (EDA batch fleet runner, klt 0.5.0)
psrr	psrr_dyn_ff_27c_rbcs_i13000ua_c2200nf_e250mohm	mos_ff	res_bcs	27	13000e-6	2200n	250e-3	sim/ldo-cmos5l-pvt-sweep/netlist-snapshots/20261010-101245-6df50fd/psrr_dyn_ff_27c_rbcs_i13000ua_c2200nf_e250mohm.spice	19944beeb37c53d6635254e3dc0393612c54898127d3ab129e2eaa7c08fae329	klt sim --backend batch corners/20261010-101245-6df50fd/_batch/g04_psrr_dyn_ff_27c_rbcs_i37500ua_c1000nf_e500mohm/request.json (batch_backend.py; corner mos_ff__res_bcs__cap_typ @ 27C)	6df50fd	ihp-sg13cmos5l	ngspice-46 (EDA batch fleet runner, klt 0.5.0)
loopgain	loopgain_dyn_ff_27c_rbcs_i37500ua_c2200nf_e250mohm	mos_ff	res_bcs	27	37500e-6	2200n	250e-3	sim/ldo-cmos5l-pvt-sweep/netlist-snapshots/20261010-101245-6df50fd/loopgain_dyn_ff_27c_rbcs_i37500ua_c2200nf_e250mohm.spice	94c272fbee8f8d268d600870142fbf85170a00378ad1a2043f33a25847f78c02	klt sim --backend batch corners/20261010-101245-6df50fd/_batch/g01_loopgain_dyn_ff_27c_rbcs_i37500ua_c1000nf_e500mohm/request.json (batch_backend.py; corner mos_ff__res_bcs__cap_typ @ 27C)	6df50fd	ihp-sg13cmos5l	ngspice-46 (EDA batch fleet runner, klt 0.5.0)
psrr	psrr_dyn_ff_27c_rbcs_i37500ua_c2200nf_e250mohm	mos_ff	res_bcs	27	37500e-6	2200n	250e-3	sim/ldo-cmos5l-pvt-sweep/netlist-snapshots/20261010-101245-6df50fd/psrr_dyn_ff_27c_rbcs_i37500ua_c2200nf_e250mohm.spice	2a809e5581db2ecd9436330e5cbf388961111fe402dd1e73cacf9d28029605f3	klt sim --backend batch corners/20261010-101245-6df50fd/_batch/g04_psrr_dyn_ff_27c_rbcs_i37500ua_c1000nf_e500mohm/request.json (batch_backend.py; corner mos_ff__res_bcs__cap_typ @ 27C)	6df50fd	ihp-sg13cmos5l	ngspice-46 (EDA batch fleet runner, klt 0.5.0)
loopgain	loopgain_dyn_ff_27c_rbcs_i37500ua_c4700nf_e0mohm	mos_ff	res_bcs	27	37500e-6	4700n	0	sim/ldo-cmos5l-pvt-sweep/netlist-snapshots/20261010-101245-6df50fd/loopgain_dyn_ff_27c_rbcs_i37500ua_c4700nf_e0mohm.spice	6a1f47c99c19404edf6c5deb2a04dd8e61d99e5e559b7d329311eb443526bed2	klt sim --backend batch corners/20261010-101245-6df50fd/_batch/g01_loopgain_dyn_ff_27c_rbcs_i37500ua_c1000nf_e500mohm/request.json (batch_backend.py; corner mos_ff__res_bcs__cap_typ @ 27C)	6df50fd	ihp-sg13cmos5l	ngspice-46 (EDA batch fleet runner, klt 0.5.0)
psrr	psrr_dyn_ff_27c_rbcs_i37500ua_c4700nf_e0mohm	mos_ff	res_bcs	27	37500e-6	4700n	0	sim/ldo-cmos5l-pvt-sweep/netlist-snapshots/20261010-101245-6df50fd/psrr_dyn_ff_27c_rbcs_i37500ua_c4700nf_e0mohm.spice	a1f242190a949012caf62f4f51e0855f029351e3ac62c48550ee4b053cc01172	klt sim --backend batch corners/20261010-101245-6df50fd/_batch/g04_psrr_dyn_ff_27c_rbcs_i37500ua_c1000nf_e500mohm/request.json (batch_backend.py; corner mos_ff__res_bcs__cap_typ @ 27C)	6df50fd	ihp-sg13cmos5l	ngspice-46 (EDA batch fleet runner, klt 0.5.0)
loopgain	loopgain_dyn_ff_27c_rbcs_i13000ua_c4700nf_e250mohm	mos_ff	res_bcs	27	13000e-6	4700n	250e-3	sim/ldo-cmos5l-pvt-sweep/netlist-snapshots/20261010-101245-6df50fd/loopgain_dyn_ff_27c_rbcs_i13000ua_c4700nf_e250mohm.spice	cc90e89c7b8562019f7a079452f7b21df92a06370f56e6bceaf42f37911b95e6	klt sim --backend batch corners/20261010-101245-6df50fd/_batch/g01_loopgain_dyn_ff_27c_rbcs_i37500ua_c1000nf_e500mohm/request.json (batch_backend.py; corner mos_ff__res_bcs__cap_typ @ 27C)	6df50fd	ihp-sg13cmos5l	ngspice-46 (EDA batch fleet runner, klt 0.5.0)
psrr	psrr_dyn_ff_27c_rbcs_i13000ua_c4700nf_e250mohm	mos_ff	res_bcs	27	13000e-6	4700n	250e-3	sim/ldo-cmos5l-pvt-sweep/netlist-snapshots/20261010-101245-6df50fd/psrr_dyn_ff_27c_rbcs_i13000ua_c4700nf_e250mohm.spice	53ebd3bc16089503db5277ab624344d40277e276b1f537eef591cfc356a9b0c8	klt sim --backend batch corners/20261010-101245-6df50fd/_batch/g04_psrr_dyn_ff_27c_rbcs_i37500ua_c1000nf_e500mohm/request.json (batch_backend.py; corner mos_ff__res_bcs__cap_typ @ 27C)	6df50fd	ihp-sg13cmos5l	ngspice-46 (EDA batch fleet runner, klt 0.5.0)
loopgain	loopgain_dyn_ff_27c_rbcs_i37500ua_c4700nf_e250mohm	mos_ff	res_bcs	27	37500e-6	4700n	250e-3	sim/ldo-cmos5l-pvt-sweep/netlist-snapshots/20261010-101245-6df50fd/loopgain_dyn_ff_27c_rbcs_i37500ua_c4700nf_e250mohm.spice	6d99d9b7b855920f63df998ddbdecb172cd71c4ae16fa45901fa8de40d3fb835	klt sim --backend batch corners/20261010-101245-6df50fd/_batch/g01_loopgain_dyn_ff_27c_rbcs_i37500ua_c1000nf_e500mohm/request.json (batch_backend.py; corner mos_ff__res_bcs__cap_typ @ 27C)	6df50fd	ihp-sg13cmos5l	ngspice-46 (EDA batch fleet runner, klt 0.5.0)
psrr	psrr_dyn_ff_27c_rbcs_i37500ua_c4700nf_e250mohm	mos_ff	res_bcs	27	37500e-6	4700n	250e-3	sim/ldo-cmos5l-pvt-sweep/netlist-snapshots/20261010-101245-6df50fd/psrr_dyn_ff_27c_rbcs_i37500ua_c4700nf_e250mohm.spice	eb929e1d24b2b215c244768000d9fb866d487effab9d6f30173aa99f1f48fd5a	klt sim --backend batch corners/20261010-101245-6df50fd/_batch/g04_psrr_dyn_ff_27c_rbcs_i37500ua_c1000nf_e500mohm/request.json (batch_backend.py; corner mos_ff__res_bcs__cap_typ @ 27C)	6df50fd	ihp-sg13cmos5l	ngspice-46 (EDA batch fleet runner, klt 0.5.0)
loopgain	loopgain_dyn_ff_27c_rbcs_i25000ua_c1600nf_e0mohm	mos_ff	res_bcs	27	25000e-6	1600n	0	sim/ldo-cmos5l-pvt-sweep/netlist-snapshots/20261010-101245-6df50fd/loopgain_dyn_ff_27c_rbcs_i25000ua_c1600nf_e0mohm.spice	9d77df725d9cef3ff318941aec8c06bed2157ea0e34678a33ae3136cbe796b45	klt sim --backend batch corners/20261010-101245-6df50fd/_batch/g01_loopgain_dyn_ff_27c_rbcs_i37500ua_c1000nf_e500mohm/request.json (batch_backend.py; corner mos_ff__res_bcs__cap_typ @ 27C)	6df50fd	ihp-sg13cmos5l	ngspice-46 (EDA batch fleet runner, klt 0.5.0)
psrr	psrr_dyn_ff_27c_rbcs_i25000ua_c1600nf_e0mohm	mos_ff	res_bcs	27	25000e-6	1600n	0	sim/ldo-cmos5l-pvt-sweep/netlist-snapshots/20261010-101245-6df50fd/psrr_dyn_ff_27c_rbcs_i25000ua_c1600nf_e0mohm.spice	46b6d9583816ad4d5bd0aba1b8f14e632aef278671ab4b9a4f93491427ef1216	klt sim --backend batch corners/20261010-101245-6df50fd/_batch/g04_psrr_dyn_ff_27c_rbcs_i37500ua_c1000nf_e500mohm/request.json (batch_backend.py; corner mos_ff__res_bcs__cap_typ @ 27C)	6df50fd	ihp-sg13cmos5l	ngspice-46 (EDA batch fleet runner, klt 0.5.0)
loopgain	loopgain_dyn_ff_27c_rbcs_i50000ua_c3450nf_e0mohm	mos_ff	res_bcs	27	50000e-6	3450n	0	sim/ldo-cmos5l-pvt-sweep/netlist-snapshots/20261010-101245-6df50fd/loopgain_dyn_ff_27c_rbcs_i50000ua_c3450nf_e0mohm.spice	faceda4bd115e3b91d5a12c0432a456444808d503f3e8d7433debd1956934508	klt sim --backend batch corners/20261010-101245-6df50fd/_batch/g01_loopgain_dyn_ff_27c_rbcs_i37500ua_c1000nf_e500mohm/request.json (batch_backend.py; corner mos_ff__res_bcs__cap_typ @ 27C)	6df50fd	ihp-sg13cmos5l	ngspice-46 (EDA batch fleet runner, klt 0.5.0)
psrr	psrr_dyn_ff_27c_rbcs_i50000ua_c3450nf_e0mohm	mos_ff	res_bcs	27	50000e-6	3450n	0	sim/ldo-cmos5l-pvt-sweep/netlist-snapshots/20261010-101245-6df50fd/psrr_dyn_ff_27c_rbcs_i50000ua_c3450nf_e0mohm.spice	d835f06bd8fe1efc84a807e469ab6ae6585dae24aeb0a8e6fb3bf28cce2315c2	klt sim --backend batch corners/20261010-101245-6df50fd/_batch/g04_psrr_dyn_ff_27c_rbcs_i37500ua_c1000nf_e500mohm/request.json (batch_backend.py; corner mos_ff__res_bcs__cap_typ @ 27C)	6df50fd	ihp-sg13cmos5l	ngspice-46 (EDA batch fleet runner, klt 0.5.0)
loopgain	loopgain_dyn_ff_27c_rbcs_i50000ua_c1600nf_e250mohm	mos_ff	res_bcs	27	50000e-6	1600n	250e-3	sim/ldo-cmos5l-pvt-sweep/netlist-snapshots/20261010-101245-6df50fd/loopgain_dyn_ff_27c_rbcs_i50000ua_c1600nf_e250mohm.spice	503e78779c1058a4bd3e1bfe228831a9fc9a15d81d952a65672fe7575cf6e381	klt sim --backend batch corners/20261010-101245-6df50fd/_batch/g01_loopgain_dyn_ff_27c_rbcs_i37500ua_c1000nf_e500mohm/request.json (batch_backend.py; corner mos_ff__res_bcs__cap_typ @ 27C)	6df50fd	ihp-sg13cmos5l	ngspice-46 (EDA batch fleet runner, klt 0.5.0)
psrr	psrr_dyn_ff_27c_rbcs_i50000ua_c1600nf_e250mohm	mos_ff	res_bcs	27	50000e-6	1600n	250e-3	sim/ldo-cmos5l-pvt-sweep/netlist-snapshots/20261010-101245-6df50fd/psrr_dyn_ff_27c_rbcs_i50000ua_c1600nf_e250mohm.spice	179ab4b5f1d82ac55262df44aea6f5aa33437a9878da0a90bd82e3701179da47	klt sim --backend batch corners/20261010-101245-6df50fd/_batch/g04_psrr_dyn_ff_27c_rbcs_i37500ua_c1000nf_e500mohm/request.json (batch_backend.py; corner mos_ff__res_bcs__cap_typ @ 27C)	6df50fd	ihp-sg13cmos5l	ngspice-46 (EDA batch fleet runner, klt 0.5.0)
loopgain	loopgain_dyn_ss_125c_rbcs_i500ua_c330nf_e0mohm	mos_ss	res_bcs	125	500e-6	330n	0	sim/ldo-cmos5l-pvt-sweep/netlist-snapshots/20261010-101245-6df50fd/loopgain_dyn_ss_125c_rbcs_i500ua_c330nf_e0mohm.spice	438411193350055225c7b45b0b61794b50032563e97b4250af1f92c6552f5dfe	klt sim --backend batch corners/20261010-101245-6df50fd/_batch/g01_loopgain_dyn_ff_27c_rbcs_i37500ua_c1000nf_e500mohm/request.json (batch_backend.py; corner mos_ss__res_bcs__cap_typ @ 125C)	6df50fd	ihp-sg13cmos5l	ngspice-46 (EDA batch fleet runner, klt 0.5.0)
psrr	psrr_dyn_ss_125c_rbcs_i500ua_c330nf_e0mohm	mos_ss	res_bcs	125	500e-6	330n	0	sim/ldo-cmos5l-pvt-sweep/netlist-snapshots/20261010-101245-6df50fd/psrr_dyn_ss_125c_rbcs_i500ua_c330nf_e0mohm.spice	5ed02256e0930b40d28a790dc99f529d6173df71c5b02010ac28f0cee074bac5	klt sim --backend batch corners/20261010-101245-6df50fd/_batch/g04_psrr_dyn_ff_27c_rbcs_i37500ua_c1000nf_e500mohm/request.json (batch_backend.py; corner mos_ss__res_bcs__cap_typ @ 125C)	6df50fd	ihp-sg13cmos5l	ngspice-46 (EDA batch fleet runner, klt 0.5.0)
loopgain	loopgain_dyn_ss_125c_rbcs_i37500ua_c330nf_e0mohm	mos_ss	res_bcs	125	37500e-6	330n	0	sim/ldo-cmos5l-pvt-sweep/netlist-snapshots/20261010-101245-6df50fd/loopgain_dyn_ss_125c_rbcs_i37500ua_c330nf_e0mohm.spice	c020a4385c16c01fe04417435b76ebc7bf2dab121fec70f47d36f47dd45cdf34	klt sim --backend batch corners/20261010-101245-6df50fd/_batch/g01_loopgain_dyn_ff_27c_rbcs_i37500ua_c1000nf_e500mohm/request.json (batch_backend.py; corner mos_ss__res_bcs__cap_typ @ 125C)	6df50fd	ihp-sg13cmos5l	ngspice-46 (EDA batch fleet runner, klt 0.5.0)
psrr	psrr_dyn_ss_125c_rbcs_i37500ua_c330nf_e0mohm	mos_ss	res_bcs	125	37500e-6	330n	0	sim/ldo-cmos5l-pvt-sweep/netlist-snapshots/20261010-101245-6df50fd/psrr_dyn_ss_125c_rbcs_i37500ua_c330nf_e0mohm.spice	e72653cc79158c0258c5278c7ac34cd9e2c057d41af3de9c9fe3acaba8819618	klt sim --backend batch corners/20261010-101245-6df50fd/_batch/g04_psrr_dyn_ff_27c_rbcs_i37500ua_c1000nf_e500mohm/request.json (batch_backend.py; corner mos_ss__res_bcs__cap_typ @ 125C)	6df50fd	ihp-sg13cmos5l	ngspice-46 (EDA batch fleet runner, klt 0.5.0)
loopgain	loopgain_dyn_ss_125c_rbcs_i13000ua_c330nf_e0mohm	mos_ss	res_bcs	125	13000e-6	330n	0	sim/ldo-cmos5l-pvt-sweep/netlist-snapshots/20261010-101245-6df50fd/loopgain_dyn_ss_125c_rbcs_i13000ua_c330nf_e0mohm.spice	5541c2846241df1c9bb24d7ced3ad99560597d76fb0294e358c0ddde816808f4	klt sim --backend batch corners/20261010-101245-6df50fd/_batch/g01_loopgain_dyn_ff_27c_rbcs_i37500ua_c1000nf_e500mohm/request.json (batch_backend.py; corner mos_ss__res_bcs__cap_typ @ 125C)	6df50fd	ihp-sg13cmos5l	ngspice-46 (EDA batch fleet runner, klt 0.5.0)
psrr	psrr_dyn_ss_125c_rbcs_i13000ua_c330nf_e0mohm	mos_ss	res_bcs	125	13000e-6	330n	0	sim/ldo-cmos5l-pvt-sweep/netlist-snapshots/20261010-101245-6df50fd/psrr_dyn_ss_125c_rbcs_i13000ua_c330nf_e0mohm.spice	7d863818909a984b0858d9210831a02705246ec3abe353e15ef010fce15419a9	klt sim --backend batch corners/20261010-101245-6df50fd/_batch/g04_psrr_dyn_ff_27c_rbcs_i37500ua_c1000nf_e500mohm/request.json (batch_backend.py; corner mos_ss__res_bcs__cap_typ @ 125C)	6df50fd	ihp-sg13cmos5l	ngspice-46 (EDA batch fleet runner, klt 0.5.0)
loopgain	loopgain_dyn_ss_125c_rbcs_i500ua_c330nf_e250mohm	mos_ss	res_bcs	125	500e-6	330n	250e-3	sim/ldo-cmos5l-pvt-sweep/netlist-snapshots/20261010-101245-6df50fd/loopgain_dyn_ss_125c_rbcs_i500ua_c330nf_e250mohm.spice	b661a855b1df80b29fcdb9b3e16b7ecab6eb2a7a8048f63e2d716d55c10ed897	klt sim --backend batch corners/20261010-101245-6df50fd/_batch/g01_loopgain_dyn_ff_27c_rbcs_i37500ua_c1000nf_e500mohm/request.json (batch_backend.py; corner mos_ss__res_bcs__cap_typ @ 125C)	6df50fd	ihp-sg13cmos5l	ngspice-46 (EDA batch fleet runner, klt 0.5.0)
psrr	psrr_dyn_ss_125c_rbcs_i500ua_c330nf_e250mohm	mos_ss	res_bcs	125	500e-6	330n	250e-3	sim/ldo-cmos5l-pvt-sweep/netlist-snapshots/20261010-101245-6df50fd/psrr_dyn_ss_125c_rbcs_i500ua_c330nf_e250mohm.spice	2202cb5f55bd6f61ca172a2dc3e2a241e0d23c68590d0ec4a69f9b9ae8261927	klt sim --backend batch corners/20261010-101245-6df50fd/_batch/g04_psrr_dyn_ff_27c_rbcs_i37500ua_c1000nf_e500mohm/request.json (batch_backend.py; corner mos_ss__res_bcs__cap_typ @ 125C)	6df50fd	ihp-sg13cmos5l	ngspice-46 (EDA batch fleet runner, klt 0.5.0)
loopgain	loopgain_dyn_ss_125c_rbcs_i13000ua_c330nf_e250mohm	mos_ss	res_bcs	125	13000e-6	330n	250e-3	sim/ldo-cmos5l-pvt-sweep/netlist-snapshots/20261010-101245-6df50fd/loopgain_dyn_ss_125c_rbcs_i13000ua_c330nf_e250mohm.spice	786abb7deb87685b833a3c2036328b708a0d69aff5e40b496d044afe277835fa	klt sim --backend batch corners/20261010-101245-6df50fd/_batch/g01_loopgain_dyn_ff_27c_rbcs_i37500ua_c1000nf_e500mohm/request.json (batch_backend.py; corner mos_ss__res_bcs__cap_typ @ 125C)	6df50fd	ihp-sg13cmos5l	ngspice-46 (EDA batch fleet runner, klt 0.5.0)
psrr	psrr_dyn_ss_125c_rbcs_i13000ua_c330nf_e250mohm	mos_ss	res_bcs	125	13000e-6	330n	250e-3	sim/ldo-cmos5l-pvt-sweep/netlist-snapshots/20261010-101245-6df50fd/psrr_dyn_ss_125c_rbcs_i13000ua_c330nf_e250mohm.spice	5fe58870c79c364be4e23d5e1b290100bfc06ec8056f317df154134b49f161f5	klt sim --backend batch corners/20261010-101245-6df50fd/_batch/g04_psrr_dyn_ff_27c_rbcs_i37500ua_c1000nf_e500mohm/request.json (batch_backend.py; corner mos_ss__res_bcs__cap_typ @ 125C)	6df50fd	ihp-sg13cmos5l	ngspice-46 (EDA batch fleet runner, klt 0.5.0)
loopgain	loopgain_dyn_ss_125c_rbcs_i500ua_c330nf_e500mohm	mos_ss	res_bcs	125	500e-6	330n	500e-3	sim/ldo-cmos5l-pvt-sweep/netlist-snapshots/20261010-101245-6df50fd/loopgain_dyn_ss_125c_rbcs_i500ua_c330nf_e500mohm.spice	42c79a625c2064428bc64c24d0d6539b5ce4dc3feec622742516d2450edd1905	klt sim --backend batch corners/20261010-101245-6df50fd/_batch/g01_loopgain_dyn_ff_27c_rbcs_i37500ua_c1000nf_e500mohm/request.json (batch_backend.py; corner mos_ss__res_bcs__cap_typ @ 125C)	6df50fd	ihp-sg13cmos5l	ngspice-46 (EDA batch fleet runner, klt 0.5.0)
psrr	psrr_dyn_ss_125c_rbcs_i500ua_c330nf_e500mohm	mos_ss	res_bcs	125	500e-6	330n	500e-3	sim/ldo-cmos5l-pvt-sweep/netlist-snapshots/20261010-101245-6df50fd/psrr_dyn_ss_125c_rbcs_i500ua_c330nf_e500mohm.spice	5e358b6c574fb3ad7e76a54994ef31adb724d99b126efc064c96871355023fca	klt sim --backend batch corners/20261010-101245-6df50fd/_batch/g04_psrr_dyn_ff_27c_rbcs_i37500ua_c1000nf_e500mohm/request.json (batch_backend.py; corner mos_ss__res_bcs__cap_typ @ 125C)	6df50fd	ihp-sg13cmos5l	ngspice-46 (EDA batch fleet runner, klt 0.5.0)
loopgain	loopgain_dyn_ss_125c_rbcs_i13000ua_c330nf_e500mohm	mos_ss	res_bcs	125	13000e-6	330n	500e-3	sim/ldo-cmos5l-pvt-sweep/netlist-snapshots/20261010-101245-6df50fd/loopgain_dyn_ss_125c_rbcs_i13000ua_c330nf_e500mohm.spice	232f4301f6486508579170c9eef402dd5a8c7f2d1b9ec8e5b11a4c75dc0921dd	klt sim --backend batch corners/20261010-101245-6df50fd/_batch/g01_loopgain_dyn_ff_27c_rbcs_i37500ua_c1000nf_e500mohm/request.json (batch_backend.py; corner mos_ss__res_bcs__cap_typ @ 125C)	6df50fd	ihp-sg13cmos5l	ngspice-46 (EDA batch fleet runner, klt 0.5.0)
psrr	psrr_dyn_ss_125c_rbcs_i13000ua_c330nf_e500mohm	mos_ss	res_bcs	125	13000e-6	330n	500e-3	sim/ldo-cmos5l-pvt-sweep/netlist-snapshots/20261010-101245-6df50fd/psrr_dyn_ss_125c_rbcs_i13000ua_c330nf_e500mohm.spice	354372e80c0f52f4a5e4b41ffa308c326c37d535e9645e13d2ee8fa9551fd5bd	klt sim --backend batch corners/20261010-101245-6df50fd/_batch/g04_psrr_dyn_ff_27c_rbcs_i37500ua_c1000nf_e500mohm/request.json (batch_backend.py; corner mos_ss__res_bcs__cap_typ @ 125C)	6df50fd	ihp-sg13cmos5l	ngspice-46 (EDA batch fleet runner, klt 0.5.0)
loopgain	loopgain_dyn_ss_125c_rbcs_i37500ua_c330nf_e500mohm	mos_ss	res_bcs	125	37500e-6	330n	500e-3	sim/ldo-cmos5l-pvt-sweep/netlist-snapshots/20261010-101245-6df50fd/loopgain_dyn_ss_125c_rbcs_i37500ua_c330nf_e500mohm.spice	416a906ab90bb3795426fdcc43d4e06b1eff53b99418213b2138e6e99e315188	klt sim --backend batch corners/20261010-101245-6df50fd/_batch/g01_loopgain_dyn_ff_27c_rbcs_i37500ua_c1000nf_e500mohm/request.json (batch_backend.py; corner mos_ss__res_bcs__cap_typ @ 125C)	6df50fd	ihp-sg13cmos5l	ngspice-46 (EDA batch fleet runner, klt 0.5.0)
psrr	psrr_dyn_ss_125c_rbcs_i37500ua_c330nf_e500mohm	mos_ss	res_bcs	125	37500e-6	330n	500e-3	sim/ldo-cmos5l-pvt-sweep/netlist-snapshots/20261010-101245-6df50fd/psrr_dyn_ss_125c_rbcs_i37500ua_c330nf_e500mohm.spice	698fbf40ede58e670e30c05e028bba29742b857600d7365576dcc6b00de7a19b	klt sim --backend batch corners/20261010-101245-6df50fd/_batch/g04_psrr_dyn_ff_27c_rbcs_i37500ua_c1000nf_e500mohm/request.json (batch_backend.py; corner mos_ss__res_bcs__cap_typ @ 125C)	6df50fd	ihp-sg13cmos5l	ngspice-46 (EDA batch fleet runner, klt 0.5.0)
loopgain	loopgain_dyn_ss_125c_rbcs_i500ua_c1000nf_e0mohm	mos_ss	res_bcs	125	500e-6	1000n	0	sim/ldo-cmos5l-pvt-sweep/netlist-snapshots/20261010-101245-6df50fd/loopgain_dyn_ss_125c_rbcs_i500ua_c1000nf_e0mohm.spice	1a33a06865a88e432b6b95cc4d3e00b7540afb324075865c30d574922e5aba62	klt sim --backend batch corners/20261010-101245-6df50fd/_batch/g01_loopgain_dyn_ff_27c_rbcs_i37500ua_c1000nf_e500mohm/request.json (batch_backend.py; corner mos_ss__res_bcs__cap_typ @ 125C)	6df50fd	ihp-sg13cmos5l	ngspice-46 (EDA batch fleet runner, klt 0.5.0)
psrr	psrr_dyn_ss_125c_rbcs_i500ua_c1000nf_e0mohm	mos_ss	res_bcs	125	500e-6	1000n	0	sim/ldo-cmos5l-pvt-sweep/netlist-snapshots/20261010-101245-6df50fd/psrr_dyn_ss_125c_rbcs_i500ua_c1000nf_e0mohm.spice	e8c250157da5cb5b9b04ea9a2261fe8ea76c0bf07701a4d2b64159a6754dc628	klt sim --backend batch corners/20261010-101245-6df50fd/_batch/g04_psrr_dyn_ff_27c_rbcs_i37500ua_c1000nf_e500mohm/request.json (batch_backend.py; corner mos_ss__res_bcs__cap_typ @ 125C)	6df50fd	ihp-sg13cmos5l	ngspice-46 (EDA batch fleet runner, klt 0.5.0)
loopgain	loopgain_dyn_ss_125c_rbcs_i13000ua_c1000nf_e0mohm	mos_ss	res_bcs	125	13000e-6	1000n	0	sim/ldo-cmos5l-pvt-sweep/netlist-snapshots/20261010-101245-6df50fd/loopgain_dyn_ss_125c_rbcs_i13000ua_c1000nf_e0mohm.spice	4a199753edba214771b375240907643f5874bf0d40952ac16847fc0fb986a68a	klt sim --backend batch corners/20261010-101245-6df50fd/_batch/g01_loopgain_dyn_ff_27c_rbcs_i37500ua_c1000nf_e500mohm/request.json (batch_backend.py; corner mos_ss__res_bcs__cap_typ @ 125C)	6df50fd	ihp-sg13cmos5l	ngspice-46 (EDA batch fleet runner, klt 0.5.0)
psrr	psrr_dyn_ss_125c_rbcs_i13000ua_c1000nf_e0mohm	mos_ss	res_bcs	125	13000e-6	1000n	0	sim/ldo-cmos5l-pvt-sweep/netlist-snapshots/20261010-101245-6df50fd/psrr_dyn_ss_125c_rbcs_i13000ua_c1000nf_e0mohm.spice	2e62d41b4387c7a93df991fbf7da9de3cb12ea239f96c4081bc3f19bb8f95fba	klt sim --backend batch corners/20261010-101245-6df50fd/_batch/g04_psrr_dyn_ff_27c_rbcs_i37500ua_c1000nf_e500mohm/request.json (batch_backend.py; corner mos_ss__res_bcs__cap_typ @ 125C)	6df50fd	ihp-sg13cmos5l	ngspice-46 (EDA batch fleet runner, klt 0.5.0)
loopgain	loopgain_dyn_ss_125c_rbcs_i37500ua_c1000nf_e0mohm	mos_ss	res_bcs	125	37500e-6	1000n	0	sim/ldo-cmos5l-pvt-sweep/netlist-snapshots/20261010-101245-6df50fd/loopgain_dyn_ss_125c_rbcs_i37500ua_c1000nf_e0mohm.spice	38811c58505a810082e1151be8997e650f21c380f1899b06d8e3da7a0300a193	klt sim --backend batch corners/20261010-101245-6df50fd/_batch/g01_loopgain_dyn_ff_27c_rbcs_i37500ua_c1000nf_e500mohm/request.json (batch_backend.py; corner mos_ss__res_bcs__cap_typ @ 125C)	6df50fd	ihp-sg13cmos5l	ngspice-46 (EDA batch fleet runner, klt 0.5.0)
psrr	psrr_dyn_ss_125c_rbcs_i37500ua_c1000nf_e0mohm	mos_ss	res_bcs	125	37500e-6	1000n	0	sim/ldo-cmos5l-pvt-sweep/netlist-snapshots/20261010-101245-6df50fd/psrr_dyn_ss_125c_rbcs_i37500ua_c1000nf_e0mohm.spice	d1e011b334e22dc191953af469e909d0b6b65cc0392df82a6bb61cff90954b1e	klt sim --backend batch corners/20261010-101245-6df50fd/_batch/g04_psrr_dyn_ff_27c_rbcs_i37500ua_c1000nf_e500mohm/request.json (batch_backend.py; corner mos_ss__res_bcs__cap_typ @ 125C)	6df50fd	ihp-sg13cmos5l	ngspice-46 (EDA batch fleet runner, klt 0.5.0)
loopgain	loopgain_dyn_ss_125c_rbcs_i500ua_c1000nf_e250mohm	mos_ss	res_bcs	125	500e-6	1000n	250e-3	sim/ldo-cmos5l-pvt-sweep/netlist-snapshots/20261010-101245-6df50fd/loopgain_dyn_ss_125c_rbcs_i500ua_c1000nf_e250mohm.spice	3141fa2ae1c0b6d9da5c7a4e56b256630197ce797b9b301432e49e44e3d55ef3	klt sim --backend batch corners/20261010-101245-6df50fd/_batch/g01_loopgain_dyn_ff_27c_rbcs_i37500ua_c1000nf_e500mohm/request.json (batch_backend.py; corner mos_ss__res_bcs__cap_typ @ 125C)	6df50fd	ihp-sg13cmos5l	ngspice-46 (EDA batch fleet runner, klt 0.5.0)
psrr	psrr_dyn_ss_125c_rbcs_i500ua_c1000nf_e250mohm	mos_ss	res_bcs	125	500e-6	1000n	250e-3	sim/ldo-cmos5l-pvt-sweep/netlist-snapshots/20261010-101245-6df50fd/psrr_dyn_ss_125c_rbcs_i500ua_c1000nf_e250mohm.spice	f5fc1c5ea8f2fe94fd17bee9d09a391198595bf9b1dbffa8cc3fb5cfa423c3dc	klt sim --backend batch corners/20261010-101245-6df50fd/_batch/g04_psrr_dyn_ff_27c_rbcs_i37500ua_c1000nf_e500mohm/request.json (batch_backend.py; corner mos_ss__res_bcs__cap_typ @ 125C)	6df50fd	ihp-sg13cmos5l	ngspice-46 (EDA batch fleet runner, klt 0.5.0)
loopgain	loopgain_dyn_ss_125c_rbcs_i500ua_c1000nf_e500mohm	mos_ss	res_bcs	125	500e-6	1000n	500e-3	sim/ldo-cmos5l-pvt-sweep/netlist-snapshots/20261010-101245-6df50fd/loopgain_dyn_ss_125c_rbcs_i500ua_c1000nf_e500mohm.spice	6ea95b93793e32a4e543a80a5e37255bef067a5a1baa6e6ca7697b878793a795	klt sim --backend batch corners/20261010-101245-6df50fd/_batch/g01_loopgain_dyn_ff_27c_rbcs_i37500ua_c1000nf_e500mohm/request.json (batch_backend.py; corner mos_ss__res_bcs__cap_typ @ 125C)	6df50fd	ihp-sg13cmos5l	ngspice-46 (EDA batch fleet runner, klt 0.5.0)
psrr	psrr_dyn_ss_125c_rbcs_i500ua_c1000nf_e500mohm	mos_ss	res_bcs	125	500e-6	1000n	500e-3	sim/ldo-cmos5l-pvt-sweep/netlist-snapshots/20261010-101245-6df50fd/psrr_dyn_ss_125c_rbcs_i500ua_c1000nf_e500mohm.spice	7c7b23841f1418092c7147ab35df2bd3c45831a499fd6d0451f7cbf49025405f	klt sim --backend batch corners/20261010-101245-6df50fd/_batch/g04_psrr_dyn_ff_27c_rbcs_i37500ua_c1000nf_e500mohm/request.json (batch_backend.py; corner mos_ss__res_bcs__cap_typ @ 125C)	6df50fd	ihp-sg13cmos5l	ngspice-46 (EDA batch fleet runner, klt 0.5.0)
loopgain	loopgain_dyn_ss_125c_rbcs_i500ua_c2200nf_e0mohm	mos_ss	res_bcs	125	500e-6	2200n	0	sim/ldo-cmos5l-pvt-sweep/netlist-snapshots/20261010-101245-6df50fd/loopgain_dyn_ss_125c_rbcs_i500ua_c2200nf_e0mohm.spice	7175c7216813fd3df131592df46ab8243f9b9946380f3a740c5de91778bb48b0	klt sim --backend batch corners/20261010-101245-6df50fd/_batch/g01_loopgain_dyn_ff_27c_rbcs_i37500ua_c1000nf_e500mohm/request.json (batch_backend.py; corner mos_ss__res_bcs__cap_typ @ 125C)	6df50fd	ihp-sg13cmos5l	ngspice-46 (EDA batch fleet runner, klt 0.5.0)
psrr	psrr_dyn_ss_125c_rbcs_i500ua_c2200nf_e0mohm	mos_ss	res_bcs	125	500e-6	2200n	0	sim/ldo-cmos5l-pvt-sweep/netlist-snapshots/20261010-101245-6df50fd/psrr_dyn_ss_125c_rbcs_i500ua_c2200nf_e0mohm.spice	2258ba9362d644f23b2a9f2c77f62a719c0250e514d20579fd48011ab2002a36	klt sim --backend batch corners/20261010-101245-6df50fd/_batch/g04_psrr_dyn_ff_27c_rbcs_i37500ua_c1000nf_e500mohm/request.json (batch_backend.py; corner mos_ss__res_bcs__cap_typ @ 125C)	6df50fd	ihp-sg13cmos5l	ngspice-46 (EDA batch fleet runner, klt 0.5.0)
loopgain	loopgain_dyn_ss_125c_rbcs_i13000ua_c2200nf_e0mohm	mos_ss	res_bcs	125	13000e-6	2200n	0	sim/ldo-cmos5l-pvt-sweep/netlist-snapshots/20261010-101245-6df50fd/loopgain_dyn_ss_125c_rbcs_i13000ua_c2200nf_e0mohm.spice	e3128647a7529811583ae26c6d6e3f6ad2aa2054ca33f7f86884bb1b1e21f5f0	klt sim --backend batch corners/20261010-101245-6df50fd/_batch/g01_loopgain_dyn_ff_27c_rbcs_i37500ua_c1000nf_e500mohm/request.json (batch_backend.py; corner mos_ss__res_bcs__cap_typ @ 125C)	6df50fd	ihp-sg13cmos5l	ngspice-46 (EDA batch fleet runner, klt 0.5.0)
psrr	psrr_dyn_ss_125c_rbcs_i13000ua_c2200nf_e0mohm	mos_ss	res_bcs	125	13000e-6	2200n	0	sim/ldo-cmos5l-pvt-sweep/netlist-snapshots/20261010-101245-6df50fd/psrr_dyn_ss_125c_rbcs_i13000ua_c2200nf_e0mohm.spice	917227cc3a1fe31ce50aae1b5ec6bb176edeb0137b9d417369148d03eb4cbbd6	klt sim --backend batch corners/20261010-101245-6df50fd/_batch/g04_psrr_dyn_ff_27c_rbcs_i37500ua_c1000nf_e500mohm/request.json (batch_backend.py; corner mos_ss__res_bcs__cap_typ @ 125C)	6df50fd	ihp-sg13cmos5l	ngspice-46 (EDA batch fleet runner, klt 0.5.0)
loopgain	loopgain_dyn_ss_125c_rbcs_i500ua_c2200nf_e250mohm	mos_ss	res_bcs	125	500e-6	2200n	250e-3	sim/ldo-cmos5l-pvt-sweep/netlist-snapshots/20261010-101245-6df50fd/loopgain_dyn_ss_125c_rbcs_i500ua_c2200nf_e250mohm.spice	69b6d61100a82bed66283be0cedd7634ac491d07a8ae70c379aa9d9aee30fa43	klt sim --backend batch corners/20261010-101245-6df50fd/_batch/g01_loopgain_dyn_ff_27c_rbcs_i37500ua_c1000nf_e500mohm/request.json (batch_backend.py; corner mos_ss__res_bcs__cap_typ @ 125C)	6df50fd	ihp-sg13cmos5l	ngspice-46 (EDA batch fleet runner, klt 0.5.0)
psrr	psrr_dyn_ss_125c_rbcs_i500ua_c2200nf_e250mohm	mos_ss	res_bcs	125	500e-6	2200n	250e-3	sim/ldo-cmos5l-pvt-sweep/netlist-snapshots/20261010-101245-6df50fd/psrr_dyn_ss_125c_rbcs_i500ua_c2200nf_e250mohm.spice	1d561a54c0088bbd29d2d5ad1ad1f3fcfc2a52c66435b37aedbd452471e39871	klt sim --backend batch corners/20261010-101245-6df50fd/_batch/g04_psrr_dyn_ff_27c_rbcs_i37500ua_c1000nf_e500mohm/request.json (batch_backend.py; corner mos_ss__res_bcs__cap_typ @ 125C)	6df50fd	ihp-sg13cmos5l	ngspice-46 (EDA batch fleet runner, klt 0.5.0)
loopgain	loopgain_dyn_ss_125c_rbcs_i13000ua_c2200nf_e250mohm	mos_ss	res_bcs	125	13000e-6	2200n	250e-3	sim/ldo-cmos5l-pvt-sweep/netlist-snapshots/20261010-101245-6df50fd/loopgain_dyn_ss_125c_rbcs_i13000ua_c2200nf_e250mohm.spice	dcf3deb1967ce85c2e90b7005803eb531fd09d05a76d62f5363f13b43c690c45	klt sim --backend batch corners/20261010-101245-6df50fd/_batch/g01_loopgain_dyn_ff_27c_rbcs_i37500ua_c1000nf_e500mohm/request.json (batch_backend.py; corner mos_ss__res_bcs__cap_typ @ 125C)	6df50fd	ihp-sg13cmos5l	ngspice-46 (EDA batch fleet runner, klt 0.5.0)
psrr	psrr_dyn_ss_125c_rbcs_i13000ua_c2200nf_e250mohm	mos_ss	res_bcs	125	13000e-6	2200n	250e-3	sim/ldo-cmos5l-pvt-sweep/netlist-snapshots/20261010-101245-6df50fd/psrr_dyn_ss_125c_rbcs_i13000ua_c2200nf_e250mohm.spice	c204f6ea223baad6a184f3a6873fed6932609504aafe3ecafb805d879432b6fe	klt sim --backend batch corners/20261010-101245-6df50fd/_batch/g04_psrr_dyn_ff_27c_rbcs_i37500ua_c1000nf_e500mohm/request.json (batch_backend.py; corner mos_ss__res_bcs__cap_typ @ 125C)	6df50fd	ihp-sg13cmos5l	ngspice-46 (EDA batch fleet runner, klt 0.5.0)
loopgain	loopgain_dyn_ss_125c_rbcs_i500ua_c2200nf_e500mohm	mos_ss	res_bcs	125	500e-6	2200n	500e-3	sim/ldo-cmos5l-pvt-sweep/netlist-snapshots/20261010-101245-6df50fd/loopgain_dyn_ss_125c_rbcs_i500ua_c2200nf_e500mohm.spice	0881d9cc58322d58f5ced53942465ca8b1b829463836b660959e373e1a865db2	klt sim --backend batch corners/20261010-101245-6df50fd/_batch/g01_loopgain_dyn_ff_27c_rbcs_i37500ua_c1000nf_e500mohm/request.json (batch_backend.py; corner mos_ss__res_bcs__cap_typ @ 125C)	6df50fd	ihp-sg13cmos5l	ngspice-46 (EDA batch fleet runner, klt 0.5.0)
psrr	psrr_dyn_ss_125c_rbcs_i500ua_c2200nf_e500mohm	mos_ss	res_bcs	125	500e-6	2200n	500e-3	sim/ldo-cmos5l-pvt-sweep/netlist-snapshots/20261010-101245-6df50fd/psrr_dyn_ss_125c_rbcs_i500ua_c2200nf_e500mohm.spice	08f9ef0c1ec621ba7a0d291697c83612071b637eb0986e0caf94f8f8d9f442a1	klt sim --backend batch corners/20261010-101245-6df50fd/_batch/g04_psrr_dyn_ff_27c_rbcs_i37500ua_c1000nf_e500mohm/request.json (batch_backend.py; corner mos_ss__res_bcs__cap_typ @ 125C)	6df50fd	ihp-sg13cmos5l	ngspice-46 (EDA batch fleet runner, klt 0.5.0)
loopgain	loopgain_dyn_ss_125c_rbcs_i500ua_c4700nf_e0mohm	mos_ss	res_bcs	125	500e-6	4700n	0	sim/ldo-cmos5l-pvt-sweep/netlist-snapshots/20261010-101245-6df50fd/loopgain_dyn_ss_125c_rbcs_i500ua_c4700nf_e0mohm.spice	0e13e468e5a6bc0ea36146825359f68722f6085233ca3850ddf7fd40b90ea982	klt sim --backend batch corners/20261010-101245-6df50fd/_batch/g01_loopgain_dyn_ff_27c_rbcs_i37500ua_c1000nf_e500mohm/request.json (batch_backend.py; corner mos_ss__res_bcs__cap_typ @ 125C)	6df50fd	ihp-sg13cmos5l	ngspice-46 (EDA batch fleet runner, klt 0.5.0)
psrr	psrr_dyn_ss_125c_rbcs_i500ua_c4700nf_e0mohm	mos_ss	res_bcs	125	500e-6	4700n	0	sim/ldo-cmos5l-pvt-sweep/netlist-snapshots/20261010-101245-6df50fd/psrr_dyn_ss_125c_rbcs_i500ua_c4700nf_e0mohm.spice	360fe25ea9a3a96af6ef87f3f37150b402325dd6fa8bfe2b54e77b356de1212e	klt sim --backend batch corners/20261010-101245-6df50fd/_batch/g04_psrr_dyn_ff_27c_rbcs_i37500ua_c1000nf_e500mohm/request.json (batch_backend.py; corner mos_ss__res_bcs__cap_typ @ 125C)	6df50fd	ihp-sg13cmos5l	ngspice-46 (EDA batch fleet runner, klt 0.5.0)
loopgain	loopgain_dyn_ss_125c_rbcs_i13000ua_c4700nf_e0mohm	mos_ss	res_bcs	125	13000e-6	4700n	0	sim/ldo-cmos5l-pvt-sweep/netlist-snapshots/20261010-101245-6df50fd/loopgain_dyn_ss_125c_rbcs_i13000ua_c4700nf_e0mohm.spice	0fce76a9712f15ffa4994140055360f865d92541a947d9ed89f68018d5096141	klt sim --backend batch corners/20261010-101245-6df50fd/_batch/g01_loopgain_dyn_ff_27c_rbcs_i37500ua_c1000nf_e500mohm/request.json (batch_backend.py; corner mos_ss__res_bcs__cap_typ @ 125C)	6df50fd	ihp-sg13cmos5l	ngspice-46 (EDA batch fleet runner, klt 0.5.0)
psrr	psrr_dyn_ss_125c_rbcs_i13000ua_c4700nf_e0mohm	mos_ss	res_bcs	125	13000e-6	4700n	0	sim/ldo-cmos5l-pvt-sweep/netlist-snapshots/20261010-101245-6df50fd/psrr_dyn_ss_125c_rbcs_i13000ua_c4700nf_e0mohm.spice	82e065132e10452135093c3d0128b78c574f7ca70f2c26b5e12f6b350255e222	klt sim --backend batch corners/20261010-101245-6df50fd/_batch/g04_psrr_dyn_ff_27c_rbcs_i37500ua_c1000nf_e500mohm/request.json (batch_backend.py; corner mos_ss__res_bcs__cap_typ @ 125C)	6df50fd	ihp-sg13cmos5l	ngspice-46 (EDA batch fleet runner, klt 0.5.0)
loopgain	loopgain_dyn_ss_125c_rbcs_i500ua_c4700nf_e250mohm	mos_ss	res_bcs	125	500e-6	4700n	250e-3	sim/ldo-cmos5l-pvt-sweep/netlist-snapshots/20261010-101245-6df50fd/loopgain_dyn_ss_125c_rbcs_i500ua_c4700nf_e250mohm.spice	ae293bf9ae41f7b86e6f63488ca3a7d3f3d2a4e0a2344bff7e46214d047de595	klt sim --backend batch corners/20261010-101245-6df50fd/_batch/g01_loopgain_dyn_ff_27c_rbcs_i37500ua_c1000nf_e500mohm/request.json (batch_backend.py; corner mos_ss__res_bcs__cap_typ @ 125C)	6df50fd	ihp-sg13cmos5l	ngspice-46 (EDA batch fleet runner, klt 0.5.0)
psrr	psrr_dyn_ss_125c_rbcs_i500ua_c4700nf_e250mohm	mos_ss	res_bcs	125	500e-6	4700n	250e-3	sim/ldo-cmos5l-pvt-sweep/netlist-snapshots/20261010-101245-6df50fd/psrr_dyn_ss_125c_rbcs_i500ua_c4700nf_e250mohm.spice	4534c38fe0c8e1e9848d644a0165553044e5b10a7fe0a5a15bf63ab0f1e843d3	klt sim --backend batch corners/20261010-101245-6df50fd/_batch/g04_psrr_dyn_ff_27c_rbcs_i37500ua_c1000nf_e500mohm/request.json (batch_backend.py; corner mos_ss__res_bcs__cap_typ @ 125C)	6df50fd	ihp-sg13cmos5l	ngspice-46 (EDA batch fleet runner, klt 0.5.0)
loopgain	loopgain_dyn_ss_125c_rbcs_i13000ua_c4700nf_e250mohm	mos_ss	res_bcs	125	13000e-6	4700n	250e-3	sim/ldo-cmos5l-pvt-sweep/netlist-snapshots/20261010-101245-6df50fd/loopgain_dyn_ss_125c_rbcs_i13000ua_c4700nf_e250mohm.spice	06c4e6de3e1d2ed681afb7050d2200590f91441c8d48e5002bf25fd6a26bd484	klt sim --backend batch corners/20261010-101245-6df50fd/_batch/g01_loopgain_dyn_ff_27c_rbcs_i37500ua_c1000nf_e500mohm/request.json (batch_backend.py; corner mos_ss__res_bcs__cap_typ @ 125C)	6df50fd	ihp-sg13cmos5l	ngspice-46 (EDA batch fleet runner, klt 0.5.0)
psrr	psrr_dyn_ss_125c_rbcs_i13000ua_c4700nf_e250mohm	mos_ss	res_bcs	125	13000e-6	4700n	250e-3	sim/ldo-cmos5l-pvt-sweep/netlist-snapshots/20261010-101245-6df50fd/psrr_dyn_ss_125c_rbcs_i13000ua_c4700nf_e250mohm.spice	176240ba5d4b822d4055c0903c4d5d42fd539444fcb62db5e997f3124afd4aed	klt sim --backend batch corners/20261010-101245-6df50fd/_batch/g04_psrr_dyn_ff_27c_rbcs_i37500ua_c1000nf_e500mohm/request.json (batch_backend.py; corner mos_ss__res_bcs__cap_typ @ 125C)	6df50fd	ihp-sg13cmos5l	ngspice-46 (EDA batch fleet runner, klt 0.5.0)
loopgain	loopgain_dyn_ss_125c_rbcs_i500ua_c4700nf_e500mohm	mos_ss	res_bcs	125	500e-6	4700n	500e-3	sim/ldo-cmos5l-pvt-sweep/netlist-snapshots/20261010-101245-6df50fd/loopgain_dyn_ss_125c_rbcs_i500ua_c4700nf_e500mohm.spice	62c3918f2d107da07cbf4a12c437aec94d963b820c3f801e1cf0e05046f88668	klt sim --backend batch corners/20261010-101245-6df50fd/_batch/g01_loopgain_dyn_ff_27c_rbcs_i37500ua_c1000nf_e500mohm/request.json (batch_backend.py; corner mos_ss__res_bcs__cap_typ @ 125C)	6df50fd	ihp-sg13cmos5l	ngspice-46 (EDA batch fleet runner, klt 0.5.0)
psrr	psrr_dyn_ss_125c_rbcs_i500ua_c4700nf_e500mohm	mos_ss	res_bcs	125	500e-6	4700n	500e-3	sim/ldo-cmos5l-pvt-sweep/netlist-snapshots/20261010-101245-6df50fd/psrr_dyn_ss_125c_rbcs_i500ua_c4700nf_e500mohm.spice	3fe261ac1407d3f98b9f1be80f70a464efd7a2d7d7b1f92814ee310e82264241	klt sim --backend batch corners/20261010-101245-6df50fd/_batch/g04_psrr_dyn_ff_27c_rbcs_i37500ua_c1000nf_e500mohm/request.json (batch_backend.py; corner mos_ss__res_bcs__cap_typ @ 125C)	6df50fd	ihp-sg13cmos5l	ngspice-46 (EDA batch fleet runner, klt 0.5.0)
loopgain	loopgain_dyn_ss_125c_rbcs_i13000ua_c4700nf_e500mohm	mos_ss	res_bcs	125	13000e-6	4700n	500e-3	sim/ldo-cmos5l-pvt-sweep/netlist-snapshots/20261010-101245-6df50fd/loopgain_dyn_ss_125c_rbcs_i13000ua_c4700nf_e500mohm.spice	98e4325cc6db0df7c77a8e9a3645e61e9e41a460b5af03f3045368373ea6e3de	klt sim --backend batch corners/20261010-101245-6df50fd/_batch/g01_loopgain_dyn_ff_27c_rbcs_i37500ua_c1000nf_e500mohm/request.json (batch_backend.py; corner mos_ss__res_bcs__cap_typ @ 125C)	6df50fd	ihp-sg13cmos5l	ngspice-46 (EDA batch fleet runner, klt 0.5.0)
psrr	psrr_dyn_ss_125c_rbcs_i13000ua_c4700nf_e500mohm	mos_ss	res_bcs	125	13000e-6	4700n	500e-3	sim/ldo-cmos5l-pvt-sweep/netlist-snapshots/20261010-101245-6df50fd/psrr_dyn_ss_125c_rbcs_i13000ua_c4700nf_e500mohm.spice	784dd80f841eef25244fdada968e87affa992998b8a75ccf75af3fe47a0a99ee	klt sim --backend batch corners/20261010-101245-6df50fd/_batch/g04_psrr_dyn_ff_27c_rbcs_i37500ua_c1000nf_e500mohm/request.json (batch_backend.py; corner mos_ss__res_bcs__cap_typ @ 125C)	6df50fd	ihp-sg13cmos5l	ngspice-46 (EDA batch fleet runner, klt 0.5.0)
loopgain	loopgain_dyn_ss_125c_rbcs_i0ua_c665nf_e0mohm	mos_ss	res_bcs	125	0	665n	0	sim/ldo-cmos5l-pvt-sweep/netlist-snapshots/20261010-101245-6df50fd/loopgain_dyn_ss_125c_rbcs_i0ua_c665nf_e0mohm.spice	2f22b6cf32251796698d24e1f21698426a7de490e2f1c3e39fe36dce53c18809	klt sim --backend batch corners/20261010-101245-6df50fd/_batch/g01_loopgain_dyn_ff_27c_rbcs_i37500ua_c1000nf_e500mohm/request.json (batch_backend.py; corner mos_ss__res_bcs__cap_typ @ 125C)	6df50fd	ihp-sg13cmos5l	ngspice-46 (EDA batch fleet runner, klt 0.5.0)
psrr	psrr_dyn_ss_125c_rbcs_i0ua_c665nf_e0mohm	mos_ss	res_bcs	125	0	665n	0	sim/ldo-cmos5l-pvt-sweep/netlist-snapshots/20261010-101245-6df50fd/psrr_dyn_ss_125c_rbcs_i0ua_c665nf_e0mohm.spice	3666518f60822d201571910ac92aaf9c3bd51f6400cfb2ca858793b61ec0c48e	klt sim --backend batch corners/20261010-101245-6df50fd/_batch/g04_psrr_dyn_ff_27c_rbcs_i37500ua_c1000nf_e500mohm/request.json (batch_backend.py; corner mos_ss__res_bcs__cap_typ @ 125C)	6df50fd	ihp-sg13cmos5l	ngspice-46 (EDA batch fleet runner, klt 0.5.0)
loopgain	loopgain_dyn_ss_125c_rbcs_i0ua_c1600nf_e0mohm	mos_ss	res_bcs	125	0	1600n	0	sim/ldo-cmos5l-pvt-sweep/netlist-snapshots/20261010-101245-6df50fd/loopgain_dyn_ss_125c_rbcs_i0ua_c1600nf_e0mohm.spice	5f2935937d9fde113dfedb350c9cb11743b053ce761ded4d8287819d2353bc73	klt sim --backend batch corners/20261010-101245-6df50fd/_batch/g01_loopgain_dyn_ff_27c_rbcs_i37500ua_c1000nf_e500mohm/request.json (batch_backend.py; corner mos_ss__res_bcs__cap_typ @ 125C)	6df50fd	ihp-sg13cmos5l	ngspice-46 (EDA batch fleet runner, klt 0.5.0)
psrr	psrr_dyn_ss_125c_rbcs_i0ua_c1600nf_e0mohm	mos_ss	res_bcs	125	0	1600n	0	sim/ldo-cmos5l-pvt-sweep/netlist-snapshots/20261010-101245-6df50fd/psrr_dyn_ss_125c_rbcs_i0ua_c1600nf_e0mohm.spice	d8705c92aa6305458f5dabee983b0cdde2a3b5d1876563ab77870701927e7b45	klt sim --backend batch corners/20261010-101245-6df50fd/_batch/g04_psrr_dyn_ff_27c_rbcs_i37500ua_c1000nf_e500mohm/request.json (batch_backend.py; corner mos_ss__res_bcs__cap_typ @ 125C)	6df50fd	ihp-sg13cmos5l	ngspice-46 (EDA batch fleet runner, klt 0.5.0)
loopgain	loopgain_dyn_ss_125c_rbcs_i0ua_c3450nf_e0mohm	mos_ss	res_bcs	125	0	3450n	0	sim/ldo-cmos5l-pvt-sweep/netlist-snapshots/20261010-101245-6df50fd/loopgain_dyn_ss_125c_rbcs_i0ua_c3450nf_e0mohm.spice	767bf940dd051efacf2206c0d475d833fa24205a42236ed1bb5e2ef7edd9df43	klt sim --backend batch corners/20261010-101245-6df50fd/_batch/g01_loopgain_dyn_ff_27c_rbcs_i37500ua_c1000nf_e500mohm/request.json (batch_backend.py; corner mos_ss__res_bcs__cap_typ @ 125C)	6df50fd	ihp-sg13cmos5l	ngspice-46 (EDA batch fleet runner, klt 0.5.0)
psrr	psrr_dyn_ss_125c_rbcs_i0ua_c3450nf_e0mohm	mos_ss	res_bcs	125	0	3450n	0	sim/ldo-cmos5l-pvt-sweep/netlist-snapshots/20261010-101245-6df50fd/psrr_dyn_ss_125c_rbcs_i0ua_c3450nf_e0mohm.spice	1eaee7ed80da56a52ccee93812635d3b6c17884d657c275302a3777d66fe84fa	klt sim --backend batch corners/20261010-101245-6df50fd/_batch/g04_psrr_dyn_ff_27c_rbcs_i37500ua_c1000nf_e500mohm/request.json (batch_backend.py; corner mos_ss__res_bcs__cap_typ @ 125C)	6df50fd	ihp-sg13cmos5l	ngspice-46 (EDA batch fleet runner, klt 0.5.0)
loopgain	loopgain_dyn_ss_125c_rbcs_i0ua_c665nf_e250mohm	mos_ss	res_bcs	125	0	665n	250e-3	sim/ldo-cmos5l-pvt-sweep/netlist-snapshots/20261010-101245-6df50fd/loopgain_dyn_ss_125c_rbcs_i0ua_c665nf_e250mohm.spice	08660cae00aac9346ecb4dff4cc174b637e4ffe2617ed85eea10f7aa026feff4	klt sim --backend batch corners/20261010-101245-6df50fd/_batch/g01_loopgain_dyn_ff_27c_rbcs_i37500ua_c1000nf_e500mohm/request.json (batch_backend.py; corner mos_ss__res_bcs__cap_typ @ 125C)	6df50fd	ihp-sg13cmos5l	ngspice-46 (EDA batch fleet runner, klt 0.5.0)
psrr	psrr_dyn_ss_125c_rbcs_i0ua_c665nf_e250mohm	mos_ss	res_bcs	125	0	665n	250e-3	sim/ldo-cmos5l-pvt-sweep/netlist-snapshots/20261010-101245-6df50fd/psrr_dyn_ss_125c_rbcs_i0ua_c665nf_e250mohm.spice	3ebb5e6cf3bc77c569235cfbf0d555e1b9f08c26d27fa623eecb561f4b6dd7f5	klt sim --backend batch corners/20261010-101245-6df50fd/_batch/g04_psrr_dyn_ff_27c_rbcs_i37500ua_c1000nf_e500mohm/request.json (batch_backend.py; corner mos_ss__res_bcs__cap_typ @ 125C)	6df50fd	ihp-sg13cmos5l	ngspice-46 (EDA batch fleet runner, klt 0.5.0)
loopgain	loopgain_dyn_ss_125c_rbcs_i0ua_c1600nf_e250mohm	mos_ss	res_bcs	125	0	1600n	250e-3	sim/ldo-cmos5l-pvt-sweep/netlist-snapshots/20261010-101245-6df50fd/loopgain_dyn_ss_125c_rbcs_i0ua_c1600nf_e250mohm.spice	19910c0ab977be6fa242284808b016c9be3f64d1d1697f77e9225af6103f2887	klt sim --backend batch corners/20261010-101245-6df50fd/_batch/g01_loopgain_dyn_ff_27c_rbcs_i37500ua_c1000nf_e500mohm/request.json (batch_backend.py; corner mos_ss__res_bcs__cap_typ @ 125C)	6df50fd	ihp-sg13cmos5l	ngspice-46 (EDA batch fleet runner, klt 0.5.0)
psrr	psrr_dyn_ss_125c_rbcs_i0ua_c1600nf_e250mohm	mos_ss	res_bcs	125	0	1600n	250e-3	sim/ldo-cmos5l-pvt-sweep/netlist-snapshots/20261010-101245-6df50fd/psrr_dyn_ss_125c_rbcs_i0ua_c1600nf_e250mohm.spice	7fd66a3a22b1d23b9453bde461840fbde4ca43996c67c0a91d1b502fd7d3c117	klt sim --backend batch corners/20261010-101245-6df50fd/_batch/g04_psrr_dyn_ff_27c_rbcs_i37500ua_c1000nf_e500mohm/request.json (batch_backend.py; corner mos_ss__res_bcs__cap_typ @ 125C)	6df50fd	ihp-sg13cmos5l	ngspice-46 (EDA batch fleet runner, klt 0.5.0)
loopgain	loopgain_dyn_ss_125c_rbcs_i0ua_c3450nf_e250mohm	mos_ss	res_bcs	125	0	3450n	250e-3	sim/ldo-cmos5l-pvt-sweep/netlist-snapshots/20261010-101245-6df50fd/loopgain_dyn_ss_125c_rbcs_i0ua_c3450nf_e250mohm.spice	1be64ab8adb9da06f3e65d2f4d8e91a2f4b618d58a08b44713e8cc5795358c51	klt sim --backend batch corners/20261010-101245-6df50fd/_batch/g01_loopgain_dyn_ff_27c_rbcs_i37500ua_c1000nf_e500mohm/request.json (batch_backend.py; corner mos_ss__res_bcs__cap_typ @ 125C)	6df50fd	ihp-sg13cmos5l	ngspice-46 (EDA batch fleet runner, klt 0.5.0)
psrr	psrr_dyn_ss_125c_rbcs_i0ua_c3450nf_e250mohm	mos_ss	res_bcs	125	0	3450n	250e-3	sim/ldo-cmos5l-pvt-sweep/netlist-snapshots/20261010-101245-6df50fd/psrr_dyn_ss_125c_rbcs_i0ua_c3450nf_e250mohm.spice	b564dbad70a90081de03b2a5f68a3388a0871a381c091c38b40fb0657fc3e9f6	klt sim --backend batch corners/20261010-101245-6df50fd/_batch/g04_psrr_dyn_ff_27c_rbcs_i37500ua_c1000nf_e500mohm/request.json (batch_backend.py; corner mos_ss__res_bcs__cap_typ @ 125C)	6df50fd	ihp-sg13cmos5l	ngspice-46 (EDA batch fleet runner, klt 0.5.0)
loopgain	loopgain_dyn_ss_125c_rbcs_i0ua_c665nf_e500mohm	mos_ss	res_bcs	125	0	665n	500e-3	sim/ldo-cmos5l-pvt-sweep/netlist-snapshots/20261010-101245-6df50fd/loopgain_dyn_ss_125c_rbcs_i0ua_c665nf_e500mohm.spice	e081d001c703c569755a7cc5292b0b5c77ec8e7ddb9879c3f1e3bf8517187fa4	klt sim --backend batch corners/20261010-101245-6df50fd/_batch/g01_loopgain_dyn_ff_27c_rbcs_i37500ua_c1000nf_e500mohm/request.json (batch_backend.py; corner mos_ss__res_bcs__cap_typ @ 125C)	6df50fd	ihp-sg13cmos5l	ngspice-46 (EDA batch fleet runner, klt 0.5.0)
psrr	psrr_dyn_ss_125c_rbcs_i0ua_c665nf_e500mohm	mos_ss	res_bcs	125	0	665n	500e-3	sim/ldo-cmos5l-pvt-sweep/netlist-snapshots/20261010-101245-6df50fd/psrr_dyn_ss_125c_rbcs_i0ua_c665nf_e500mohm.spice	921b84a740b5c7355cb880ca6c56b222bd27ef315ad028fbb4511520a5ebb8b4	klt sim --backend batch corners/20261010-101245-6df50fd/_batch/g04_psrr_dyn_ff_27c_rbcs_i37500ua_c1000nf_e500mohm/request.json (batch_backend.py; corner mos_ss__res_bcs__cap_typ @ 125C)	6df50fd	ihp-sg13cmos5l	ngspice-46 (EDA batch fleet runner, klt 0.5.0)
loopgain	loopgain_dyn_ss_125c_rbcs_i0ua_c1600nf_e500mohm	mos_ss	res_bcs	125	0	1600n	500e-3	sim/ldo-cmos5l-pvt-sweep/netlist-snapshots/20261010-101245-6df50fd/loopgain_dyn_ss_125c_rbcs_i0ua_c1600nf_e500mohm.spice	8ee59e82950943a190cb0cd03b84b164e29045bb9a56d0d263a30b364ab1434e	klt sim --backend batch corners/20261010-101245-6df50fd/_batch/g01_loopgain_dyn_ff_27c_rbcs_i37500ua_c1000nf_e500mohm/request.json (batch_backend.py; corner mos_ss__res_bcs__cap_typ @ 125C)	6df50fd	ihp-sg13cmos5l	ngspice-46 (EDA batch fleet runner, klt 0.5.0)
psrr	psrr_dyn_ss_125c_rbcs_i0ua_c1600nf_e500mohm	mos_ss	res_bcs	125	0	1600n	500e-3	sim/ldo-cmos5l-pvt-sweep/netlist-snapshots/20261010-101245-6df50fd/psrr_dyn_ss_125c_rbcs_i0ua_c1600nf_e500mohm.spice	e54932f2969aac3f7bd269171c5b3aa5e87c80efdaf9e5406b960f8e5c109584	klt sim --backend batch corners/20261010-101245-6df50fd/_batch/g04_psrr_dyn_ff_27c_rbcs_i37500ua_c1000nf_e500mohm/request.json (batch_backend.py; corner mos_ss__res_bcs__cap_typ @ 125C)	6df50fd	ihp-sg13cmos5l	ngspice-46 (EDA batch fleet runner, klt 0.5.0)
loopgain	loopgain_dyn_ss_125c_rbcs_i0ua_c3450nf_e500mohm	mos_ss	res_bcs	125	0	3450n	500e-3	sim/ldo-cmos5l-pvt-sweep/netlist-snapshots/20261010-101245-6df50fd/loopgain_dyn_ss_125c_rbcs_i0ua_c3450nf_e500mohm.spice	ecb8f6b24375d015f7320b5f1dc121aa65015b7ec579728cac665f189e2d0743	klt sim --backend batch corners/20261010-101245-6df50fd/_batch/g01_loopgain_dyn_ff_27c_rbcs_i37500ua_c1000nf_e500mohm/request.json (batch_backend.py; corner mos_ss__res_bcs__cap_typ @ 125C)	6df50fd	ihp-sg13cmos5l	ngspice-46 (EDA batch fleet runner, klt 0.5.0)
psrr	psrr_dyn_ss_125c_rbcs_i0ua_c3450nf_e500mohm	mos_ss	res_bcs	125	0	3450n	500e-3	sim/ldo-cmos5l-pvt-sweep/netlist-snapshots/20261010-101245-6df50fd/psrr_dyn_ss_125c_rbcs_i0ua_c3450nf_e500mohm.spice	d215943dd1a90738ccfc3b60c7dbeeaee254e4f0f1981cbd0bc356110bac775e	klt sim --backend batch corners/20261010-101245-6df50fd/_batch/g04_psrr_dyn_ff_27c_rbcs_i37500ua_c1000nf_e500mohm/request.json (batch_backend.py; corner mos_ss__res_bcs__cap_typ @ 125C)	6df50fd	ihp-sg13cmos5l	ngspice-46 (EDA batch fleet runner, klt 0.5.0)
loopgain	loopgain_dyn_ss_125c_rbcs_i1000ua_c1600nf_e0mohm	mos_ss	res_bcs	125	1000e-6	1600n	0	sim/ldo-cmos5l-pvt-sweep/netlist-snapshots/20261010-101245-6df50fd/loopgain_dyn_ss_125c_rbcs_i1000ua_c1600nf_e0mohm.spice	5a082ca1c13f920734496e412c148834512a066751a7654d65c1a366869f7975	klt sim --backend batch corners/20261010-101245-6df50fd/_batch/g01_loopgain_dyn_ff_27c_rbcs_i37500ua_c1000nf_e500mohm/request.json (batch_backend.py; corner mos_ss__res_bcs__cap_typ @ 125C)	6df50fd	ihp-sg13cmos5l	ngspice-46 (EDA batch fleet runner, klt 0.5.0)
psrr	psrr_dyn_ss_125c_rbcs_i1000ua_c1600nf_e0mohm	mos_ss	res_bcs	125	1000e-6	1600n	0	sim/ldo-cmos5l-pvt-sweep/netlist-snapshots/20261010-101245-6df50fd/psrr_dyn_ss_125c_rbcs_i1000ua_c1600nf_e0mohm.spice	cc219f313cbd919de4e6e4566ee68c29bba8d68b46024fce54c17e9f6e2e804a	klt sim --backend batch corners/20261010-101245-6df50fd/_batch/g04_psrr_dyn_ff_27c_rbcs_i37500ua_c1000nf_e500mohm/request.json (batch_backend.py; corner mos_ss__res_bcs__cap_typ @ 125C)	6df50fd	ihp-sg13cmos5l	ngspice-46 (EDA batch fleet runner, klt 0.5.0)
loopgain	loopgain_dyn_ss_125c_rbcs_i1000ua_c3450nf_e0mohm	mos_ss	res_bcs	125	1000e-6	3450n	0	sim/ldo-cmos5l-pvt-sweep/netlist-snapshots/20261010-101245-6df50fd/loopgain_dyn_ss_125c_rbcs_i1000ua_c3450nf_e0mohm.spice	5c4c35d325b0c1009de37d1fde75542ad928128db11bdc6c29a1b726f25e9a4d	klt sim --backend batch corners/20261010-101245-6df50fd/_batch/g01_loopgain_dyn_ff_27c_rbcs_i37500ua_c1000nf_e500mohm/request.json (batch_backend.py; corner mos_ss__res_bcs__cap_typ @ 125C)	6df50fd	ihp-sg13cmos5l	ngspice-46 (EDA batch fleet runner, klt 0.5.0)
psrr	psrr_dyn_ss_125c_rbcs_i1000ua_c3450nf_e0mohm	mos_ss	res_bcs	125	1000e-6	3450n	0	sim/ldo-cmos5l-pvt-sweep/netlist-snapshots/20261010-101245-6df50fd/psrr_dyn_ss_125c_rbcs_i1000ua_c3450nf_e0mohm.spice	4caf82fcc07451e342a274c4563d424500601e6fa2893be76092cb04dc798256	klt sim --backend batch corners/20261010-101245-6df50fd/_batch/g04_psrr_dyn_ff_27c_rbcs_i37500ua_c1000nf_e500mohm/request.json (batch_backend.py; corner mos_ss__res_bcs__cap_typ @ 125C)	6df50fd	ihp-sg13cmos5l	ngspice-46 (EDA batch fleet runner, klt 0.5.0)
loopgain	loopgain_dyn_ss_125c_rbcs_i1000ua_c1600nf_e250mohm	mos_ss	res_bcs	125	1000e-6	1600n	250e-3	sim/ldo-cmos5l-pvt-sweep/netlist-snapshots/20261010-101245-6df50fd/loopgain_dyn_ss_125c_rbcs_i1000ua_c1600nf_e250mohm.spice	977ad145413ab3124c08c87ecfea9e88479c1fbdbcee5199e2fd9a1d67b0c9e3	klt sim --backend batch corners/20261010-101245-6df50fd/_batch/g01_loopgain_dyn_ff_27c_rbcs_i37500ua_c1000nf_e500mohm/request.json (batch_backend.py; corner mos_ss__res_bcs__cap_typ @ 125C)	6df50fd	ihp-sg13cmos5l	ngspice-46 (EDA batch fleet runner, klt 0.5.0)
psrr	psrr_dyn_ss_125c_rbcs_i1000ua_c1600nf_e250mohm	mos_ss	res_bcs	125	1000e-6	1600n	250e-3	sim/ldo-cmos5l-pvt-sweep/netlist-snapshots/20261010-101245-6df50fd/psrr_dyn_ss_125c_rbcs_i1000ua_c1600nf_e250mohm.spice	ca5231ba7967fea94ee6db4cf3ef4879d78041bfd162ff6a2f9e4c0d07f05a16	klt sim --backend batch corners/20261010-101245-6df50fd/_batch/g04_psrr_dyn_ff_27c_rbcs_i37500ua_c1000nf_e500mohm/request.json (batch_backend.py; corner mos_ss__res_bcs__cap_typ @ 125C)	6df50fd	ihp-sg13cmos5l	ngspice-46 (EDA batch fleet runner, klt 0.5.0)
loopgain	loopgain_dyn_ss_125c_rbcs_i1000ua_c3450nf_e250mohm	mos_ss	res_bcs	125	1000e-6	3450n	250e-3	sim/ldo-cmos5l-pvt-sweep/netlist-snapshots/20261010-101245-6df50fd/loopgain_dyn_ss_125c_rbcs_i1000ua_c3450nf_e250mohm.spice	de38a13e8d8cf5a259b432d333385e796ba9dbb82308c234c042ca736545e621	klt sim --backend batch corners/20261010-101245-6df50fd/_batch/g01_loopgain_dyn_ff_27c_rbcs_i37500ua_c1000nf_e500mohm/request.json (batch_backend.py; corner mos_ss__res_bcs__cap_typ @ 125C)	6df50fd	ihp-sg13cmos5l	ngspice-46 (EDA batch fleet runner, klt 0.5.0)
psrr	psrr_dyn_ss_125c_rbcs_i1000ua_c3450nf_e250mohm	mos_ss	res_bcs	125	1000e-6	3450n	250e-3	sim/ldo-cmos5l-pvt-sweep/netlist-snapshots/20261010-101245-6df50fd/psrr_dyn_ss_125c_rbcs_i1000ua_c3450nf_e250mohm.spice	4cf221dffbc3b12e0e700ff5dd72363aacd9f7fe95bae8d586850d75341d0ecd	klt sim --backend batch corners/20261010-101245-6df50fd/_batch/g04_psrr_dyn_ff_27c_rbcs_i37500ua_c1000nf_e500mohm/request.json (batch_backend.py; corner mos_ss__res_bcs__cap_typ @ 125C)	6df50fd	ihp-sg13cmos5l	ngspice-46 (EDA batch fleet runner, klt 0.5.0)
loopgain	loopgain_dyn_ss_125c_rbcs_i1000ua_c3450nf_e500mohm	mos_ss	res_bcs	125	1000e-6	3450n	500e-3	sim/ldo-cmos5l-pvt-sweep/netlist-snapshots/20261010-101245-6df50fd/loopgain_dyn_ss_125c_rbcs_i1000ua_c3450nf_e500mohm.spice	70dc46a69cdde2554425057c169ce695d220ffe675efabe80dbf6594801fc073	klt sim --backend batch corners/20261010-101245-6df50fd/_batch/g01_loopgain_dyn_ff_27c_rbcs_i37500ua_c1000nf_e500mohm/request.json (batch_backend.py; corner mos_ss__res_bcs__cap_typ @ 125C)	6df50fd	ihp-sg13cmos5l	ngspice-46 (EDA batch fleet runner, klt 0.5.0)
psrr	psrr_dyn_ss_125c_rbcs_i1000ua_c3450nf_e500mohm	mos_ss	res_bcs	125	1000e-6	3450n	500e-3	sim/ldo-cmos5l-pvt-sweep/netlist-snapshots/20261010-101245-6df50fd/psrr_dyn_ss_125c_rbcs_i1000ua_c3450nf_e500mohm.spice	88ac72d45fdeb8fdb78f0c217aebfe96826e0f856f5f8ed588abc75ec3cc1165	klt sim --backend batch corners/20261010-101245-6df50fd/_batch/g04_psrr_dyn_ff_27c_rbcs_i37500ua_c1000nf_e500mohm/request.json (batch_backend.py; corner mos_ss__res_bcs__cap_typ @ 125C)	6df50fd	ihp-sg13cmos5l	ngspice-46 (EDA batch fleet runner, klt 0.5.0)
loopgain	loopgain_dyn_ss_125c_rbcs_i25000ua_c665nf_e0mohm	mos_ss	res_bcs	125	25000e-6	665n	0	sim/ldo-cmos5l-pvt-sweep/netlist-snapshots/20261010-101245-6df50fd/loopgain_dyn_ss_125c_rbcs_i25000ua_c665nf_e0mohm.spice	d4f6cd4f7eaea741faa4176e6942dced13836e9211ad52abc27ff08efc9f3d6f	klt sim --backend batch corners/20261010-101245-6df50fd/_batch/g01_loopgain_dyn_ff_27c_rbcs_i37500ua_c1000nf_e500mohm/request.json (batch_backend.py; corner mos_ss__res_bcs__cap_typ @ 125C)	6df50fd	ihp-sg13cmos5l	ngspice-46 (EDA batch fleet runner, klt 0.5.0)
psrr	psrr_dyn_ss_125c_rbcs_i25000ua_c665nf_e0mohm	mos_ss	res_bcs	125	25000e-6	665n	0	sim/ldo-cmos5l-pvt-sweep/netlist-snapshots/20261010-101245-6df50fd/psrr_dyn_ss_125c_rbcs_i25000ua_c665nf_e0mohm.spice	23f0aa62a99d8267c0151a7963d44e4bef738f6b1a6aaee59a6d53335fb0d5ae	klt sim --backend batch corners/20261010-101245-6df50fd/_batch/g04_psrr_dyn_ff_27c_rbcs_i37500ua_c1000nf_e500mohm/request.json (batch_backend.py; corner mos_ss__res_bcs__cap_typ @ 125C)	6df50fd	ihp-sg13cmos5l	ngspice-46 (EDA batch fleet runner, klt 0.5.0)
loopgain	loopgain_dyn_ss_125c_rbcs_i25000ua_c1600nf_e0mohm	mos_ss	res_bcs	125	25000e-6	1600n	0	sim/ldo-cmos5l-pvt-sweep/netlist-snapshots/20261010-101245-6df50fd/loopgain_dyn_ss_125c_rbcs_i25000ua_c1600nf_e0mohm.spice	fb92d0d6d1d8b51677f659094e57721189f735fc66455c744f08e4e4c2e4a245	klt sim --backend batch corners/20261010-101245-6df50fd/_batch/g01_loopgain_dyn_ff_27c_rbcs_i37500ua_c1000nf_e500mohm/request.json (batch_backend.py; corner mos_ss__res_bcs__cap_typ @ 125C)	6df50fd	ihp-sg13cmos5l	ngspice-46 (EDA batch fleet runner, klt 0.5.0)
psrr	psrr_dyn_ss_125c_rbcs_i25000ua_c1600nf_e0mohm	mos_ss	res_bcs	125	25000e-6	1600n	0	sim/ldo-cmos5l-pvt-sweep/netlist-snapshots/20261010-101245-6df50fd/psrr_dyn_ss_125c_rbcs_i25000ua_c1600nf_e0mohm.spice	01edafa68cb629a75acf7f4cc594051753e0a061777ae1be0ab1f1ef7a0991fc	klt sim --backend batch corners/20261010-101245-6df50fd/_batch/g04_psrr_dyn_ff_27c_rbcs_i37500ua_c1000nf_e500mohm/request.json (batch_backend.py; corner mos_ss__res_bcs__cap_typ @ 125C)	6df50fd	ihp-sg13cmos5l	ngspice-46 (EDA batch fleet runner, klt 0.5.0)
loopgain	loopgain_dyn_ss_125c_rbcs_i25000ua_c1600nf_e250mohm	mos_ss	res_bcs	125	25000e-6	1600n	250e-3	sim/ldo-cmos5l-pvt-sweep/netlist-snapshots/20261010-101245-6df50fd/loopgain_dyn_ss_125c_rbcs_i25000ua_c1600nf_e250mohm.spice	9fb3eab9feac2cf91d45f4a06e516fc8856688427f980b98a4efb141540bdc4d	klt sim --backend batch corners/20261010-101245-6df50fd/_batch/g01_loopgain_dyn_ff_27c_rbcs_i37500ua_c1000nf_e500mohm/request.json (batch_backend.py; corner mos_ss__res_bcs__cap_typ @ 125C)	6df50fd	ihp-sg13cmos5l	ngspice-46 (EDA batch fleet runner, klt 0.5.0)
psrr	psrr_dyn_ss_125c_rbcs_i25000ua_c1600nf_e250mohm	mos_ss	res_bcs	125	25000e-6	1600n	250e-3	sim/ldo-cmos5l-pvt-sweep/netlist-snapshots/20261010-101245-6df50fd/psrr_dyn_ss_125c_rbcs_i25000ua_c1600nf_e250mohm.spice	cb64b5c7cd293968bbd0b12eb3785c7d08397b501c1b0c1b9031a2a2b8cda011	klt sim --backend batch corners/20261010-101245-6df50fd/_batch/g04_psrr_dyn_ff_27c_rbcs_i37500ua_c1000nf_e500mohm/request.json (batch_backend.py; corner mos_ss__res_bcs__cap_typ @ 125C)	6df50fd	ihp-sg13cmos5l	ngspice-46 (EDA batch fleet runner, klt 0.5.0)
loopgain	loopgain_dyn_ss_125c_rbcs_i25000ua_c3450nf_e250mohm	mos_ss	res_bcs	125	25000e-6	3450n	250e-3	sim/ldo-cmos5l-pvt-sweep/netlist-snapshots/20261010-101245-6df50fd/loopgain_dyn_ss_125c_rbcs_i25000ua_c3450nf_e250mohm.spice	1017e7e6496454e9dabd253eb71a204d8367268fb3530d92591ba10946f2a64a	klt sim --backend batch corners/20261010-101245-6df50fd/_batch/g01_loopgain_dyn_ff_27c_rbcs_i37500ua_c1000nf_e500mohm/request.json (batch_backend.py; corner mos_ss__res_bcs__cap_typ @ 125C)	6df50fd	ihp-sg13cmos5l	ngspice-46 (EDA batch fleet runner, klt 0.5.0)
psrr	psrr_dyn_ss_125c_rbcs_i25000ua_c3450nf_e250mohm	mos_ss	res_bcs	125	25000e-6	3450n	250e-3	sim/ldo-cmos5l-pvt-sweep/netlist-snapshots/20261010-101245-6df50fd/psrr_dyn_ss_125c_rbcs_i25000ua_c3450nf_e250mohm.spice	4788b92eb6c5367ae9c02236cf87e721c7fc5d4c3d9620588c511168077fd00a	klt sim --backend batch corners/20261010-101245-6df50fd/_batch/g04_psrr_dyn_ff_27c_rbcs_i37500ua_c1000nf_e500mohm/request.json (batch_backend.py; corner mos_ss__res_bcs__cap_typ @ 125C)	6df50fd	ihp-sg13cmos5l	ngspice-46 (EDA batch fleet runner, klt 0.5.0)
loopgain	loopgain_dyn_ss_125c_rbcs_i25000ua_c1600nf_e500mohm	mos_ss	res_bcs	125	25000e-6	1600n	500e-3	sim/ldo-cmos5l-pvt-sweep/netlist-snapshots/20261010-101245-6df50fd/loopgain_dyn_ss_125c_rbcs_i25000ua_c1600nf_e500mohm.spice	c08383f56665789e1736ab8cb820bc486169d7d0e4402b41ef42a49fd56e1a9c	klt sim --backend batch corners/20261010-101245-6df50fd/_batch/g01_loopgain_dyn_ff_27c_rbcs_i37500ua_c1000nf_e500mohm/request.json (batch_backend.py; corner mos_ss__res_bcs__cap_typ @ 125C)	6df50fd	ihp-sg13cmos5l	ngspice-46 (EDA batch fleet runner, klt 0.5.0)
psrr	psrr_dyn_ss_125c_rbcs_i25000ua_c1600nf_e500mohm	mos_ss	res_bcs	125	25000e-6	1600n	500e-3	sim/ldo-cmos5l-pvt-sweep/netlist-snapshots/20261010-101245-6df50fd/psrr_dyn_ss_125c_rbcs_i25000ua_c1600nf_e500mohm.spice	9ef4fcf990427c72718f0d8a63cdd1720030aea546b40f4ba24d4091a54067f4	klt sim --backend batch corners/20261010-101245-6df50fd/_batch/g04_psrr_dyn_ff_27c_rbcs_i37500ua_c1000nf_e500mohm/request.json (batch_backend.py; corner mos_ss__res_bcs__cap_typ @ 125C)	6df50fd	ihp-sg13cmos5l	ngspice-46 (EDA batch fleet runner, klt 0.5.0)
loopgain	loopgain_dyn_ss_125c_rbcs_i25000ua_c3450nf_e500mohm	mos_ss	res_bcs	125	25000e-6	3450n	500e-3	sim/ldo-cmos5l-pvt-sweep/netlist-snapshots/20261010-101245-6df50fd/loopgain_dyn_ss_125c_rbcs_i25000ua_c3450nf_e500mohm.spice	2e10cf3c2573eb444882047ff1d2bfa4cdd36247354a32d8de9417784fd85e11	klt sim --backend batch corners/20261010-101245-6df50fd/_batch/g01_loopgain_dyn_ff_27c_rbcs_i37500ua_c1000nf_e500mohm/request.json (batch_backend.py; corner mos_ss__res_bcs__cap_typ @ 125C)	6df50fd	ihp-sg13cmos5l	ngspice-46 (EDA batch fleet runner, klt 0.5.0)
psrr	psrr_dyn_ss_125c_rbcs_i25000ua_c3450nf_e500mohm	mos_ss	res_bcs	125	25000e-6	3450n	500e-3	sim/ldo-cmos5l-pvt-sweep/netlist-snapshots/20261010-101245-6df50fd/psrr_dyn_ss_125c_rbcs_i25000ua_c3450nf_e500mohm.spice	50ce19e19df799f3f97539d1ab814274ecf0a7f35b83aed6e9eeb4966533d702	klt sim --backend batch corners/20261010-101245-6df50fd/_batch/g04_psrr_dyn_ff_27c_rbcs_i37500ua_c1000nf_e500mohm/request.json (batch_backend.py; corner mos_ss__res_bcs__cap_typ @ 125C)	6df50fd	ihp-sg13cmos5l	ngspice-46 (EDA batch fleet runner, klt 0.5.0)
loopgain	loopgain_dyn_ss_125c_rbcs_i50000ua_c665nf_e0mohm	mos_ss	res_bcs	125	50000e-6	665n	0	sim/ldo-cmos5l-pvt-sweep/netlist-snapshots/20261010-101245-6df50fd/loopgain_dyn_ss_125c_rbcs_i50000ua_c665nf_e0mohm.spice	b119dd3f61fed219c956c6f0e6e2231dc624f60efd49f06555172d79c6013d42	klt sim --backend batch corners/20261010-101245-6df50fd/_batch/g01_loopgain_dyn_ff_27c_rbcs_i37500ua_c1000nf_e500mohm/request.json (batch_backend.py; corner mos_ss__res_bcs__cap_typ @ 125C)	6df50fd	ihp-sg13cmos5l	ngspice-46 (EDA batch fleet runner, klt 0.5.0)
psrr	psrr_dyn_ss_125c_rbcs_i50000ua_c665nf_e0mohm	mos_ss	res_bcs	125	50000e-6	665n	0	sim/ldo-cmos5l-pvt-sweep/netlist-snapshots/20261010-101245-6df50fd/psrr_dyn_ss_125c_rbcs_i50000ua_c665nf_e0mohm.spice	7561a604c483f14305a4e663a63bf1d122a97f37e1f3ade99ee5ddd272ae3a16	klt sim --backend batch corners/20261010-101245-6df50fd/_batch/g04_psrr_dyn_ff_27c_rbcs_i37500ua_c1000nf_e500mohm/request.json (batch_backend.py; corner mos_ss__res_bcs__cap_typ @ 125C)	6df50fd	ihp-sg13cmos5l	ngspice-46 (EDA batch fleet runner, klt 0.5.0)
loopgain	loopgain_dyn_ss_125c_rbcs_i50000ua_c1600nf_e0mohm	mos_ss	res_bcs	125	50000e-6	1600n	0	sim/ldo-cmos5l-pvt-sweep/netlist-snapshots/20261010-101245-6df50fd/loopgain_dyn_ss_125c_rbcs_i50000ua_c1600nf_e0mohm.spice	f3c67af71d65684efeb8ad98cdc2b7b25405ab457a84730993559232e47a6418	klt sim --backend batch corners/20261010-101245-6df50fd/_batch/g01_loopgain_dyn_ff_27c_rbcs_i37500ua_c1000nf_e500mohm/request.json (batch_backend.py; corner mos_ss__res_bcs__cap_typ @ 125C)	6df50fd	ihp-sg13cmos5l	ngspice-46 (EDA batch fleet runner, klt 0.5.0)
psrr	psrr_dyn_ss_125c_rbcs_i50000ua_c1600nf_e0mohm	mos_ss	res_bcs	125	50000e-6	1600n	0	sim/ldo-cmos5l-pvt-sweep/netlist-snapshots/20261010-101245-6df50fd/psrr_dyn_ss_125c_rbcs_i50000ua_c1600nf_e0mohm.spice	f855e90130fab33c12249d91cf75acbdcce482fa4f49fe236898bd999c11ac07	klt sim --backend batch corners/20261010-101245-6df50fd/_batch/g04_psrr_dyn_ff_27c_rbcs_i37500ua_c1000nf_e500mohm/request.json (batch_backend.py; corner mos_ss__res_bcs__cap_typ @ 125C)	6df50fd	ihp-sg13cmos5l	ngspice-46 (EDA batch fleet runner, klt 0.5.0)
loopgain	loopgain_dyn_ss_125c_rbcs_i50000ua_c3450nf_e0mohm	mos_ss	res_bcs	125	50000e-6	3450n	0	sim/ldo-cmos5l-pvt-sweep/netlist-snapshots/20261010-101245-6df50fd/loopgain_dyn_ss_125c_rbcs_i50000ua_c3450nf_e0mohm.spice	6de729f8825115a92333fdf932debfb2c3aabedfbfafa1aa21e431a7f0e7dbc8	klt sim --backend batch corners/20261010-101245-6df50fd/_batch/g01_loopgain_dyn_ff_27c_rbcs_i37500ua_c1000nf_e500mohm/request.json (batch_backend.py; corner mos_ss__res_bcs__cap_typ @ 125C)	6df50fd	ihp-sg13cmos5l	ngspice-46 (EDA batch fleet runner, klt 0.5.0)
psrr	psrr_dyn_ss_125c_rbcs_i50000ua_c3450nf_e0mohm	mos_ss	res_bcs	125	50000e-6	3450n	0	sim/ldo-cmos5l-pvt-sweep/netlist-snapshots/20261010-101245-6df50fd/psrr_dyn_ss_125c_rbcs_i50000ua_c3450nf_e0mohm.spice	d61942a873e04a404e01b8d9a673c0ad4a41754c64e30c84953d7f212665f716	klt sim --backend batch corners/20261010-101245-6df50fd/_batch/g04_psrr_dyn_ff_27c_rbcs_i37500ua_c1000nf_e500mohm/request.json (batch_backend.py; corner mos_ss__res_bcs__cap_typ @ 125C)	6df50fd	ihp-sg13cmos5l	ngspice-46 (EDA batch fleet runner, klt 0.5.0)
loopgain	loopgain_dyn_ss_125c_rbcs_i50000ua_c1600nf_e250mohm	mos_ss	res_bcs	125	50000e-6	1600n	250e-3	sim/ldo-cmos5l-pvt-sweep/netlist-snapshots/20261010-101245-6df50fd/loopgain_dyn_ss_125c_rbcs_i50000ua_c1600nf_e250mohm.spice	5d96ec970d7141088911b0ed6ad4c09c8329125f19a183914a72e024ba6d2315	klt sim --backend batch corners/20261010-101245-6df50fd/_batch/g01_loopgain_dyn_ff_27c_rbcs_i37500ua_c1000nf_e500mohm/request.json (batch_backend.py; corner mos_ss__res_bcs__cap_typ @ 125C)	6df50fd	ihp-sg13cmos5l	ngspice-46 (EDA batch fleet runner, klt 0.5.0)
psrr	psrr_dyn_ss_125c_rbcs_i50000ua_c1600nf_e250mohm	mos_ss	res_bcs	125	50000e-6	1600n	250e-3	sim/ldo-cmos5l-pvt-sweep/netlist-snapshots/20261010-101245-6df50fd/psrr_dyn_ss_125c_rbcs_i50000ua_c1600nf_e250mohm.spice	ffad2627c52d57d5b19b590493480db9151b3309ae039d303515294a41274e80	klt sim --backend batch corners/20261010-101245-6df50fd/_batch/g04_psrr_dyn_ff_27c_rbcs_i37500ua_c1000nf_e500mohm/request.json (batch_backend.py; corner mos_ss__res_bcs__cap_typ @ 125C)	6df50fd	ihp-sg13cmos5l	ngspice-46 (EDA batch fleet runner, klt 0.5.0)
loopgain	loopgain_dyn_ss_125c_rbcs_i50000ua_c3450nf_e250mohm	mos_ss	res_bcs	125	50000e-6	3450n	250e-3	sim/ldo-cmos5l-pvt-sweep/netlist-snapshots/20261010-101245-6df50fd/loopgain_dyn_ss_125c_rbcs_i50000ua_c3450nf_e250mohm.spice	987d7eb81789c62192f71a04c3c4b7dc8917ec140d6aed0a4ea133b140764a84	klt sim --backend batch corners/20261010-101245-6df50fd/_batch/g01_loopgain_dyn_ff_27c_rbcs_i37500ua_c1000nf_e500mohm/request.json (batch_backend.py; corner mos_ss__res_bcs__cap_typ @ 125C)	6df50fd	ihp-sg13cmos5l	ngspice-46 (EDA batch fleet runner, klt 0.5.0)
psrr	psrr_dyn_ss_125c_rbcs_i50000ua_c3450nf_e250mohm	mos_ss	res_bcs	125	50000e-6	3450n	250e-3	sim/ldo-cmos5l-pvt-sweep/netlist-snapshots/20261010-101245-6df50fd/psrr_dyn_ss_125c_rbcs_i50000ua_c3450nf_e250mohm.spice	ac1b1df3e4a67c957444c282f64bf31d302a979aff32b47a1c9f7b93fef24e5d	klt sim --backend batch corners/20261010-101245-6df50fd/_batch/g04_psrr_dyn_ff_27c_rbcs_i37500ua_c1000nf_e500mohm/request.json (batch_backend.py; corner mos_ss__res_bcs__cap_typ @ 125C)	6df50fd	ihp-sg13cmos5l	ngspice-46 (EDA batch fleet runner, klt 0.5.0)
loopgain	loopgain_dyn_ss_125c_rbcs_i0ua_c330nf_e125mohm	mos_ss	res_bcs	125	0	330n	125e-3	sim/ldo-cmos5l-pvt-sweep/netlist-snapshots/20261010-101245-6df50fd/loopgain_dyn_ss_125c_rbcs_i0ua_c330nf_e125mohm.spice	d76554fc7fe14217e2722a171631d63b60c257728ccd75ec93577972dd0f3792	klt sim --backend batch corners/20261010-101245-6df50fd/_batch/g02_loopgain_dyn_ss_125c_rbcs_i0ua_c330nf_e125mohm/request.json (batch_backend.py; corner mos_ss__res_bcs__cap_typ @ 125C)	6df50fd	ihp-sg13cmos5l	ngspice-46 (EDA batch fleet runner, klt 0.5.0)
psrr	psrr_dyn_ss_125c_rbcs_i0ua_c330nf_e125mohm	mos_ss	res_bcs	125	0	330n	125e-3	sim/ldo-cmos5l-pvt-sweep/netlist-snapshots/20261010-101245-6df50fd/psrr_dyn_ss_125c_rbcs_i0ua_c330nf_e125mohm.spice	8d1233b4992e59db0cfd6ec790a97d60601e4e9519686c6b1f42a0eb9a5b2b1e	klt sim --backend batch corners/20261010-101245-6df50fd/_batch/g05_psrr_dyn_ss_125c_rbcs_i0ua_c330nf_e125mohm/request.json (batch_backend.py; corner mos_ss__res_bcs__cap_typ @ 125C)	6df50fd	ihp-sg13cmos5l	ngspice-46 (EDA batch fleet runner, klt 0.5.0)
loopgain	loopgain_dyn_ss_125c_rbcs_i0ua_c330nf_e375mohm	mos_ss	res_bcs	125	0	330n	375e-3	sim/ldo-cmos5l-pvt-sweep/netlist-snapshots/20261010-101245-6df50fd/loopgain_dyn_ss_125c_rbcs_i0ua_c330nf_e375mohm.spice	c6f231cfa2ee3f93a560555ebd483e696d783ad9629c3fb01db7f3b96afa92ec	klt sim --backend batch corners/20261010-101245-6df50fd/_batch/g02_loopgain_dyn_ss_125c_rbcs_i0ua_c330nf_e125mohm/request.json (batch_backend.py; corner mos_ss__res_bcs__cap_typ @ 125C)	6df50fd	ihp-sg13cmos5l	ngspice-46 (EDA batch fleet runner, klt 0.5.0)
psrr	psrr_dyn_ss_125c_rbcs_i0ua_c330nf_e375mohm	mos_ss	res_bcs	125	0	330n	375e-3	sim/ldo-cmos5l-pvt-sweep/netlist-snapshots/20261010-101245-6df50fd/psrr_dyn_ss_125c_rbcs_i0ua_c330nf_e375mohm.spice	cc488e13e487f6d1fc8bb2deb81dd2f6a111cbd0e92be52103b4b423280d3894	klt sim --backend batch corners/20261010-101245-6df50fd/_batch/g05_psrr_dyn_ss_125c_rbcs_i0ua_c330nf_e125mohm/request.json (batch_backend.py; corner mos_ss__res_bcs__cap_typ @ 125C)	6df50fd	ihp-sg13cmos5l	ngspice-46 (EDA batch fleet runner, klt 0.5.0)
loopgain	loopgain_dyn_ss_125c_rbcs_i0ua_c1000nf_e125mohm	mos_ss	res_bcs	125	0	1000n	125e-3	sim/ldo-cmos5l-pvt-sweep/netlist-snapshots/20261010-101245-6df50fd/loopgain_dyn_ss_125c_rbcs_i0ua_c1000nf_e125mohm.spice	487061681118fe67ab48bc297f23c1cdfb5553414e9cb0bc1500461f8e9ebc7b	klt sim --backend batch corners/20261010-101245-6df50fd/_batch/g02_loopgain_dyn_ss_125c_rbcs_i0ua_c330nf_e125mohm/request.json (batch_backend.py; corner mos_ss__res_bcs__cap_typ @ 125C)	6df50fd	ihp-sg13cmos5l	ngspice-46 (EDA batch fleet runner, klt 0.5.0)
psrr	psrr_dyn_ss_125c_rbcs_i0ua_c1000nf_e125mohm	mos_ss	res_bcs	125	0	1000n	125e-3	sim/ldo-cmos5l-pvt-sweep/netlist-snapshots/20261010-101245-6df50fd/psrr_dyn_ss_125c_rbcs_i0ua_c1000nf_e125mohm.spice	dece6ff1d422b7874ae26b696b079cae7fb221348beab53db7121ca8f7058e61	klt sim --backend batch corners/20261010-101245-6df50fd/_batch/g05_psrr_dyn_ss_125c_rbcs_i0ua_c330nf_e125mohm/request.json (batch_backend.py; corner mos_ss__res_bcs__cap_typ @ 125C)	6df50fd	ihp-sg13cmos5l	ngspice-46 (EDA batch fleet runner, klt 0.5.0)
loopgain	loopgain_dyn_ss_125c_rbcs_i0ua_c1000nf_e375mohm	mos_ss	res_bcs	125	0	1000n	375e-3	sim/ldo-cmos5l-pvt-sweep/netlist-snapshots/20261010-101245-6df50fd/loopgain_dyn_ss_125c_rbcs_i0ua_c1000nf_e375mohm.spice	90595ed275ba0542b9690df52fca98dafc4dce9fc9f20ddccb1711a62b2af028	klt sim --backend batch corners/20261010-101245-6df50fd/_batch/g02_loopgain_dyn_ss_125c_rbcs_i0ua_c330nf_e125mohm/request.json (batch_backend.py; corner mos_ss__res_bcs__cap_typ @ 125C)	6df50fd	ihp-sg13cmos5l	ngspice-46 (EDA batch fleet runner, klt 0.5.0)
psrr	psrr_dyn_ss_125c_rbcs_i0ua_c1000nf_e375mohm	mos_ss	res_bcs	125	0	1000n	375e-3	sim/ldo-cmos5l-pvt-sweep/netlist-snapshots/20261010-101245-6df50fd/psrr_dyn_ss_125c_rbcs_i0ua_c1000nf_e375mohm.spice	a2b37db83e7a4812ad4228f124e33f449c0ce27fff609269be25065b84c9e79b	klt sim --backend batch corners/20261010-101245-6df50fd/_batch/g05_psrr_dyn_ss_125c_rbcs_i0ua_c330nf_e125mohm/request.json (batch_backend.py; corner mos_ss__res_bcs__cap_typ @ 125C)	6df50fd	ihp-sg13cmos5l	ngspice-46 (EDA batch fleet runner, klt 0.5.0)
loopgain	loopgain_dyn_ss_125c_rbcs_i0ua_c2200nf_e125mohm	mos_ss	res_bcs	125	0	2200n	125e-3	sim/ldo-cmos5l-pvt-sweep/netlist-snapshots/20261010-101245-6df50fd/loopgain_dyn_ss_125c_rbcs_i0ua_c2200nf_e125mohm.spice	dd22ad9e5f6b30abb2b7f9ad3699af4d8188ea8cd4e42a85c108e2e24a4b1c61	klt sim --backend batch corners/20261010-101245-6df50fd/_batch/g02_loopgain_dyn_ss_125c_rbcs_i0ua_c330nf_e125mohm/request.json (batch_backend.py; corner mos_ss__res_bcs__cap_typ @ 125C)	6df50fd	ihp-sg13cmos5l	ngspice-46 (EDA batch fleet runner, klt 0.5.0)
psrr	psrr_dyn_ss_125c_rbcs_i0ua_c2200nf_e125mohm	mos_ss	res_bcs	125	0	2200n	125e-3	sim/ldo-cmos5l-pvt-sweep/netlist-snapshots/20261010-101245-6df50fd/psrr_dyn_ss_125c_rbcs_i0ua_c2200nf_e125mohm.spice	ec4e877ba37f7f78309ab73d763323b979459acea6230f1db26efb018e0056f4	klt sim --backend batch corners/20261010-101245-6df50fd/_batch/g05_psrr_dyn_ss_125c_rbcs_i0ua_c330nf_e125mohm/request.json (batch_backend.py; corner mos_ss__res_bcs__cap_typ @ 125C)	6df50fd	ihp-sg13cmos5l	ngspice-46 (EDA batch fleet runner, klt 0.5.0)
loopgain	loopgain_dyn_ss_125c_rbcs_i0ua_c2200nf_e375mohm	mos_ss	res_bcs	125	0	2200n	375e-3	sim/ldo-cmos5l-pvt-sweep/netlist-snapshots/20261010-101245-6df50fd/loopgain_dyn_ss_125c_rbcs_i0ua_c2200nf_e375mohm.spice	651912440f119d477b0cc9ad0015695f44cc9287e404233b78b5c5495293be04	klt sim --backend batch corners/20261010-101245-6df50fd/_batch/g02_loopgain_dyn_ss_125c_rbcs_i0ua_c330nf_e125mohm/request.json (batch_backend.py; corner mos_ss__res_bcs__cap_typ @ 125C)	6df50fd	ihp-sg13cmos5l	ngspice-46 (EDA batch fleet runner, klt 0.5.0)
psrr	psrr_dyn_ss_125c_rbcs_i0ua_c2200nf_e375mohm	mos_ss	res_bcs	125	0	2200n	375e-3	sim/ldo-cmos5l-pvt-sweep/netlist-snapshots/20261010-101245-6df50fd/psrr_dyn_ss_125c_rbcs_i0ua_c2200nf_e375mohm.spice	549b7052c9e155f23813cfd101627b11128eb8abd5e0c181283f665f42ba540e	klt sim --backend batch corners/20261010-101245-6df50fd/_batch/g05_psrr_dyn_ss_125c_rbcs_i0ua_c330nf_e125mohm/request.json (batch_backend.py; corner mos_ss__res_bcs__cap_typ @ 125C)	6df50fd	ihp-sg13cmos5l	ngspice-46 (EDA batch fleet runner, klt 0.5.0)
loopgain	loopgain_dyn_ss_125c_rbcs_i0ua_c4700nf_e125mohm	mos_ss	res_bcs	125	0	4700n	125e-3	sim/ldo-cmos5l-pvt-sweep/netlist-snapshots/20261010-101245-6df50fd/loopgain_dyn_ss_125c_rbcs_i0ua_c4700nf_e125mohm.spice	17fb5cb3631dff5a109b76f8c5a9624f4e207fef185e3b162edc3776abb523d8	klt sim --backend batch corners/20261010-101245-6df50fd/_batch/g02_loopgain_dyn_ss_125c_rbcs_i0ua_c330nf_e125mohm/request.json (batch_backend.py; corner mos_ss__res_bcs__cap_typ @ 125C)	6df50fd	ihp-sg13cmos5l	ngspice-46 (EDA batch fleet runner, klt 0.5.0)
psrr	psrr_dyn_ss_125c_rbcs_i0ua_c4700nf_e125mohm	mos_ss	res_bcs	125	0	4700n	125e-3	sim/ldo-cmos5l-pvt-sweep/netlist-snapshots/20261010-101245-6df50fd/psrr_dyn_ss_125c_rbcs_i0ua_c4700nf_e125mohm.spice	d2133291f25b6bc1a47cb5a8d994172a9f1409ca2d0894137605c113fe45e6d1	klt sim --backend batch corners/20261010-101245-6df50fd/_batch/g05_psrr_dyn_ss_125c_rbcs_i0ua_c330nf_e125mohm/request.json (batch_backend.py; corner mos_ss__res_bcs__cap_typ @ 125C)	6df50fd	ihp-sg13cmos5l	ngspice-46 (EDA batch fleet runner, klt 0.5.0)
loopgain	loopgain_dyn_ss_125c_rbcs_i0ua_c4700nf_e375mohm	mos_ss	res_bcs	125	0	4700n	375e-3	sim/ldo-cmos5l-pvt-sweep/netlist-snapshots/20261010-101245-6df50fd/loopgain_dyn_ss_125c_rbcs_i0ua_c4700nf_e375mohm.spice	292938cc641922d1141437d88ddac12d758ecc2e2767665fa5c1c50c30878da2	klt sim --backend batch corners/20261010-101245-6df50fd/_batch/g02_loopgain_dyn_ss_125c_rbcs_i0ua_c330nf_e125mohm/request.json (batch_backend.py; corner mos_ss__res_bcs__cap_typ @ 125C)	6df50fd	ihp-sg13cmos5l	ngspice-46 (EDA batch fleet runner, klt 0.5.0)
psrr	psrr_dyn_ss_125c_rbcs_i0ua_c4700nf_e375mohm	mos_ss	res_bcs	125	0	4700n	375e-3	sim/ldo-cmos5l-pvt-sweep/netlist-snapshots/20261010-101245-6df50fd/psrr_dyn_ss_125c_rbcs_i0ua_c4700nf_e375mohm.spice	e378a90f0f46dca1ac08e587a6c13b9bf6a88d06d3a2a6a63442555f67592b0b	klt sim --backend batch corners/20261010-101245-6df50fd/_batch/g05_psrr_dyn_ss_125c_rbcs_i0ua_c330nf_e125mohm/request.json (batch_backend.py; corner mos_ss__res_bcs__cap_typ @ 125C)	6df50fd	ihp-sg13cmos5l	ngspice-46 (EDA batch fleet runner, klt 0.5.0)
loopgain	loopgain_dyn_ss_125c_rbcs_i1000ua_c2200nf_e125mohm	mos_ss	res_bcs	125	1000e-6	2200n	125e-3	sim/ldo-cmos5l-pvt-sweep/netlist-snapshots/20261010-101245-6df50fd/loopgain_dyn_ss_125c_rbcs_i1000ua_c2200nf_e125mohm.spice	1c0c5a7053346af99c5f22d74131147af28c5b1ac95b7dde7e400b61d579c0ce	klt sim --backend batch corners/20261010-101245-6df50fd/_batch/g02_loopgain_dyn_ss_125c_rbcs_i0ua_c330nf_e125mohm/request.json (batch_backend.py; corner mos_ss__res_bcs__cap_typ @ 125C)	6df50fd	ihp-sg13cmos5l	ngspice-46 (EDA batch fleet runner, klt 0.5.0)
psrr	psrr_dyn_ss_125c_rbcs_i1000ua_c2200nf_e125mohm	mos_ss	res_bcs	125	1000e-6	2200n	125e-3	sim/ldo-cmos5l-pvt-sweep/netlist-snapshots/20261010-101245-6df50fd/psrr_dyn_ss_125c_rbcs_i1000ua_c2200nf_e125mohm.spice	54f7c85b5ac2ab07c06a0bd1b329abe30392ea2242d93eaccfb7c2e7e8626742	klt sim --backend batch corners/20261010-101245-6df50fd/_batch/g05_psrr_dyn_ss_125c_rbcs_i0ua_c330nf_e125mohm/request.json (batch_backend.py; corner mos_ss__res_bcs__cap_typ @ 125C)	6df50fd	ihp-sg13cmos5l	ngspice-46 (EDA batch fleet runner, klt 0.5.0)
loopgain	loopgain_dyn_ss_125c_rbcs_i1000ua_c2200nf_e375mohm	mos_ss	res_bcs	125	1000e-6	2200n	375e-3	sim/ldo-cmos5l-pvt-sweep/netlist-snapshots/20261010-101245-6df50fd/loopgain_dyn_ss_125c_rbcs_i1000ua_c2200nf_e375mohm.spice	5caf7d9f40c51f078fd0f674fff04c5b9db7c20fedeefeff9e837660b816be68	klt sim --backend batch corners/20261010-101245-6df50fd/_batch/g02_loopgain_dyn_ss_125c_rbcs_i0ua_c330nf_e125mohm/request.json (batch_backend.py; corner mos_ss__res_bcs__cap_typ @ 125C)	6df50fd	ihp-sg13cmos5l	ngspice-46 (EDA batch fleet runner, klt 0.5.0)
psrr	psrr_dyn_ss_125c_rbcs_i1000ua_c2200nf_e375mohm	mos_ss	res_bcs	125	1000e-6	2200n	375e-3	sim/ldo-cmos5l-pvt-sweep/netlist-snapshots/20261010-101245-6df50fd/psrr_dyn_ss_125c_rbcs_i1000ua_c2200nf_e375mohm.spice	0cefcfe39148875d9088067fff8e1280ec491fb31db9a7c169791fd04cfb3747	klt sim --backend batch corners/20261010-101245-6df50fd/_batch/g05_psrr_dyn_ss_125c_rbcs_i0ua_c330nf_e125mohm/request.json (batch_backend.py; corner mos_ss__res_bcs__cap_typ @ 125C)	6df50fd	ihp-sg13cmos5l	ngspice-46 (EDA batch fleet runner, klt 0.5.0)
loopgain	loopgain_dyn_ss_125c_rbcs_i1000ua_c4700nf_e125mohm	mos_ss	res_bcs	125	1000e-6	4700n	125e-3	sim/ldo-cmos5l-pvt-sweep/netlist-snapshots/20261010-101245-6df50fd/loopgain_dyn_ss_125c_rbcs_i1000ua_c4700nf_e125mohm.spice	60d6f0a2fc9656f45050f9c1f7d5d7129ce0c49e617def26ece229968a06a5d9	klt sim --backend batch corners/20261010-101245-6df50fd/_batch/g02_loopgain_dyn_ss_125c_rbcs_i0ua_c330nf_e125mohm/request.json (batch_backend.py; corner mos_ss__res_bcs__cap_typ @ 125C)	6df50fd	ihp-sg13cmos5l	ngspice-46 (EDA batch fleet runner, klt 0.5.0)
psrr	psrr_dyn_ss_125c_rbcs_i1000ua_c4700nf_e125mohm	mos_ss	res_bcs	125	1000e-6	4700n	125e-3	sim/ldo-cmos5l-pvt-sweep/netlist-snapshots/20261010-101245-6df50fd/psrr_dyn_ss_125c_rbcs_i1000ua_c4700nf_e125mohm.spice	0996ff391f2da0717cb94167eff29cd1142968506e38508698058b04ee9cdf27	klt sim --backend batch corners/20261010-101245-6df50fd/_batch/g05_psrr_dyn_ss_125c_rbcs_i0ua_c330nf_e125mohm/request.json (batch_backend.py; corner mos_ss__res_bcs__cap_typ @ 125C)	6df50fd	ihp-sg13cmos5l	ngspice-46 (EDA batch fleet runner, klt 0.5.0)
loopgain	loopgain_dyn_ss_125c_rbcs_i1000ua_c4700nf_e375mohm	mos_ss	res_bcs	125	1000e-6	4700n	375e-3	sim/ldo-cmos5l-pvt-sweep/netlist-snapshots/20261010-101245-6df50fd/loopgain_dyn_ss_125c_rbcs_i1000ua_c4700nf_e375mohm.spice	1b01b37654cf811d0723e9027617f6d6342c391e929d21fce53cccb7f2649102	klt sim --backend batch corners/20261010-101245-6df50fd/_batch/g02_loopgain_dyn_ss_125c_rbcs_i0ua_c330nf_e125mohm/request.json (batch_backend.py; corner mos_ss__res_bcs__cap_typ @ 125C)	6df50fd	ihp-sg13cmos5l	ngspice-46 (EDA batch fleet runner, klt 0.5.0)
psrr	psrr_dyn_ss_125c_rbcs_i1000ua_c4700nf_e375mohm	mos_ss	res_bcs	125	1000e-6	4700n	375e-3	sim/ldo-cmos5l-pvt-sweep/netlist-snapshots/20261010-101245-6df50fd/psrr_dyn_ss_125c_rbcs_i1000ua_c4700nf_e375mohm.spice	003e249f27a8529e08688af40e01b40151eda333db3fa5e4c2ab19277c0ba1e9	klt sim --backend batch corners/20261010-101245-6df50fd/_batch/g05_psrr_dyn_ss_125c_rbcs_i0ua_c330nf_e125mohm/request.json (batch_backend.py; corner mos_ss__res_bcs__cap_typ @ 125C)	6df50fd	ihp-sg13cmos5l	ngspice-46 (EDA batch fleet runner, klt 0.5.0)
loopgain	loopgain_dyn_ss_125c_rbcs_i50000ua_c330nf_e125mohm	mos_ss	res_bcs	125	50000e-6	330n	125e-3	sim/ldo-cmos5l-pvt-sweep/netlist-snapshots/20261010-101245-6df50fd/loopgain_dyn_ss_125c_rbcs_i50000ua_c330nf_e125mohm.spice	8448749819fe36c7056d4091fa66ffa240113499411ffb9958a9569bcb35168d	klt sim --backend batch corners/20261010-101245-6df50fd/_batch/g02_loopgain_dyn_ss_125c_rbcs_i0ua_c330nf_e125mohm/request.json (batch_backend.py; corner mos_ss__res_bcs__cap_typ @ 125C)	6df50fd	ihp-sg13cmos5l	ngspice-46 (EDA batch fleet runner, klt 0.5.0)
psrr	psrr_dyn_ss_125c_rbcs_i50000ua_c330nf_e125mohm	mos_ss	res_bcs	125	50000e-6	330n	125e-3	sim/ldo-cmos5l-pvt-sweep/netlist-snapshots/20261010-101245-6df50fd/psrr_dyn_ss_125c_rbcs_i50000ua_c330nf_e125mohm.spice	23bc5bc0323d109db100d603db031754f1e16a6d41f6922c5a795daa88d9a80d	klt sim --backend batch corners/20261010-101245-6df50fd/_batch/g05_psrr_dyn_ss_125c_rbcs_i0ua_c330nf_e125mohm/request.json (batch_backend.py; corner mos_ss__res_bcs__cap_typ @ 125C)	6df50fd	ihp-sg13cmos5l	ngspice-46 (EDA batch fleet runner, klt 0.5.0)
loopgain	loopgain_dyn_ss_125c_rbcs_i1000ua_c1000nf_e125mohm	mos_ss	res_bcs	125	1000e-6	1000n	125e-3	sim/ldo-cmos5l-pvt-sweep/netlist-snapshots/20261010-101245-6df50fd/loopgain_dyn_ss_125c_rbcs_i1000ua_c1000nf_e125mohm.spice	9caf5db461dd4ec91e97effaa87a9ebca25b34fd8fe1c2a39a8bc681664b3803	klt sim --backend batch corners/20261010-101245-6df50fd/_batch/g02_loopgain_dyn_ss_125c_rbcs_i0ua_c330nf_e125mohm/request.json (batch_backend.py; corner mos_ss__res_bcs__cap_typ @ 125C)	6df50fd	ihp-sg13cmos5l	ngspice-46 (EDA batch fleet runner, klt 0.5.0)
psrr	psrr_dyn_ss_125c_rbcs_i1000ua_c1000nf_e125mohm	mos_ss	res_bcs	125	1000e-6	1000n	125e-3	sim/ldo-cmos5l-pvt-sweep/netlist-snapshots/20261010-101245-6df50fd/psrr_dyn_ss_125c_rbcs_i1000ua_c1000nf_e125mohm.spice	60af3535982f075429aad073b896d9efe03161ce6fc45ba45241026984d36d5f	klt sim --backend batch corners/20261010-101245-6df50fd/_batch/g05_psrr_dyn_ss_125c_rbcs_i0ua_c330nf_e125mohm/request.json (batch_backend.py; corner mos_ss__res_bcs__cap_typ @ 125C)	6df50fd	ihp-sg13cmos5l	ngspice-46 (EDA batch fleet runner, klt 0.5.0)
loopgain	loopgain_dyn_ss_125c_rbcs_i1000ua_c1000nf_e375mohm	mos_ss	res_bcs	125	1000e-6	1000n	375e-3	sim/ldo-cmos5l-pvt-sweep/netlist-snapshots/20261010-101245-6df50fd/loopgain_dyn_ss_125c_rbcs_i1000ua_c1000nf_e375mohm.spice	44f28e7b80cc5666efe6ec65ac2b22ead1febedb3899dc2e64346a1d4a2ada9d	klt sim --backend batch corners/20261010-101245-6df50fd/_batch/g02_loopgain_dyn_ss_125c_rbcs_i0ua_c330nf_e125mohm/request.json (batch_backend.py; corner mos_ss__res_bcs__cap_typ @ 125C)	6df50fd	ihp-sg13cmos5l	ngspice-46 (EDA batch fleet runner, klt 0.5.0)
psrr	psrr_dyn_ss_125c_rbcs_i1000ua_c1000nf_e375mohm	mos_ss	res_bcs	125	1000e-6	1000n	375e-3	sim/ldo-cmos5l-pvt-sweep/netlist-snapshots/20261010-101245-6df50fd/psrr_dyn_ss_125c_rbcs_i1000ua_c1000nf_e375mohm.spice	986260e39df4dae36875d63152b666f55a949004844a0e00b15e57af70c1abbe	klt sim --backend batch corners/20261010-101245-6df50fd/_batch/g05_psrr_dyn_ss_125c_rbcs_i0ua_c330nf_e125mohm/request.json (batch_backend.py; corner mos_ss__res_bcs__cap_typ @ 125C)	6df50fd	ihp-sg13cmos5l	ngspice-46 (EDA batch fleet runner, klt 0.5.0)
loopgain	loopgain_dyn_ss_125c_rbcs_i25000ua_c1000nf_e125mohm	mos_ss	res_bcs	125	25000e-6	1000n	125e-3	sim/ldo-cmos5l-pvt-sweep/netlist-snapshots/20261010-101245-6df50fd/loopgain_dyn_ss_125c_rbcs_i25000ua_c1000nf_e125mohm.spice	ae2e16d4e475e42f271aa3d78923c11b5cc44366e2bb6fb78e2cca680f500bf9	klt sim --backend batch corners/20261010-101245-6df50fd/_batch/g02_loopgain_dyn_ss_125c_rbcs_i0ua_c330nf_e125mohm/request.json (batch_backend.py; corner mos_ss__res_bcs__cap_typ @ 125C)	6df50fd	ihp-sg13cmos5l	ngspice-46 (EDA batch fleet runner, klt 0.5.0)
psrr	psrr_dyn_ss_125c_rbcs_i25000ua_c1000nf_e125mohm	mos_ss	res_bcs	125	25000e-6	1000n	125e-3	sim/ldo-cmos5l-pvt-sweep/netlist-snapshots/20261010-101245-6df50fd/psrr_dyn_ss_125c_rbcs_i25000ua_c1000nf_e125mohm.spice	d1ba3b8e44496621bfdec88ebf4cbc2491e328387d4530c86a0032966c304799	klt sim --backend batch corners/20261010-101245-6df50fd/_batch/g05_psrr_dyn_ss_125c_rbcs_i0ua_c330nf_e125mohm/request.json (batch_backend.py; corner mos_ss__res_bcs__cap_typ @ 125C)	6df50fd	ihp-sg13cmos5l	ngspice-46 (EDA batch fleet runner, klt 0.5.0)
loopgain	loopgain_dyn_ss_125c_rbcs_i25000ua_c1000nf_e375mohm	mos_ss	res_bcs	125	25000e-6	1000n	375e-3	sim/ldo-cmos5l-pvt-sweep/netlist-snapshots/20261010-101245-6df50fd/loopgain_dyn_ss_125c_rbcs_i25000ua_c1000nf_e375mohm.spice	208cf3224588cbfe2b593b3f8cf2195f2638c51ecf30a13b50aa9dd32bc6d561	klt sim --backend batch corners/20261010-101245-6df50fd/_batch/g02_loopgain_dyn_ss_125c_rbcs_i0ua_c330nf_e125mohm/request.json (batch_backend.py; corner mos_ss__res_bcs__cap_typ @ 125C)	6df50fd	ihp-sg13cmos5l	ngspice-46 (EDA batch fleet runner, klt 0.5.0)
psrr	psrr_dyn_ss_125c_rbcs_i25000ua_c1000nf_e375mohm	mos_ss	res_bcs	125	25000e-6	1000n	375e-3	sim/ldo-cmos5l-pvt-sweep/netlist-snapshots/20261010-101245-6df50fd/psrr_dyn_ss_125c_rbcs_i25000ua_c1000nf_e375mohm.spice	d709b129603d4e6b45a49dbef8fe8c43616a92b0b509d0b6087415c00e916715	klt sim --backend batch corners/20261010-101245-6df50fd/_batch/g05_psrr_dyn_ss_125c_rbcs_i0ua_c330nf_e125mohm/request.json (batch_backend.py; corner mos_ss__res_bcs__cap_typ @ 125C)	6df50fd	ihp-sg13cmos5l	ngspice-46 (EDA batch fleet runner, klt 0.5.0)
loopgain	loopgain_dyn_ss_125c_rbcs_i25000ua_c2200nf_e125mohm	mos_ss	res_bcs	125	25000e-6	2200n	125e-3	sim/ldo-cmos5l-pvt-sweep/netlist-snapshots/20261010-101245-6df50fd/loopgain_dyn_ss_125c_rbcs_i25000ua_c2200nf_e125mohm.spice	d383896c93439239298aaec20819e7af459887d855fc15ed60530eb6c5b79483	klt sim --backend batch corners/20261010-101245-6df50fd/_batch/g02_loopgain_dyn_ss_125c_rbcs_i0ua_c330nf_e125mohm/request.json (batch_backend.py; corner mos_ss__res_bcs__cap_typ @ 125C)	6df50fd	ihp-sg13cmos5l	ngspice-46 (EDA batch fleet runner, klt 0.5.0)
psrr	psrr_dyn_ss_125c_rbcs_i25000ua_c2200nf_e125mohm	mos_ss	res_bcs	125	25000e-6	2200n	125e-3	sim/ldo-cmos5l-pvt-sweep/netlist-snapshots/20261010-101245-6df50fd/psrr_dyn_ss_125c_rbcs_i25000ua_c2200nf_e125mohm.spice	0b979d05f597b69e33113738662d6d541173eb460b83cf0eed08971cb2f00011	klt sim --backend batch corners/20261010-101245-6df50fd/_batch/g05_psrr_dyn_ss_125c_rbcs_i0ua_c330nf_e125mohm/request.json (batch_backend.py; corner mos_ss__res_bcs__cap_typ @ 125C)	6df50fd	ihp-sg13cmos5l	ngspice-46 (EDA batch fleet runner, klt 0.5.0)
loopgain	loopgain_dyn_ss_125c_rbcs_i25000ua_c2200nf_e375mohm	mos_ss	res_bcs	125	25000e-6	2200n	375e-3	sim/ldo-cmos5l-pvt-sweep/netlist-snapshots/20261010-101245-6df50fd/loopgain_dyn_ss_125c_rbcs_i25000ua_c2200nf_e375mohm.spice	c2f021517b75ff9fb9a3d2a0803767751dee37b6109ca75d42b9836a10be100c	klt sim --backend batch corners/20261010-101245-6df50fd/_batch/g02_loopgain_dyn_ss_125c_rbcs_i0ua_c330nf_e125mohm/request.json (batch_backend.py; corner mos_ss__res_bcs__cap_typ @ 125C)	6df50fd	ihp-sg13cmos5l	ngspice-46 (EDA batch fleet runner, klt 0.5.0)
psrr	psrr_dyn_ss_125c_rbcs_i25000ua_c2200nf_e375mohm	mos_ss	res_bcs	125	25000e-6	2200n	375e-3	sim/ldo-cmos5l-pvt-sweep/netlist-snapshots/20261010-101245-6df50fd/psrr_dyn_ss_125c_rbcs_i25000ua_c2200nf_e375mohm.spice	c158e278d637a4e54ba8b012d5044390d75a4c7e25059c73c12a6c983480ec3d	klt sim --backend batch corners/20261010-101245-6df50fd/_batch/g05_psrr_dyn_ss_125c_rbcs_i0ua_c330nf_e125mohm/request.json (batch_backend.py; corner mos_ss__res_bcs__cap_typ @ 125C)	6df50fd	ihp-sg13cmos5l	ngspice-46 (EDA batch fleet runner, klt 0.5.0)
loopgain	loopgain_dyn_ss_125c_rbcs_i50000ua_c1000nf_e125mohm	mos_ss	res_bcs	125	50000e-6	1000n	125e-3	sim/ldo-cmos5l-pvt-sweep/netlist-snapshots/20261010-101245-6df50fd/loopgain_dyn_ss_125c_rbcs_i50000ua_c1000nf_e125mohm.spice	f1e228cd4fb9374f6ccd1ea2be9ac59208fc71839df0dfe01b21b635833baf41	klt sim --backend batch corners/20261010-101245-6df50fd/_batch/g02_loopgain_dyn_ss_125c_rbcs_i0ua_c330nf_e125mohm/request.json (batch_backend.py; corner mos_ss__res_bcs__cap_typ @ 125C)	6df50fd	ihp-sg13cmos5l	ngspice-46 (EDA batch fleet runner, klt 0.5.0)
psrr	psrr_dyn_ss_125c_rbcs_i50000ua_c1000nf_e125mohm	mos_ss	res_bcs	125	50000e-6	1000n	125e-3	sim/ldo-cmos5l-pvt-sweep/netlist-snapshots/20261010-101245-6df50fd/psrr_dyn_ss_125c_rbcs_i50000ua_c1000nf_e125mohm.spice	7d7ca1c0d55730615e523f1c79348aa5d17169ae916f7e007b7f8cc0e30bd96a	klt sim --backend batch corners/20261010-101245-6df50fd/_batch/g05_psrr_dyn_ss_125c_rbcs_i0ua_c330nf_e125mohm/request.json (batch_backend.py; corner mos_ss__res_bcs__cap_typ @ 125C)	6df50fd	ihp-sg13cmos5l	ngspice-46 (EDA batch fleet runner, klt 0.5.0)
loopgain	loopgain_dyn_ss_125c_rbcs_i50000ua_c1000nf_e375mohm	mos_ss	res_bcs	125	50000e-6	1000n	375e-3	sim/ldo-cmos5l-pvt-sweep/netlist-snapshots/20261010-101245-6df50fd/loopgain_dyn_ss_125c_rbcs_i50000ua_c1000nf_e375mohm.spice	66e5145e991b34b22c8cfa3a8ed2a61f149916614e34017f42a77b09c380753a	klt sim --backend batch corners/20261010-101245-6df50fd/_batch/g02_loopgain_dyn_ss_125c_rbcs_i0ua_c330nf_e125mohm/request.json (batch_backend.py; corner mos_ss__res_bcs__cap_typ @ 125C)	6df50fd	ihp-sg13cmos5l	ngspice-46 (EDA batch fleet runner, klt 0.5.0)
psrr	psrr_dyn_ss_125c_rbcs_i50000ua_c1000nf_e375mohm	mos_ss	res_bcs	125	50000e-6	1000n	375e-3	sim/ldo-cmos5l-pvt-sweep/netlist-snapshots/20261010-101245-6df50fd/psrr_dyn_ss_125c_rbcs_i50000ua_c1000nf_e375mohm.spice	3cb5a9d981cb980665b76e1c25214e86ddd7dbe6f5c269ee5b64264999a1d96b	klt sim --backend batch corners/20261010-101245-6df50fd/_batch/g05_psrr_dyn_ss_125c_rbcs_i0ua_c330nf_e125mohm/request.json (batch_backend.py; corner mos_ss__res_bcs__cap_typ @ 125C)	6df50fd	ihp-sg13cmos5l	ngspice-46 (EDA batch fleet runner, klt 0.5.0)
loopgain	loopgain_dyn_ss_125c_rbcs_i50000ua_c2200nf_e125mohm	mos_ss	res_bcs	125	50000e-6	2200n	125e-3	sim/ldo-cmos5l-pvt-sweep/netlist-snapshots/20261010-101245-6df50fd/loopgain_dyn_ss_125c_rbcs_i50000ua_c2200nf_e125mohm.spice	d03c96b4bb87f2ac75a9c6c3142a1c9da4c10fd9006e3630a252c744a96fc816	klt sim --backend batch corners/20261010-101245-6df50fd/_batch/g02_loopgain_dyn_ss_125c_rbcs_i0ua_c330nf_e125mohm/request.json (batch_backend.py; corner mos_ss__res_bcs__cap_typ @ 125C)	6df50fd	ihp-sg13cmos5l	ngspice-46 (EDA batch fleet runner, klt 0.5.0)
psrr	psrr_dyn_ss_125c_rbcs_i50000ua_c2200nf_e125mohm	mos_ss	res_bcs	125	50000e-6	2200n	125e-3	sim/ldo-cmos5l-pvt-sweep/netlist-snapshots/20261010-101245-6df50fd/psrr_dyn_ss_125c_rbcs_i50000ua_c2200nf_e125mohm.spice	d52a542cd1403ec8c148d0a87764b8545bb776a6318c54ecee8308a4550a70c9	klt sim --backend batch corners/20261010-101245-6df50fd/_batch/g05_psrr_dyn_ss_125c_rbcs_i0ua_c330nf_e125mohm/request.json (batch_backend.py; corner mos_ss__res_bcs__cap_typ @ 125C)	6df50fd	ihp-sg13cmos5l	ngspice-46 (EDA batch fleet runner, klt 0.5.0)
loopgain	loopgain_dyn_ss_125c_rbcs_i50000ua_c2200nf_e375mohm	mos_ss	res_bcs	125	50000e-6	2200n	375e-3	sim/ldo-cmos5l-pvt-sweep/netlist-snapshots/20261010-101245-6df50fd/loopgain_dyn_ss_125c_rbcs_i50000ua_c2200nf_e375mohm.spice	59e3b9e3a7ec06f5248781f028308ceb142f826849acce9e518385b583d9079f	klt sim --backend batch corners/20261010-101245-6df50fd/_batch/g02_loopgain_dyn_ss_125c_rbcs_i0ua_c330nf_e125mohm/request.json (batch_backend.py; corner mos_ss__res_bcs__cap_typ @ 125C)	6df50fd	ihp-sg13cmos5l	ngspice-46 (EDA batch fleet runner, klt 0.5.0)
psrr	psrr_dyn_ss_125c_rbcs_i50000ua_c2200nf_e375mohm	mos_ss	res_bcs	125	50000e-6	2200n	375e-3	sim/ldo-cmos5l-pvt-sweep/netlist-snapshots/20261010-101245-6df50fd/psrr_dyn_ss_125c_rbcs_i50000ua_c2200nf_e375mohm.spice	ad63ab9466f6196fb883bfa9789b8befc9665be56d82acadcfb6bbb94609c2b8	klt sim --backend batch corners/20261010-101245-6df50fd/_batch/g05_psrr_dyn_ss_125c_rbcs_i0ua_c330nf_e125mohm/request.json (batch_backend.py; corner mos_ss__res_bcs__cap_typ @ 125C)	6df50fd	ihp-sg13cmos5l	ngspice-46 (EDA batch fleet runner, klt 0.5.0)
loopgain	loopgain_dyn_ss_125c_rbcs_i13000ua_c1000nf_e250mohm	mos_ss	res_bcs	125	13000e-6	1000n	250e-3	sim/ldo-cmos5l-pvt-sweep/netlist-snapshots/20261010-101245-6df50fd/loopgain_dyn_ss_125c_rbcs_i13000ua_c1000nf_e250mohm.spice	908f99e74b468de829f7f71ff37b89fc8a0e8a47d81075a67552280f5c86576b	klt sim --backend batch corners/20261010-101245-6df50fd/_batch/g02_loopgain_dyn_ss_125c_rbcs_i0ua_c330nf_e125mohm/request.json (batch_backend.py; corner mos_ss__res_bcs__cap_typ @ 125C)	6df50fd	ihp-sg13cmos5l	ngspice-46 (EDA batch fleet runner, klt 0.5.0)
psrr	psrr_dyn_ss_125c_rbcs_i13000ua_c1000nf_e250mohm	mos_ss	res_bcs	125	13000e-6	1000n	250e-3	sim/ldo-cmos5l-pvt-sweep/netlist-snapshots/20261010-101245-6df50fd/psrr_dyn_ss_125c_rbcs_i13000ua_c1000nf_e250mohm.spice	2728f01928e650fd4eb136af0f44130bc654194eec920d20563cd48677e955ea	klt sim --backend batch corners/20261010-101245-6df50fd/_batch/g05_psrr_dyn_ss_125c_rbcs_i0ua_c330nf_e125mohm/request.json (batch_backend.py; corner mos_ss__res_bcs__cap_typ @ 125C)	6df50fd	ihp-sg13cmos5l	ngspice-46 (EDA batch fleet runner, klt 0.5.0)
loopgain	loopgain_dyn_ss_125c_rbcs_i13000ua_c1000nf_e500mohm	mos_ss	res_bcs	125	13000e-6	1000n	500e-3	sim/ldo-cmos5l-pvt-sweep/netlist-snapshots/20261010-101245-6df50fd/loopgain_dyn_ss_125c_rbcs_i13000ua_c1000nf_e500mohm.spice	f0140016a935097fe96cb5851cbdac8823dc5cfe46b4e6cc04479bec9f8b6764	klt sim --backend batch corners/20261010-101245-6df50fd/_batch/g02_loopgain_dyn_ss_125c_rbcs_i0ua_c330nf_e125mohm/request.json (batch_backend.py; corner mos_ss__res_bcs__cap_typ @ 125C)	6df50fd	ihp-sg13cmos5l	ngspice-46 (EDA batch fleet runner, klt 0.5.0)
psrr	psrr_dyn_ss_125c_rbcs_i13000ua_c1000nf_e500mohm	mos_ss	res_bcs	125	13000e-6	1000n	500e-3	sim/ldo-cmos5l-pvt-sweep/netlist-snapshots/20261010-101245-6df50fd/psrr_dyn_ss_125c_rbcs_i13000ua_c1000nf_e500mohm.spice	6a8b0b6ce0c96f914c1ae465a7528ad1020b413d58e5308533ccc76ad51d3f1d	klt sim --backend batch corners/20261010-101245-6df50fd/_batch/g05_psrr_dyn_ss_125c_rbcs_i0ua_c330nf_e125mohm/request.json (batch_backend.py; corner mos_ss__res_bcs__cap_typ @ 125C)	6df50fd	ihp-sg13cmos5l	ngspice-46 (EDA batch fleet runner, klt 0.5.0)
loopgain	loopgain_dyn_ss_125c_rbcs_i13000ua_c2200nf_e500mohm	mos_ss	res_bcs	125	13000e-6	2200n	500e-3	sim/ldo-cmos5l-pvt-sweep/netlist-snapshots/20261010-101245-6df50fd/loopgain_dyn_ss_125c_rbcs_i13000ua_c2200nf_e500mohm.spice	c1d3d494f7010c8588727b4f9179449f8116a7401007146b4acc6cec29310eaf	klt sim --backend batch corners/20261010-101245-6df50fd/_batch/g02_loopgain_dyn_ss_125c_rbcs_i0ua_c330nf_e125mohm/request.json (batch_backend.py; corner mos_ss__res_bcs__cap_typ @ 125C)	6df50fd	ihp-sg13cmos5l	ngspice-46 (EDA batch fleet runner, klt 0.5.0)
psrr	psrr_dyn_ss_125c_rbcs_i13000ua_c2200nf_e500mohm	mos_ss	res_bcs	125	13000e-6	2200n	500e-3	sim/ldo-cmos5l-pvt-sweep/netlist-snapshots/20261010-101245-6df50fd/psrr_dyn_ss_125c_rbcs_i13000ua_c2200nf_e500mohm.spice	63d4b94dd39ecd617daf9309d3a8ff2620418095a08098816c7b165bdc19c1dc	klt sim --backend batch corners/20261010-101245-6df50fd/_batch/g05_psrr_dyn_ss_125c_rbcs_i0ua_c330nf_e125mohm/request.json (batch_backend.py; corner mos_ss__res_bcs__cap_typ @ 125C)	6df50fd	ihp-sg13cmos5l	ngspice-46 (EDA batch fleet runner, klt 0.5.0)
loopgain	loopgain_dyn_ss_125c_rbcs_i37500ua_c4700nf_e0mohm	mos_ss	res_bcs	125	37500e-6	4700n	0	sim/ldo-cmos5l-pvt-sweep/netlist-snapshots/20261010-101245-6df50fd/loopgain_dyn_ss_125c_rbcs_i37500ua_c4700nf_e0mohm.spice	fa73d4f8cb681f29fdcc901e3f840a0af8c3f24ff8db7b9b5dcc202050307da2	klt sim --backend batch corners/20261010-101245-6df50fd/_batch/g02_loopgain_dyn_ss_125c_rbcs_i0ua_c330nf_e125mohm/request.json (batch_backend.py; corner mos_ss__res_bcs__cap_typ @ 125C)	6df50fd	ihp-sg13cmos5l	ngspice-46 (EDA batch fleet runner, klt 0.5.0)
psrr	psrr_dyn_ss_125c_rbcs_i37500ua_c4700nf_e0mohm	mos_ss	res_bcs	125	37500e-6	4700n	0	sim/ldo-cmos5l-pvt-sweep/netlist-snapshots/20261010-101245-6df50fd/psrr_dyn_ss_125c_rbcs_i37500ua_c4700nf_e0mohm.spice	59cf32f4dec522cb2e93aa2b279642b05f37b244cd1a26b3c4ab9f62df0e088b	klt sim --backend batch corners/20261010-101245-6df50fd/_batch/g05_psrr_dyn_ss_125c_rbcs_i0ua_c330nf_e125mohm/request.json (batch_backend.py; corner mos_ss__res_bcs__cap_typ @ 125C)	6df50fd	ihp-sg13cmos5l	ngspice-46 (EDA batch fleet runner, klt 0.5.0)
loopgain	loopgain_dyn_ss_125c_rbcs_i37500ua_c4700nf_e250mohm	mos_ss	res_bcs	125	37500e-6	4700n	250e-3	sim/ldo-cmos5l-pvt-sweep/netlist-snapshots/20261010-101245-6df50fd/loopgain_dyn_ss_125c_rbcs_i37500ua_c4700nf_e250mohm.spice	9adb1652efd520a488e1a4eed122096a18b700420181b850c29d11be9de1ea4a	klt sim --backend batch corners/20261010-101245-6df50fd/_batch/g02_loopgain_dyn_ss_125c_rbcs_i0ua_c330nf_e125mohm/request.json (batch_backend.py; corner mos_ss__res_bcs__cap_typ @ 125C)	6df50fd	ihp-sg13cmos5l	ngspice-46 (EDA batch fleet runner, klt 0.5.0)
psrr	psrr_dyn_ss_125c_rbcs_i37500ua_c4700nf_e250mohm	mos_ss	res_bcs	125	37500e-6	4700n	250e-3	sim/ldo-cmos5l-pvt-sweep/netlist-snapshots/20261010-101245-6df50fd/psrr_dyn_ss_125c_rbcs_i37500ua_c4700nf_e250mohm.spice	566db11579286d0011fdc821907f96ea6de4864e2c3964939cbbeb06af42c165	klt sim --backend batch corners/20261010-101245-6df50fd/_batch/g05_psrr_dyn_ss_125c_rbcs_i0ua_c330nf_e125mohm/request.json (batch_backend.py; corner mos_ss__res_bcs__cap_typ @ 125C)	6df50fd	ihp-sg13cmos5l	ngspice-46 (EDA batch fleet runner, klt 0.5.0)
loopgain	loopgain_dyn_ss_125c_rbcs_i37500ua_c4700nf_e500mohm	mos_ss	res_bcs	125	37500e-6	4700n	500e-3	sim/ldo-cmos5l-pvt-sweep/netlist-snapshots/20261010-101245-6df50fd/loopgain_dyn_ss_125c_rbcs_i37500ua_c4700nf_e500mohm.spice	a75dacfc2dcacf91b8f812cf59e33913fa808cdb819d142e2af84a5223e8b17c	klt sim --backend batch corners/20261010-101245-6df50fd/_batch/g02_loopgain_dyn_ss_125c_rbcs_i0ua_c330nf_e125mohm/request.json (batch_backend.py; corner mos_ss__res_bcs__cap_typ @ 125C)	6df50fd	ihp-sg13cmos5l	ngspice-46 (EDA batch fleet runner, klt 0.5.0)
psrr	psrr_dyn_ss_125c_rbcs_i37500ua_c4700nf_e500mohm	mos_ss	res_bcs	125	37500e-6	4700n	500e-3	sim/ldo-cmos5l-pvt-sweep/netlist-snapshots/20261010-101245-6df50fd/psrr_dyn_ss_125c_rbcs_i37500ua_c4700nf_e500mohm.spice	d9fff731ce922f55d03471fae710565e9fa0ed44b571503ab20960916dda6373	klt sim --backend batch corners/20261010-101245-6df50fd/_batch/g05_psrr_dyn_ss_125c_rbcs_i0ua_c330nf_e125mohm/request.json (batch_backend.py; corner mos_ss__res_bcs__cap_typ @ 125C)	6df50fd	ihp-sg13cmos5l	ngspice-46 (EDA batch fleet runner, klt 0.5.0)
loopgain	loopgain_dyn_ss_125c_rbcs_i25000ua_c4700nf_e125mohm	mos_ss	res_bcs	125	25000e-6	4700n	125e-3	sim/ldo-cmos5l-pvt-sweep/netlist-snapshots/20261010-101245-6df50fd/loopgain_dyn_ss_125c_rbcs_i25000ua_c4700nf_e125mohm.spice	588e9ffacd2c48c9f23dcb87366a598017e4f7e4489a9f73128cd28bc70489f4	klt sim --backend batch corners/20261010-101245-6df50fd/_batch/g02_loopgain_dyn_ss_125c_rbcs_i0ua_c330nf_e125mohm/request.json (batch_backend.py; corner mos_ss__res_bcs__cap_typ @ 125C)	6df50fd	ihp-sg13cmos5l	ngspice-46 (EDA batch fleet runner, klt 0.5.0)
psrr	psrr_dyn_ss_125c_rbcs_i25000ua_c4700nf_e125mohm	mos_ss	res_bcs	125	25000e-6	4700n	125e-3	sim/ldo-cmos5l-pvt-sweep/netlist-snapshots/20261010-101245-6df50fd/psrr_dyn_ss_125c_rbcs_i25000ua_c4700nf_e125mohm.spice	7ded9284efd52f45ae52dfe538507ce76d58e9df6cd1187c711279e59e569de2	klt sim --backend batch corners/20261010-101245-6df50fd/_batch/g05_psrr_dyn_ss_125c_rbcs_i0ua_c330nf_e125mohm/request.json (batch_backend.py; corner mos_ss__res_bcs__cap_typ @ 125C)	6df50fd	ihp-sg13cmos5l	ngspice-46 (EDA batch fleet runner, klt 0.5.0)
loopgain	loopgain_dyn_ss_125c_rbcs_i25000ua_c4700nf_e375mohm	mos_ss	res_bcs	125	25000e-6	4700n	375e-3	sim/ldo-cmos5l-pvt-sweep/netlist-snapshots/20261010-101245-6df50fd/loopgain_dyn_ss_125c_rbcs_i25000ua_c4700nf_e375mohm.spice	a6def87eb00216f8560b5842ca2e3dbd9549843fb23d54d2171fd06e890f5c39	klt sim --backend batch corners/20261010-101245-6df50fd/_batch/g02_loopgain_dyn_ss_125c_rbcs_i0ua_c330nf_e125mohm/request.json (batch_backend.py; corner mos_ss__res_bcs__cap_typ @ 125C)	6df50fd	ihp-sg13cmos5l	ngspice-46 (EDA batch fleet runner, klt 0.5.0)
psrr	psrr_dyn_ss_125c_rbcs_i25000ua_c4700nf_e375mohm	mos_ss	res_bcs	125	25000e-6	4700n	375e-3	sim/ldo-cmos5l-pvt-sweep/netlist-snapshots/20261010-101245-6df50fd/psrr_dyn_ss_125c_rbcs_i25000ua_c4700nf_e375mohm.spice	b096cce51c4d345d98fd38cd8f0c839738a5938d2c5f1b42c544ccc50b4bbc2b	klt sim --backend batch corners/20261010-101245-6df50fd/_batch/g05_psrr_dyn_ss_125c_rbcs_i0ua_c330nf_e125mohm/request.json (batch_backend.py; corner mos_ss__res_bcs__cap_typ @ 125C)	6df50fd	ihp-sg13cmos5l	ngspice-46 (EDA batch fleet runner, klt 0.5.0)
loopgain	loopgain_dyn_ss_125c_rbcs_i50000ua_c4700nf_e125mohm	mos_ss	res_bcs	125	50000e-6	4700n	125e-3	sim/ldo-cmos5l-pvt-sweep/netlist-snapshots/20261010-101245-6df50fd/loopgain_dyn_ss_125c_rbcs_i50000ua_c4700nf_e125mohm.spice	719d8482e4a3df106b3593a55f4d60f39e831b8f445944bc51cd23d39158b792	klt sim --backend batch corners/20261010-101245-6df50fd/_batch/g02_loopgain_dyn_ss_125c_rbcs_i0ua_c330nf_e125mohm/request.json (batch_backend.py; corner mos_ss__res_bcs__cap_typ @ 125C)	6df50fd	ihp-sg13cmos5l	ngspice-46 (EDA batch fleet runner, klt 0.5.0)
psrr	psrr_dyn_ss_125c_rbcs_i50000ua_c4700nf_e125mohm	mos_ss	res_bcs	125	50000e-6	4700n	125e-3	sim/ldo-cmos5l-pvt-sweep/netlist-snapshots/20261010-101245-6df50fd/psrr_dyn_ss_125c_rbcs_i50000ua_c4700nf_e125mohm.spice	19cc95c5c65c1da77f3324a2fd33f554eab5c43482bb82ffb6fdfb53e73781f4	klt sim --backend batch corners/20261010-101245-6df50fd/_batch/g05_psrr_dyn_ss_125c_rbcs_i0ua_c330nf_e125mohm/request.json (batch_backend.py; corner mos_ss__res_bcs__cap_typ @ 125C)	6df50fd	ihp-sg13cmos5l	ngspice-46 (EDA batch fleet runner, klt 0.5.0)
loopgain	loopgain_dyn_ss_125c_rbcs_i50000ua_c4700nf_e375mohm	mos_ss	res_bcs	125	50000e-6	4700n	375e-3	sim/ldo-cmos5l-pvt-sweep/netlist-snapshots/20261010-101245-6df50fd/loopgain_dyn_ss_125c_rbcs_i50000ua_c4700nf_e375mohm.spice	4dbf98eb711c8ef61841b4a77b3bdfb6df1a3cbdc79957ced23396801500e485	klt sim --backend batch corners/20261010-101245-6df50fd/_batch/g02_loopgain_dyn_ss_125c_rbcs_i0ua_c330nf_e125mohm/request.json (batch_backend.py; corner mos_ss__res_bcs__cap_typ @ 125C)	6df50fd	ihp-sg13cmos5l	ngspice-46 (EDA batch fleet runner, klt 0.5.0)
psrr	psrr_dyn_ss_125c_rbcs_i50000ua_c4700nf_e375mohm	mos_ss	res_bcs	125	50000e-6	4700n	375e-3	sim/ldo-cmos5l-pvt-sweep/netlist-snapshots/20261010-101245-6df50fd/psrr_dyn_ss_125c_rbcs_i50000ua_c4700nf_e375mohm.spice	9b76efa1bb09f36389d721153b16616d77ef6b14c5e8702fece6b72a76c97565	klt sim --backend batch corners/20261010-101245-6df50fd/_batch/g05_psrr_dyn_ss_125c_rbcs_i0ua_c330nf_e125mohm/request.json (batch_backend.py; corner mos_ss__res_bcs__cap_typ @ 125C)	6df50fd	ihp-sg13cmos5l	ngspice-46 (EDA batch fleet runner, klt 0.5.0)
loopgain	loopgain_dyn_ss_125c_rwcs_i500ua_c330nf_e0mohm	mos_ss	res_wcs	125	500e-6	330n	0	sim/ldo-cmos5l-pvt-sweep/netlist-snapshots/20261010-101245-6df50fd/loopgain_dyn_ss_125c_rwcs_i500ua_c330nf_e0mohm.spice	95b4aa5bdb2ab68872987a729ca99b1f743992497d6e009eed1028abce7b60ce	klt sim --backend batch corners/20261010-101245-6df50fd/_batch/g02_loopgain_dyn_ss_125c_rbcs_i0ua_c330nf_e125mohm/request.json (batch_backend.py; corner mos_ss__res_wcs__cap_typ @ 125C)	6df50fd	ihp-sg13cmos5l	ngspice-46 (EDA batch fleet runner, klt 0.5.0)
psrr	psrr_dyn_ss_125c_rwcs_i500ua_c330nf_e0mohm	mos_ss	res_wcs	125	500e-6	330n	0	sim/ldo-cmos5l-pvt-sweep/netlist-snapshots/20261010-101245-6df50fd/psrr_dyn_ss_125c_rwcs_i500ua_c330nf_e0mohm.spice	8e03e6938ba18bf45856c4095af6b140ff01b2ff06ef3ed175d07de47558fb65	klt sim --backend batch corners/20261010-101245-6df50fd/_batch/g05_psrr_dyn_ss_125c_rbcs_i0ua_c330nf_e125mohm/request.json (batch_backend.py; corner mos_ss__res_wcs__cap_typ @ 125C)	6df50fd	ihp-sg13cmos5l	ngspice-46 (EDA batch fleet runner, klt 0.5.0)
loopgain	loopgain_dyn_ss_125c_rwcs_i13000ua_c330nf_e0mohm	mos_ss	res_wcs	125	13000e-6	330n	0	sim/ldo-cmos5l-pvt-sweep/netlist-snapshots/20261010-101245-6df50fd/loopgain_dyn_ss_125c_rwcs_i13000ua_c330nf_e0mohm.spice	aa1fa51d0d16c37adf98a5c2c00b4372db7e1179c047dfc1b38009eb622150e6	klt sim --backend batch corners/20261010-101245-6df50fd/_batch/g02_loopgain_dyn_ss_125c_rbcs_i0ua_c330nf_e125mohm/request.json (batch_backend.py; corner mos_ss__res_wcs__cap_typ @ 125C)	6df50fd	ihp-sg13cmos5l	ngspice-46 (EDA batch fleet runner, klt 0.5.0)
psrr	psrr_dyn_ss_125c_rwcs_i13000ua_c330nf_e0mohm	mos_ss	res_wcs	125	13000e-6	330n	0	sim/ldo-cmos5l-pvt-sweep/netlist-snapshots/20261010-101245-6df50fd/psrr_dyn_ss_125c_rwcs_i13000ua_c330nf_e0mohm.spice	078fb8c8a2aeeedd44880e0feb8a55fdd7b079ede0ad552d3a5194ce7dfd905e	klt sim --backend batch corners/20261010-101245-6df50fd/_batch/g05_psrr_dyn_ss_125c_rbcs_i0ua_c330nf_e125mohm/request.json (batch_backend.py; corner mos_ss__res_wcs__cap_typ @ 125C)	6df50fd	ihp-sg13cmos5l	ngspice-46 (EDA batch fleet runner, klt 0.5.0)
loopgain	loopgain_dyn_ss_125c_rwcs_i37500ua_c330nf_e0mohm	mos_ss	res_wcs	125	37500e-6	330n	0	sim/ldo-cmos5l-pvt-sweep/netlist-snapshots/20261010-101245-6df50fd/loopgain_dyn_ss_125c_rwcs_i37500ua_c330nf_e0mohm.spice	4214903926bb07c62d0ab13df246bf58ffac54ac945a864f46651e6e53ad2f67	klt sim --backend batch corners/20261010-101245-6df50fd/_batch/g02_loopgain_dyn_ss_125c_rbcs_i0ua_c330nf_e125mohm/request.json (batch_backend.py; corner mos_ss__res_wcs__cap_typ @ 125C)	6df50fd	ihp-sg13cmos5l	ngspice-46 (EDA batch fleet runner, klt 0.5.0)
psrr	psrr_dyn_ss_125c_rwcs_i37500ua_c330nf_e0mohm	mos_ss	res_wcs	125	37500e-6	330n	0	sim/ldo-cmos5l-pvt-sweep/netlist-snapshots/20261010-101245-6df50fd/psrr_dyn_ss_125c_rwcs_i37500ua_c330nf_e0mohm.spice	a69f17d16bfb4b2169ebd69978657b581dbe02f2bc11b33758425203ce8dc349	klt sim --backend batch corners/20261010-101245-6df50fd/_batch/g05_psrr_dyn_ss_125c_rbcs_i0ua_c330nf_e125mohm/request.json (batch_backend.py; corner mos_ss__res_wcs__cap_typ @ 125C)	6df50fd	ihp-sg13cmos5l	ngspice-46 (EDA batch fleet runner, klt 0.5.0)
loopgain	loopgain_dyn_ss_125c_rwcs_i500ua_c330nf_e250mohm	mos_ss	res_wcs	125	500e-6	330n	250e-3	sim/ldo-cmos5l-pvt-sweep/netlist-snapshots/20261010-101245-6df50fd/loopgain_dyn_ss_125c_rwcs_i500ua_c330nf_e250mohm.spice	3af177eab92e74d0bd2f19151a400f6b8452e9c72c1f5de8932a591adf2157f2	klt sim --backend batch corners/20261010-101245-6df50fd/_batch/g02_loopgain_dyn_ss_125c_rbcs_i0ua_c330nf_e125mohm/request.json (batch_backend.py; corner mos_ss__res_wcs__cap_typ @ 125C)	6df50fd	ihp-sg13cmos5l	ngspice-46 (EDA batch fleet runner, klt 0.5.0)
psrr	psrr_dyn_ss_125c_rwcs_i500ua_c330nf_e250mohm	mos_ss	res_wcs	125	500e-6	330n	250e-3	sim/ldo-cmos5l-pvt-sweep/netlist-snapshots/20261010-101245-6df50fd/psrr_dyn_ss_125c_rwcs_i500ua_c330nf_e250mohm.spice	3f2eebc2bfcae652b9937ec188ce0e85f3ba7e775c9a74d3b7420cb4df19566e	klt sim --backend batch corners/20261010-101245-6df50fd/_batch/g05_psrr_dyn_ss_125c_rbcs_i0ua_c330nf_e125mohm/request.json (batch_backend.py; corner mos_ss__res_wcs__cap_typ @ 125C)	6df50fd	ihp-sg13cmos5l	ngspice-46 (EDA batch fleet runner, klt 0.5.0)
loopgain	loopgain_dyn_ss_125c_rwcs_i37500ua_c330nf_e250mohm	mos_ss	res_wcs	125	37500e-6	330n	250e-3	sim/ldo-cmos5l-pvt-sweep/netlist-snapshots/20261010-101245-6df50fd/loopgain_dyn_ss_125c_rwcs_i37500ua_c330nf_e250mohm.spice	140848a8b68c82e2c7c12b6b26d766a42530a3598343340a0540350bcc58c651	klt sim --backend batch corners/20261010-101245-6df50fd/_batch/g02_loopgain_dyn_ss_125c_rbcs_i0ua_c330nf_e125mohm/request.json (batch_backend.py; corner mos_ss__res_wcs__cap_typ @ 125C)	6df50fd	ihp-sg13cmos5l	ngspice-46 (EDA batch fleet runner, klt 0.5.0)
psrr	psrr_dyn_ss_125c_rwcs_i37500ua_c330nf_e250mohm	mos_ss	res_wcs	125	37500e-6	330n	250e-3	sim/ldo-cmos5l-pvt-sweep/netlist-snapshots/20261010-101245-6df50fd/psrr_dyn_ss_125c_rwcs_i37500ua_c330nf_e250mohm.spice	3ae5969df64aa098302796374d5d8deea3a70db528f5dfab54f35d398c7866cb	klt sim --backend batch corners/20261010-101245-6df50fd/_batch/g05_psrr_dyn_ss_125c_rbcs_i0ua_c330nf_e125mohm/request.json (batch_backend.py; corner mos_ss__res_wcs__cap_typ @ 125C)	6df50fd	ihp-sg13cmos5l	ngspice-46 (EDA batch fleet runner, klt 0.5.0)
loopgain	loopgain_dyn_ss_125c_rwcs_i13000ua_c330nf_e250mohm	mos_ss	res_wcs	125	13000e-6	330n	250e-3	sim/ldo-cmos5l-pvt-sweep/netlist-snapshots/20261010-101245-6df50fd/loopgain_dyn_ss_125c_rwcs_i13000ua_c330nf_e250mohm.spice	692f5dbc07cac0b89261fc8068d8f3600c6896e1ba5436c4299479addcf6f444	klt sim --backend batch corners/20261010-101245-6df50fd/_batch/g02_loopgain_dyn_ss_125c_rbcs_i0ua_c330nf_e125mohm/request.json (batch_backend.py; corner mos_ss__res_wcs__cap_typ @ 125C)	6df50fd	ihp-sg13cmos5l	ngspice-46 (EDA batch fleet runner, klt 0.5.0)
psrr	psrr_dyn_ss_125c_rwcs_i13000ua_c330nf_e250mohm	mos_ss	res_wcs	125	13000e-6	330n	250e-3	sim/ldo-cmos5l-pvt-sweep/netlist-snapshots/20261010-101245-6df50fd/psrr_dyn_ss_125c_rwcs_i13000ua_c330nf_e250mohm.spice	2c38ca935b283e55a66df2aef302b8f6db4a95154f2ad0cc670294a438bd8bc2	klt sim --backend batch corners/20261010-101245-6df50fd/_batch/g05_psrr_dyn_ss_125c_rbcs_i0ua_c330nf_e125mohm/request.json (batch_backend.py; corner mos_ss__res_wcs__cap_typ @ 125C)	6df50fd	ihp-sg13cmos5l	ngspice-46 (EDA batch fleet runner, klt 0.5.0)
loopgain	loopgain_dyn_ss_125c_rwcs_i500ua_c330nf_e500mohm	mos_ss	res_wcs	125	500e-6	330n	500e-3	sim/ldo-cmos5l-pvt-sweep/netlist-snapshots/20261010-101245-6df50fd/loopgain_dyn_ss_125c_rwcs_i500ua_c330nf_e500mohm.spice	2c471a7b4e5ae3b760f476d71bca501b98863303b2b9ce250e5d47e6f1447ff3	klt sim --backend batch corners/20261010-101245-6df50fd/_batch/g02_loopgain_dyn_ss_125c_rbcs_i0ua_c330nf_e125mohm/request.json (batch_backend.py; corner mos_ss__res_wcs__cap_typ @ 125C)	6df50fd	ihp-sg13cmos5l	ngspice-46 (EDA batch fleet runner, klt 0.5.0)
psrr	psrr_dyn_ss_125c_rwcs_i500ua_c330nf_e500mohm	mos_ss	res_wcs	125	500e-6	330n	500e-3	sim/ldo-cmos5l-pvt-sweep/netlist-snapshots/20261010-101245-6df50fd/psrr_dyn_ss_125c_rwcs_i500ua_c330nf_e500mohm.spice	9067c027c106d5f4b2a8e2eea7fc59eb81d1c9b7a93367a8761413df3ea34da4	klt sim --backend batch corners/20261010-101245-6df50fd/_batch/g05_psrr_dyn_ss_125c_rbcs_i0ua_c330nf_e125mohm/request.json (batch_backend.py; corner mos_ss__res_wcs__cap_typ @ 125C)	6df50fd	ihp-sg13cmos5l	ngspice-46 (EDA batch fleet runner, klt 0.5.0)
loopgain	loopgain_dyn_ss_125c_rwcs_i37500ua_c330nf_e500mohm	mos_ss	res_wcs	125	37500e-6	330n	500e-3	sim/ldo-cmos5l-pvt-sweep/netlist-snapshots/20261010-101245-6df50fd/loopgain_dyn_ss_125c_rwcs_i37500ua_c330nf_e500mohm.spice	cf2f429218c163b00acd347a2ddab0c354b084af155919c774737c51e2293fbc	klt sim --backend batch corners/20261010-101245-6df50fd/_batch/g02_loopgain_dyn_ss_125c_rbcs_i0ua_c330nf_e125mohm/request.json (batch_backend.py; corner mos_ss__res_wcs__cap_typ @ 125C)	6df50fd	ihp-sg13cmos5l	ngspice-46 (EDA batch fleet runner, klt 0.5.0)
psrr	psrr_dyn_ss_125c_rwcs_i37500ua_c330nf_e500mohm	mos_ss	res_wcs	125	37500e-6	330n	500e-3	sim/ldo-cmos5l-pvt-sweep/netlist-snapshots/20261010-101245-6df50fd/psrr_dyn_ss_125c_rwcs_i37500ua_c330nf_e500mohm.spice	5671af94d6d7f6b6ba4aab237c0d1c94eaf956cb2951d541f1eee7ca7dae839c	klt sim --backend batch corners/20261010-101245-6df50fd/_batch/g05_psrr_dyn_ss_125c_rbcs_i0ua_c330nf_e125mohm/request.json (batch_backend.py; corner mos_ss__res_wcs__cap_typ @ 125C)	6df50fd	ihp-sg13cmos5l	ngspice-46 (EDA batch fleet runner, klt 0.5.0)
loopgain	loopgain_dyn_ss_125c_rwcs_i13000ua_c330nf_e500mohm	mos_ss	res_wcs	125	13000e-6	330n	500e-3	sim/ldo-cmos5l-pvt-sweep/netlist-snapshots/20261010-101245-6df50fd/loopgain_dyn_ss_125c_rwcs_i13000ua_c330nf_e500mohm.spice	8a9edc9321202546a15917cd546c06a9781989e55ef2655a9ceec1d532bdc2ed	klt sim --backend batch corners/20261010-101245-6df50fd/_batch/g02_loopgain_dyn_ss_125c_rbcs_i0ua_c330nf_e125mohm/request.json (batch_backend.py; corner mos_ss__res_wcs__cap_typ @ 125C)	6df50fd	ihp-sg13cmos5l	ngspice-46 (EDA batch fleet runner, klt 0.5.0)
psrr	psrr_dyn_ss_125c_rwcs_i13000ua_c330nf_e500mohm	mos_ss	res_wcs	125	13000e-6	330n	500e-3	sim/ldo-cmos5l-pvt-sweep/netlist-snapshots/20261010-101245-6df50fd/psrr_dyn_ss_125c_rwcs_i13000ua_c330nf_e500mohm.spice	8da6372520abf230e4c0380bd80162185af87b700a6b88d47237b347cb676e00	klt sim --backend batch corners/20261010-101245-6df50fd/_batch/g05_psrr_dyn_ss_125c_rbcs_i0ua_c330nf_e125mohm/request.json (batch_backend.py; corner mos_ss__res_wcs__cap_typ @ 125C)	6df50fd	ihp-sg13cmos5l	ngspice-46 (EDA batch fleet runner, klt 0.5.0)
loopgain	loopgain_dyn_ss_125c_rwcs_i500ua_c1000nf_e0mohm	mos_ss	res_wcs	125	500e-6	1000n	0	sim/ldo-cmos5l-pvt-sweep/netlist-snapshots/20261010-101245-6df50fd/loopgain_dyn_ss_125c_rwcs_i500ua_c1000nf_e0mohm.spice	aa7bae8dd5b8a5db53c215dfea1b0744e036cebb3e3a75e7b0f64c8194cfe764	klt sim --backend batch corners/20261010-101245-6df50fd/_batch/g02_loopgain_dyn_ss_125c_rbcs_i0ua_c330nf_e125mohm/request.json (batch_backend.py; corner mos_ss__res_wcs__cap_typ @ 125C)	6df50fd	ihp-sg13cmos5l	ngspice-46 (EDA batch fleet runner, klt 0.5.0)
psrr	psrr_dyn_ss_125c_rwcs_i500ua_c1000nf_e0mohm	mos_ss	res_wcs	125	500e-6	1000n	0	sim/ldo-cmos5l-pvt-sweep/netlist-snapshots/20261010-101245-6df50fd/psrr_dyn_ss_125c_rwcs_i500ua_c1000nf_e0mohm.spice	95d8ece559853c3a9d8a6aa74f174d1b5cf35f54c82a66c665c38a37b929392b	klt sim --backend batch corners/20261010-101245-6df50fd/_batch/g05_psrr_dyn_ss_125c_rbcs_i0ua_c330nf_e125mohm/request.json (batch_backend.py; corner mos_ss__res_wcs__cap_typ @ 125C)	6df50fd	ihp-sg13cmos5l	ngspice-46 (EDA batch fleet runner, klt 0.5.0)
loopgain	loopgain_dyn_ss_125c_rwcs_i13000ua_c1000nf_e0mohm	mos_ss	res_wcs	125	13000e-6	1000n	0	sim/ldo-cmos5l-pvt-sweep/netlist-snapshots/20261010-101245-6df50fd/loopgain_dyn_ss_125c_rwcs_i13000ua_c1000nf_e0mohm.spice	fcda3beafd1e75021e18b0a785d357da17267bb8327644995e6e9db5cb7dc75b	klt sim --backend batch corners/20261010-101245-6df50fd/_batch/g02_loopgain_dyn_ss_125c_rbcs_i0ua_c330nf_e125mohm/request.json (batch_backend.py; corner mos_ss__res_wcs__cap_typ @ 125C)	6df50fd	ihp-sg13cmos5l	ngspice-46 (EDA batch fleet runner, klt 0.5.0)
psrr	psrr_dyn_ss_125c_rwcs_i13000ua_c1000nf_e0mohm	mos_ss	res_wcs	125	13000e-6	1000n	0	sim/ldo-cmos5l-pvt-sweep/netlist-snapshots/20261010-101245-6df50fd/psrr_dyn_ss_125c_rwcs_i13000ua_c1000nf_e0mohm.spice	eb7f4a643ee7582b01fe5d1071e99531531b90d41f5fe4acc6eeb254b9362ff3	klt sim --backend batch corners/20261010-101245-6df50fd/_batch/g05_psrr_dyn_ss_125c_rbcs_i0ua_c330nf_e125mohm/request.json (batch_backend.py; corner mos_ss__res_wcs__cap_typ @ 125C)	6df50fd	ihp-sg13cmos5l	ngspice-46 (EDA batch fleet runner, klt 0.5.0)
loopgain	loopgain_dyn_ss_125c_rwcs_i500ua_c1000nf_e250mohm	mos_ss	res_wcs	125	500e-6	1000n	250e-3	sim/ldo-cmos5l-pvt-sweep/netlist-snapshots/20261010-101245-6df50fd/loopgain_dyn_ss_125c_rwcs_i500ua_c1000nf_e250mohm.spice	8372aad1bf97c85a3d660b381bdf8123480c829bb0025457b1b8dd08c15cd85a	klt sim --backend batch corners/20261010-101245-6df50fd/_batch/g02_loopgain_dyn_ss_125c_rbcs_i0ua_c330nf_e125mohm/request.json (batch_backend.py; corner mos_ss__res_wcs__cap_typ @ 125C)	6df50fd	ihp-sg13cmos5l	ngspice-46 (EDA batch fleet runner, klt 0.5.0)
psrr	psrr_dyn_ss_125c_rwcs_i500ua_c1000nf_e250mohm	mos_ss	res_wcs	125	500e-6	1000n	250e-3	sim/ldo-cmos5l-pvt-sweep/netlist-snapshots/20261010-101245-6df50fd/psrr_dyn_ss_125c_rwcs_i500ua_c1000nf_e250mohm.spice	75a62b4d57dfca616c80bbe8df85d6a8948c9a17ce01c62ab0e70ebcfaca0607	klt sim --backend batch corners/20261010-101245-6df50fd/_batch/g05_psrr_dyn_ss_125c_rbcs_i0ua_c330nf_e125mohm/request.json (batch_backend.py; corner mos_ss__res_wcs__cap_typ @ 125C)	6df50fd	ihp-sg13cmos5l	ngspice-46 (EDA batch fleet runner, klt 0.5.0)
loopgain	loopgain_dyn_ss_125c_rwcs_i13000ua_c1000nf_e250mohm	mos_ss	res_wcs	125	13000e-6	1000n	250e-3	sim/ldo-cmos5l-pvt-sweep/netlist-snapshots/20261010-101245-6df50fd/loopgain_dyn_ss_125c_rwcs_i13000ua_c1000nf_e250mohm.spice	4d1a33f2bb6191af53bdf5191ddbe6d94eaca52d7ffab50125c2185bd91867b7	klt sim --backend batch corners/20261010-101245-6df50fd/_batch/g02_loopgain_dyn_ss_125c_rbcs_i0ua_c330nf_e125mohm/request.json (batch_backend.py; corner mos_ss__res_wcs__cap_typ @ 125C)	6df50fd	ihp-sg13cmos5l	ngspice-46 (EDA batch fleet runner, klt 0.5.0)
psrr	psrr_dyn_ss_125c_rwcs_i13000ua_c1000nf_e250mohm	mos_ss	res_wcs	125	13000e-6	1000n	250e-3	sim/ldo-cmos5l-pvt-sweep/netlist-snapshots/20261010-101245-6df50fd/psrr_dyn_ss_125c_rwcs_i13000ua_c1000nf_e250mohm.spice	cacfdf2e1cb77045a4604e820aa8d787743f65e506803d4260fec2a43a28ef0a	klt sim --backend batch corners/20261010-101245-6df50fd/_batch/g05_psrr_dyn_ss_125c_rbcs_i0ua_c330nf_e125mohm/request.json (batch_backend.py; corner mos_ss__res_wcs__cap_typ @ 125C)	6df50fd	ihp-sg13cmos5l	ngspice-46 (EDA batch fleet runner, klt 0.5.0)
loopgain	loopgain_dyn_ss_125c_rwcs_i37500ua_c1000nf_e250mohm	mos_ss	res_wcs	125	37500e-6	1000n	250e-3	sim/ldo-cmos5l-pvt-sweep/netlist-snapshots/20261010-101245-6df50fd/loopgain_dyn_ss_125c_rwcs_i37500ua_c1000nf_e250mohm.spice	0fa203b2f53930170e775bf0b5bf2f7d777a812605ce4f151f56bdf561810a9c	klt sim --backend batch corners/20261010-101245-6df50fd/_batch/g02_loopgain_dyn_ss_125c_rbcs_i0ua_c330nf_e125mohm/request.json (batch_backend.py; corner mos_ss__res_wcs__cap_typ @ 125C)	6df50fd	ihp-sg13cmos5l	ngspice-46 (EDA batch fleet runner, klt 0.5.0)
psrr	psrr_dyn_ss_125c_rwcs_i37500ua_c1000nf_e250mohm	mos_ss	res_wcs	125	37500e-6	1000n	250e-3	sim/ldo-cmos5l-pvt-sweep/netlist-snapshots/20261010-101245-6df50fd/psrr_dyn_ss_125c_rwcs_i37500ua_c1000nf_e250mohm.spice	b61f2d03b4fdd3e2571250647a3a131eb9c7e31b343afd80fd80bf733cad4d1a	klt sim --backend batch corners/20261010-101245-6df50fd/_batch/g05_psrr_dyn_ss_125c_rbcs_i0ua_c330nf_e125mohm/request.json (batch_backend.py; corner mos_ss__res_wcs__cap_typ @ 125C)	6df50fd	ihp-sg13cmos5l	ngspice-46 (EDA batch fleet runner, klt 0.5.0)
loopgain	loopgain_dyn_ss_125c_rwcs_i500ua_c1000nf_e500mohm	mos_ss	res_wcs	125	500e-6	1000n	500e-3	sim/ldo-cmos5l-pvt-sweep/netlist-snapshots/20261010-101245-6df50fd/loopgain_dyn_ss_125c_rwcs_i500ua_c1000nf_e500mohm.spice	2e1d3e8d4b8e49789644dd529da6d455d7922a53f33f2b27c254cd655fc63812	klt sim --backend batch corners/20261010-101245-6df50fd/_batch/g02_loopgain_dyn_ss_125c_rbcs_i0ua_c330nf_e125mohm/request.json (batch_backend.py; corner mos_ss__res_wcs__cap_typ @ 125C)	6df50fd	ihp-sg13cmos5l	ngspice-46 (EDA batch fleet runner, klt 0.5.0)
psrr	psrr_dyn_ss_125c_rwcs_i500ua_c1000nf_e500mohm	mos_ss	res_wcs	125	500e-6	1000n	500e-3	sim/ldo-cmos5l-pvt-sweep/netlist-snapshots/20261010-101245-6df50fd/psrr_dyn_ss_125c_rwcs_i500ua_c1000nf_e500mohm.spice	f1c3463d27ba4583a9591986fc583842e969d0ad25610f942e9bc1c8a6538cae	klt sim --backend batch corners/20261010-101245-6df50fd/_batch/g05_psrr_dyn_ss_125c_rbcs_i0ua_c330nf_e125mohm/request.json (batch_backend.py; corner mos_ss__res_wcs__cap_typ @ 125C)	6df50fd	ihp-sg13cmos5l	ngspice-46 (EDA batch fleet runner, klt 0.5.0)
loopgain	loopgain_dyn_ss_125c_rwcs_i13000ua_c1000nf_e500mohm	mos_ss	res_wcs	125	13000e-6	1000n	500e-3	sim/ldo-cmos5l-pvt-sweep/netlist-snapshots/20261010-101245-6df50fd/loopgain_dyn_ss_125c_rwcs_i13000ua_c1000nf_e500mohm.spice	4bf62b262888cb5a74c3fc7f7a0036e0ac7fb403bc7b1b8e547833e4bce028f3	klt sim --backend batch corners/20261010-101245-6df50fd/_batch/g02_loopgain_dyn_ss_125c_rbcs_i0ua_c330nf_e125mohm/request.json (batch_backend.py; corner mos_ss__res_wcs__cap_typ @ 125C)	6df50fd	ihp-sg13cmos5l	ngspice-46 (EDA batch fleet runner, klt 0.5.0)
psrr	psrr_dyn_ss_125c_rwcs_i13000ua_c1000nf_e500mohm	mos_ss	res_wcs	125	13000e-6	1000n	500e-3	sim/ldo-cmos5l-pvt-sweep/netlist-snapshots/20261010-101245-6df50fd/psrr_dyn_ss_125c_rwcs_i13000ua_c1000nf_e500mohm.spice	13711c0bc1cf97a2a2ba8e575d326dabdfce0e6579b64867be7c57062db12300	klt sim --backend batch corners/20261010-101245-6df50fd/_batch/g05_psrr_dyn_ss_125c_rbcs_i0ua_c330nf_e125mohm/request.json (batch_backend.py; corner mos_ss__res_wcs__cap_typ @ 125C)	6df50fd	ihp-sg13cmos5l	ngspice-46 (EDA batch fleet runner, klt 0.5.0)
loopgain	loopgain_dyn_ss_125c_rwcs_i37500ua_c1000nf_e500mohm	mos_ss	res_wcs	125	37500e-6	1000n	500e-3	sim/ldo-cmos5l-pvt-sweep/netlist-snapshots/20261010-101245-6df50fd/loopgain_dyn_ss_125c_rwcs_i37500ua_c1000nf_e500mohm.spice	eed6fe6e354a9bcd6317d3e868a4cbe4e56325a9ce08765e9b94499f98aec0ed	klt sim --backend batch corners/20261010-101245-6df50fd/_batch/g02_loopgain_dyn_ss_125c_rbcs_i0ua_c330nf_e125mohm/request.json (batch_backend.py; corner mos_ss__res_wcs__cap_typ @ 125C)	6df50fd	ihp-sg13cmos5l	ngspice-46 (EDA batch fleet runner, klt 0.5.0)
psrr	psrr_dyn_ss_125c_rwcs_i37500ua_c1000nf_e500mohm	mos_ss	res_wcs	125	37500e-6	1000n	500e-3	sim/ldo-cmos5l-pvt-sweep/netlist-snapshots/20261010-101245-6df50fd/psrr_dyn_ss_125c_rwcs_i37500ua_c1000nf_e500mohm.spice	1499e4a51e121eb003e3a5a41af32fc5553dbdd481b456f40fb3b32b060be364	klt sim --backend batch corners/20261010-101245-6df50fd/_batch/g05_psrr_dyn_ss_125c_rbcs_i0ua_c330nf_e125mohm/request.json (batch_backend.py; corner mos_ss__res_wcs__cap_typ @ 125C)	6df50fd	ihp-sg13cmos5l	ngspice-46 (EDA batch fleet runner, klt 0.5.0)
loopgain	loopgain_dyn_ss_125c_rwcs_i500ua_c2200nf_e0mohm	mos_ss	res_wcs	125	500e-6	2200n	0	sim/ldo-cmos5l-pvt-sweep/netlist-snapshots/20261010-101245-6df50fd/loopgain_dyn_ss_125c_rwcs_i500ua_c2200nf_e0mohm.spice	0a5f9375fcf4bab1a549791dd05314fabeffa9aa21f965cb93e4cd200921596e	klt sim --backend batch corners/20261010-101245-6df50fd/_batch/g02_loopgain_dyn_ss_125c_rbcs_i0ua_c330nf_e125mohm/request.json (batch_backend.py; corner mos_ss__res_wcs__cap_typ @ 125C)	6df50fd	ihp-sg13cmos5l	ngspice-46 (EDA batch fleet runner, klt 0.5.0)
psrr	psrr_dyn_ss_125c_rwcs_i500ua_c2200nf_e0mohm	mos_ss	res_wcs	125	500e-6	2200n	0	sim/ldo-cmos5l-pvt-sweep/netlist-snapshots/20261010-101245-6df50fd/psrr_dyn_ss_125c_rwcs_i500ua_c2200nf_e0mohm.spice	a0cc81095f97c3abf76a93718a45126b06ebfc16d7a22824e606ed056fd81a99	klt sim --backend batch corners/20261010-101245-6df50fd/_batch/g05_psrr_dyn_ss_125c_rbcs_i0ua_c330nf_e125mohm/request.json (batch_backend.py; corner mos_ss__res_wcs__cap_typ @ 125C)	6df50fd	ihp-sg13cmos5l	ngspice-46 (EDA batch fleet runner, klt 0.5.0)
loopgain	loopgain_dyn_ss_125c_rwcs_i13000ua_c2200nf_e0mohm	mos_ss	res_wcs	125	13000e-6	2200n	0	sim/ldo-cmos5l-pvt-sweep/netlist-snapshots/20261010-101245-6df50fd/loopgain_dyn_ss_125c_rwcs_i13000ua_c2200nf_e0mohm.spice	a4c5eb3ac16d03d6a3f86a38347a3c0c36b8fd38a4da7b4c951d593a0c1ce3d5	klt sim --backend batch corners/20261010-101245-6df50fd/_batch/g02_loopgain_dyn_ss_125c_rbcs_i0ua_c330nf_e125mohm/request.json (batch_backend.py; corner mos_ss__res_wcs__cap_typ @ 125C)	6df50fd	ihp-sg13cmos5l	ngspice-46 (EDA batch fleet runner, klt 0.5.0)
psrr	psrr_dyn_ss_125c_rwcs_i13000ua_c2200nf_e0mohm	mos_ss	res_wcs	125	13000e-6	2200n	0	sim/ldo-cmos5l-pvt-sweep/netlist-snapshots/20261010-101245-6df50fd/psrr_dyn_ss_125c_rwcs_i13000ua_c2200nf_e0mohm.spice	d6d048d4961f9ad3567088542567e27743dce81b4b9c744e532d8b2aadf18f46	klt sim --backend batch corners/20261010-101245-6df50fd/_batch/g05_psrr_dyn_ss_125c_rbcs_i0ua_c330nf_e125mohm/request.json (batch_backend.py; corner mos_ss__res_wcs__cap_typ @ 125C)	6df50fd	ihp-sg13cmos5l	ngspice-46 (EDA batch fleet runner, klt 0.5.0)
loopgain	loopgain_dyn_ss_125c_rwcs_i37500ua_c2200nf_e0mohm	mos_ss	res_wcs	125	37500e-6	2200n	0	sim/ldo-cmos5l-pvt-sweep/netlist-snapshots/20261010-101245-6df50fd/loopgain_dyn_ss_125c_rwcs_i37500ua_c2200nf_e0mohm.spice	5621616635403945ad640f719be111ff388f934b04944b13b9807ac6c852a848	klt sim --backend batch corners/20261010-101245-6df50fd/_batch/g02_loopgain_dyn_ss_125c_rbcs_i0ua_c330nf_e125mohm/request.json (batch_backend.py; corner mos_ss__res_wcs__cap_typ @ 125C)	6df50fd	ihp-sg13cmos5l	ngspice-46 (EDA batch fleet runner, klt 0.5.0)
psrr	psrr_dyn_ss_125c_rwcs_i37500ua_c2200nf_e0mohm	mos_ss	res_wcs	125	37500e-6	2200n	0	sim/ldo-cmos5l-pvt-sweep/netlist-snapshots/20261010-101245-6df50fd/psrr_dyn_ss_125c_rwcs_i37500ua_c2200nf_e0mohm.spice	9cbfd7d27dd51dcce86fa185bbdafa7996098643424401441c43a9a0d6cc2a46	klt sim --backend batch corners/20261010-101245-6df50fd/_batch/g05_psrr_dyn_ss_125c_rbcs_i0ua_c330nf_e125mohm/request.json (batch_backend.py; corner mos_ss__res_wcs__cap_typ @ 125C)	6df50fd	ihp-sg13cmos5l	ngspice-46 (EDA batch fleet runner, klt 0.5.0)
loopgain	loopgain_dyn_ss_125c_rwcs_i500ua_c2200nf_e250mohm	mos_ss	res_wcs	125	500e-6	2200n	250e-3	sim/ldo-cmos5l-pvt-sweep/netlist-snapshots/20261010-101245-6df50fd/loopgain_dyn_ss_125c_rwcs_i500ua_c2200nf_e250mohm.spice	7980edbdf90bb202e89c3403f79c5f0f86613ef37b8f67243947d89614d34625	klt sim --backend batch corners/20261010-101245-6df50fd/_batch/g02_loopgain_dyn_ss_125c_rbcs_i0ua_c330nf_e125mohm/request.json (batch_backend.py; corner mos_ss__res_wcs__cap_typ @ 125C)	6df50fd	ihp-sg13cmos5l	ngspice-46 (EDA batch fleet runner, klt 0.5.0)
psrr	psrr_dyn_ss_125c_rwcs_i500ua_c2200nf_e250mohm	mos_ss	res_wcs	125	500e-6	2200n	250e-3	sim/ldo-cmos5l-pvt-sweep/netlist-snapshots/20261010-101245-6df50fd/psrr_dyn_ss_125c_rwcs_i500ua_c2200nf_e250mohm.spice	2e6f511a5bf15948937a31645cd9954a7b40c7474d2a56942acf46259ca657b0	klt sim --backend batch corners/20261010-101245-6df50fd/_batch/g05_psrr_dyn_ss_125c_rbcs_i0ua_c330nf_e125mohm/request.json (batch_backend.py; corner mos_ss__res_wcs__cap_typ @ 125C)	6df50fd	ihp-sg13cmos5l	ngspice-46 (EDA batch fleet runner, klt 0.5.0)
loopgain	loopgain_dyn_ss_125c_rwcs_i500ua_c2200nf_e500mohm	mos_ss	res_wcs	125	500e-6	2200n	500e-3	sim/ldo-cmos5l-pvt-sweep/netlist-snapshots/20261010-101245-6df50fd/loopgain_dyn_ss_125c_rwcs_i500ua_c2200nf_e500mohm.spice	617518ad738099158c71aabc8db525678b1115a64821b2b28e9c701719239dd5	klt sim --backend batch corners/20261010-101245-6df50fd/_batch/g02_loopgain_dyn_ss_125c_rbcs_i0ua_c330nf_e125mohm/request.json (batch_backend.py; corner mos_ss__res_wcs__cap_typ @ 125C)	6df50fd	ihp-sg13cmos5l	ngspice-46 (EDA batch fleet runner, klt 0.5.0)
psrr	psrr_dyn_ss_125c_rwcs_i500ua_c2200nf_e500mohm	mos_ss	res_wcs	125	500e-6	2200n	500e-3	sim/ldo-cmos5l-pvt-sweep/netlist-snapshots/20261010-101245-6df50fd/psrr_dyn_ss_125c_rwcs_i500ua_c2200nf_e500mohm.spice	1711ddf8500fbf7321b938d541cf84b05482f018649ff7279eadcdb849fef712	klt sim --backend batch corners/20261010-101245-6df50fd/_batch/g05_psrr_dyn_ss_125c_rbcs_i0ua_c330nf_e125mohm/request.json (batch_backend.py; corner mos_ss__res_wcs__cap_typ @ 125C)	6df50fd	ihp-sg13cmos5l	ngspice-46 (EDA batch fleet runner, klt 0.5.0)
loopgain	loopgain_dyn_ss_125c_rwcs_i13000ua_c2200nf_e500mohm	mos_ss	res_wcs	125	13000e-6	2200n	500e-3	sim/ldo-cmos5l-pvt-sweep/netlist-snapshots/20261010-101245-6df50fd/loopgain_dyn_ss_125c_rwcs_i13000ua_c2200nf_e500mohm.spice	ca06e01492f583e925dc65175a59885ded5668889e5720b307f0f4f8a18d958f	klt sim --backend batch corners/20261010-101245-6df50fd/_batch/g02_loopgain_dyn_ss_125c_rbcs_i0ua_c330nf_e125mohm/request.json (batch_backend.py; corner mos_ss__res_wcs__cap_typ @ 125C)	6df50fd	ihp-sg13cmos5l	ngspice-46 (EDA batch fleet runner, klt 0.5.0)
psrr	psrr_dyn_ss_125c_rwcs_i13000ua_c2200nf_e500mohm	mos_ss	res_wcs	125	13000e-6	2200n	500e-3	sim/ldo-cmos5l-pvt-sweep/netlist-snapshots/20261010-101245-6df50fd/psrr_dyn_ss_125c_rwcs_i13000ua_c2200nf_e500mohm.spice	5d5c91de88c7eb0099a8f35c1ea95d319815b7929013d62999b17fbaf9146c3a	klt sim --backend batch corners/20261010-101245-6df50fd/_batch/g05_psrr_dyn_ss_125c_rbcs_i0ua_c330nf_e125mohm/request.json (batch_backend.py; corner mos_ss__res_wcs__cap_typ @ 125C)	6df50fd	ihp-sg13cmos5l	ngspice-46 (EDA batch fleet runner, klt 0.5.0)
loopgain	loopgain_dyn_ss_125c_rwcs_i37500ua_c2200nf_e500mohm	mos_ss	res_wcs	125	37500e-6	2200n	500e-3	sim/ldo-cmos5l-pvt-sweep/netlist-snapshots/20261010-101245-6df50fd/loopgain_dyn_ss_125c_rwcs_i37500ua_c2200nf_e500mohm.spice	fa4a0fa5ec287a2bfc749895ce95482e005c8a6590309ca802911b8d9dbd391b	klt sim --backend batch corners/20261010-101245-6df50fd/_batch/g02_loopgain_dyn_ss_125c_rbcs_i0ua_c330nf_e125mohm/request.json (batch_backend.py; corner mos_ss__res_wcs__cap_typ @ 125C)	6df50fd	ihp-sg13cmos5l	ngspice-46 (EDA batch fleet runner, klt 0.5.0)
psrr	psrr_dyn_ss_125c_rwcs_i37500ua_c2200nf_e500mohm	mos_ss	res_wcs	125	37500e-6	2200n	500e-3	sim/ldo-cmos5l-pvt-sweep/netlist-snapshots/20261010-101245-6df50fd/psrr_dyn_ss_125c_rwcs_i37500ua_c2200nf_e500mohm.spice	5f40a5f915bbb3e81da9b61ba7f29c517b5ae23170c78adcd6ac3af808ff978f	klt sim --backend batch corners/20261010-101245-6df50fd/_batch/g05_psrr_dyn_ss_125c_rbcs_i0ua_c330nf_e125mohm/request.json (batch_backend.py; corner mos_ss__res_wcs__cap_typ @ 125C)	6df50fd	ihp-sg13cmos5l	ngspice-46 (EDA batch fleet runner, klt 0.5.0)
loopgain	loopgain_dyn_ss_125c_rwcs_i500ua_c4700nf_e0mohm	mos_ss	res_wcs	125	500e-6	4700n	0	sim/ldo-cmos5l-pvt-sweep/netlist-snapshots/20261010-101245-6df50fd/loopgain_dyn_ss_125c_rwcs_i500ua_c4700nf_e0mohm.spice	5ac325d6487d2955f61ad297912f76f8e426afaa713dca789f5af4dd0d3be01a	klt sim --backend batch corners/20261010-101245-6df50fd/_batch/g02_loopgain_dyn_ss_125c_rbcs_i0ua_c330nf_e125mohm/request.json (batch_backend.py; corner mos_ss__res_wcs__cap_typ @ 125C)	6df50fd	ihp-sg13cmos5l	ngspice-46 (EDA batch fleet runner, klt 0.5.0)
psrr	psrr_dyn_ss_125c_rwcs_i500ua_c4700nf_e0mohm	mos_ss	res_wcs	125	500e-6	4700n	0	sim/ldo-cmos5l-pvt-sweep/netlist-snapshots/20261010-101245-6df50fd/psrr_dyn_ss_125c_rwcs_i500ua_c4700nf_e0mohm.spice	2d7dec51bc2ffcdf44b3be7984ec38a96611863294fb1a15db157debb2a2db75	klt sim --backend batch corners/20261010-101245-6df50fd/_batch/g05_psrr_dyn_ss_125c_rbcs_i0ua_c330nf_e125mohm/request.json (batch_backend.py; corner mos_ss__res_wcs__cap_typ @ 125C)	6df50fd	ihp-sg13cmos5l	ngspice-46 (EDA batch fleet runner, klt 0.5.0)
loopgain	loopgain_dyn_ss_125c_rwcs_i13000ua_c4700nf_e0mohm	mos_ss	res_wcs	125	13000e-6	4700n	0	sim/ldo-cmos5l-pvt-sweep/netlist-snapshots/20261010-101245-6df50fd/loopgain_dyn_ss_125c_rwcs_i13000ua_c4700nf_e0mohm.spice	73deecd07ec610c7ef93de23603599373c3faefa49419f131a531ab48a700ce7	klt sim --backend batch corners/20261010-101245-6df50fd/_batch/g02_loopgain_dyn_ss_125c_rbcs_i0ua_c330nf_e125mohm/request.json (batch_backend.py; corner mos_ss__res_wcs__cap_typ @ 125C)	6df50fd	ihp-sg13cmos5l	ngspice-46 (EDA batch fleet runner, klt 0.5.0)
psrr	psrr_dyn_ss_125c_rwcs_i13000ua_c4700nf_e0mohm	mos_ss	res_wcs	125	13000e-6	4700n	0	sim/ldo-cmos5l-pvt-sweep/netlist-snapshots/20261010-101245-6df50fd/psrr_dyn_ss_125c_rwcs_i13000ua_c4700nf_e0mohm.spice	9c96346cf540c82b993f68255289e255168f613e7c8dec8416a0902448c8f247	klt sim --backend batch corners/20261010-101245-6df50fd/_batch/g05_psrr_dyn_ss_125c_rbcs_i0ua_c330nf_e125mohm/request.json (batch_backend.py; corner mos_ss__res_wcs__cap_typ @ 125C)	6df50fd	ihp-sg13cmos5l	ngspice-46 (EDA batch fleet runner, klt 0.5.0)
loopgain	loopgain_dyn_ss_125c_rwcs_i500ua_c4700nf_e250mohm	mos_ss	res_wcs	125	500e-6	4700n	250e-3	sim/ldo-cmos5l-pvt-sweep/netlist-snapshots/20261010-101245-6df50fd/loopgain_dyn_ss_125c_rwcs_i500ua_c4700nf_e250mohm.spice	cf1381abc65617e7eb7662a6498d65ecfb547a855bd89b6f9db47b512bfb4b1c	klt sim --backend batch corners/20261010-101245-6df50fd/_batch/g02_loopgain_dyn_ss_125c_rbcs_i0ua_c330nf_e125mohm/request.json (batch_backend.py; corner mos_ss__res_wcs__cap_typ @ 125C)	6df50fd	ihp-sg13cmos5l	ngspice-46 (EDA batch fleet runner, klt 0.5.0)
psrr	psrr_dyn_ss_125c_rwcs_i500ua_c4700nf_e250mohm	mos_ss	res_wcs	125	500e-6	4700n	250e-3	sim/ldo-cmos5l-pvt-sweep/netlist-snapshots/20261010-101245-6df50fd/psrr_dyn_ss_125c_rwcs_i500ua_c4700nf_e250mohm.spice	7b3c8c6b2cb93f15fa914d451a7d869c77f129e2d9d8fed873cdf96209a09531	klt sim --backend batch corners/20261010-101245-6df50fd/_batch/g05_psrr_dyn_ss_125c_rbcs_i0ua_c330nf_e125mohm/request.json (batch_backend.py; corner mos_ss__res_wcs__cap_typ @ 125C)	6df50fd	ihp-sg13cmos5l	ngspice-46 (EDA batch fleet runner, klt 0.5.0)
loopgain	loopgain_dyn_ss_125c_rwcs_i500ua_c4700nf_e500mohm	mos_ss	res_wcs	125	500e-6	4700n	500e-3	sim/ldo-cmos5l-pvt-sweep/netlist-snapshots/20261010-101245-6df50fd/loopgain_dyn_ss_125c_rwcs_i500ua_c4700nf_e500mohm.spice	eb6a6a6fad7f4bd71f28834a298efe0990994e9478fbe6d36b25123982f6e6b4	klt sim --backend batch corners/20261010-101245-6df50fd/_batch/g02_loopgain_dyn_ss_125c_rbcs_i0ua_c330nf_e125mohm/request.json (batch_backend.py; corner mos_ss__res_wcs__cap_typ @ 125C)	6df50fd	ihp-sg13cmos5l	ngspice-46 (EDA batch fleet runner, klt 0.5.0)
psrr	psrr_dyn_ss_125c_rwcs_i500ua_c4700nf_e500mohm	mos_ss	res_wcs	125	500e-6	4700n	500e-3	sim/ldo-cmos5l-pvt-sweep/netlist-snapshots/20261010-101245-6df50fd/psrr_dyn_ss_125c_rwcs_i500ua_c4700nf_e500mohm.spice	dc644c51981dd620d3962d615f82be5c0654863ca20868d061d833527256c523	klt sim --backend batch corners/20261010-101245-6df50fd/_batch/g05_psrr_dyn_ss_125c_rbcs_i0ua_c330nf_e125mohm/request.json (batch_backend.py; corner mos_ss__res_wcs__cap_typ @ 125C)	6df50fd	ihp-sg13cmos5l	ngspice-46 (EDA batch fleet runner, klt 0.5.0)
loopgain	loopgain_dyn_ss_125c_rwcs_i13000ua_c4700nf_e500mohm	mos_ss	res_wcs	125	13000e-6	4700n	500e-3	sim/ldo-cmos5l-pvt-sweep/netlist-snapshots/20261010-101245-6df50fd/loopgain_dyn_ss_125c_rwcs_i13000ua_c4700nf_e500mohm.spice	31fca3967e9847b3187ccd67e7146a9981b9d86a9e092c75e72814e905ba8c8d	klt sim --backend batch corners/20261010-101245-6df50fd/_batch/g02_loopgain_dyn_ss_125c_rbcs_i0ua_c330nf_e125mohm/request.json (batch_backend.py; corner mos_ss__res_wcs__cap_typ @ 125C)	6df50fd	ihp-sg13cmos5l	ngspice-46 (EDA batch fleet runner, klt 0.5.0)
psrr	psrr_dyn_ss_125c_rwcs_i13000ua_c4700nf_e500mohm	mos_ss	res_wcs	125	13000e-6	4700n	500e-3	sim/ldo-cmos5l-pvt-sweep/netlist-snapshots/20261010-101245-6df50fd/psrr_dyn_ss_125c_rwcs_i13000ua_c4700nf_e500mohm.spice	1a0fcbe9512a30b3259e5e0d3c5f2f4317dc0dffd69c3f50469a3597507e41b4	klt sim --backend batch corners/20261010-101245-6df50fd/_batch/g05_psrr_dyn_ss_125c_rbcs_i0ua_c330nf_e125mohm/request.json (batch_backend.py; corner mos_ss__res_wcs__cap_typ @ 125C)	6df50fd	ihp-sg13cmos5l	ngspice-46 (EDA batch fleet runner, klt 0.5.0)
loopgain	loopgain_dyn_ss_125c_rwcs_i37500ua_c4700nf_e500mohm	mos_ss	res_wcs	125	37500e-6	4700n	500e-3	sim/ldo-cmos5l-pvt-sweep/netlist-snapshots/20261010-101245-6df50fd/loopgain_dyn_ss_125c_rwcs_i37500ua_c4700nf_e500mohm.spice	8d4f3a3d6215378e3b5b566cbb45aad683ae2decd2fd67b269c46735ad3d9c77	klt sim --backend batch corners/20261010-101245-6df50fd/_batch/g02_loopgain_dyn_ss_125c_rbcs_i0ua_c330nf_e125mohm/request.json (batch_backend.py; corner mos_ss__res_wcs__cap_typ @ 125C)	6df50fd	ihp-sg13cmos5l	ngspice-46 (EDA batch fleet runner, klt 0.5.0)
psrr	psrr_dyn_ss_125c_rwcs_i37500ua_c4700nf_e500mohm	mos_ss	res_wcs	125	37500e-6	4700n	500e-3	sim/ldo-cmos5l-pvt-sweep/netlist-snapshots/20261010-101245-6df50fd/psrr_dyn_ss_125c_rwcs_i37500ua_c4700nf_e500mohm.spice	8bba598141d98fc3f6c01a49199521877117446f3f7585e7c3e22059d63f262c	klt sim --backend batch corners/20261010-101245-6df50fd/_batch/g05_psrr_dyn_ss_125c_rbcs_i0ua_c330nf_e125mohm/request.json (batch_backend.py; corner mos_ss__res_wcs__cap_typ @ 125C)	6df50fd	ihp-sg13cmos5l	ngspice-46 (EDA batch fleet runner, klt 0.5.0)
loopgain	loopgain_dyn_ss_125c_rwcs_i0ua_c665nf_e0mohm	mos_ss	res_wcs	125	0	665n	0	sim/ldo-cmos5l-pvt-sweep/netlist-snapshots/20261010-101245-6df50fd/loopgain_dyn_ss_125c_rwcs_i0ua_c665nf_e0mohm.spice	ee5f131fc45d234196741d9d2d5364d785be2a6fde5848259678d23a37512a5f	klt sim --backend batch corners/20261010-101245-6df50fd/_batch/g02_loopgain_dyn_ss_125c_rbcs_i0ua_c330nf_e125mohm/request.json (batch_backend.py; corner mos_ss__res_wcs__cap_typ @ 125C)	6df50fd	ihp-sg13cmos5l	ngspice-46 (EDA batch fleet runner, klt 0.5.0)
psrr	psrr_dyn_ss_125c_rwcs_i0ua_c665nf_e0mohm	mos_ss	res_wcs	125	0	665n	0	sim/ldo-cmos5l-pvt-sweep/netlist-snapshots/20261010-101245-6df50fd/psrr_dyn_ss_125c_rwcs_i0ua_c665nf_e0mohm.spice	5c4fe8ab4b77a27fd5c26e9b3fb71a3a3e6d9467c80d1f5b8371dc8623f66ca7	klt sim --backend batch corners/20261010-101245-6df50fd/_batch/g05_psrr_dyn_ss_125c_rbcs_i0ua_c330nf_e125mohm/request.json (batch_backend.py; corner mos_ss__res_wcs__cap_typ @ 125C)	6df50fd	ihp-sg13cmos5l	ngspice-46 (EDA batch fleet runner, klt 0.5.0)
loopgain	loopgain_dyn_ss_125c_rwcs_i0ua_c1600nf_e0mohm	mos_ss	res_wcs	125	0	1600n	0	sim/ldo-cmos5l-pvt-sweep/netlist-snapshots/20261010-101245-6df50fd/loopgain_dyn_ss_125c_rwcs_i0ua_c1600nf_e0mohm.spice	becc57dfd0a52ddab61babd3d3b8be57634e0a96d1f3a0fbcbcd160191cc44e2	klt sim --backend batch corners/20261010-101245-6df50fd/_batch/g02_loopgain_dyn_ss_125c_rbcs_i0ua_c330nf_e125mohm/request.json (batch_backend.py; corner mos_ss__res_wcs__cap_typ @ 125C)	6df50fd	ihp-sg13cmos5l	ngspice-46 (EDA batch fleet runner, klt 0.5.0)
psrr	psrr_dyn_ss_125c_rwcs_i0ua_c1600nf_e0mohm	mos_ss	res_wcs	125	0	1600n	0	sim/ldo-cmos5l-pvt-sweep/netlist-snapshots/20261010-101245-6df50fd/psrr_dyn_ss_125c_rwcs_i0ua_c1600nf_e0mohm.spice	0812d8ad32e9aa303353ebf3d84054c69dc7b9c0e5a52f0d676bb0500edfa339	klt sim --backend batch corners/20261010-101245-6df50fd/_batch/g05_psrr_dyn_ss_125c_rbcs_i0ua_c330nf_e125mohm/request.json (batch_backend.py; corner mos_ss__res_wcs__cap_typ @ 125C)	6df50fd	ihp-sg13cmos5l	ngspice-46 (EDA batch fleet runner, klt 0.5.0)
loopgain	loopgain_dyn_ss_125c_rwcs_i0ua_c3450nf_e0mohm	mos_ss	res_wcs	125	0	3450n	0	sim/ldo-cmos5l-pvt-sweep/netlist-snapshots/20261010-101245-6df50fd/loopgain_dyn_ss_125c_rwcs_i0ua_c3450nf_e0mohm.spice	15455d3128564d2cc6e2e171ad170773b600052ebaac818c06b86451cc3c2817	klt sim --backend batch corners/20261010-101245-6df50fd/_batch/g02_loopgain_dyn_ss_125c_rbcs_i0ua_c330nf_e125mohm/request.json (batch_backend.py; corner mos_ss__res_wcs__cap_typ @ 125C)	6df50fd	ihp-sg13cmos5l	ngspice-46 (EDA batch fleet runner, klt 0.5.0)
psrr	psrr_dyn_ss_125c_rwcs_i0ua_c3450nf_e0mohm	mos_ss	res_wcs	125	0	3450n	0	sim/ldo-cmos5l-pvt-sweep/netlist-snapshots/20261010-101245-6df50fd/psrr_dyn_ss_125c_rwcs_i0ua_c3450nf_e0mohm.spice	df41f0e4225cd4f7ca89cb3e255b90ec82b4f0ca2c368d2ebc577e0d957bfd34	klt sim --backend batch corners/20261010-101245-6df50fd/_batch/g05_psrr_dyn_ss_125c_rbcs_i0ua_c330nf_e125mohm/request.json (batch_backend.py; corner mos_ss__res_wcs__cap_typ @ 125C)	6df50fd	ihp-sg13cmos5l	ngspice-46 (EDA batch fleet runner, klt 0.5.0)
loopgain	loopgain_dyn_ss_125c_rwcs_i0ua_c665nf_e250mohm	mos_ss	res_wcs	125	0	665n	250e-3	sim/ldo-cmos5l-pvt-sweep/netlist-snapshots/20261010-101245-6df50fd/loopgain_dyn_ss_125c_rwcs_i0ua_c665nf_e250mohm.spice	42fb7e48d87f4741fed0dd22cfa392787a33cfe493499fcdf4aea9458c9df18d	klt sim --backend batch corners/20261010-101245-6df50fd/_batch/g02_loopgain_dyn_ss_125c_rbcs_i0ua_c330nf_e125mohm/request.json (batch_backend.py; corner mos_ss__res_wcs__cap_typ @ 125C)	6df50fd	ihp-sg13cmos5l	ngspice-46 (EDA batch fleet runner, klt 0.5.0)
psrr	psrr_dyn_ss_125c_rwcs_i0ua_c665nf_e250mohm	mos_ss	res_wcs	125	0	665n	250e-3	sim/ldo-cmos5l-pvt-sweep/netlist-snapshots/20261010-101245-6df50fd/psrr_dyn_ss_125c_rwcs_i0ua_c665nf_e250mohm.spice	effb1571381045fb1f60a4309a4b25d2eae9db7780d79ac80937e9f4dc6483ea	klt sim --backend batch corners/20261010-101245-6df50fd/_batch/g05_psrr_dyn_ss_125c_rbcs_i0ua_c330nf_e125mohm/request.json (batch_backend.py; corner mos_ss__res_wcs__cap_typ @ 125C)	6df50fd	ihp-sg13cmos5l	ngspice-46 (EDA batch fleet runner, klt 0.5.0)
loopgain	loopgain_dyn_ss_125c_rwcs_i0ua_c1600nf_e250mohm	mos_ss	res_wcs	125	0	1600n	250e-3	sim/ldo-cmos5l-pvt-sweep/netlist-snapshots/20261010-101245-6df50fd/loopgain_dyn_ss_125c_rwcs_i0ua_c1600nf_e250mohm.spice	860d227f61499f876a4d9c1e304dd90f93d4818aaab563f621067aa19e2ed3c5	klt sim --backend batch corners/20261010-101245-6df50fd/_batch/g02_loopgain_dyn_ss_125c_rbcs_i0ua_c330nf_e125mohm/request.json (batch_backend.py; corner mos_ss__res_wcs__cap_typ @ 125C)	6df50fd	ihp-sg13cmos5l	ngspice-46 (EDA batch fleet runner, klt 0.5.0)
psrr	psrr_dyn_ss_125c_rwcs_i0ua_c1600nf_e250mohm	mos_ss	res_wcs	125	0	1600n	250e-3	sim/ldo-cmos5l-pvt-sweep/netlist-snapshots/20261010-101245-6df50fd/psrr_dyn_ss_125c_rwcs_i0ua_c1600nf_e250mohm.spice	ba1afbec3df1f9260af747e5b3bffea9d4663c754e6bb7a9f331b130ff9b31eb	klt sim --backend batch corners/20261010-101245-6df50fd/_batch/g05_psrr_dyn_ss_125c_rbcs_i0ua_c330nf_e125mohm/request.json (batch_backend.py; corner mos_ss__res_wcs__cap_typ @ 125C)	6df50fd	ihp-sg13cmos5l	ngspice-46 (EDA batch fleet runner, klt 0.5.0)
loopgain	loopgain_dyn_ss_125c_rwcs_i0ua_c3450nf_e250mohm	mos_ss	res_wcs	125	0	3450n	250e-3	sim/ldo-cmos5l-pvt-sweep/netlist-snapshots/20261010-101245-6df50fd/loopgain_dyn_ss_125c_rwcs_i0ua_c3450nf_e250mohm.spice	d185d7b75baf3503fed3d037aa1cd7fb0e44c88853642bd85314f821102c1fec	klt sim --backend batch corners/20261010-101245-6df50fd/_batch/g02_loopgain_dyn_ss_125c_rbcs_i0ua_c330nf_e125mohm/request.json (batch_backend.py; corner mos_ss__res_wcs__cap_typ @ 125C)	6df50fd	ihp-sg13cmos5l	ngspice-46 (EDA batch fleet runner, klt 0.5.0)
psrr	psrr_dyn_ss_125c_rwcs_i0ua_c3450nf_e250mohm	mos_ss	res_wcs	125	0	3450n	250e-3	sim/ldo-cmos5l-pvt-sweep/netlist-snapshots/20261010-101245-6df50fd/psrr_dyn_ss_125c_rwcs_i0ua_c3450nf_e250mohm.spice	900baefb55f9e9e96508243fbd30fe6bea66d509e33bf5bf1c34ea73c89430f2	klt sim --backend batch corners/20261010-101245-6df50fd/_batch/g05_psrr_dyn_ss_125c_rbcs_i0ua_c330nf_e125mohm/request.json (batch_backend.py; corner mos_ss__res_wcs__cap_typ @ 125C)	6df50fd	ihp-sg13cmos5l	ngspice-46 (EDA batch fleet runner, klt 0.5.0)
loopgain	loopgain_dyn_ss_125c_rwcs_i0ua_c665nf_e500mohm	mos_ss	res_wcs	125	0	665n	500e-3	sim/ldo-cmos5l-pvt-sweep/netlist-snapshots/20261010-101245-6df50fd/loopgain_dyn_ss_125c_rwcs_i0ua_c665nf_e500mohm.spice	30ea8f6825ef5d17eed0cefa46de3bf0ce67e3cf344ed85ac5467d447f691fa5	klt sim --backend batch corners/20261010-101245-6df50fd/_batch/g02_loopgain_dyn_ss_125c_rbcs_i0ua_c330nf_e125mohm/request.json (batch_backend.py; corner mos_ss__res_wcs__cap_typ @ 125C)	6df50fd	ihp-sg13cmos5l	ngspice-46 (EDA batch fleet runner, klt 0.5.0)
psrr	psrr_dyn_ss_125c_rwcs_i0ua_c665nf_e500mohm	mos_ss	res_wcs	125	0	665n	500e-3	sim/ldo-cmos5l-pvt-sweep/netlist-snapshots/20261010-101245-6df50fd/psrr_dyn_ss_125c_rwcs_i0ua_c665nf_e500mohm.spice	9034c1d6521477b9db5c290c3c4081b26ea08e26c9b840af9b342ff6aef64706	klt sim --backend batch corners/20261010-101245-6df50fd/_batch/g05_psrr_dyn_ss_125c_rbcs_i0ua_c330nf_e125mohm/request.json (batch_backend.py; corner mos_ss__res_wcs__cap_typ @ 125C)	6df50fd	ihp-sg13cmos5l	ngspice-46 (EDA batch fleet runner, klt 0.5.0)
loopgain	loopgain_dyn_ss_125c_rwcs_i0ua_c1600nf_e500mohm	mos_ss	res_wcs	125	0	1600n	500e-3	sim/ldo-cmos5l-pvt-sweep/netlist-snapshots/20261010-101245-6df50fd/loopgain_dyn_ss_125c_rwcs_i0ua_c1600nf_e500mohm.spice	289bc51365a3d58ddcf029be018d6d50b46d8c3f731ae8a67c250c8b4fdae18a	klt sim --backend batch corners/20261010-101245-6df50fd/_batch/g02_loopgain_dyn_ss_125c_rbcs_i0ua_c330nf_e125mohm/request.json (batch_backend.py; corner mos_ss__res_wcs__cap_typ @ 125C)	6df50fd	ihp-sg13cmos5l	ngspice-46 (EDA batch fleet runner, klt 0.5.0)
psrr	psrr_dyn_ss_125c_rwcs_i0ua_c1600nf_e500mohm	mos_ss	res_wcs	125	0	1600n	500e-3	sim/ldo-cmos5l-pvt-sweep/netlist-snapshots/20261010-101245-6df50fd/psrr_dyn_ss_125c_rwcs_i0ua_c1600nf_e500mohm.spice	eb383d90bf6c56f8ae6fc3a9b0a098d4ef85111bb722cd0afd0abf1c866bdbff	klt sim --backend batch corners/20261010-101245-6df50fd/_batch/g05_psrr_dyn_ss_125c_rbcs_i0ua_c330nf_e125mohm/request.json (batch_backend.py; corner mos_ss__res_wcs__cap_typ @ 125C)	6df50fd	ihp-sg13cmos5l	ngspice-46 (EDA batch fleet runner, klt 0.5.0)
loopgain	loopgain_dyn_ss_125c_rwcs_i0ua_c3450nf_e500mohm	mos_ss	res_wcs	125	0	3450n	500e-3	sim/ldo-cmos5l-pvt-sweep/netlist-snapshots/20261010-101245-6df50fd/loopgain_dyn_ss_125c_rwcs_i0ua_c3450nf_e500mohm.spice	237bea1f2fa77c7f4990198294075811afe10c8ce6bfc06e027b16af7ccb2f50	klt sim --backend batch corners/20261010-101245-6df50fd/_batch/g02_loopgain_dyn_ss_125c_rbcs_i0ua_c330nf_e125mohm/request.json (batch_backend.py; corner mos_ss__res_wcs__cap_typ @ 125C)	6df50fd	ihp-sg13cmos5l	ngspice-46 (EDA batch fleet runner, klt 0.5.0)
psrr	psrr_dyn_ss_125c_rwcs_i0ua_c3450nf_e500mohm	mos_ss	res_wcs	125	0	3450n	500e-3	sim/ldo-cmos5l-pvt-sweep/netlist-snapshots/20261010-101245-6df50fd/psrr_dyn_ss_125c_rwcs_i0ua_c3450nf_e500mohm.spice	7beddda49f13175a958315210d0cbd675fa91436752bb3ef1285bbe8dd1830cd	klt sim --backend batch corners/20261010-101245-6df50fd/_batch/g05_psrr_dyn_ss_125c_rbcs_i0ua_c330nf_e125mohm/request.json (batch_backend.py; corner mos_ss__res_wcs__cap_typ @ 125C)	6df50fd	ihp-sg13cmos5l	ngspice-46 (EDA batch fleet runner, klt 0.5.0)
loopgain	loopgain_dyn_ss_125c_rwcs_i1000ua_c3450nf_e0mohm	mos_ss	res_wcs	125	1000e-6	3450n	0	sim/ldo-cmos5l-pvt-sweep/netlist-snapshots/20261010-101245-6df50fd/loopgain_dyn_ss_125c_rwcs_i1000ua_c3450nf_e0mohm.spice	20edc9b40e0ee3a76193b5f2b87e4f48431fe30f5736351e79cb7695b149077a	klt sim --backend batch corners/20261010-101245-6df50fd/_batch/g02_loopgain_dyn_ss_125c_rbcs_i0ua_c330nf_e125mohm/request.json (batch_backend.py; corner mos_ss__res_wcs__cap_typ @ 125C)	6df50fd	ihp-sg13cmos5l	ngspice-46 (EDA batch fleet runner, klt 0.5.0)
psrr	psrr_dyn_ss_125c_rwcs_i1000ua_c3450nf_e0mohm	mos_ss	res_wcs	125	1000e-6	3450n	0	sim/ldo-cmos5l-pvt-sweep/netlist-snapshots/20261010-101245-6df50fd/psrr_dyn_ss_125c_rwcs_i1000ua_c3450nf_e0mohm.spice	f7d32b4b6f39168e4ca28b130ae2d7f7369e468d507e1c24dfde4a39fb9d7249	klt sim --backend batch corners/20261010-101245-6df50fd/_batch/g05_psrr_dyn_ss_125c_rbcs_i0ua_c330nf_e125mohm/request.json (batch_backend.py; corner mos_ss__res_wcs__cap_typ @ 125C)	6df50fd	ihp-sg13cmos5l	ngspice-46 (EDA batch fleet runner, klt 0.5.0)
loopgain	loopgain_dyn_ss_125c_rwcs_i25000ua_c665nf_e0mohm	mos_ss	res_wcs	125	25000e-6	665n	0	sim/ldo-cmos5l-pvt-sweep/netlist-snapshots/20261010-101245-6df50fd/loopgain_dyn_ss_125c_rwcs_i25000ua_c665nf_e0mohm.spice	ab19caf50aa74e8d30d7e918d069ed4499af8a851e57b04128aa8f1ed9a31866	klt sim --backend batch corners/20261010-101245-6df50fd/_batch/g02_loopgain_dyn_ss_125c_rbcs_i0ua_c330nf_e125mohm/request.json (batch_backend.py; corner mos_ss__res_wcs__cap_typ @ 125C)	6df50fd	ihp-sg13cmos5l	ngspice-46 (EDA batch fleet runner, klt 0.5.0)
psrr	psrr_dyn_ss_125c_rwcs_i25000ua_c665nf_e0mohm	mos_ss	res_wcs	125	25000e-6	665n	0	sim/ldo-cmos5l-pvt-sweep/netlist-snapshots/20261010-101245-6df50fd/psrr_dyn_ss_125c_rwcs_i25000ua_c665nf_e0mohm.spice	7330e38fca60da227dca2cf0cfeb3e3ca4b3859ac0aa5b0916d72aaa1a161ba9	klt sim --backend batch corners/20261010-101245-6df50fd/_batch/g05_psrr_dyn_ss_125c_rbcs_i0ua_c330nf_e125mohm/request.json (batch_backend.py; corner mos_ss__res_wcs__cap_typ @ 125C)	6df50fd	ihp-sg13cmos5l	ngspice-46 (EDA batch fleet runner, klt 0.5.0)
loopgain	loopgain_dyn_ss_125c_rwcs_i50000ua_c665nf_e0mohm	mos_ss	res_wcs	125	50000e-6	665n	0	sim/ldo-cmos5l-pvt-sweep/netlist-snapshots/20261010-101245-6df50fd/loopgain_dyn_ss_125c_rwcs_i50000ua_c665nf_e0mohm.spice	fff496bb4f6446e7a3bebadf0c74aef7946545798a40cfca66b4a951063b2669	klt sim --backend batch corners/20261010-101245-6df50fd/_batch/g02_loopgain_dyn_ss_125c_rbcs_i0ua_c330nf_e125mohm/request.json (batch_backend.py; corner mos_ss__res_wcs__cap_typ @ 125C)	6df50fd	ihp-sg13cmos5l	ngspice-46 (EDA batch fleet runner, klt 0.5.0)
psrr	psrr_dyn_ss_125c_rwcs_i50000ua_c665nf_e0mohm	mos_ss	res_wcs	125	50000e-6	665n	0	sim/ldo-cmos5l-pvt-sweep/netlist-snapshots/20261010-101245-6df50fd/psrr_dyn_ss_125c_rwcs_i50000ua_c665nf_e0mohm.spice	4887deb77eb6131a09e445c03a40e9425c000720a8b16fdb8ee0b7419c4b9f8f	klt sim --backend batch corners/20261010-101245-6df50fd/_batch/g05_psrr_dyn_ss_125c_rbcs_i0ua_c330nf_e125mohm/request.json (batch_backend.py; corner mos_ss__res_wcs__cap_typ @ 125C)	6df50fd	ihp-sg13cmos5l	ngspice-46 (EDA batch fleet runner, klt 0.5.0)
loopgain	loopgain_dyn_ss_125c_rwcs_i50000ua_c665nf_e250mohm	mos_ss	res_wcs	125	50000e-6	665n	250e-3	sim/ldo-cmos5l-pvt-sweep/netlist-snapshots/20261010-101245-6df50fd/loopgain_dyn_ss_125c_rwcs_i50000ua_c665nf_e250mohm.spice	3afd33979404763ccae55a3ac41552b55a8199280f37149298930f694c3eaddc	klt sim --backend batch corners/20261010-101245-6df50fd/_batch/g02_loopgain_dyn_ss_125c_rbcs_i0ua_c330nf_e125mohm/request.json (batch_backend.py; corner mos_ss__res_wcs__cap_typ @ 125C)	6df50fd	ihp-sg13cmos5l	ngspice-46 (EDA batch fleet runner, klt 0.5.0)
psrr	psrr_dyn_ss_125c_rwcs_i50000ua_c665nf_e250mohm	mos_ss	res_wcs	125	50000e-6	665n	250e-3	sim/ldo-cmos5l-pvt-sweep/netlist-snapshots/20261010-101245-6df50fd/psrr_dyn_ss_125c_rwcs_i50000ua_c665nf_e250mohm.spice	6a5e601d224380030b2cf88be5f36787578ee0a380adc360716496d1643fb95b	klt sim --backend batch corners/20261010-101245-6df50fd/_batch/g05_psrr_dyn_ss_125c_rbcs_i0ua_c330nf_e125mohm/request.json (batch_backend.py; corner mos_ss__res_wcs__cap_typ @ 125C)	6df50fd	ihp-sg13cmos5l	ngspice-46 (EDA batch fleet runner, klt 0.5.0)
loopgain	loopgain_dyn_ss_125c_rwcs_i50000ua_c665nf_e500mohm	mos_ss	res_wcs	125	50000e-6	665n	500e-3	sim/ldo-cmos5l-pvt-sweep/netlist-snapshots/20261010-101245-6df50fd/loopgain_dyn_ss_125c_rwcs_i50000ua_c665nf_e500mohm.spice	1ea1ded080dafd74ad695da0f0f1c71e0916bf4678d305dcfa432d72ed5ee45f	klt sim --backend batch corners/20261010-101245-6df50fd/_batch/g02_loopgain_dyn_ss_125c_rbcs_i0ua_c330nf_e125mohm/request.json (batch_backend.py; corner mos_ss__res_wcs__cap_typ @ 125C)	6df50fd	ihp-sg13cmos5l	ngspice-46 (EDA batch fleet runner, klt 0.5.0)
psrr	psrr_dyn_ss_125c_rwcs_i50000ua_c665nf_e500mohm	mos_ss	res_wcs	125	50000e-6	665n	500e-3	sim/ldo-cmos5l-pvt-sweep/netlist-snapshots/20261010-101245-6df50fd/psrr_dyn_ss_125c_rwcs_i50000ua_c665nf_e500mohm.spice	76b208ff927322e9fa6045dc4edd57cf0e8a4a83c0a2129369d9e53418fb9f55	klt sim --backend batch corners/20261010-101245-6df50fd/_batch/g05_psrr_dyn_ss_125c_rbcs_i0ua_c330nf_e125mohm/request.json (batch_backend.py; corner mos_ss__res_wcs__cap_typ @ 125C)	6df50fd	ihp-sg13cmos5l	ngspice-46 (EDA batch fleet runner, klt 0.5.0)
loopgain	loopgain_dyn_ss_125c_rwcs_i0ua_c330nf_e125mohm	mos_ss	res_wcs	125	0	330n	125e-3	sim/ldo-cmos5l-pvt-sweep/netlist-snapshots/20261010-101245-6df50fd/loopgain_dyn_ss_125c_rwcs_i0ua_c330nf_e125mohm.spice	5ade84f7d88828df25c159c71a7836bba1ec927b09538f72d8975c7994d8386f	klt sim --backend batch corners/20261010-101245-6df50fd/_batch/g02_loopgain_dyn_ss_125c_rbcs_i0ua_c330nf_e125mohm/request.json (batch_backend.py; corner mos_ss__res_wcs__cap_typ @ 125C)	6df50fd	ihp-sg13cmos5l	ngspice-46 (EDA batch fleet runner, klt 0.5.0)
psrr	psrr_dyn_ss_125c_rwcs_i0ua_c330nf_e125mohm	mos_ss	res_wcs	125	0	330n	125e-3	sim/ldo-cmos5l-pvt-sweep/netlist-snapshots/20261010-101245-6df50fd/psrr_dyn_ss_125c_rwcs_i0ua_c330nf_e125mohm.spice	11b894564809fd72a2783b5bacd74fad1ec19fb53af307f9d7810027ed168b36	klt sim --backend batch corners/20261010-101245-6df50fd/_batch/g05_psrr_dyn_ss_125c_rbcs_i0ua_c330nf_e125mohm/request.json (batch_backend.py; corner mos_ss__res_wcs__cap_typ @ 125C)	6df50fd	ihp-sg13cmos5l	ngspice-46 (EDA batch fleet runner, klt 0.5.0)
loopgain	loopgain_dyn_ss_125c_rwcs_i0ua_c330nf_e375mohm	mos_ss	res_wcs	125	0	330n	375e-3	sim/ldo-cmos5l-pvt-sweep/netlist-snapshots/20261010-101245-6df50fd/loopgain_dyn_ss_125c_rwcs_i0ua_c330nf_e375mohm.spice	f7eb5e708a57de3fbf56d543b4c24f5c439a9e05100a1536cf1f9c50db1270bd	klt sim --backend batch corners/20261010-101245-6df50fd/_batch/g02_loopgain_dyn_ss_125c_rbcs_i0ua_c330nf_e125mohm/request.json (batch_backend.py; corner mos_ss__res_wcs__cap_typ @ 125C)	6df50fd	ihp-sg13cmos5l	ngspice-46 (EDA batch fleet runner, klt 0.5.0)
psrr	psrr_dyn_ss_125c_rwcs_i0ua_c330nf_e375mohm	mos_ss	res_wcs	125	0	330n	375e-3	sim/ldo-cmos5l-pvt-sweep/netlist-snapshots/20261010-101245-6df50fd/psrr_dyn_ss_125c_rwcs_i0ua_c330nf_e375mohm.spice	a594361f6fc8a4119f49435c1774f0087fa48468e312dd5c7ef6941ad33f6a39	klt sim --backend batch corners/20261010-101245-6df50fd/_batch/g05_psrr_dyn_ss_125c_rbcs_i0ua_c330nf_e125mohm/request.json (batch_backend.py; corner mos_ss__res_wcs__cap_typ @ 125C)	6df50fd	ihp-sg13cmos5l	ngspice-46 (EDA batch fleet runner, klt 0.5.0)
loopgain	loopgain_dyn_ss_125c_rwcs_i0ua_c1000nf_e125mohm	mos_ss	res_wcs	125	0	1000n	125e-3	sim/ldo-cmos5l-pvt-sweep/netlist-snapshots/20261010-101245-6df50fd/loopgain_dyn_ss_125c_rwcs_i0ua_c1000nf_e125mohm.spice	78d44b9d37548ced506ea432a9ceb2fff3e0d93e0ab160aac334d7766554be7d	klt sim --backend batch corners/20261010-101245-6df50fd/_batch/g02_loopgain_dyn_ss_125c_rbcs_i0ua_c330nf_e125mohm/request.json (batch_backend.py; corner mos_ss__res_wcs__cap_typ @ 125C)	6df50fd	ihp-sg13cmos5l	ngspice-46 (EDA batch fleet runner, klt 0.5.0)
psrr	psrr_dyn_ss_125c_rwcs_i0ua_c1000nf_e125mohm	mos_ss	res_wcs	125	0	1000n	125e-3	sim/ldo-cmos5l-pvt-sweep/netlist-snapshots/20261010-101245-6df50fd/psrr_dyn_ss_125c_rwcs_i0ua_c1000nf_e125mohm.spice	fae9e6b010ba8bd4171ba6752b289e057f850c02886c888cc62082a7d754cb23	klt sim --backend batch corners/20261010-101245-6df50fd/_batch/g05_psrr_dyn_ss_125c_rbcs_i0ua_c330nf_e125mohm/request.json (batch_backend.py; corner mos_ss__res_wcs__cap_typ @ 125C)	6df50fd	ihp-sg13cmos5l	ngspice-46 (EDA batch fleet runner, klt 0.5.0)
loopgain	loopgain_dyn_ss_125c_rwcs_i0ua_c1000nf_e375mohm	mos_ss	res_wcs	125	0	1000n	375e-3	sim/ldo-cmos5l-pvt-sweep/netlist-snapshots/20261010-101245-6df50fd/loopgain_dyn_ss_125c_rwcs_i0ua_c1000nf_e375mohm.spice	e82b59c72cd304b361e71e05a39c297c3794d76b54adf93359c092dc7c08f36a	klt sim --backend batch corners/20261010-101245-6df50fd/_batch/g02_loopgain_dyn_ss_125c_rbcs_i0ua_c330nf_e125mohm/request.json (batch_backend.py; corner mos_ss__res_wcs__cap_typ @ 125C)	6df50fd	ihp-sg13cmos5l	ngspice-46 (EDA batch fleet runner, klt 0.5.0)
psrr	psrr_dyn_ss_125c_rwcs_i0ua_c1000nf_e375mohm	mos_ss	res_wcs	125	0	1000n	375e-3	sim/ldo-cmos5l-pvt-sweep/netlist-snapshots/20261010-101245-6df50fd/psrr_dyn_ss_125c_rwcs_i0ua_c1000nf_e375mohm.spice	7453d11e1f29b7a67894b1a04afd799b3f908b2a1b4bba3943c136009d383e06	klt sim --backend batch corners/20261010-101245-6df50fd/_batch/g05_psrr_dyn_ss_125c_rbcs_i0ua_c330nf_e125mohm/request.json (batch_backend.py; corner mos_ss__res_wcs__cap_typ @ 125C)	6df50fd	ihp-sg13cmos5l	ngspice-46 (EDA batch fleet runner, klt 0.5.0)
loopgain	loopgain_dyn_ss_125c_rwcs_i0ua_c2200nf_e125mohm	mos_ss	res_wcs	125	0	2200n	125e-3	sim/ldo-cmos5l-pvt-sweep/netlist-snapshots/20261010-101245-6df50fd/loopgain_dyn_ss_125c_rwcs_i0ua_c2200nf_e125mohm.spice	b6f779adafef818bb89049c6bbdedd576f708f905fee2819f6f018d9eb7a6371	klt sim --backend batch corners/20261010-101245-6df50fd/_batch/g02_loopgain_dyn_ss_125c_rbcs_i0ua_c330nf_e125mohm/request.json (batch_backend.py; corner mos_ss__res_wcs__cap_typ @ 125C)	6df50fd	ihp-sg13cmos5l	ngspice-46 (EDA batch fleet runner, klt 0.5.0)
psrr	psrr_dyn_ss_125c_rwcs_i0ua_c2200nf_e125mohm	mos_ss	res_wcs	125	0	2200n	125e-3	sim/ldo-cmos5l-pvt-sweep/netlist-snapshots/20261010-101245-6df50fd/psrr_dyn_ss_125c_rwcs_i0ua_c2200nf_e125mohm.spice	ed32a1796fad7b541cdf49026144ad5715ed3bebdd98b8905d7c18572365c1e2	klt sim --backend batch corners/20261010-101245-6df50fd/_batch/g05_psrr_dyn_ss_125c_rbcs_i0ua_c330nf_e125mohm/request.json (batch_backend.py; corner mos_ss__res_wcs__cap_typ @ 125C)	6df50fd	ihp-sg13cmos5l	ngspice-46 (EDA batch fleet runner, klt 0.5.0)
loopgain	loopgain_dyn_ss_125c_rwcs_i0ua_c2200nf_e375mohm	mos_ss	res_wcs	125	0	2200n	375e-3	sim/ldo-cmos5l-pvt-sweep/netlist-snapshots/20261010-101245-6df50fd/loopgain_dyn_ss_125c_rwcs_i0ua_c2200nf_e375mohm.spice	b4962cff434074c707b9b6daba10eaa59d89db4723366b0219a6b2e7c700f5c3	klt sim --backend batch corners/20261010-101245-6df50fd/_batch/g02_loopgain_dyn_ss_125c_rbcs_i0ua_c330nf_e125mohm/request.json (batch_backend.py; corner mos_ss__res_wcs__cap_typ @ 125C)	6df50fd	ihp-sg13cmos5l	ngspice-46 (EDA batch fleet runner, klt 0.5.0)
psrr	psrr_dyn_ss_125c_rwcs_i0ua_c2200nf_e375mohm	mos_ss	res_wcs	125	0	2200n	375e-3	sim/ldo-cmos5l-pvt-sweep/netlist-snapshots/20261010-101245-6df50fd/psrr_dyn_ss_125c_rwcs_i0ua_c2200nf_e375mohm.spice	cbdf3a30b7935a050a78ada57d82378627dd6394554434b5dfdd7098e11a3177	klt sim --backend batch corners/20261010-101245-6df50fd/_batch/g05_psrr_dyn_ss_125c_rbcs_i0ua_c330nf_e125mohm/request.json (batch_backend.py; corner mos_ss__res_wcs__cap_typ @ 125C)	6df50fd	ihp-sg13cmos5l	ngspice-46 (EDA batch fleet runner, klt 0.5.0)
loopgain	loopgain_dyn_ss_125c_rwcs_i0ua_c4700nf_e125mohm	mos_ss	res_wcs	125	0	4700n	125e-3	sim/ldo-cmos5l-pvt-sweep/netlist-snapshots/20261010-101245-6df50fd/loopgain_dyn_ss_125c_rwcs_i0ua_c4700nf_e125mohm.spice	92097ebbcc15a6329b10e9b96730d4e45d05ce7fc1071883efbc40d2349c814f	klt sim --backend batch corners/20261010-101245-6df50fd/_batch/g02_loopgain_dyn_ss_125c_rbcs_i0ua_c330nf_e125mohm/request.json (batch_backend.py; corner mos_ss__res_wcs__cap_typ @ 125C)	6df50fd	ihp-sg13cmos5l	ngspice-46 (EDA batch fleet runner, klt 0.5.0)
psrr	psrr_dyn_ss_125c_rwcs_i0ua_c4700nf_e125mohm	mos_ss	res_wcs	125	0	4700n	125e-3	sim/ldo-cmos5l-pvt-sweep/netlist-snapshots/20261010-101245-6df50fd/psrr_dyn_ss_125c_rwcs_i0ua_c4700nf_e125mohm.spice	822d1fca3f3e1e466cf7842775323035e90aaa0e1a5c4074d9efe079f05ea65d	klt sim --backend batch corners/20261010-101245-6df50fd/_batch/g05_psrr_dyn_ss_125c_rbcs_i0ua_c330nf_e125mohm/request.json (batch_backend.py; corner mos_ss__res_wcs__cap_typ @ 125C)	6df50fd	ihp-sg13cmos5l	ngspice-46 (EDA batch fleet runner, klt 0.5.0)
loopgain	loopgain_dyn_ss_125c_rwcs_i0ua_c4700nf_e375mohm	mos_ss	res_wcs	125	0	4700n	375e-3	sim/ldo-cmos5l-pvt-sweep/netlist-snapshots/20261010-101245-6df50fd/loopgain_dyn_ss_125c_rwcs_i0ua_c4700nf_e375mohm.spice	97eb174b218490ba03fba1f9f67624391e8c9edc97b38e4ef54e5f51fe067bd8	klt sim --backend batch corners/20261010-101245-6df50fd/_batch/g02_loopgain_dyn_ss_125c_rbcs_i0ua_c330nf_e125mohm/request.json (batch_backend.py; corner mos_ss__res_wcs__cap_typ @ 125C)	6df50fd	ihp-sg13cmos5l	ngspice-46 (EDA batch fleet runner, klt 0.5.0)
psrr	psrr_dyn_ss_125c_rwcs_i0ua_c4700nf_e375mohm	mos_ss	res_wcs	125	0	4700n	375e-3	sim/ldo-cmos5l-pvt-sweep/netlist-snapshots/20261010-101245-6df50fd/psrr_dyn_ss_125c_rwcs_i0ua_c4700nf_e375mohm.spice	ba60eaea646a18d2816a000483a8eca61bd34ca8f1d95342870cd083efd9bfa3	klt sim --backend batch corners/20261010-101245-6df50fd/_batch/g05_psrr_dyn_ss_125c_rbcs_i0ua_c330nf_e125mohm/request.json (batch_backend.py; corner mos_ss__res_wcs__cap_typ @ 125C)	6df50fd	ihp-sg13cmos5l	ngspice-46 (EDA batch fleet runner, klt 0.5.0)
loopgain	loopgain_dyn_ss_125c_rwcs_i1000ua_c4700nf_e125mohm	mos_ss	res_wcs	125	1000e-6	4700n	125e-3	sim/ldo-cmos5l-pvt-sweep/netlist-snapshots/20261010-101245-6df50fd/loopgain_dyn_ss_125c_rwcs_i1000ua_c4700nf_e125mohm.spice	537dee76e49b3d731c06233c2e20b9dd3ab99b3020ff30409ec6bb7c137c3569	klt sim --backend batch corners/20261010-101245-6df50fd/_batch/g02_loopgain_dyn_ss_125c_rbcs_i0ua_c330nf_e125mohm/request.json (batch_backend.py; corner mos_ss__res_wcs__cap_typ @ 125C)	6df50fd	ihp-sg13cmos5l	ngspice-46 (EDA batch fleet runner, klt 0.5.0)
psrr	psrr_dyn_ss_125c_rwcs_i1000ua_c4700nf_e125mohm	mos_ss	res_wcs	125	1000e-6	4700n	125e-3	sim/ldo-cmos5l-pvt-sweep/netlist-snapshots/20261010-101245-6df50fd/psrr_dyn_ss_125c_rwcs_i1000ua_c4700nf_e125mohm.spice	53e27a8e15a4eb48c6a6f9a7294c0ee00f90beefb34ad754d0cbf5a659aa7a9e	klt sim --backend batch corners/20261010-101245-6df50fd/_batch/g05_psrr_dyn_ss_125c_rbcs_i0ua_c330nf_e125mohm/request.json (batch_backend.py; corner mos_ss__res_wcs__cap_typ @ 125C)	6df50fd	ihp-sg13cmos5l	ngspice-46 (EDA batch fleet runner, klt 0.5.0)
loopgain	loopgain_dyn_ss_125c_rwcs_i25000ua_c330nf_e125mohm	mos_ss	res_wcs	125	25000e-6	330n	125e-3	sim/ldo-cmos5l-pvt-sweep/netlist-snapshots/20261010-101245-6df50fd/loopgain_dyn_ss_125c_rwcs_i25000ua_c330nf_e125mohm.spice	12c890e75772f8366758dbfe76bea1e7468c94dc7dbae6cedb3ac248aa372d19	klt sim --backend batch corners/20261010-101245-6df50fd/_batch/g02_loopgain_dyn_ss_125c_rbcs_i0ua_c330nf_e125mohm/request.json (batch_backend.py; corner mos_ss__res_wcs__cap_typ @ 125C)	6df50fd	ihp-sg13cmos5l	ngspice-46 (EDA batch fleet runner, klt 0.5.0)
psrr	psrr_dyn_ss_125c_rwcs_i25000ua_c330nf_e125mohm	mos_ss	res_wcs	125	25000e-6	330n	125e-3	sim/ldo-cmos5l-pvt-sweep/netlist-snapshots/20261010-101245-6df50fd/psrr_dyn_ss_125c_rwcs_i25000ua_c330nf_e125mohm.spice	b446f2ce564b1c221b701183f23e520c81db83d9c28bcadf9231a74cf57531c5	klt sim --backend batch corners/20261010-101245-6df50fd/_batch/g05_psrr_dyn_ss_125c_rbcs_i0ua_c330nf_e125mohm/request.json (batch_backend.py; corner mos_ss__res_wcs__cap_typ @ 125C)	6df50fd	ihp-sg13cmos5l	ngspice-46 (EDA batch fleet runner, klt 0.5.0)
loopgain	loopgain_dyn_ss_125c_rwcs_i50000ua_c330nf_e125mohm	mos_ss	res_wcs	125	50000e-6	330n	125e-3	sim/ldo-cmos5l-pvt-sweep/netlist-snapshots/20261010-101245-6df50fd/loopgain_dyn_ss_125c_rwcs_i50000ua_c330nf_e125mohm.spice	6da8d0747d73acc992d3aa53b5696e23f0be35372055e00c83c72cce6ef704ce	klt sim --backend batch corners/20261010-101245-6df50fd/_batch/g02_loopgain_dyn_ss_125c_rbcs_i0ua_c330nf_e125mohm/request.json (batch_backend.py; corner mos_ss__res_wcs__cap_typ @ 125C)	6df50fd	ihp-sg13cmos5l	ngspice-46 (EDA batch fleet runner, klt 0.5.0)
psrr	psrr_dyn_ss_125c_rwcs_i50000ua_c330nf_e125mohm	mos_ss	res_wcs	125	50000e-6	330n	125e-3	sim/ldo-cmos5l-pvt-sweep/netlist-snapshots/20261010-101245-6df50fd/psrr_dyn_ss_125c_rwcs_i50000ua_c330nf_e125mohm.spice	8dbc7a7e2ac8d5070d09f6e658b34ed3971d42d362c48dad25e61bce4ad47112	klt sim --backend batch corners/20261010-101245-6df50fd/_batch/g05_psrr_dyn_ss_125c_rbcs_i0ua_c330nf_e125mohm/request.json (batch_backend.py; corner mos_ss__res_wcs__cap_typ @ 125C)	6df50fd	ihp-sg13cmos5l	ngspice-46 (EDA batch fleet runner, klt 0.5.0)
loopgain	loopgain_dyn_ss_125c_rwcs_i50000ua_c330nf_e375mohm	mos_ss	res_wcs	125	50000e-6	330n	375e-3	sim/ldo-cmos5l-pvt-sweep/netlist-snapshots/20261010-101245-6df50fd/loopgain_dyn_ss_125c_rwcs_i50000ua_c330nf_e375mohm.spice	0cb67a9908a1526635372db36eb1ffbf611542420e12789dbe7378048a85cd15	klt sim --backend batch corners/20261010-101245-6df50fd/_batch/g02_loopgain_dyn_ss_125c_rbcs_i0ua_c330nf_e125mohm/request.json (batch_backend.py; corner mos_ss__res_wcs__cap_typ @ 125C)	6df50fd	ihp-sg13cmos5l	ngspice-46 (EDA batch fleet runner, klt 0.5.0)
psrr	psrr_dyn_ss_125c_rwcs_i50000ua_c330nf_e375mohm	mos_ss	res_wcs	125	50000e-6	330n	375e-3	sim/ldo-cmos5l-pvt-sweep/netlist-snapshots/20261010-101245-6df50fd/psrr_dyn_ss_125c_rwcs_i50000ua_c330nf_e375mohm.spice	08907c41cc197400691e80bd6252c944445a81200f5a0fcd8e6f9eccb46c615c	klt sim --backend batch corners/20261010-101245-6df50fd/_batch/g05_psrr_dyn_ss_125c_rbcs_i0ua_c330nf_e125mohm/request.json (batch_backend.py; corner mos_ss__res_wcs__cap_typ @ 125C)	6df50fd	ihp-sg13cmos5l	ngspice-46 (EDA batch fleet runner, klt 0.5.0)
loopgain	loopgain_dyn_ss_125c_rwcs_i50000ua_c1000nf_e125mohm	mos_ss	res_wcs	125	50000e-6	1000n	125e-3	sim/ldo-cmos5l-pvt-sweep/netlist-snapshots/20261010-101245-6df50fd/loopgain_dyn_ss_125c_rwcs_i50000ua_c1000nf_e125mohm.spice	225aeabdf7fe7555e6bf2191c51523c5b0845598af7a2ee680d0f2c9bcb1c886	klt sim --backend batch corners/20261010-101245-6df50fd/_batch/g02_loopgain_dyn_ss_125c_rbcs_i0ua_c330nf_e125mohm/request.json (batch_backend.py; corner mos_ss__res_wcs__cap_typ @ 125C)	6df50fd	ihp-sg13cmos5l	ngspice-46 (EDA batch fleet runner, klt 0.5.0)
psrr	psrr_dyn_ss_125c_rwcs_i50000ua_c1000nf_e125mohm	mos_ss	res_wcs	125	50000e-6	1000n	125e-3	sim/ldo-cmos5l-pvt-sweep/netlist-snapshots/20261010-101245-6df50fd/psrr_dyn_ss_125c_rwcs_i50000ua_c1000nf_e125mohm.spice	f27a592eee980a51f2e4d58a2a2f73cd876bb26f788f69192428969067d6e758	klt sim --backend batch corners/20261010-101245-6df50fd/_batch/g05_psrr_dyn_ss_125c_rbcs_i0ua_c330nf_e125mohm/request.json (batch_backend.py; corner mos_ss__res_wcs__cap_typ @ 125C)	6df50fd	ihp-sg13cmos5l	ngspice-46 (EDA batch fleet runner, klt 0.5.0)
loopgain	loopgain_dyn_ss_125c_rwcs_i50000ua_c1000nf_e375mohm	mos_ss	res_wcs	125	50000e-6	1000n	375e-3	sim/ldo-cmos5l-pvt-sweep/netlist-snapshots/20261010-101245-6df50fd/loopgain_dyn_ss_125c_rwcs_i50000ua_c1000nf_e375mohm.spice	0b09cce65804a01b39f7071a3004dd5c91c97f8530fe69d0bb48b93168f0cb0c	klt sim --backend batch corners/20261010-101245-6df50fd/_batch/g02_loopgain_dyn_ss_125c_rbcs_i0ua_c330nf_e125mohm/request.json (batch_backend.py; corner mos_ss__res_wcs__cap_typ @ 125C)	6df50fd	ihp-sg13cmos5l	ngspice-46 (EDA batch fleet runner, klt 0.5.0)
psrr	psrr_dyn_ss_125c_rwcs_i50000ua_c1000nf_e375mohm	mos_ss	res_wcs	125	50000e-6	1000n	375e-3	sim/ldo-cmos5l-pvt-sweep/netlist-snapshots/20261010-101245-6df50fd/psrr_dyn_ss_125c_rwcs_i50000ua_c1000nf_e375mohm.spice	5765811288e166c3aafb058aa800cee4954e512aa61bbdeac636616a5f135228	klt sim --backend batch corners/20261010-101245-6df50fd/_batch/g05_psrr_dyn_ss_125c_rbcs_i0ua_c330nf_e125mohm/request.json (batch_backend.py; corner mos_ss__res_wcs__cap_typ @ 125C)	6df50fd	ihp-sg13cmos5l	ngspice-46 (EDA batch fleet runner, klt 0.5.0)
loopgain	loopgain_dyn_ss_125c_rwcs_i50000ua_c2200nf_e125mohm	mos_ss	res_wcs	125	50000e-6	2200n	125e-3	sim/ldo-cmos5l-pvt-sweep/netlist-snapshots/20261010-101245-6df50fd/loopgain_dyn_ss_125c_rwcs_i50000ua_c2200nf_e125mohm.spice	b7b889422fbc2ac2ebd998ff8199d8f411607aa05f69c6961f9235d2a39157f1	klt sim --backend batch corners/20261010-101245-6df50fd/_batch/g02_loopgain_dyn_ss_125c_rbcs_i0ua_c330nf_e125mohm/request.json (batch_backend.py; corner mos_ss__res_wcs__cap_typ @ 125C)	6df50fd	ihp-sg13cmos5l	ngspice-46 (EDA batch fleet runner, klt 0.5.0)
psrr	psrr_dyn_ss_125c_rwcs_i50000ua_c2200nf_e125mohm	mos_ss	res_wcs	125	50000e-6	2200n	125e-3	sim/ldo-cmos5l-pvt-sweep/netlist-snapshots/20261010-101245-6df50fd/psrr_dyn_ss_125c_rwcs_i50000ua_c2200nf_e125mohm.spice	226a20d37cf8e4de00e82623f772366b0bd9bce6e720f094c30bfc37166f234a	klt sim --backend batch corners/20261010-101245-6df50fd/_batch/g05_psrr_dyn_ss_125c_rbcs_i0ua_c330nf_e125mohm/request.json (batch_backend.py; corner mos_ss__res_wcs__cap_typ @ 125C)	6df50fd	ihp-sg13cmos5l	ngspice-46 (EDA batch fleet runner, klt 0.5.0)
loopgain	loopgain_dyn_ss_125c_rwcs_i50000ua_c2200nf_e375mohm	mos_ss	res_wcs	125	50000e-6	2200n	375e-3	sim/ldo-cmos5l-pvt-sweep/netlist-snapshots/20261010-101245-6df50fd/loopgain_dyn_ss_125c_rwcs_i50000ua_c2200nf_e375mohm.spice	155d71eb9d1e2b5251f1dcb4761ae4df9cba2842567bd4c519727c76b31a32f7	klt sim --backend batch corners/20261010-101245-6df50fd/_batch/g02_loopgain_dyn_ss_125c_rbcs_i0ua_c330nf_e125mohm/request.json (batch_backend.py; corner mos_ss__res_wcs__cap_typ @ 125C)	6df50fd	ihp-sg13cmos5l	ngspice-46 (EDA batch fleet runner, klt 0.5.0)
psrr	psrr_dyn_ss_125c_rwcs_i50000ua_c2200nf_e375mohm	mos_ss	res_wcs	125	50000e-6	2200n	375e-3	sim/ldo-cmos5l-pvt-sweep/netlist-snapshots/20261010-101245-6df50fd/psrr_dyn_ss_125c_rwcs_i50000ua_c2200nf_e375mohm.spice	efb90f555d36c98336dd97c8fb26aa3f508f897c7854b32b5cbbb0493e33730e	klt sim --backend batch corners/20261010-101245-6df50fd/_batch/g05_psrr_dyn_ss_125c_rbcs_i0ua_c330nf_e125mohm/request.json (batch_backend.py; corner mos_ss__res_wcs__cap_typ @ 125C)	6df50fd	ihp-sg13cmos5l	ngspice-46 (EDA batch fleet runner, klt 0.5.0)
loopgain	loopgain_dyn_ss_125c_rwcs_i50000ua_c4700nf_e125mohm	mos_ss	res_wcs	125	50000e-6	4700n	125e-3	sim/ldo-cmos5l-pvt-sweep/netlist-snapshots/20261010-101245-6df50fd/loopgain_dyn_ss_125c_rwcs_i50000ua_c4700nf_e125mohm.spice	245038c2d9c6ee4e8bc5600ea4da729351fa6bb77afd24f0ed1b19e9b00b4e4b	klt sim --backend batch corners/20261010-101245-6df50fd/_batch/g02_loopgain_dyn_ss_125c_rbcs_i0ua_c330nf_e125mohm/request.json (batch_backend.py; corner mos_ss__res_wcs__cap_typ @ 125C)	6df50fd	ihp-sg13cmos5l	ngspice-46 (EDA batch fleet runner, klt 0.5.0)
psrr	psrr_dyn_ss_125c_rwcs_i50000ua_c4700nf_e125mohm	mos_ss	res_wcs	125	50000e-6	4700n	125e-3	sim/ldo-cmos5l-pvt-sweep/netlist-snapshots/20261010-101245-6df50fd/psrr_dyn_ss_125c_rwcs_i50000ua_c4700nf_e125mohm.spice	e43234ca29ccebd7f755ac23786ed57ee7ab664354ce82a575ce0b1fd7e2aba7	klt sim --backend batch corners/20261010-101245-6df50fd/_batch/g05_psrr_dyn_ss_125c_rbcs_i0ua_c330nf_e125mohm/request.json (batch_backend.py; corner mos_ss__res_wcs__cap_typ @ 125C)	6df50fd	ihp-sg13cmos5l	ngspice-46 (EDA batch fleet runner, klt 0.5.0)
loopgain	loopgain_dyn_ss_125c_rwcs_i50000ua_c4700nf_e375mohm	mos_ss	res_wcs	125	50000e-6	4700n	375e-3	sim/ldo-cmos5l-pvt-sweep/netlist-snapshots/20261010-101245-6df50fd/loopgain_dyn_ss_125c_rwcs_i50000ua_c4700nf_e375mohm.spice	0d4049763c0b68f85a79b7d03a40ff594c30d51fb1526942ad88b086d626057e	klt sim --backend batch corners/20261010-101245-6df50fd/_batch/g02_loopgain_dyn_ss_125c_rbcs_i0ua_c330nf_e125mohm/request.json (batch_backend.py; corner mos_ss__res_wcs__cap_typ @ 125C)	6df50fd	ihp-sg13cmos5l	ngspice-46 (EDA batch fleet runner, klt 0.5.0)
psrr	psrr_dyn_ss_125c_rwcs_i50000ua_c4700nf_e375mohm	mos_ss	res_wcs	125	50000e-6	4700n	375e-3	sim/ldo-cmos5l-pvt-sweep/netlist-snapshots/20261010-101245-6df50fd/psrr_dyn_ss_125c_rwcs_i50000ua_c4700nf_e375mohm.spice	545a00f205b853e9a800f63dc154f32f4f480149b3312b7a74b02cc33bd13095	klt sim --backend batch corners/20261010-101245-6df50fd/_batch/g05_psrr_dyn_ss_125c_rbcs_i0ua_c330nf_e125mohm/request.json (batch_backend.py; corner mos_ss__res_wcs__cap_typ @ 125C)	6df50fd	ihp-sg13cmos5l	ngspice-46 (EDA batch fleet runner, klt 0.5.0)
loopgain	loopgain_dyn_ss_125c_rwcs_i37500ua_c1000nf_e0mohm	mos_ss	res_wcs	125	37500e-6	1000n	0	sim/ldo-cmos5l-pvt-sweep/netlist-snapshots/20261010-101245-6df50fd/loopgain_dyn_ss_125c_rwcs_i37500ua_c1000nf_e0mohm.spice	63a08dcec553ffda7e4bf56f9f5f800ed9a30b2d6ec70a486ec04d7337c07e35	klt sim --backend batch corners/20261010-101245-6df50fd/_batch/g02_loopgain_dyn_ss_125c_rbcs_i0ua_c330nf_e125mohm/request.json (batch_backend.py; corner mos_ss__res_wcs__cap_typ @ 125C)	6df50fd	ihp-sg13cmos5l	ngspice-46 (EDA batch fleet runner, klt 0.5.0)
psrr	psrr_dyn_ss_125c_rwcs_i37500ua_c1000nf_e0mohm	mos_ss	res_wcs	125	37500e-6	1000n	0	sim/ldo-cmos5l-pvt-sweep/netlist-snapshots/20261010-101245-6df50fd/psrr_dyn_ss_125c_rwcs_i37500ua_c1000nf_e0mohm.spice	3c96dc10fcd67632bd2cb9c3c6172184d460f6d38d116ce681ce7df0afcf6a80	klt sim --backend batch corners/20261010-101245-6df50fd/_batch/g05_psrr_dyn_ss_125c_rbcs_i0ua_c330nf_e125mohm/request.json (batch_backend.py; corner mos_ss__res_wcs__cap_typ @ 125C)	6df50fd	ihp-sg13cmos5l	ngspice-46 (EDA batch fleet runner, klt 0.5.0)
loopgain	loopgain_dyn_ss_125c_rwcs_i25000ua_c665nf_e250mohm	mos_ss	res_wcs	125	25000e-6	665n	250e-3	sim/ldo-cmos5l-pvt-sweep/netlist-snapshots/20261010-101245-6df50fd/loopgain_dyn_ss_125c_rwcs_i25000ua_c665nf_e250mohm.spice	d059dc1e990e89a9b8e5d9ffc7de29ba696ad247c0fb03251872219e7b9307f2	klt sim --backend batch corners/20261010-101245-6df50fd/_batch/g02_loopgain_dyn_ss_125c_rbcs_i0ua_c330nf_e125mohm/request.json (batch_backend.py; corner mos_ss__res_wcs__cap_typ @ 125C)	6df50fd	ihp-sg13cmos5l	ngspice-46 (EDA batch fleet runner, klt 0.5.0)
psrr	psrr_dyn_ss_125c_rwcs_i25000ua_c665nf_e250mohm	mos_ss	res_wcs	125	25000e-6	665n	250e-3	sim/ldo-cmos5l-pvt-sweep/netlist-snapshots/20261010-101245-6df50fd/psrr_dyn_ss_125c_rwcs_i25000ua_c665nf_e250mohm.spice	901f81dda44f3cde4cd1336aab413fc589d7a4b3580bc790f2e56fed1e6cd216	klt sim --backend batch corners/20261010-101245-6df50fd/_batch/g05_psrr_dyn_ss_125c_rbcs_i0ua_c330nf_e125mohm/request.json (batch_backend.py; corner mos_ss__res_wcs__cap_typ @ 125C)	6df50fd	ihp-sg13cmos5l	ngspice-46 (EDA batch fleet runner, klt 0.5.0)
loopgain	loopgain_dyn_ss_125c_rwcs_i50000ua_c1600nf_e0mohm	mos_ss	res_wcs	125	50000e-6	1600n	0	sim/ldo-cmos5l-pvt-sweep/netlist-snapshots/20261010-101245-6df50fd/loopgain_dyn_ss_125c_rwcs_i50000ua_c1600nf_e0mohm.spice	58d2db3b81fbca1135c807dcf009c50d98f24b917c3f14776e83b1c6da7959d8	klt sim --backend batch corners/20261010-101245-6df50fd/_batch/g02_loopgain_dyn_ss_125c_rbcs_i0ua_c330nf_e125mohm/request.json (batch_backend.py; corner mos_ss__res_wcs__cap_typ @ 125C)	6df50fd	ihp-sg13cmos5l	ngspice-46 (EDA batch fleet runner, klt 0.5.0)
psrr	psrr_dyn_ss_125c_rwcs_i50000ua_c1600nf_e0mohm	mos_ss	res_wcs	125	50000e-6	1600n	0	sim/ldo-cmos5l-pvt-sweep/netlist-snapshots/20261010-101245-6df50fd/psrr_dyn_ss_125c_rwcs_i50000ua_c1600nf_e0mohm.spice	6287dd380e63f85b58d3a2c6551e2457cf0bbdc6233b72449a892ab9c8ad3a3e	klt sim --backend batch corners/20261010-101245-6df50fd/_batch/g05_psrr_dyn_ss_125c_rbcs_i0ua_c330nf_e125mohm/request.json (batch_backend.py; corner mos_ss__res_wcs__cap_typ @ 125C)	6df50fd	ihp-sg13cmos5l	ngspice-46 (EDA batch fleet runner, klt 0.5.0)
loopgain	loopgain_dyn_ss_125c_rwcs_i1000ua_c1000nf_e125mohm	mos_ss	res_wcs	125	1000e-6	1000n	125e-3	sim/ldo-cmos5l-pvt-sweep/netlist-snapshots/20261010-101245-6df50fd/loopgain_dyn_ss_125c_rwcs_i1000ua_c1000nf_e125mohm.spice	136d9f1dbd6808df4f745889fdf5598c27e80fe961fc044c61e5a35879eb88f3	klt sim --backend batch corners/20261010-101245-6df50fd/_batch/g02_loopgain_dyn_ss_125c_rbcs_i0ua_c330nf_e125mohm/request.json (batch_backend.py; corner mos_ss__res_wcs__cap_typ @ 125C)	6df50fd	ihp-sg13cmos5l	ngspice-46 (EDA batch fleet runner, klt 0.5.0)
psrr	psrr_dyn_ss_125c_rwcs_i1000ua_c1000nf_e125mohm	mos_ss	res_wcs	125	1000e-6	1000n	125e-3	sim/ldo-cmos5l-pvt-sweep/netlist-snapshots/20261010-101245-6df50fd/psrr_dyn_ss_125c_rwcs_i1000ua_c1000nf_e125mohm.spice	00e6706eebf403e7394abe3d5dcbc6c3bbc98a80f7031b07b3af2d116ddfe031	klt sim --backend batch corners/20261010-101245-6df50fd/_batch/g05_psrr_dyn_ss_125c_rbcs_i0ua_c330nf_e125mohm/request.json (batch_backend.py; corner mos_ss__res_wcs__cap_typ @ 125C)	6df50fd	ihp-sg13cmos5l	ngspice-46 (EDA batch fleet runner, klt 0.5.0)
loopgain	loopgain_dyn_ss_125c_rwcs_i1000ua_c1000nf_e375mohm	mos_ss	res_wcs	125	1000e-6	1000n	375e-3	sim/ldo-cmos5l-pvt-sweep/netlist-snapshots/20261010-101245-6df50fd/loopgain_dyn_ss_125c_rwcs_i1000ua_c1000nf_e375mohm.spice	87fb29c0f2fa40e7653e32f2ee5d45cda86c3c8ef7d7b75d55ed39af8b373e19	klt sim --backend batch corners/20261010-101245-6df50fd/_batch/g02_loopgain_dyn_ss_125c_rbcs_i0ua_c330nf_e125mohm/request.json (batch_backend.py; corner mos_ss__res_wcs__cap_typ @ 125C)	6df50fd	ihp-sg13cmos5l	ngspice-46 (EDA batch fleet runner, klt 0.5.0)
psrr	psrr_dyn_ss_125c_rwcs_i1000ua_c1000nf_e375mohm	mos_ss	res_wcs	125	1000e-6	1000n	375e-3	sim/ldo-cmos5l-pvt-sweep/netlist-snapshots/20261010-101245-6df50fd/psrr_dyn_ss_125c_rwcs_i1000ua_c1000nf_e375mohm.spice	b4ea591d2beb867da725efaf63d02ba3949b846abb5a635d580a88d848050d0b	klt sim --backend batch corners/20261010-101245-6df50fd/_batch/g05_psrr_dyn_ss_125c_rbcs_i0ua_c330nf_e125mohm/request.json (batch_backend.py; corner mos_ss__res_wcs__cap_typ @ 125C)	6df50fd	ihp-sg13cmos5l	ngspice-46 (EDA batch fleet runner, klt 0.5.0)
loopgain	loopgain_dyn_ss_125c_rwcs_i1000ua_c2200nf_e125mohm	mos_ss	res_wcs	125	1000e-6	2200n	125e-3	sim/ldo-cmos5l-pvt-sweep/netlist-snapshots/20261010-101245-6df50fd/loopgain_dyn_ss_125c_rwcs_i1000ua_c2200nf_e125mohm.spice	fe9a3bec63d2ae19f6d195e0577fa09998b77fae58e86cc9c3f74e44bb80edcf	klt sim --backend batch corners/20261010-101245-6df50fd/_batch/g02_loopgain_dyn_ss_125c_rbcs_i0ua_c330nf_e125mohm/request.json (batch_backend.py; corner mos_ss__res_wcs__cap_typ @ 125C)	6df50fd	ihp-sg13cmos5l	ngspice-46 (EDA batch fleet runner, klt 0.5.0)
psrr	psrr_dyn_ss_125c_rwcs_i1000ua_c2200nf_e125mohm	mos_ss	res_wcs	125	1000e-6	2200n	125e-3	sim/ldo-cmos5l-pvt-sweep/netlist-snapshots/20261010-101245-6df50fd/psrr_dyn_ss_125c_rwcs_i1000ua_c2200nf_e125mohm.spice	2f07acae4ec6e8f9cc995cbe8242b8df3d80e350071195f9f92fc6c089483fa5	klt sim --backend batch corners/20261010-101245-6df50fd/_batch/g05_psrr_dyn_ss_125c_rbcs_i0ua_c330nf_e125mohm/request.json (batch_backend.py; corner mos_ss__res_wcs__cap_typ @ 125C)	6df50fd	ihp-sg13cmos5l	ngspice-46 (EDA batch fleet runner, klt 0.5.0)
loopgain	loopgain_dyn_ss_125c_rwcs_i1000ua_c2200nf_e375mohm	mos_ss	res_wcs	125	1000e-6	2200n	375e-3	sim/ldo-cmos5l-pvt-sweep/netlist-snapshots/20261010-101245-6df50fd/loopgain_dyn_ss_125c_rwcs_i1000ua_c2200nf_e375mohm.spice	5aa3b2bbabf1513d5c36bb28a2df1b2fe5b636d99578e71f5b66ade3bb22e4ac	klt sim --backend batch corners/20261010-101245-6df50fd/_batch/g02_loopgain_dyn_ss_125c_rbcs_i0ua_c330nf_e125mohm/request.json (batch_backend.py; corner mos_ss__res_wcs__cap_typ @ 125C)	6df50fd	ihp-sg13cmos5l	ngspice-46 (EDA batch fleet runner, klt 0.5.0)
psrr	psrr_dyn_ss_125c_rwcs_i1000ua_c2200nf_e375mohm	mos_ss	res_wcs	125	1000e-6	2200n	375e-3	sim/ldo-cmos5l-pvt-sweep/netlist-snapshots/20261010-101245-6df50fd/psrr_dyn_ss_125c_rwcs_i1000ua_c2200nf_e375mohm.spice	93c4882422729a7f71326019d5ce5a95053cafc6c00737555ba3227d80eeb9b2	klt sim --backend batch corners/20261010-101245-6df50fd/_batch/g05_psrr_dyn_ss_125c_rbcs_i0ua_c330nf_e125mohm/request.json (batch_backend.py; corner mos_ss__res_wcs__cap_typ @ 125C)	6df50fd	ihp-sg13cmos5l	ngspice-46 (EDA batch fleet runner, klt 0.5.0)
loopgain	loopgain_dyn_ss_125c_rwcs_i25000ua_c330nf_e375mohm	mos_ss	res_wcs	125	25000e-6	330n	375e-3	sim/ldo-cmos5l-pvt-sweep/netlist-snapshots/20261010-101245-6df50fd/loopgain_dyn_ss_125c_rwcs_i25000ua_c330nf_e375mohm.spice	0f079f395f2cdc779c001436d38fafedf38b711e44e12b9ae28ff02d56f6334c	klt sim --backend batch corners/20261010-101245-6df50fd/_batch/g02_loopgain_dyn_ss_125c_rbcs_i0ua_c330nf_e125mohm/request.json (batch_backend.py; corner mos_ss__res_wcs__cap_typ @ 125C)	6df50fd	ihp-sg13cmos5l	ngspice-46 (EDA batch fleet runner, klt 0.5.0)
psrr	psrr_dyn_ss_125c_rwcs_i25000ua_c330nf_e375mohm	mos_ss	res_wcs	125	25000e-6	330n	375e-3	sim/ldo-cmos5l-pvt-sweep/netlist-snapshots/20261010-101245-6df50fd/psrr_dyn_ss_125c_rwcs_i25000ua_c330nf_e375mohm.spice	37497b418c9e30f3f7f884f73000bb7229d1922ed5d9e90473220c5a067f6ee5	klt sim --backend batch corners/20261010-101245-6df50fd/_batch/g05_psrr_dyn_ss_125c_rbcs_i0ua_c330nf_e125mohm/request.json (batch_backend.py; corner mos_ss__res_wcs__cap_typ @ 125C)	6df50fd	ihp-sg13cmos5l	ngspice-46 (EDA batch fleet runner, klt 0.5.0)
loopgain	loopgain_dyn_ss_125c_rwcs_i25000ua_c1000nf_e125mohm	mos_ss	res_wcs	125	25000e-6	1000n	125e-3	sim/ldo-cmos5l-pvt-sweep/netlist-snapshots/20261010-101245-6df50fd/loopgain_dyn_ss_125c_rwcs_i25000ua_c1000nf_e125mohm.spice	696c7a2e46bc265772a37ba0179086be89c1ad25f828769401cbd3089ccaedc8	klt sim --backend batch corners/20261010-101245-6df50fd/_batch/g02_loopgain_dyn_ss_125c_rbcs_i0ua_c330nf_e125mohm/request.json (batch_backend.py; corner mos_ss__res_wcs__cap_typ @ 125C)	6df50fd	ihp-sg13cmos5l	ngspice-46 (EDA batch fleet runner, klt 0.5.0)
psrr	psrr_dyn_ss_125c_rwcs_i25000ua_c1000nf_e125mohm	mos_ss	res_wcs	125	25000e-6	1000n	125e-3	sim/ldo-cmos5l-pvt-sweep/netlist-snapshots/20261010-101245-6df50fd/psrr_dyn_ss_125c_rwcs_i25000ua_c1000nf_e125mohm.spice	472a46d4e3287fcfa603db0db15d77084a91d03ee40abdcc58c810399078dc97	klt sim --backend batch corners/20261010-101245-6df50fd/_batch/g05_psrr_dyn_ss_125c_rbcs_i0ua_c330nf_e125mohm/request.json (batch_backend.py; corner mos_ss__res_wcs__cap_typ @ 125C)	6df50fd	ihp-sg13cmos5l	ngspice-46 (EDA batch fleet runner, klt 0.5.0)
loopgain	loopgain_dyn_ss_125c_rwcs_i25000ua_c1000nf_e375mohm	mos_ss	res_wcs	125	25000e-6	1000n	375e-3	sim/ldo-cmos5l-pvt-sweep/netlist-snapshots/20261010-101245-6df50fd/loopgain_dyn_ss_125c_rwcs_i25000ua_c1000nf_e375mohm.spice	625e962a606600d23e6f2497bc18f1746a51012393ce31154ec21fe903cef436	klt sim --backend batch corners/20261010-101245-6df50fd/_batch/g02_loopgain_dyn_ss_125c_rbcs_i0ua_c330nf_e125mohm/request.json (batch_backend.py; corner mos_ss__res_wcs__cap_typ @ 125C)	6df50fd	ihp-sg13cmos5l	ngspice-46 (EDA batch fleet runner, klt 0.5.0)
psrr	psrr_dyn_ss_125c_rwcs_i25000ua_c1000nf_e375mohm	mos_ss	res_wcs	125	25000e-6	1000n	375e-3	sim/ldo-cmos5l-pvt-sweep/netlist-snapshots/20261010-101245-6df50fd/psrr_dyn_ss_125c_rwcs_i25000ua_c1000nf_e375mohm.spice	465afb73774267a839e31e5201d362f52b6a81e5849e5cd5d06ae90c16986b8c	klt sim --backend batch corners/20261010-101245-6df50fd/_batch/g05_psrr_dyn_ss_125c_rbcs_i0ua_c330nf_e125mohm/request.json (batch_backend.py; corner mos_ss__res_wcs__cap_typ @ 125C)	6df50fd	ihp-sg13cmos5l	ngspice-46 (EDA batch fleet runner, klt 0.5.0)
loopgain	loopgain_dyn_ss_125c_rwcs_i25000ua_c2200nf_e125mohm	mos_ss	res_wcs	125	25000e-6	2200n	125e-3	sim/ldo-cmos5l-pvt-sweep/netlist-snapshots/20261010-101245-6df50fd/loopgain_dyn_ss_125c_rwcs_i25000ua_c2200nf_e125mohm.spice	38f4d8629a29e10965b33ea2531ef7df17b5dea8c37bcbb8b051521cb168dfb5	klt sim --backend batch corners/20261010-101245-6df50fd/_batch/g02_loopgain_dyn_ss_125c_rbcs_i0ua_c330nf_e125mohm/request.json (batch_backend.py; corner mos_ss__res_wcs__cap_typ @ 125C)	6df50fd	ihp-sg13cmos5l	ngspice-46 (EDA batch fleet runner, klt 0.5.0)
psrr	psrr_dyn_ss_125c_rwcs_i25000ua_c2200nf_e125mohm	mos_ss	res_wcs	125	25000e-6	2200n	125e-3	sim/ldo-cmos5l-pvt-sweep/netlist-snapshots/20261010-101245-6df50fd/psrr_dyn_ss_125c_rwcs_i25000ua_c2200nf_e125mohm.spice	56f1f027c069f66bcf1c45f1e6d53a8c6ffc5ef3375b031999697588fbf0c0cb	klt sim --backend batch corners/20261010-101245-6df50fd/_batch/g05_psrr_dyn_ss_125c_rbcs_i0ua_c330nf_e125mohm/request.json (batch_backend.py; corner mos_ss__res_wcs__cap_typ @ 125C)	6df50fd	ihp-sg13cmos5l	ngspice-46 (EDA batch fleet runner, klt 0.5.0)
loopgain	loopgain_dyn_ss_125c_rwcs_i25000ua_c2200nf_e375mohm	mos_ss	res_wcs	125	25000e-6	2200n	375e-3	sim/ldo-cmos5l-pvt-sweep/netlist-snapshots/20261010-101245-6df50fd/loopgain_dyn_ss_125c_rwcs_i25000ua_c2200nf_e375mohm.spice	371b477c4a970c0f78af75dba0f017b7e8c56bda2c50a75adc3af7f4c180b041	klt sim --backend batch corners/20261010-101245-6df50fd/_batch/g02_loopgain_dyn_ss_125c_rbcs_i0ua_c330nf_e125mohm/request.json (batch_backend.py; corner mos_ss__res_wcs__cap_typ @ 125C)	6df50fd	ihp-sg13cmos5l	ngspice-46 (EDA batch fleet runner, klt 0.5.0)
psrr	psrr_dyn_ss_125c_rwcs_i25000ua_c2200nf_e375mohm	mos_ss	res_wcs	125	25000e-6	2200n	375e-3	sim/ldo-cmos5l-pvt-sweep/netlist-snapshots/20261010-101245-6df50fd/psrr_dyn_ss_125c_rwcs_i25000ua_c2200nf_e375mohm.spice	18dff535cb5d158939631f8af9929951d727984196162c45eb635395d6f17ef7	klt sim --backend batch corners/20261010-101245-6df50fd/_batch/g05_psrr_dyn_ss_125c_rbcs_i0ua_c330nf_e125mohm/request.json (batch_backend.py; corner mos_ss__res_wcs__cap_typ @ 125C)	6df50fd	ihp-sg13cmos5l	ngspice-46 (EDA batch fleet runner, klt 0.5.0)
loopgain	loopgain_dyn_ss_125c_rwcs_i25000ua_c4700nf_e125mohm	mos_ss	res_wcs	125	25000e-6	4700n	125e-3	sim/ldo-cmos5l-pvt-sweep/netlist-snapshots/20261010-101245-6df50fd/loopgain_dyn_ss_125c_rwcs_i25000ua_c4700nf_e125mohm.spice	0ce68780ac77ea1f34d46a5f1a283b60ad5318956e3495c829f2aa40163171a5	klt sim --backend batch corners/20261010-101245-6df50fd/_batch/g02_loopgain_dyn_ss_125c_rbcs_i0ua_c330nf_e125mohm/request.json (batch_backend.py; corner mos_ss__res_wcs__cap_typ @ 125C)	6df50fd	ihp-sg13cmos5l	ngspice-46 (EDA batch fleet runner, klt 0.5.0)
psrr	psrr_dyn_ss_125c_rwcs_i25000ua_c4700nf_e125mohm	mos_ss	res_wcs	125	25000e-6	4700n	125e-3	sim/ldo-cmos5l-pvt-sweep/netlist-snapshots/20261010-101245-6df50fd/psrr_dyn_ss_125c_rwcs_i25000ua_c4700nf_e125mohm.spice	35504b4d0d2d4c91761eabc67d248e70cc4292579cc43a3635052495879f995b	klt sim --backend batch corners/20261010-101245-6df50fd/_batch/g05_psrr_dyn_ss_125c_rbcs_i0ua_c330nf_e125mohm/request.json (batch_backend.py; corner mos_ss__res_wcs__cap_typ @ 125C)	6df50fd	ihp-sg13cmos5l	ngspice-46 (EDA batch fleet runner, klt 0.5.0)
loopgain	loopgain_dyn_ss_125c_rwcs_i25000ua_c4700nf_e375mohm	mos_ss	res_wcs	125	25000e-6	4700n	375e-3	sim/ldo-cmos5l-pvt-sweep/netlist-snapshots/20261010-101245-6df50fd/loopgain_dyn_ss_125c_rwcs_i25000ua_c4700nf_e375mohm.spice	b7237adf81547650372e14db7743dde09bd21986d5dba8bbe3568176e3e79a3b	klt sim --backend batch corners/20261010-101245-6df50fd/_batch/g02_loopgain_dyn_ss_125c_rbcs_i0ua_c330nf_e125mohm/request.json (batch_backend.py; corner mos_ss__res_wcs__cap_typ @ 125C)	6df50fd	ihp-sg13cmos5l	ngspice-46 (EDA batch fleet runner, klt 0.5.0)
psrr	psrr_dyn_ss_125c_rwcs_i25000ua_c4700nf_e375mohm	mos_ss	res_wcs	125	25000e-6	4700n	375e-3	sim/ldo-cmos5l-pvt-sweep/netlist-snapshots/20261010-101245-6df50fd/psrr_dyn_ss_125c_rwcs_i25000ua_c4700nf_e375mohm.spice	6bf172b5be23c66135b8a216efe4d20a0d244113e2fd7ba8f6050ecee2902022	klt sim --backend batch corners/20261010-101245-6df50fd/_batch/g05_psrr_dyn_ss_125c_rbcs_i0ua_c330nf_e125mohm/request.json (batch_backend.py; corner mos_ss__res_wcs__cap_typ @ 125C)	6df50fd	ihp-sg13cmos5l	ngspice-46 (EDA batch fleet runner, klt 0.5.0)
loopgain	loopgain_dyn_ss_125c_rwcs_i13000ua_c2200nf_e250mohm	mos_ss	res_wcs	125	13000e-6	2200n	250e-3	sim/ldo-cmos5l-pvt-sweep/netlist-snapshots/20261010-101245-6df50fd/loopgain_dyn_ss_125c_rwcs_i13000ua_c2200nf_e250mohm.spice	af1d04b620dc90e99e92dbf03e09cf2c54b6c8f420371c7439a2e21715ad404b	klt sim --backend batch corners/20261010-101245-6df50fd/_batch/g02_loopgain_dyn_ss_125c_rbcs_i0ua_c330nf_e125mohm/request.json (batch_backend.py; corner mos_ss__res_wcs__cap_typ @ 125C)	6df50fd	ihp-sg13cmos5l	ngspice-46 (EDA batch fleet runner, klt 0.5.0)
psrr	psrr_dyn_ss_125c_rwcs_i13000ua_c2200nf_e250mohm	mos_ss	res_wcs	125	13000e-6	2200n	250e-3	sim/ldo-cmos5l-pvt-sweep/netlist-snapshots/20261010-101245-6df50fd/psrr_dyn_ss_125c_rwcs_i13000ua_c2200nf_e250mohm.spice	bdf82a4f9beaa32ce8144f523eacd36c41629c4f2eb0697827364d7ffe315c25	klt sim --backend batch corners/20261010-101245-6df50fd/_batch/g05_psrr_dyn_ss_125c_rbcs_i0ua_c330nf_e125mohm/request.json (batch_backend.py; corner mos_ss__res_wcs__cap_typ @ 125C)	6df50fd	ihp-sg13cmos5l	ngspice-46 (EDA batch fleet runner, klt 0.5.0)
loopgain	loopgain_dyn_ss_125c_rwcs_i37500ua_c4700nf_e0mohm	mos_ss	res_wcs	125	37500e-6	4700n	0	sim/ldo-cmos5l-pvt-sweep/netlist-snapshots/20261010-101245-6df50fd/loopgain_dyn_ss_125c_rwcs_i37500ua_c4700nf_e0mohm.spice	40dfd63911f0e831dda3d4ceea9431fea03af54c7ae2882cb7c2c16c8440650b	klt sim --backend batch corners/20261010-101245-6df50fd/_batch/g02_loopgain_dyn_ss_125c_rbcs_i0ua_c330nf_e125mohm/request.json (batch_backend.py; corner mos_ss__res_wcs__cap_typ @ 125C)	6df50fd	ihp-sg13cmos5l	ngspice-46 (EDA batch fleet runner, klt 0.5.0)
psrr	psrr_dyn_ss_125c_rwcs_i37500ua_c4700nf_e0mohm	mos_ss	res_wcs	125	37500e-6	4700n	0	sim/ldo-cmos5l-pvt-sweep/netlist-snapshots/20261010-101245-6df50fd/psrr_dyn_ss_125c_rwcs_i37500ua_c4700nf_e0mohm.spice	86cd8a4d2a006f0ec4296b626dc3748e447a7d9689de5fb0589b25d471ea0c6e	klt sim --backend batch corners/20261010-101245-6df50fd/_batch/g05_psrr_dyn_ss_125c_rbcs_i0ua_c330nf_e125mohm/request.json (batch_backend.py; corner mos_ss__res_wcs__cap_typ @ 125C)	6df50fd	ihp-sg13cmos5l	ngspice-46 (EDA batch fleet runner, klt 0.5.0)
loopgain	loopgain_dyn_ss_125c_rwcs_i13000ua_c4700nf_e250mohm	mos_ss	res_wcs	125	13000e-6	4700n	250e-3	sim/ldo-cmos5l-pvt-sweep/netlist-snapshots/20261010-101245-6df50fd/loopgain_dyn_ss_125c_rwcs_i13000ua_c4700nf_e250mohm.spice	d8222de2ce9fddd1fd76d8386c4c1578fe0b07b5248c1ebcb85e560a9c74d1d0	klt sim --backend batch corners/20261010-101245-6df50fd/_batch/g02_loopgain_dyn_ss_125c_rbcs_i0ua_c330nf_e125mohm/request.json (batch_backend.py; corner mos_ss__res_wcs__cap_typ @ 125C)	6df50fd	ihp-sg13cmos5l	ngspice-46 (EDA batch fleet runner, klt 0.5.0)
psrr	psrr_dyn_ss_125c_rwcs_i13000ua_c4700nf_e250mohm	mos_ss	res_wcs	125	13000e-6	4700n	250e-3	sim/ldo-cmos5l-pvt-sweep/netlist-snapshots/20261010-101245-6df50fd/psrr_dyn_ss_125c_rwcs_i13000ua_c4700nf_e250mohm.spice	f6f188f231530fbf6ffb5f67cbe756b78a89701b9d053061322d21a6aa60e95d	klt sim --backend batch corners/20261010-101245-6df50fd/_batch/g05_psrr_dyn_ss_125c_rbcs_i0ua_c330nf_e125mohm/request.json (batch_backend.py; corner mos_ss__res_wcs__cap_typ @ 125C)	6df50fd	ihp-sg13cmos5l	ngspice-46 (EDA batch fleet runner, klt 0.5.0)
loopgain	loopgain_dyn_ss_125c_rwcs_i37500ua_c4700nf_e250mohm	mos_ss	res_wcs	125	37500e-6	4700n	250e-3	sim/ldo-cmos5l-pvt-sweep/netlist-snapshots/20261010-101245-6df50fd/loopgain_dyn_ss_125c_rwcs_i37500ua_c4700nf_e250mohm.spice	edacdeabc6446b9606743d139badbe0c425ff3cb3e1ce64949aedcec64c40c9f	klt sim --backend batch corners/20261010-101245-6df50fd/_batch/g02_loopgain_dyn_ss_125c_rbcs_i0ua_c330nf_e125mohm/request.json (batch_backend.py; corner mos_ss__res_wcs__cap_typ @ 125C)	6df50fd	ihp-sg13cmos5l	ngspice-46 (EDA batch fleet runner, klt 0.5.0)
psrr	psrr_dyn_ss_125c_rwcs_i37500ua_c4700nf_e250mohm	mos_ss	res_wcs	125	37500e-6	4700n	250e-3	sim/ldo-cmos5l-pvt-sweep/netlist-snapshots/20261010-101245-6df50fd/psrr_dyn_ss_125c_rwcs_i37500ua_c4700nf_e250mohm.spice	14ab9664fe689f74f0370c0444ede03a20a9c7ac14f4fc92ab58ba8b0ead5627	klt sim --backend batch corners/20261010-101245-6df50fd/_batch/g05_psrr_dyn_ss_125c_rbcs_i0ua_c330nf_e125mohm/request.json (batch_backend.py; corner mos_ss__res_wcs__cap_typ @ 125C)	6df50fd	ihp-sg13cmos5l	ngspice-46 (EDA batch fleet runner, klt 0.5.0)
loopgain	loopgain_dyn_ss_125c_rwcs_i25000ua_c1600nf_e0mohm	mos_ss	res_wcs	125	25000e-6	1600n	0	sim/ldo-cmos5l-pvt-sweep/netlist-snapshots/20261010-101245-6df50fd/loopgain_dyn_ss_125c_rwcs_i25000ua_c1600nf_e0mohm.spice	9e0a07aeb6e58f06e1fc10cff48891bf1df50efd2c805b27dfcb05e8a80d21e8	klt sim --backend batch corners/20261010-101245-6df50fd/_batch/g02_loopgain_dyn_ss_125c_rbcs_i0ua_c330nf_e125mohm/request.json (batch_backend.py; corner mos_ss__res_wcs__cap_typ @ 125C)	6df50fd	ihp-sg13cmos5l	ngspice-46 (EDA batch fleet runner, klt 0.5.0)
psrr	psrr_dyn_ss_125c_rwcs_i25000ua_c1600nf_e0mohm	mos_ss	res_wcs	125	25000e-6	1600n	0	sim/ldo-cmos5l-pvt-sweep/netlist-snapshots/20261010-101245-6df50fd/psrr_dyn_ss_125c_rwcs_i25000ua_c1600nf_e0mohm.spice	9db8845d617c0617e9dfe835ad410c3f735ba53ea55993a817dd752e402a5c13	klt sim --backend batch corners/20261010-101245-6df50fd/_batch/g05_psrr_dyn_ss_125c_rbcs_i0ua_c330nf_e125mohm/request.json (batch_backend.py; corner mos_ss__res_wcs__cap_typ @ 125C)	6df50fd	ihp-sg13cmos5l	ngspice-46 (EDA batch fleet runner, klt 0.5.0)
