point,mos,temp,res,vin,load_ma,cout_nf,esr_mohm,tmax_ns,group,corner_status,raw_sha256,trace_file,trace_sha256,samples,verdict,vin_v,off_vout_max_v,off_vout_min_v,off_vout_end_v,off_supply_current_a,start_observed_s,start_max_dt_s,start_vout_at_enable_v,start_peak_vout_v,start_overshoot_v,start_peak_time_s,start_final_vout_v,start_first_band_entry_s,start_settled,start_settle_time_s,start_early_entry_then_exit,start_t10_s,start_t90_s,start_rise_10_90_s,start_max_down_excursion_v,start_reversals_gt_0.1mV,start_reversals_gt_1mV,start_reversals_gt_10mV,start_monotonic,start_max_vsg_pass_v,start_max_vgd_pass_v,start_min_eaout_v,start_max_vds_pass_v,start_peak_supply_current_a,reen_off_vout_start_v,reen_off_vout_end_v,reen_observed_s,reen_max_dt_s,reen_vout_at_enable_v,reen_peak_vout_v,reen_overshoot_v,reen_peak_time_s,reen_final_vout_v,reen_first_band_entry_s,reen_settled,reen_settle_time_s,reen_early_entry_then_exit,reen_t10_s,reen_t90_s,reen_rise_10_90_s,reen_max_down_excursion_v,reen_reversals_gt_0.1mV,reen_reversals_gt_1mV,reen_reversals_gt_10mV,reen_monotonic,reen_max_vsg_pass_v,reen_max_vgd_pass_v,reen_min_eaout_v,reen_max_vds_pass_v,reen_peak_supply_current_a,start_pass,reen_pass,stress_gt_ref,max_vsg_men_v,pass,reasons
st_ff_-40c_rbcs_v2970mv_i1ma_c1000nf_e0mohm_t1000ns,ff,-40,bcs,2.97,1,1000,0,1000,g000_ff_rbcs_i1ma_c1000nf_e0mohm_t1000ns,pass,572347550c17b35839c207cca505077c5ad4ee4212096ee99fbe79540afd0251,20261010-104827-91e92aa-startup-grid.traces/st_ff_-40c_rbcs_v2970mv_i1ma_c1000nf_e0mohm_t1000ns.csv.gz,2e1eb5478337e92a468ac2a1c46f82cd7ed0fbd6416e90e7c921e735255cde9c,15067,fail,2.97,2.189767546571056e-06,2.189497815373047e-06,2.189497815373047e-06,1.784260147097783e-05,0.006,1.000000000001e-06,2.1882209211405114e-06,2.082159120961319,0.282159120961319,5.85371996661508e-06,1.799938813457824,0.00023210326712969423,True,0.00023158068307903033,False,8.480001437149823e-07,3.8080835090932247e-06,2.9600833653782425e-06,0.2466939026036341,1,1,1,False,2.9667895878853976,2.9618185489135014,0.00321041211460275,2.9699978127367497,0.5131069453480988,1.7998986447167293,0.5904191114771086,0.005999499999999998,1.000000000001e-06,0.5903532649516403,1.989672098283657,0.18967209828365705,4.2818124552663345e-06,1.800187684960908,0.0001486532707774546,True,0.00014849489635680426,False,,2.5960280329002777e-06,,0.15383420221295507,1,1,1,False,2.9667767705070944,2.175342553195051,0.003223229492905563,2.379665359310062,0.4969618511839164,False,False,False,2.97,False,start_peak 2.082159 V above 1.836 V | start_downward excursion 246.6939 mV > 1 mV | reen_peak 1.989672 V above 1.836 V | reen_downward excursion 153.8342 mV > 1 mV
st_ff_-40c_rbcs_v3300mv_i1ma_c1000nf_e0mohm_t1000ns,ff,-40,bcs,3.30,1,1000,0,1000,g000_ff_rbcs_i1ma_c1000nf_e0mohm_t1000ns,pass,b73a0c9f3279a5e37f055276eacca86079d6c6d7c7210463951e64154d61544d,20261010-104827-91e92aa-startup-grid.traces/st_ff_-40c_rbcs_v3300mv_i1ma_c1000nf_e0mohm_t1000ns.csv.gz,b7edb7f789ba553de210889f060cecdfa7444c4a90916643d08b69b9d8e7ce84,15082,fail,3.3,4.652576143215865e-06,4.650215794623873e-06,4.650215794623873e-06,0.0001623770536174357,0.006,1.000000000001e-06,4.643634659055968e-06,2.127579213459732,0.32757921345973195,5.101567380988957e-06,1.800042200674564,0.00026975780528405583,True,0.00026954414952519846,False,8.02506617185644e-07,3.1553870655938415e-06,2.3528804484081976e-06,0.291797893800555,1,1,1,False,3.29671970076887,3.252929608761649,0.00328029923112979,3.299995359202474,0.6401850728883075,1.7999699726289096,0.5904426724547592,0.005999499999999998,1.000000000001e-06,0.59037683252102,2.020393700011836,0.2203937000118359,3.986628045219223e-06,1.800240564624039,2.6300646408707745e-06,True,0.00017568776663669607,True,,2.2464296459451944e-06,,0.18454685068782695,1,1,1,False,3.296893488839236,2.542681998380829,0.003106511160763898,2.7096448788881,0.6194769803364081,False,False,False,3.3,False,start_peak 2.127579 V above 1.836 V | start_downward excursion 291.7979 mV > 1 mV | reen_peak 2.020394 V above 1.836 V | reen_downward excursion 184.5469 mV > 1 mV
st_ff_-40c_rbcs_v3630mv_i1ma_c1000nf_e0mohm_t1000ns,ff,-40,bcs,3.63,1,1000,0,1000,g000_ff_rbcs_i1ma_c1000nf_e0mohm_t1000ns,pass,c2f9da87edd1db226190ea61b44c2e694ded61e9f727b202f2aac83738a05dcb,20261010-104827-91e92aa-startup-grid.traces/st_ff_-40c_rbcs_v3630mv_i1ma_c1000nf_e0mohm_t1000ns.csv.gz,af07757c7dee9e3034b1418db1c2adfc7692522a916b4627207ade4842ed1264,15089,fail,3.63,8.843495373293507e-06,8.838987120991732e-06,8.838987120991732e-06,0.0003526902635185087,0.005999999999999999,1.000000000001e-06,8.826804732312192e-06,2.159202740671077,0.35920274067107694,4.6627682711007125e-06,1.80003846770485,0.0002958094739333578,True,0.0002955759055507914,False,7.941684209014264e-07,2.731583573515852e-06,1.937415152614425e-06,0.32344179926918204,1,1,1,False,3.6270572883873875,3.5386690389799034,0.002942711612612196,3.6299911787207453,0.7745636611484185,1.7999984961419198,0.5904652130258309,0.0059995,1.000000000001e-06,0.5903866360637016,2.205947050826042,0.4059470508260421,3.954230767941672e-06,1.800296309711964,0.00033351065013134847,True,0.00033329317111923117,False,,1.948743385486321e-06,,0.3701696438610791,1,1,1,False,3.6269027061140338,2.897539879169359,0.003097293885966249,3.039635837728257,0.7490216268460731,False,False,True,3.63,False,start_peak 2.159203 V above 1.836 V | start_downward excursion 323.4418 mV > 1 mV | reen_peak 2.205947 V above 1.836 V | reen_downward excursion 370.1696 mV > 1 mV
st_ff_27c_rbcs_v2970mv_i1ma_c1000nf_e0mohm_t1000ns,ff,27,bcs,2.97,1,1000,0,1000,g000_ff_rbcs_i1ma_c1000nf_e0mohm_t1000ns,pass,82106fe56d47b7e0757c40337de54a040bcd888d3abd428d5ce400f1d25dd96b,20261010-104827-91e92aa-startup-grid.traces/st_ff_27c_rbcs_v2970mv_i1ma_c1000nf_e0mohm_t1000ns.csv.gz,36a8f2209c3888e4e2914812b32cc9e2390161b53b8f997f11e4db20f608a200,15077,fail,2.97,7.938879077318838e-06,7.936586895178503e-06,7.936586895178503e-06,0.0001153420910045012,0.006,1.000000000001e-06,7.930173029621954e-06,2.001604068132031,0.20160406813203102,6.274701993576239e-06,1.800005674365027,0.00016170274884685638,True,0.0001611298427752756,False,9.257494254177194e-07,4.300870495242952e-06,3.3751210698252326e-06,0.166190643974369,1,1,1,False,2.9654566803644196,2.9255004438785477,0.004543319635580657,2.969992072595752,0.451081222381525,1.7999749447547138,0.590093188612366,0.005999499999999998,1.000000000001e-06,0.5900273599356182,1.9640515978809,0.16405159788089985,4.9360023400731035e-06,1.800228475230838,0.00012622921277001369,True,0.00012582997432498846,False,,2.99861185158375e-06,,0.12846040191151897,1,1,1,False,2.965464347034232,2.261218733449282,0.004535652965768508,2.3799964662946493,0.4359522442115068,False,False,False,2.97,False,start_peak 2.001604 V above 1.836 V | start_downward excursion 166.1906 mV > 1 mV | reen_peak 1.964052 V above 1.836 V | reen_downward excursion 128.4604 mV > 1 mV
st_ff_27c_rbcs_v3300mv_i1ma_c1000nf_e0mohm_t1000ns,ff,27,bcs,3.30,1,1000,0,1000,g000_ff_rbcs_i1ma_c1000nf_e0mohm_t1000ns,pass,2b22a4bda6c5903740491a06b4846a5137200511959ed6c2d7ebd7d5ec9c2626,20261010-104827-91e92aa-startup-grid.traces/st_ff_27c_rbcs_v3300mv_i1ma_c1000nf_e0mohm_t1000ns.csv.gz,944cc132bb3b3690630e9fd0df1afca7971bcae6eff4cb82b0b408753cb45184,15085,fail,3.3,1.453961780862963e-05,1.453687190569401e-05,1.453687190569401e-05,0.0001614301722545594,0.006000000000000001,1.000000000001e-06,1.4529427594917327e-05,2.039738209328176,0.2397382093281759,5.35585702596611e-06,1.800018975986343,0.00019488358297608415,True,0.0001940627660615596,False,9.002652411202072e-07,3.5799528114296723e-06,2.679687570309465e-06,0.204578495097556,1,1,1,False,3.295586841681384,3.2453825426518117,0.004413158318616108,3.2999854741651347,0.5615875036238088,1.7999901343126845,0.5900987643980867,0.0059995,1.0000000000044695e-06,0.5900329387374504,2.118947784033745,0.3189477840337449,4.419696119809663e-06,1.80028315677093,0.0002621335420501976,True,0.0002615390618232234,False,,2.518579458929741e-06,,0.283556441490177,1,1,1,False,3.2955235345822986,2.606191598923723,0.004476465417701319,2.709995080233326,0.5427844141091697,False,False,False,3.3,False,start_peak 2.039738 V above 1.836 V | start_downward excursion 204.5785 mV > 1 mV | reen_peak 2.118948 V above 1.836 V | reen_downward excursion 283.5564 mV > 1 mV
st_ff_27c_rbcs_v3630mv_i1ma_c1000nf_e0mohm_t1000ns,ff,27,bcs,3.63,1,1000,0,1000,g000_ff_rbcs_i1ma_c1000nf_e0mohm_t1000ns,pass,ce5338956f54b504d7277c3b695f055595b7c2e012c1a37aff38291df6a79b51,20261010-104827-91e92aa-startup-grid.traces/st_ff_27c_rbcs_v3630mv_i1ma_c1000nf_e0mohm_t1000ns.csv.gz,f8296e7b5a97e6d4b23196347b63805694e11fee9be74cdea90c8663cc73d829,15092,fail,3.63,2.49262707194762e-05,2.492327195491575e-05,2.492327195491575e-05,0.0002015877125439641,0.006,1.000000000001e-06,2.4913278093434152e-05,2.25908287690469,0.45908287690468996,5.0886837754959575e-06,1.800098220920899,0.00037770706146577184,True,0.0003771443758174179,False,8.543028658435939e-07,3.053548862532473e-06,2.199245996688879e-06,0.4236589917295981,1,1,1,False,3.6252826467889743,3.5558595392867973,0.004717353211025796,3.6299750942173024,0.6802119561186665,1.800043148205047,0.5901316898009153,0.0059995,1.0000000000044695e-06,0.5900517490107619,2.114996315882786,0.31499631588278576,3.905806848447657e-06,1.800341953125428,0.00025796374944351066,True,0.0002576599868918993,False,,2.17897048461326e-06,,0.27930737301263275,1,1,1,False,3.6250378164118957,2.944514449678082,0.004962183588104283,3.039981139985273,0.6589610578660663,False,False,True,3.63,False,start_peak 2.259083 V above 1.836 V | start_downward excursion 423.6590 mV > 1 mV | reen_peak 2.114996 V above 1.836 V | reen_downward excursion 279.3074 mV > 1 mV
st_ff_125c_rbcs_v2970mv_i1ma_c1000nf_e0mohm_t1000ns,ff,125,bcs,2.97,1,1000,0,1000,g000_ff_rbcs_i1ma_c1000nf_e0mohm_t1000ns,pass,5828c4c852e8a3401d618825360d57f648d4622e0ecb163b34700e0e2c85cfc4,20261010-104827-91e92aa-startup-grid.traces/st_ff_125c_rbcs_v2970mv_i1ma_c1000nf_e0mohm_t1000ns.csv.gz,1442cd90a5c9acede7c02a2751429020c6ca254b5f949615574e4be878407fa0,15086,fail,2.97,0.0004713253103454626,0.0004713249982680215,0.0004713253103454626,7.496895228609838e-05,0.006,1.000000000001e-06,0.00047133054519356087,1.973550074625723,0.17355007462572303,7.268210097970216e-06,1.800056381547424,0.00013697480295794904,True,0.0001367076699633773,False,1.0715237940156754e-06,5.120536270737422e-06,4.049012476721746e-06,0.137823852446342,1,1,1,False,2.963336463769871,2.93429741498785,0.006663536230129124,2.969528666518058,0.3781229332060168,1.8000080833482544,0.589766181070364,0.005999499999999998,1.0000000000044695e-06,0.5897004008253041,1.963200814777062,0.16320081477706205,5.74298287090054e-06,1.800312670525707,0.0001264340559627361,True,0.00012576178931230747,False,,3.5486443597812544e-06,,0.1278896479295062,1,1,1,False,2.9626005762539585,2.3337661701174257,0.007399423746041781,2.3803938606248183,0.364853160294312,False,False,False,2.97,False,start_peak 1.973550 V above 1.836 V | start_downward excursion 137.8239 mV > 1 mV | reen_peak 1.963201 V above 1.836 V | reen_downward excursion 127.8896 mV > 1 mV
st_ff_125c_rbcs_v3300mv_i1ma_c1000nf_e0mohm_t1000ns,ff,125,bcs,3.30,1,1000,0,1000,g000_ff_rbcs_i1ma_c1000nf_e0mohm_t1000ns,pass,21ca96c4c674b8ee4d3ef2ddaa5949f42958c521c5b133ddb9ef9741cea8e1c3,20261010-104827-91e92aa-startup-grid.traces/st_ff_125c_rbcs_v3300mv_i1ma_c1000nf_e0mohm_t1000ns.csv.gz,58c7c85becb342d3b76c2e716d3113dc2815979b0a71ba482a8fc82862790e84,15081,fail,3.3,0.0005101253833843983,0.0005101250266483301,0.0005101253833843983,8.454947957015223e-05,0.005999999999999999,1.000000000001e-06,0.0005101323461635961,2.094357165064348,0.29435716506434795,6.441213993588083e-06,1.800093067598079,0.00024329701936301614,True,0.00024235168554278218,False,1.0027452220488207e-06,4.236563409016149e-06,3.2338181869673277e-06,0.25932564165010197,1,1,1,False,3.2926519310068696,3.259979582961775,0.007348068993130254,3.2994898624317517,0.4698011462237519,1.8000362816482893,0.5897816364149064,0.005999499999999998,1.0000000000027348e-06,0.5897158584674937,1.943549222954621,0.14354922295462091,4.648323234412652e-06,1.800373706806455,3.499857233524306e-06,True,0.00010674513959745768,True,,2.969903865851262e-06,,0.108403324516549,2,1,1,False,3.2924241360752653,2.6618550413145114,0.007575863924734604,2.7103841990769486,0.4545573519527361,False,False,False,3.3,False,start_peak 2.094357 V above 1.836 V | start_downward excursion 259.3256 mV > 1 mV | reen_peak 1.943549 V above 1.836 V | reen_downward excursion 108.4033 mV > 1 mV
st_ff_125c_rbcs_v3630mv_i1ma_c1000nf_e0mohm_t1000ns,ff,125,bcs,3.63,1,1000,0,1000,g000_ff_rbcs_i1ma_c1000nf_e0mohm_t1000ns,pass,fe3130ec2527598af0d30cd08ddfad9090f296262568a2466c42180a1d4ba872,20261010-104827-91e92aa-startup-grid.traces/st_ff_125c_rbcs_v3630mv_i1ma_c1000nf_e0mohm_t1000ns.csv.gz,338558e5f770e13ebc49e6998573756896d463add011220e5019281af43236fc,15092,fail,3.63,0.000561596322379129,0.0005615958985496171,0.000561596322379129,9.604300506221997e-05,0.006,1.000000000001e-06,0.0005616033923229232,2.065861212781381,0.26586121278138086,5.681298247831815e-06,1.80010132980542,0.0002171547499750469,True,0.00021702661496320681,False,9.419966442425014e-07,3.609760887836518e-06,2.6677642435940167e-06,0.229992543771683,1,1,1,False,3.6241064411106354,3.590566683731528,0.005893558889364355,3.6294383913052193,0.5683655286219823,1.8000935839401708,0.5898122674393561,0.0059995,1.000000000001e-06,0.5897464880085559,2.059055614148295,0.25905561414829514,4.507211471287478e-06,1.800441971342716,0.00021071340354824122,True,0.00020994355931151258,False,,2.5471248383409695e-06,,0.22384437748979824,2,1,1,False,3.6241007479914447,2.9959554600632097,0.005899252008555378,3.040358532707631,0.5514792474789407,False,False,True,3.63,False,start_peak 2.065861 V above 1.836 V | start_downward excursion 229.9925 mV > 1 mV | reen_peak 2.059056 V above 1.836 V | reen_downward excursion 223.8444 mV > 1 mV
st_ff_-40c_rtyp_v2970mv_i1ma_c1000nf_e0mohm_t1000ns,ff,-40,typ,2.97,1,1000,0,1000,g001_ff_rtyp_i1ma_c1000nf_e0mohm_t1000ns,pass,086bb8c6c8c0694877defa9b7d7d3faa3ce4a3b88feb2103aee1b31d997c1a94,20261010-104827-91e92aa-startup-grid.traces/st_ff_-40c_rtyp_v2970mv_i1ma_c1000nf_e0mohm_t1000ns.csv.gz,e71087b694d57d0ff740a33cf28306950e8bf332cce4de1598fb5515d9268799,15068,fail,2.97,2.191577470289069e-06,2.191309034171061e-06,2.191309034171061e-06,1.782442928729328e-05,0.006,1.000000000001e-06,2.1900321231369177e-06,1.967916032615105,0.16791603261510502,5.406658000559105e-06,1.799967383489176,0.00013043048685171515,True,0.00013008576256432784,False,8.473736007130388e-07,3.835389070141191e-06,2.9880154694281524e-06,0.13226854902128515,1,1,1,False,2.966864491182651,2.961790267248701,0.003135508817349163,2.9699978109255603,0.5140685510557247,1.7999509994280782,0.5909756654403364,0.005999499999999998,1.000000000001e-06,0.5909098099277919,2.097052355948572,0.29705235594857204,4.714264693244166e-06,1.800187693645307,0.00024420397139413713,True,0.00024342386300971397,False,,2.578268641574442e-06,,0.26184990441661005,1,1,1,False,2.9668882741583196,2.1714454345473393,0.00311172584168065,2.3791079480135475,0.4960152190047435,False,False,False,2.97,False,start_peak 1.967916 V above 1.836 V | start_downward excursion 132.2685 mV > 1 mV | reen_peak 2.097052 V above 1.836 V | reen_downward excursion 261.8499 mV > 1 mV
st_ff_-40c_rtyp_v3300mv_i1ma_c1000nf_e0mohm_t1000ns,ff,-40,typ,3.30,1,1000,0,1000,g001_ff_rtyp_i1ma_c1000nf_e0mohm_t1000ns,pass,2cd755798d27a31ff20206733ae96051960166049e23c9fb0fa33f8658605ed7,20261010-104827-91e92aa-startup-grid.traces/st_ff_-40c_rtyp_v3300mv_i1ma_c1000nf_e0mohm_t1000ns.csv.gz,c3678642a544f18c4060ca30a6dc52fc338f1d61301435de1ce61c9ab363f39b,15074,fail,3.3,4.656409874310027e-06,4.654049027090538e-06,4.654049027090538e-06,0.0001626307830900316,0.005999999999999999,1.000000000001e-06,4.647435069673495e-06,2.012746467521509,0.21274646752150894,4.885338251421709e-06,1.800048156143022,3.5830112816946907e-06,True,0.00016991810597446577,True,7.911033564630054e-07,3.199368292232148e-06,2.4082649357691426e-06,0.17765471661425503,1,1,1,False,3.2968466904736706,3.252674762027004,0.003153309526329061,3.299995355384844,0.6407115645366469,1.7999650904616349,0.5909804549546106,0.005999499999999998,1.0000000000027348e-06,0.590914608588165,2.08084181026041,0.2808418102604098,4.117053078294894e-06,1.800240570684021,0.00022932736044524102,True,0.0002288926678398139,False,,2.2046022495367e-06,,0.24528630635610082,1,1,1,False,3.2969573087366797,2.540509689052734,0.003042691263320084,2.709106268658569,0.6199528159937722,False,False,False,3.3,False,start_peak 2.012746 V above 1.836 V | start_downward excursion 177.6547 mV > 1 mV | reen_peak 2.080842 V above 1.836 V | reen_downward excursion 245.2863 mV > 1 mV
st_ff_-40c_rtyp_v3630mv_i1ma_c1000nf_e0mohm_t1000ns,ff,-40,typ,3.63,1,1000,0,1000,g001_ff_rtyp_i1ma_c1000nf_e0mohm_t1000ns,pass,2dc0ab667f8e2fa80dd1c595ef6a77f89297a8725f7659e5a1045b0a23d22e30,20261010-104827-91e92aa-startup-grid.traces/st_ff_-40c_rtyp_v3630mv_i1ma_c1000nf_e0mohm_t1000ns.csv.gz,545c7842e5d79e2deeff46764183da5de58d20b946b169cf93d71170d09026fd,15087,fail,3.63,8.850745584345414e-06,8.84622409831569e-06,8.84622409831569e-06,0.0003535024720149457,0.006,1.0000000000014338e-06,8.83408398549824e-06,2.091883397339091,0.2918833973390911,4.5825996408219594e-06,1.800033528168399,0.00023942826036624188,True,0.00023886086098069822,False,7.673843625725294e-07,2.7354833125727268e-06,1.9680989500001974e-06,0.2564635502210262,1,1,1,False,3.626985146267524,3.538943290845886,0.003014853732475855,3.6299911711786583,0.7743158558940887,1.8000180461280262,0.590998284570566,0.0059995,1.000000000001e-06,0.5909324410017012,2.269787704321649,0.46978770432164896,3.999779394721695e-06,1.800296321229392,2.1900259743416056e-06,True,0.0003848352603296273,True,,1.919732939629264e-06,,0.433830474093057,1,1,1,False,3.626968635571493,2.8890339555449462,0.003031364428506982,3.039092740570683,0.7493495235411523,False,False,True,3.63,False,start_peak 2.091883 V above 1.836 V | start_downward excursion 256.4636 mV > 1 mV | reen_peak 2.269788 V above 1.836 V | reen_downward excursion 433.8305 mV > 1 mV
st_ff_27c_rtyp_v2970mv_i1ma_c1000nf_e0mohm_t1000ns,ff,27,typ,2.97,1,1000,0,1000,g001_ff_rtyp_i1ma_c1000nf_e0mohm_t1000ns,pass,a1a4dde28c1dc7ed46abd2278f55296e7bbe698c1c0f8898794c2bc6fdccdd80,20261010-104827-91e92aa-startup-grid.traces/st_ff_27c_rtyp_v2970mv_i1ma_c1000nf_e0mohm_t1000ns.csv.gz,2b34870c839d3ea6f99129c6e4ff7fabb103f6e81ec7fe197df0a9d8413f98ea,15083,fail,2.97,7.946450182657213e-06,7.944157958043434e-06,7.944157958043434e-06,0.0001155528231380285,0.006,1.000000000001e-06,7.93771145259624e-06,1.944971788261961,0.144971788261961,6.1937447523162815e-06,1.800030435663183,0.00011039452616800238,True,0.00010968166580963951,False,9.19545212169099e-07,4.29185657463738e-06,3.372311362468281e-06,0.10970090563895996,1,1,1,False,2.9655491767481266,2.925241351358565,0.004450823251873467,2.9699920650391385,0.4513072813281647,1.7999711125417677,0.59071919751755,0.005999499999999998,1.000000000001e-06,0.5906533615033016,1.977004002987399,0.17700400298739893,4.8719183494382035e-06,1.800228483521814,3.4819210156366437e-06,True,0.00013767900462793143,True,,2.9857105684046605e-06,,0.14141546729309495,1,1,1,False,2.9655545725662145,2.2594706267902485,0.004445427433785599,2.379369759847064,0.4357176311165183,False,False,False,2.97,False,start_peak 1.944972 V above 1.836 V | start_downward excursion 109.7009 mV > 1 mV | reen_peak 1.977004 V above 1.836 V | reen_downward excursion 141.4155 mV > 1 mV
st_ff_27c_rtyp_v3300mv_i1ma_c1000nf_e0mohm_t1000ns,ff,27,typ,3.30,1,1000,0,1000,g001_ff_rtyp_i1ma_c1000nf_e0mohm_t1000ns,pass,06cf96e3261f2c4796481aff52f31b775be3e49862cc7334e0a16482bb4c3a76,20261010-104827-91e92aa-startup-grid.traces/st_ff_27c_rtyp_v3300mv_i1ma_c1000nf_e0mohm_t1000ns.csv.gz,b2accb93d577fa416df718765d9fb6f01ff28a31a9092fbfb11e6b1712782024,15083,fail,3.3,1.45534703935074e-05,1.455072321211364e-05,1.455072321211364e-05,0.0001617289304530793,0.005999999999999999,1.000000000001e-06,1.4543302168967585e-05,2.121088039048467,0.32108803904846694,5.587730459236757e-06,1.800043855683442,0.0002654061812139457,True,0.00026465676199043044,False,8.765358638051662e-07,3.5596743821111337e-06,2.6831385183059677e-06,0.28585453342036793,1,1,1,False,3.29564563774297,3.24546502888423,0.004354362257029871,3.2999854601692586,0.5615990067930163,1.8000006410823466,0.5907294832432031,0.005999499999999998,1.000000000001e-06,0.5906636497906345,1.996187200735482,0.1961872007354819,4.34025544526935e-06,1.800283172304135,2.9259516214161924e-06,True,0.00015447898709016925,True,,2.489818880914993e-06,,0.16059332372038004,1,1,1,False,3.2956380349823347,2.604623556972695,0.004361965017665339,2.709363792188632,0.5432143864073538,False,False,False,3.3,False,start_peak 2.121088 V above 1.836 V | start_downward excursion 285.8545 mV > 1 mV | reen_peak 1.996187 V above 1.836 V | reen_downward excursion 160.5933 mV > 1 mV
st_ff_27c_rtyp_v3630mv_i1ma_c1000nf_e0mohm_t1000ns,ff,27,typ,3.63,1,1000,0,1000,g001_ff_rtyp_i1ma_c1000nf_e0mohm_t1000ns,pass,017a56d205fe539c710c3ea8f516b7699d74ed08907f48ff8746993f83aff80a,20261010-104827-91e92aa-startup-grid.traces/st_ff_27c_rtyp_v3630mv_i1ma_c1000nf_e0mohm_t1000ns.csv.gz,102f61d10b762e478bd877992753b4e7084aa4d3372b1c2f79095e597b6046c5,15084,fail,3.63,2.495003827173638e-05,2.49470372509573e-05,2.49470372509573e-05,0.0002019684989607886,0.006,1.000000000001e-06,2.4938735190214755e-05,2.338632910583756,0.538632910583756,5.508058846746908e-06,1.800063987096312,0.0004403733066635639,True,0.00043982102785147966,False,8.335204425953791e-07,3.036936091985372e-06,2.203415649389993e-06,0.503197834822745,1,1,1,False,3.625684800153951,3.5665307522580667,0.004315199846049071,3.6299750659616836,0.680718318149262,1.800032096750821,0.5907525615587992,0.0059995,1.000000000001e-06,0.5906754009931162,2.292029862744628,0.492029862744628,4.363189890365868e-06,1.800341958122137,0.00040342104949333754,True,0.0004025484004693688,False,,2.161064390954025e-06,,0.4569223333283101,1,1,1,False,3.6259965303346733,2.933958860093263,0.004003469665326684,3.0393640015211028,0.6593864932022256,False,False,True,3.63,False,start_peak 2.338633 V above 1.836 V | start_downward excursion 503.1978 mV > 1 mV | reen_peak 2.292030 V above 1.836 V | reen_downward excursion 456.9223 mV > 1 mV
st_ff_125c_rtyp_v2970mv_i1ma_c1000nf_e0mohm_t1000ns,ff,125,typ,2.97,1,1000,0,1000,g001_ff_rtyp_i1ma_c1000nf_e0mohm_t1000ns,pass,010ce1eed742b902305cc0520ac3bf47dfea9f3f824faa14429d9bc0062d947f,20261010-104827-91e92aa-startup-grid.traces/st_ff_125c_rtyp_v2970mv_i1ma_c1000nf_e0mohm_t1000ns.csv.gz,38d9ce5ab21869d1d00c974ad451063b9bf198a0249cfc535b80f5f753f3ce57,15080,fail,2.97,0.0004718903401644205,0.0004718900176639715,0.0004718903401644205,7.508419583913803e-05,0.005999999999999999,1.000000000001e-06,0.000471895575012868,1.982429077253413,0.18242907725341295,7.388222357232769e-06,1.799995527723355,0.00014555209843820265,True,0.00014503393466283165,False,1.0411239706487728e-06,5.087588789335967e-06,4.046464818687195e-06,0.14695941974013293,1,1,1,False,2.963050778114372,2.9343273519961093,0.00694922188562827,2.9695281015498693,0.3779670853106208,1.7999749052498613,0.5905439879783869,0.005999499999999998,1.000000000001e-06,0.5904781997697207,1.911025718909465,0.111025718909465,5.391990229667784e-06,1.800312690767566,4.134517364076315e-06,True,7.723789908859176e-05,True,,3.5126377080836026e-06,,0.07518580026992105,1,1,1,False,2.962769924630733,2.3330168206430923,0.007230075369266916,2.379609181901298,0.3647905844209448,False,False,False,2.97,False,start_peak 1.982429 V above 1.836 V | start_downward excursion 146.9594 mV > 1 mV | reen_peak 1.911026 V above 1.836 V | reen_downward excursion 75.1858 mV > 1 mV
st_ff_125c_rtyp_v3300mv_i1ma_c1000nf_e0mohm_t1000ns,ff,125,typ,3.30,1,1000,0,1000,g001_ff_rtyp_i1ma_c1000nf_e0mohm_t1000ns,pass,86bae2602e02fe85d092746164d440946992b51707818b6a8a3589bf783960a1,20261010-104827-91e92aa-startup-grid.traces/st_ff_125c_rtyp_v3300mv_i1ma_c1000nf_e0mohm_t1000ns.csv.gz,fc03d7a60aaf55c97fce48f0062c4e4399fe069e95047b9ea53def6c67e4b203,15083,fail,3.3,0.0005107371001336167,0.0005107367329260349,0.0005107371001336167,8.467103362298847e-05,0.006,1.000000000001e-06,0.0005107442093859225,1.994215492419112,0.19421549241911196,6.0690250984162235e-06,1.800106896808829,4.62368309453909e-06,True,0.0001544266676338303,True,9.782203503519243e-07,4.218881394732862e-06,3.2406610443809377e-06,0.1586974276561599,1,1,1,False,3.293874485384986,3.2595888402467486,0.006125514615013612,3.2994892504586746,0.4695237561873681,1.8000507280984226,0.5905751138294087,0.005999499999999998,1.000000000001e-06,0.5905093264760581,2.006807214521341,0.20680721452134088,4.923467303026563e-06,1.800373727220191,0.0001648840545690547,True,0.00016449522130364532,False,,2.9400471588614244e-06,,0.17120521334337302,1,1,1,False,3.2939283297237383,2.660480090791509,0.006071670276261608,2.7095820839859854,0.4547001832862567,False,False,False,3.3,False,start_peak 1.994215 V above 1.836 V | start_downward excursion 158.6974 mV > 1 mV | reen_peak 2.006807 V above 1.836 V | reen_downward excursion 171.2052 mV > 1 mV
st_ff_125c_rtyp_v3630mv_i1ma_c1000nf_e0mohm_t1000ns,ff,125,typ,3.63,1,1000,0,1000,g001_ff_rtyp_i1ma_c1000nf_e0mohm_t1000ns,pass,f53b5972cef2140fab94bd78659f7b2e27c2154b98fb5e91fa1c4362d2334087,20261010-104827-91e92aa-startup-grid.traces/st_ff_125c_rtyp_v3630mv_i1ma_c1000nf_e0mohm_t1000ns.csv.gz,7907cb05331492ac6697c354213bfde5e0279b5dad5ca0d2a69258f15aefa486,15088,fail,3.63,0.0005622693856001944,0.0005622689508614689,0.0005622693856001944,9.617508160294777e-05,0.006,1.000000000001e-06,0.0005622765925802637,2.08175292704226,0.28175292704226007,5.436252529120817e-06,1.800156632192802,0.00023193357575987893,True,0.00023101519357759766,False,9.194488175194106e-07,3.570032360938966e-06,2.650583543419555e-06,0.24669267408213913,1,1,1,False,3.624094805110114,3.5902199068797898,0.005905194889885954,3.6294377180021846,0.5681179847640504,1.8001069440554487,0.5906053910698621,0.0059995,1.000000000001e-06,0.5905396022193412,2.078141426459705,0.27814142645970485,4.400843200427773e-06,1.800441996236035,0.00022693299741483215,True,0.00022683879961226503,False,,2.5338658192566393e-06,,0.24223785994100888,2,1,1,False,3.6237884925182615,2.994706734004291,0.006211507481738182,3.0395633924416696,0.5516598030116829,False,False,True,3.63,False,start_peak 2.081753 V above 1.836 V | start_downward excursion 246.6927 mV > 1 mV | reen_peak 2.078141 V above 1.836 V | reen_downward excursion 242.2379 mV > 1 mV
st_ff_-40c_rwcs_v2970mv_i1ma_c1000nf_e0mohm_t1000ns,ff,-40,wcs,2.97,1,1000,0,1000,g002_ff_rwcs_i1ma_c1000nf_e0mohm_t1000ns,pass,742d574b700621e5fe4197189a3b5de1c3acbd5d81c3a725b0d54baabac46952,20261010-104827-91e92aa-startup-grid.traces/st_ff_-40c_rwcs_v2970mv_i1ma_c1000nf_e0mohm_t1000ns.csv.gz,5a55e331acad26fd6cb6d28d052e505a57aa74d0fe840905a621754d55954fee,15060,fail,2.97,2.19264208000853e-06,2.192373755416069e-06,2.192373755416069e-06,1.785552901394996e-05,0.006000000000000001,1.000000000001e-06,2.1910933140343304e-06,2.054827873895334,0.2548278738953338,5.598968177487071e-06,1.79996784950416,0.00020842402922326814,True,0.00020818559990667775,False,8.473725983816924e-07,3.807199876242353e-06,2.9598272778606606e-06,0.21907158708709473,1,1,1,False,2.966941584265438,2.961747735071281,0.003058415734562191,2.9699978098670172,0.5138890448199038,1.799962743768573,0.5913034762330613,0.005999499999999998,1.0000000000027348e-06,0.5912376161859478,2.001311442806897,0.20131144280689717,4.293271181425237e-06,1.800187699000098,0.0001592786470752533,True,0.0001591720063810864,False,,2.5410779338722826e-06,,0.16542045478353828,1,1,1,False,2.9669580085371994,2.169881236308978,0.00304199146280099,2.378779314554783,0.4954313149062536,False,False,False,2.97,False,start_peak 2.054828 V above 1.836 V | start_downward excursion 219.0716 mV > 1 mV | reen_peak 2.001311 V above 1.836 V | reen_downward excursion 165.4205 mV > 1 mV
st_ff_-40c_rwcs_v3300mv_i1ma_c1000nf_e0mohm_t1000ns,ff,-40,wcs,3.30,1,1000,0,1000,g002_ff_rwcs_i1ma_c1000nf_e0mohm_t1000ns,pass,198ed65cc926cdcdddfd5077bef16d1d06fe6359670d2f72785f6dde79643c47,20261010-104827-91e92aa-startup-grid.traces/st_ff_-40c_rwcs_v3300mv_i1ma_c1000nf_e0mohm_t1000ns.csv.gz,d8f087ec897f16bd92b8d8fc84ecfa7091e566095510452a8748d2f2a68454e8,15080,fail,3.3,4.658705945524526e-06,4.656344622935904e-06,4.656344622935904e-06,0.0001628106884079872,0.006,1.000000000001e-06,4.6497079352027e-06,2.21939635974866,0.41939635974865985,5.309342890036893e-06,1.799983469448239,0.00034697865701636683,True,0.0003459999889243945,False,7.846767173298109e-07,3.1424346596577137e-06,2.3577579423279028e-06,0.38439630420344484,1,1,1,False,3.296923916802812,3.2524976641532457,0.003076083197188012,3.2999953530993786,0.6401923816974375,1.7999430541488126,0.5913105246762376,0.0059995,1.0000000000044695e-06,0.5912313248027163,2.189614819151402,0.38961481915140195,4.286229344866929e-06,1.800240572937928,0.00032117421839620436,True,0.00032070752445180386,False,,2.153541536356562e-06,,0.354091794977653,1,1,1,False,3.296931679901078,2.562948014683716,0.003068320098921923,2.7087776330565707,0.6188924075919778,False,False,False,3.3,False,start_peak 2.219396 V above 1.836 V | start_downward excursion 384.3963 mV > 1 mV | reen_peak 2.189615 V above 1.836 V | reen_downward excursion 354.0918 mV > 1 mV
st_ff_-40c_rwcs_v3630mv_i1ma_c1000nf_e0mohm_t1000ns,ff,-40,wcs,3.63,1,1000,0,1000,g002_ff_rwcs_i1ma_c1000nf_e0mohm_t1000ns,pass,9044aadc26ce04eb76cf2b7784330e950d6deb834567f4b77c92971c8baa4ed2,20261010-104827-91e92aa-startup-grid.traces/st_ff_-40c_rwcs_v3630mv_i1ma_c1000nf_e0mohm_t1000ns.csv.gz,ee8a5c5941fc728e2af81041b198e9692a65b9ae2d3dd6ec195add7f6e3fdc48,15076,fail,3.63,8.855103377277429e-06,8.85057301582779e-06,8.85057301582779e-06,0.0003540488793165163,0.006,1.000000000001e-06,8.8383663674998e-06,2.283279452902078,0.48327945290207786,4.661774977628933e-06,1.799977756073878,0.0003970122589973849,True,0.0003963314724699929,False,7.36689304689772e-07,2.667755123268042e-06,1.9310658185782697e-06,0.44797515515265984,1,1,1,False,3.6269690266757246,3.538566531249738,0.003030973324275428,3.629991166850438,0.7730141172622619,1.7999766454611257,0.591248105761576,0.0059995,1.000000000001e-06,0.5913514210468882,2.285369209190102,0.48536920919010185,4.051912225248172e-06,1.80029633010869,2.114848436304828e-06,True,0.0003973649386365953,True,,1.8955826527965884e-06,,0.4502809983759879,1,1,1,False,3.626822556279024,1.829835705448662,0.003177443720975922,3.0370955847945127,0.7497585784238024,False,False,True,3.63,False,start_peak 2.283279 V above 1.836 V | start_downward excursion 447.9752 mV > 1 mV | reen_peak 2.285369 V above 1.836 V | reen_downward excursion 450.2810 mV > 1 mV
st_ff_27c_rwcs_v2970mv_i1ma_c1000nf_e0mohm_t1000ns,ff,27,wcs,2.97,1,1000,0,1000,g002_ff_rwcs_i1ma_c1000nf_e0mohm_t1000ns,pass,bee344c732813506e41ec0ca77566876efa0e0ea7c3b71d008584c25ee3ff82f,20261010-104827-91e92aa-startup-grid.traces/st_ff_27c_rwcs_v2970mv_i1ma_c1000nf_e0mohm_t1000ns.csv.gz,9e9db718089fe82e9df2a3428d2860b97b049be39b668c6044f462448977b078,15073,fail,2.97,7.950999471018274e-06,7.948707249919629e-06,7.948707249919629e-06,0.0001156953387194353,0.006,1.000000000001e-06,7.942238287175464e-06,2.029605572649962,0.22960557264996218,6.434252975392411e-06,1.800051079488721,0.0001865632763186683,True,0.0001864750131835762,False,9.144389187750993e-07,4.295025995632825e-06,3.3805870768577255e-06,0.19369582838430133,1,1,1,False,2.9656420494945563,2.9250617420513514,0.004357950505444025,2.9699920604985395,0.4515793684676858,1.799999500206536,0.5911052999958791,0.005999499999999998,1.000000000001e-06,0.5910394584623435,1.929722112078765,0.12972211207876505,4.83668904154369e-06,1.800228494944724,9.475694531671866e-05,True,9.42476625097849e-05,False,,2.9418168085635403e-06,,0.09424277019053018,1,1,1,False,2.9656092735688366,2.2583535628981424,0.004390726431163449,2.3789831404364965,0.4356148472008443,False,False,False,2.97,False,start_peak 2.029606 V above 1.836 V | start_downward excursion 193.6958 mV > 1 mV | reen_peak 1.929722 V above 1.836 V | reen_downward excursion 94.2428 mV > 1 mV
st_ff_27c_rwcs_v3300mv_i1ma_c1000nf_e0mohm_t1000ns,ff,27,wcs,3.30,1,1000,0,1000,g002_ff_rwcs_i1ma_c1000nf_e0mohm_t1000ns,pass,ffca6a3e9e8458579441441bb37a7ad96e140055c816cb1487f8cf7287dcb9f7,20261010-104827-91e92aa-startup-grid.traces/st_ff_27c_rwcs_v3300mv_i1ma_c1000nf_e0mohm_t1000ns.csv.gz,d4cf5ff6e3fb2cb11a2b804116c09a5ab3718ebca05367447c35b1b2021cd1be,15066,fail,3.3,1.456181515669475e-05,1.455906684517239e-05,1.455906684517239e-05,0.0001619451558535799,0.006,1.000000000001e-06,1.4551663105449402e-05,2.057434971314691,0.25743497131469106,5.3695695660788394e-06,1.799966756871689,3.985167651412904e-06,True,0.00021015772109423786,True,8.608846588272528e-07,3.5880528351871084e-06,2.7271681763598557e-06,0.2224470206362672,1,1,1,False,3.2955956184182473,3.2455287458296445,0.004404381581752532,3.2999854517214584,0.5614545186104903,1.7999643417083382,0.591031477276544,0.0059995,1.000000000001e-06,0.5910360044542995,1.997809110415675,0.19780911041567495,4.085337419419688e-06,1.800283176907409,0.00015659602422617158,True,0.0001559212985221509,False,,2.4796409689317103e-06,,0.162498843224554,1,1,1,False,3.2955190099978537,1.7702156003360834,0.004480990002145874,2.708840594730366,0.5442904281960578,False,False,False,3.3,False,start_peak 2.057435 V above 1.836 V | start_downward excursion 222.4470 mV > 1 mV | reen_peak 1.997809 V above 1.836 V | reen_downward excursion 162.4988 mV > 1 mV
st_ff_27c_rwcs_v3630mv_i1ma_c1000nf_e0mohm_t1000ns,ff,27,wcs,3.63,1,1000,0,1000,g002_ff_rwcs_i1ma_c1000nf_e0mohm_t1000ns,pass,cb182a7a0571a8840f9b1104abb9706675da8eb7d9c6aa8fbbb31d3e70b9f53a,20261010-104827-91e92aa-startup-grid.traces/st_ff_27c_rwcs_v3630mv_i1ma_c1000nf_e0mohm_t1000ns.csv.gz,8dd1a0a20cf6dcd232875c554dd294625cd219744447f5889fb5c077932f6395,15077,fail,3.63,2.496432449223055e-05,2.496132195311305e-05,2.496132195311305e-05,0.000202227870522381,0.006,1.000000000001e-06,2.4953043555993884e-05,2.065911858637435,0.26591185863743516,4.948807100082359e-06,1.800046750132863,0.00021716309341322337,True,0.00021683090302277688,False,8.138848337478112e-07,3.0234014197988083e-06,2.209516586050997e-06,0.23025150228830316,1,1,1,False,3.625721017292689,3.566633576617376,0.004278982707310713,3.6299750515425377,0.6802488335075879,1.8000087608372017,0.5911344584548618,0.005999499999999998,1.000000000001e-06,0.591044527334199,2.039877509780208,0.23987750978020794,3.6836684266360747e-06,1.800341970834661,2.4724170523491434e-06,True,0.00019294351684466862,True,,2.104817108840716e-06,,0.20465105742327094,1,1,1,False,3.625435374250183,2.9615548257510826,0.00456462574981721,3.0389650812199145,0.6582699646917868,False,False,True,3.63,False,start_peak 2.065912 V above 1.836 V | start_downward excursion 230.2515 mV > 1 mV | reen_peak 2.039878 V above 1.836 V | reen_downward excursion 204.6511 mV > 1 mV
st_ff_125c_rwcs_v2970mv_i1ma_c1000nf_e0mohm_t1000ns,ff,125,wcs,2.97,1,1000,0,1000,g002_ff_rwcs_i1ma_c1000nf_e0mohm_t1000ns,pass,bace7732c6d0ddeaec30509aee9a306dbb9af705e60167f34977450148770577,20261010-104827-91e92aa-startup-grid.traces/st_ff_125c_rwcs_v2970mv_i1ma_c1000nf_e0mohm_t1000ns.csv.gz,ca4589cdf1b4fd4c56fc4fdfb25a17b6879cdffa6d791cab2f20f9e000c1bbc5,15076,fail,2.97,0.0004722301024919732,0.0004722297727475673,0.0004722301024919732,7.516433949824573e-05,0.006,1.000000000001e-06,0.0004722353347984655,1.943464086019844,0.14346408601984395,6.981216592599846e-06,1.800025330010267,5.70180028064784e-06,True,0.0001091251862798268,True,1.0316988475576276e-06,5.07046073616584e-06,4.038761888608212e-06,0.10823537106218395,1,1,1,False,2.9629587587358923,2.9343552990589687,0.007041241264108094,2.969527761837206,0.3780309188330603,1.8000140644361884,0.591040848788083,0.005999499999999998,1.000000000001e-06,0.590964959499808,1.964108267235865,0.1641082672358649,5.6843525276187995e-06,1.800312701568319,0.0001276501111726197,True,0.00012676257574096203,False,,3.4991588380463745e-06,,0.12901582249184895,1,1,1,False,2.962774759846394,2.3355399332863698,0.007225240153606193,2.3791211505201098,0.3646478246145229,False,False,False,2.97,False,start_peak 1.943464 V above 1.836 V | start_downward excursion 108.2354 mV > 1 mV | reen_peak 1.964108 V above 1.836 V | reen_downward excursion 129.0158 mV > 1 mV
st_ff_125c_rwcs_v3300mv_i1ma_c1000nf_e0mohm_t1000ns,ff,125,wcs,3.30,1,1000,0,1000,g002_ff_rwcs_i1ma_c1000nf_e0mohm_t1000ns,pass,47d5a58ae5e3534cbb211c389db66aafdf245bd4fcb4fbb9169c2f0ecae2b3e9,20261010-104827-91e92aa-startup-grid.traces/st_ff_125c_rwcs_v3300mv_i1ma_c1000nf_e0mohm_t1000ns.csv.gz,4cc056ba1b6b2c4555c40a1f8c0cba71aa06891c54ca9817882b1fb032016ab9,15087,fail,3.3,0.0005111046314178492,0.0005111042569269795,0.0005111046314178492,8.47553386707648e-05,0.006,1.000000000001e-06,0.0005111118501350187,1.961548061005723,0.16154806100572294,6.08956941007717e-06,1.800065268286585,4.777567620975042e-06,True,0.00012482776698866384,True,9.571469924706893e-07,4.1734895833265405e-06,3.216342590855851e-06,0.1257690490980441,1,1,1,False,3.292684046239718,3.259296878826618,0.007315953760281696,3.299488882735827,0.4694793534578052,1.8000570639007396,0.5910687135475753,0.0059995,1.000000000001e-06,0.5909852729237829,1.978049185248242,0.17804918524824198,4.950684836710004e-06,1.800373740102633,0.0001394760970178533,True,0.00013872582421500787,False,,2.8900212819142737e-06,,0.14281643615302708,1,1,1,False,3.2926248420402566,2.671864130059191,0.007375157959743183,2.709108894907189,0.453766582320179,False,False,False,3.3,False,start_peak 1.961548 V above 1.836 V | start_downward excursion 125.7690 mV > 1 mV | reen_peak 1.978049 V above 1.836 V | reen_downward excursion 142.8164 mV > 1 mV
st_ff_125c_rwcs_v3630mv_i1ma_c1000nf_e0mohm_t1000ns,ff,125,wcs,3.63,1,1000,0,1000,g002_ff_rwcs_i1ma_c1000nf_e0mohm_t1000ns,pass,218fa0b51716089f37a1be804adfef8ac610033f90cf69ae34ec4a56b9b41271,20261010-104827-91e92aa-startup-grid.traces/st_ff_125c_rwcs_v3630mv_i1ma_c1000nf_e0mohm_t1000ns.csv.gz,cc2d3fb6592def42ec4134de4d11a94a91132116a3dda093fbb9758eafdd9db9,15073,fail,3.63,0.0005626743350598736,0.0005626738927493846,0.0005626743350598736,9.626705780912929e-05,0.006,1.000000000001e-06,0.0005626816442969516,1.99558037637631,0.19558037637630998,5.355247302135874e-06,1.800108114441795,4.014106509216912e-06,True,0.00015505526006151532,True,9.005909611979676e-07,3.6022411740867142e-06,2.7016502128887465e-06,0.15966085857827794,1,1,1,False,3.6232077607320483,3.5899608535419882,0.006792239267951636,3.629437312873775,0.5679957972374591,1.8000965210558768,0.5910912671449038,0.005999499999999998,1.0000000000044695e-06,0.5910100529677796,2.185478456487513,0.3854784564875129,4.997597253211805e-06,1.800442013069927,0.00031831256148498466,True,0.0003177862079564887,False,,2.475404672813046e-06,,0.3500167849002549,1,1,1,False,3.6225051605986436,3.0025521466739726,0.007494839401356384,3.039086959691431,0.5510005726596242,False,False,True,3.63,False,start_peak 1.995580 V above 1.836 V | start_downward excursion 159.6609 mV > 1 mV | reen_peak 2.185478 V above 1.836 V | reen_downward excursion 350.0168 mV > 1 mV
st_fs_-40c_rbcs_v2970mv_i1ma_c1000nf_e0mohm_t1000ns,fs,-40,bcs,2.97,1,1000,0,1000,g003_fs_rbcs_i1ma_c1000nf_e0mohm_t1000ns,pass,13a9dffd6f5aa6311a000093143362b1cd2acf0e168652df874fa0de58ec829e,20261010-104827-91e92aa-startup-grid.traces/st_fs_-40c_rbcs_v2970mv_i1ma_c1000nf_e0mohm_t1000ns.csv.gz,f1f990369b8a1e550c2c0eeca1b322e24ee95f20e600e3240fbe729d88642a10,15071,fail,2.97,1.837549902336653e-09,1.824435334192766e-09,1.837549902336653e-09,1.681134333831205e-06,0.006,1.000000000001e-06,1.8487534553993922e-09,1.947995503373391,0.14799550337339085,6.5588210928400285e-06,1.799946537170469,0.00011376301234941317,True,0.00011279053411409953,False,1.0034155683305164e-06,4.7352974316626245e-06,3.731881863332108e-06,0.11299043058287084,1,1,1,False,2.9669235343995686,2.9700946324744937,0.003076465600431401,2.969999998142844,0.4091712174444433,1.7999135883036845,0.590362507327765,0.0059995,1.0000000000027348e-06,0.5905318971631196,2.024509397645071,0.22450939764507116,5.120827238375841e-06,1.800167801965441,0.00018108588479041898,True,0.00018047356285474489,False,,3.1118169849091283e-06,,0.18913598034815227,1,1,1,False,2.9669299225159054,1.171105976536971,0.003070077484095039,2.3763753884643517,0.3955337422368921,False,False,False,2.97,False,start_peak 1.947996 V above 1.836 V | start_downward excursion 112.9904 mV > 1 mV | reen_peak 2.024509 V above 1.836 V | reen_downward excursion 189.1360 mV > 1 mV
st_fs_-40c_rbcs_v3300mv_i1ma_c1000nf_e0mohm_t1000ns,fs,-40,bcs,3.30,1,1000,0,1000,g003_fs_rbcs_i1ma_c1000nf_e0mohm_t1000ns,pass,322238ea5479d5d705d5b3e304f529d3c39b54501f0fdaff20e611e44ced6dae,20261010-104827-91e92aa-startup-grid.traces/st_fs_-40c_rbcs_v3300mv_i1ma_c1000nf_e0mohm_t1000ns.csv.gz,ac25e11edb00d55a7f2176bef84b92ffadac448b57776853735a9544bfcb93b0,15073,fail,3.3,7.745765106306278e-09,7.732311772412252e-09,7.745765106306278e-09,1.644874325462314e-06,0.006,1.000000000001e-06,7.754176488478464e-09,2.110819438004679,0.3108194380046789,6.150173850632146e-06,1.800019333425765,4.23061008152808e-06,True,0.00025640392394393454,True,8.934031229096297e-07,3.89968791430366e-06,3.00628479139403e-06,0.27521635763751995,1,1,1,False,3.29700967139404,3.3000785380886968,0.002990328605959919,3.2999999922395147,0.5052367718083172,1.7999442481926673,0.5904539546230663,0.005999499999999998,1.000000000001e-06,0.5903681684361853,2.040052379508387,0.2400523795083871,4.674780813233165e-06,1.800220703560192,0.00019402634586820552,True,0.00019374837332632804,False,,2.6759925978908817e-06,,0.20433687896863706,1,1,1,False,3.296946979489324,2.50707567853592,0.003053020510675846,2.7096355810810846,0.4891385088347146,False,False,True,3.3,False,start_peak 2.110819 V above 1.836 V | start_downward excursion 275.2164 mV > 1 mV | reen_peak 2.040052 V above 1.836 V | reen_downward excursion 204.3369 mV > 1 mV
st_fs_-40c_rbcs_v3630mv_i1ma_c1000nf_e0mohm_t1000ns,fs,-40,bcs,3.63,1,1000,0,1000,g003_fs_rbcs_i1ma_c1000nf_e0mohm_t1000ns,pass,88e324a883cb6afb0afe4f4423c3c5c9e95535339b4de8a06e5d07b0f6e80ebc,20261010-104827-91e92aa-startup-grid.traces/st_fs_-40c_rbcs_v3630mv_i1ma_c1000nf_e0mohm_t1000ns.csv.gz,c5a0c2b8395b08d5532e72c13eab63eaf4820bf233faaf720725dc02eceecaaa,15097,fail,3.63,2.646337269452868e-08,2.644950970720707e-08,2.646337269452868e-08,1.608714889984055e-06,0.006,1.000000000001e-06,2.647011503515619e-08,2.014381824654702,0.214381824654702,5.165233347129931e-06,1.800032417819915,0.0001724205984398948,True,0.0001715198955063707,False,8.945753614038978e-07,3.4158546444419166e-06,2.521279283038019e-06,0.17930335661894303,1,1,1,False,3.626886401060364,3.6303328607851797,0.003113598939635896,3.629999973977169,0.6063472537139114,1.8000267284226281,0.5904885060841164,0.0059995,1.0000000000044695e-06,0.5903952148439171,2.095233145181351,0.2952331451813508,4.223357902217659e-06,1.800275659496521,2.685884546190301e-06,True,0.00024118030683947336,True,,2.3164833925894325e-06,,0.2592417630521269,1,1,1,False,3.626938475583401,2.8691659496115784,0.00306152441659897,3.0396065612972905,0.5868742212152075,False,False,True,3.63,False,start_peak 2.014382 V above 1.836 V | start_downward excursion 179.3034 mV > 1 mV | reen_peak 2.095233 V above 1.836 V | reen_downward excursion 259.2418 mV > 1 mV
st_fs_27c_rbcs_v2970mv_i1ma_c1000nf_e0mohm_t1000ns,fs,27,bcs,2.97,1,1000,0,1000,g003_fs_rbcs_i1ma_c1000nf_e0mohm_t1000ns,pass,bce5a1c4de437a7f980741e22135de2114972c414db1e9af0d78e30565fae3dd,20261010-104827-91e92aa-startup-grid.traces/st_fs_27c_rbcs_v2970mv_i1ma_c1000nf_e0mohm_t1000ns.csv.gz,08c514696964b755e8cfeffe21261006e1a63145c531eb53e0a1fde1cb0bbade,15068,fail,2.97,1.363053760588892e-07,1.362905225827682e-07,1.363053760588892e-07,1.682856576393041e-06,0.006,1.000000000001e-06,1.3631575317724598e-07,1.942201057903506,0.142201057903506,7.137015909187104e-06,1.799986713100474,0.0001085977885767152,True,0.00010800524284323107,False,1.0577960867839767e-06,5.28699223856014e-06,4.229196151776164e-06,0.106807735556264,1,1,1,False,2.9656984052577924,2.970093917100184,0.004301594742207747,2.969999863676464,0.3621373573765262,1.7999547373235538,0.5901075221852404,0.005999499999999998,1.000000000001e-06,0.5900192799639093,1.985162954887136,0.18516295488713586,5.514738829712554e-06,1.800208447309215,4.055657163938922e-06,True,0.00014565992004275674,True,,3.549635869709425e-06,,0.149406108301386,1,1,1,False,2.9655485105421087,2.2189095427700734,0.004451489457891446,2.379994263772632,0.3498694792985143,False,False,False,2.97,False,start_peak 1.942201 V above 1.836 V | start_downward excursion 106.8077 mV > 1 mV | reen_peak 1.985163 V above 1.836 V | reen_downward excursion 149.4061 mV > 1 mV
st_fs_27c_rbcs_v3300mv_i1ma_c1000nf_e0mohm_t1000ns,fs,27,bcs,3.30,1,1000,0,1000,g003_fs_rbcs_i1ma_c1000nf_e0mohm_t1000ns,pass,8aea286f4a6a9344e4600d9a69b5123663fa0c6edad6dededff4913e0a3e0954,20261010-104827-91e92aa-startup-grid.traces/st_fs_27c_rbcs_v3300mv_i1ma_c1000nf_e0mohm_t1000ns.csv.gz,9e76bb2135ed86c55d502a98ed7ff3ff4c84aad91cd3cf050f2c9a87ccd6d790,15075,fail,3.3,2.120766080040494e-07,2.12061380741057e-07,2.120766080040494e-07,1.6466623746308e-06,0.006,1.000000000001e-06,2.120848688032602e-07,2.020743887597998,0.22074388759799812,6.375193655028082e-06,1.800044485858055,0.00017853368676179916,True,0.0001782951403526621,False,9.405232894391564e-07,4.3375370465699925e-06,3.397013757130836e-06,0.18498817144205226,1,1,1,False,3.2955159707656416,3.30008178381126,0.004484029234358267,3.2999997879089356,0.4475084673183044,1.8000041972693945,0.5901142522695412,0.0059995,1.000000000001e-06,0.5900354583541515,2.039159178688031,0.23915917868803116,5.019618401692905e-06,1.800262827245088,0.00019413254593878514,True,0.00019320737760470484,False,,3.009062449203251e-06,,0.20410623614471923,1,1,1,False,3.2956397892602167,2.5797417740054804,0.004360210739782895,2.7099771790949942,0.4333463084728612,False,False,True,3.3,False,start_peak 2.020744 V above 1.836 V | start_downward excursion 184.9882 mV > 1 mV | reen_peak 2.039159 V above 1.836 V | reen_downward excursion 204.1062 mV > 1 mV
st_fs_27c_rbcs_v3630mv_i1ma_c1000nf_e0mohm_t1000ns,fs,27,bcs,3.63,1,1000,0,1000,g003_fs_rbcs_i1ma_c1000nf_e0mohm_t1000ns,pass,81b50d5072fc4529f9e90508ed034e529d11299332383ccfa88e6ea7201faeb0,20261010-104827-91e92aa-startup-grid.traces/st_fs_27c_rbcs_v3630mv_i1ma_c1000nf_e0mohm_t1000ns.csv.gz,6ce546fb57a0beb67da993a0f3e776c0c7604f5d2c44e7c4d3aba859a6425674,15073,fail,3.63,3.953641757540273e-07,3.953485363404047e-07,3.953641757540273e-07,1.613034603648257e-06,0.006,1.000000000001e-06,3.9537097270630515e-07,1.962240644223946,0.1622406442239459,5.311633068571988e-06,1.800104802728236,4.0926986782719495e-06,True,0.0001245676377055031,True,8.57471628481087e-07,3.699138090143408e-06,2.841666461662321e-06,0.12719700684741797,1,1,1,False,3.625562666366152,3.6300734136873576,0.00443733363384791,3.6299996046239293,0.536777035019409,1.800052270015021,0.5901269988369574,0.005999499999999998,1.000000000001e-06,0.5900511961765509,2.093679126786743,0.2936791267867431,4.644971926063765e-06,1.800320336916654,0.00024078709414148032,True,0.00024014459379858593,False,,2.592652018536071e-06,,0.2583369321237712,1,1,1,False,3.625757446461994,2.915980375524853,0.004242553538005922,3.0399700717395977,0.5207983939523502,False,False,True,3.63,False,start_peak 1.962241 V above 1.836 V | start_downward excursion 127.1970 mV > 1 mV | reen_peak 2.093679 V above 1.836 V | reen_downward excursion 258.3369 mV > 1 mV
st_fs_125c_rbcs_v2970mv_i1ma_c1000nf_e0mohm_t1000ns,fs,125,bcs,2.97,1,1000,0,1000,g003_fs_rbcs_i1ma_c1000nf_e0mohm_t1000ns,pass,1861c0f24034238f157030c4a3ede24b335fcf84655c3e2ddc002dc9cb240a1a,20261010-104827-91e92aa-startup-grid.traces/st_fs_125c_rbcs_v2970mv_i1ma_c1000nf_e0mohm_t1000ns.csv.gz,e1768dffeb72d73316255a692c77b643d1c8fdcddedb12ab13b4b49f9f391c35,15078,fail,2.97,0.0001172801776934469,0.0001172795235386887,0.0001172795235386887,3.782732179066978e-05,0.006,1.000000000001e-06,0.00011727801158612599,1.93037825713228,0.13037825713228002,8.313137661298186e-06,1.800028404511808,9.813572840545104e-05,True,9.811308679757533e-05,False,1.149072010882794e-06,6.142327001469386e-06,4.993254990586592e-06,0.09440146790908899,1,1,1,False,2.9635164261830584,2.9501805326845867,0.006483573816941562,2.96988272269473,0.3073414456969721,1.799991628724205,0.5895448914700833,0.005999499999999998,1.0000000000027348e-06,0.589479088481714,1.938094395173265,0.13809439517326494,6.331933982113916e-06,1.800289335074146,0.00010417703607552321,True,0.00010328520035762796,False,,4.211302956318764e-06,,0.10300820646905806,1,1,1,False,2.962819102495196,2.319809654141216,0.007180897504804159,2.3806047550267415,0.2967048927435333,False,False,False,2.97,False,start_peak 1.930378 V above 1.836 V | start_downward excursion 94.4015 mV > 1 mV | reen_peak 1.938094 V above 1.836 V | reen_downward excursion 103.0082 mV > 1 mV
st_fs_125c_rbcs_v3300mv_i1ma_c1000nf_e0mohm_t1000ns,fs,125,bcs,3.30,1,1000,0,1000,g003_fs_rbcs_i1ma_c1000nf_e0mohm_t1000ns,pass,a999a1ea8f83df12b29ed8a7fdf89555df98a413e43c652d4b374202099f815c,20261010-104827-91e92aa-startup-grid.traces/st_fs_125c_rbcs_v3300mv_i1ma_c1000nf_e0mohm_t1000ns.csv.gz,67de6d4a726015a89a0bd279c94c88b62d66fecc8e63bc94527bc2123ebd6a72,15077,fail,3.3,0.0001264274813140279,0.0001264267722441698,0.0001264267722441698,4.837567941026431e-05,0.006,1.000000000001e-06,0.00012642494410149575,1.972952456486092,0.17295245648609203,7.163962633055217e-06,1.800071888231384,0.00013619496655819618,True,0.0001360472456937991,False,1.0325663267576042e-06,5.036415381910687e-06,4.003849055153083e-06,0.13710387983333217,1,1,1,False,3.2928421638311853,3.272486482492843,0.007157836168814499,3.2998735764270055,0.3788897095778558,1.8000342596332732,0.5895600832403232,0.005999499999999998,1.000000000001e-06,0.5894942798038454,1.902869275826641,0.10286927582664096,5.245262075225313e-06,1.800349060077007,4.304769459539601e-06,True,6.94986941082505e-05,True,,3.5159474223160843e-06,,0.06780261480138905,1,1,1,False,3.292825363928759,2.653199397482164,0.007174636071240965,2.710598481198804,0.3671686509522655,False,False,False,3.3,False,start_peak 1.972952 V above 1.836 V | start_downward excursion 137.1039 mV > 1 mV | reen_peak 1.902869 V above 1.836 V | reen_downward excursion 67.8026 mV > 1 mV
st_fs_125c_rbcs_v3630mv_i1ma_c1000nf_e0mohm_t1000ns,fs,125,bcs,3.63,1,1000,0,1000,g003_fs_rbcs_i1ma_c1000nf_e0mohm_t1000ns,pass,eeaf26d9739f06726f619cc926fba2face537d30b410d17cedaa4e4ea8a80fd7,20261010-104827-91e92aa-startup-grid.traces/st_fs_125c_rbcs_v3630mv_i1ma_c1000nf_e0mohm_t1000ns.csv.gz,d5a35a5731046b485337e1862c3062b509f0c9b6eaec201ffc9c1379b9fb7242,15091,fail,3.63,0.0001377243461198551,0.000137723590370372,0.000137723590370372,5.93987168613008e-05,0.006,1.000000000001e-06,0.00013772189224654205,2.054800561911342,0.25480056191134204,6.48625798420387e-06,1.800130527207737,4.7865912195228875e-06,True,0.00020824295644007108,True,1.0194958020029654e-06,4.375430516144188e-06,3.3559347141412223e-06,0.21896130161630212,1,1,1,False,3.6250612320935263,3.6009660991826284,0.004938767906473539,3.629862279381346,0.4549253626016848,1.8000933775681864,0.5895950942013449,0.005999499999999998,1.0000000000027348e-06,0.5895159001833138,1.961921214116837,0.1619212141168369,4.855002595918062e-06,1.800414631585411,3.544116414276946e-06,True,0.00012369459604209156,True,,3.0150624244408173e-06,,0.12688821426211105,1,1,1,False,3.622915213453612,2.9901406719488346,0.007084786546387723,3.0405822620300964,0.4417839541953861,False,False,True,3.63,False,start_peak 2.054801 V above 1.836 V | start_downward excursion 218.9613 mV > 1 mV | reen_peak 1.961921 V above 1.836 V | reen_downward excursion 126.8882 mV > 1 mV
st_fs_-40c_rtyp_v2970mv_i1ma_c1000nf_e0mohm_t1000ns,fs,-40,typ,2.97,1,1000,0,1000,g004_fs_rtyp_i1ma_c1000nf_e0mohm_t1000ns,pass,2697cc129512fd23d53f8d29a7caa6fa4f3dc047baf5f8abb44824865cd49d7d,20261010-104827-91e92aa-startup-grid.traces/st_fs_-40c_rtyp_v2970mv_i1ma_c1000nf_e0mohm_t1000ns.csv.gz,319fa427d56c34f938e5fb70dacced22400092270f0d67cd0e6a0f7d7b45c0d7,15061,fail,2.97,1.839041661925316e-09,1.825930395406378e-09,1.839041661925316e-09,1.681134241247809e-06,0.006,1.000000000001e-06,1.8502596273468262e-09,2.055972785177819,0.25597278517781885,6.909826741309131e-06,1.799965744237027,5.159691212346064e-06,True,0.0002100965936222832,True,9.46128043319281e-07,4.689727298529352e-06,3.7435992552100714e-06,0.2203662114462399,1,1,1,False,2.9669456394146043,2.9700946344081127,0.003054360585396009,2.969999998141327,0.4085982326238555,1.7999611525229973,0.5909789536268313,0.005999499999999998,1.000000000001e-06,0.5909130807613638,2.036920565161663,0.23692056516166304,5.241350193398164e-06,1.800167810761365,3.4788068776648445e-06,True,0.00019171131735223597,True,,3.0234638069878527e-06,,0.20181712981434208,1,1,1,False,2.967017762735394,2.0784905643426677,0.00298223726460592,2.379094334482283,0.395282653297476,False,False,False,2.97,False,start_peak 2.055973 V above 1.836 V | start_downward excursion 220.3662 mV > 1 mV | reen_peak 2.036921 V above 1.836 V | reen_downward excursion 201.8171 mV > 1 mV
st_fs_-40c_rtyp_v3300mv_i1ma_c1000nf_e0mohm_t1000ns,fs,-40,typ,3.30,1,1000,0,1000,g004_fs_rtyp_i1ma_c1000nf_e0mohm_t1000ns,pass,5e5eb64982756cef54a6a2687c3c35aa050ad913f7f137c6bc4fbc05daa9bd46,20261010-104827-91e92aa-startup-grid.traces/st_fs_-40c_rtyp_v3300mv_i1ma_c1000nf_e0mohm_t1000ns.csv.gz,871b7c324fe5a45de9fc49f332193cb86bbd26e96bcd60bc9f44e65ab6bb20b0,15071,fail,3.3,7.752101279541146e-09,7.738652226994211e-09,7.752101279541146e-09,1.644874288015929e-06,0.006,1.000000000001e-06,7.76052138703796e-09,2.104658411687944,0.30465841168794383,6.003072308543135e-06,1.800038050024658,0.0002521996396596302,True,0.0002512134394703353,False,8.973584270062177e-07,3.8936243898469285e-06,2.9962659628407107e-06,0.2696665436366008,1,1,1,False,3.296949850740865,3.300402050881403,0.003050149259134778,3.299999992268519,0.5058093871840235,1.7999997395227714,0.5909916091323986,0.005999499999999998,1.0000000000027348e-06,0.590925748200896,2.01948328806102,0.21948328806102002,4.420562306725259e-06,1.800220720788331,0.00017588905681898033,True,0.000175453262102974,False,,2.569852219799976e-06,,0.1839289108167701,1,1,1,False,3.2969613963310547,2.45049327668761,0.003038603668944999,2.7090912049762177,0.4890265259072646,False,False,True,3.3,False,start_peak 2.104658 V above 1.836 V | start_downward excursion 269.6665 mV > 1 mV | reen_peak 2.019483 V above 1.836 V | reen_downward excursion 183.9289 mV > 1 mV
st_fs_-40c_rtyp_v3630mv_i1ma_c1000nf_e0mohm_t1000ns,fs,-40,typ,3.63,1,1000,0,1000,g004_fs_rtyp_i1ma_c1000nf_e0mohm_t1000ns,pass,884baf21efe4248aea8a652f17c2317083a8b6ba3dd76eadae396d5f73c2f549,20261010-104827-91e92aa-startup-grid.traces/st_fs_-40c_rtyp_v3630mv_i1ma_c1000nf_e0mohm_t1000ns.csv.gz,66fd0deaf66196c31e348fb13661bfd5162453155ac3cbada818576ff7c1078c,15073,fail,3.63,2.648505291726645e-08,2.647119499012369e-08,2.648505291726645e-08,1.608714890483954e-06,0.006,1.000000000001e-06,2.6491801161709e-08,1.950033278058559,0.15003327805855893,4.8469759505458294e-06,1.800076275219453,3.7517548227528844e-06,True,0.00011304316937758716,True,7.772791046509512e-07,3.3141474815978214e-06,2.53686837694687e-06,0.11422417766441906,1,1,1,False,3.62684644293941,3.6300695923915587,0.003153557060589692,3.6299999735031374,0.6053881795434477,1.8000004467490163,0.5910090573812176,0.005999499999999998,1.0000000000044695e-06,0.590925979063021,2.190622248713475,0.39062224871347495,4.165549616000699e-06,1.800275667297757,2.5594986452943946e-06,True,0.0003215303584911613,True,,2.2863802649350187e-06,,0.35557849823158794,1,1,1,False,3.6270858265011903,2.8440108315862043,0.002914173498809627,3.039087399848777,0.5863719986964091,False,False,True,3.63,False,start_peak 1.950033 V above 1.836 V | start_downward excursion 114.2242 mV > 1 mV | reen_peak 2.190622 V above 1.836 V | reen_downward excursion 355.5785 mV > 1 mV
st_fs_27c_rtyp_v2970mv_i1ma_c1000nf_e0mohm_t1000ns,fs,27,typ,2.97,1,1000,0,1000,g004_fs_rtyp_i1ma_c1000nf_e0mohm_t1000ns,pass,46bf733e65b17bf311ac51fcbcef0e8467baed5f42ea7cdc1baeeef0c9044ed8,20261010-104827-91e92aa-startup-grid.traces/st_fs_27c_rtyp_v2970mv_i1ma_c1000nf_e0mohm_t1000ns.csv.gz,08340835d9a37042af997b6feccccde11313f1e0439eeb8d754c0f10ce313ee9,15069,fail,2.97,1.364353314403993e-07,1.364204825516635e-07,1.364353314403993e-07,1.682856687257494e-06,0.006,1.000000000001e-06,1.3644571940386604e-07,1.87422964484763,0.07422964484763006,7.35447174976013e-06,1.800000742616932,6.010905441591148e-06,True,4.434356418735244e-05,True,9.984050103831945e-07,5.272592524413184e-06,4.274187514029989e-06,0.03870990378210615,1,1,1,False,2.9655822738927666,2.9700939187141757,0.004417726107233465,2.96999986354649,0.3618419911919367,1.799941146656543,0.5907256097669991,0.005999499999999998,1.000000000001e-06,0.5906420738809733,1.965393129025924,0.16539312902592385,5.735142297198098e-06,1.800208459576212,4.208614708095526e-06,True,0.00012796992717003898,True,,3.6141691264843056e-06,,0.12960447279055787,1,1,1,False,2.965713419435119,2.2391520181836637,0.004286580564880976,2.3793594307011388,0.3498438404679485,False,False,False,2.97,False,start_peak 1.874230 V above 1.836 V | start_downward excursion 38.7099 mV > 1 mV | reen_peak 1.965393 V above 1.836 V | reen_downward excursion 129.6045 mV > 1 mV
st_fs_27c_rtyp_v3300mv_i1ma_c1000nf_e0mohm_t1000ns,fs,27,typ,3.30,1,1000,0,1000,g004_fs_rtyp_i1ma_c1000nf_e0mohm_t1000ns,pass,415e78fa8269654bb5b678448718ce0a29113565770e14c20c881332f6723aa4,20261010-104827-91e92aa-startup-grid.traces/st_fs_27c_rtyp_v3300mv_i1ma_c1000nf_e0mohm_t1000ns.csv.gz,c14ce81bf76c6f339745a546e6dc69785272a32366a00a276045e7eaa65ddace,15076,fail,3.3,2.122788137711926e-07,2.122635921031183e-07,2.122788137711926e-07,1.646662508759675e-06,0.006,1.000000000001e-06,2.1228708167854317e-07,1.975323256970133,0.17532325697013285,6.21457836438616e-06,1.800045057027192,0.00013829994059195517,True,0.000137494937814436,False,8.90301847159867e-07,4.272894327415849e-06,3.3825924802559817e-06,0.14014657606775183,1,1,1,False,3.2955796739736596,3.3000817846014785,0.004420326026340205,3.2999997877067173,0.4472227127433669,1.8000140173223789,0.5907500176064735,0.005999499999999998,1.000000000001e-06,0.5906659450754621,1.923237421366601,0.12323742136660099,4.736977577269111e-06,1.800262836643016,3.5384669499552435e-06,True,8.805519744409224e-05,True,,2.962509894661969e-06,,0.08789345166970097,1,1,1,False,3.295575169945879,2.5576476006722824,0.004424830054120625,2.709357349632484,0.4328726171088197,False,False,True,3.3,False,start_peak 1.975323 V above 1.836 V | start_downward excursion 140.1466 mV > 1 mV | reen_peak 1.923237 V above 1.836 V | reen_downward excursion 87.8935 mV > 1 mV
st_fs_27c_rtyp_v3630mv_i1ma_c1000nf_e0mohm_t1000ns,fs,27,typ,3.63,1,1000,0,1000,g004_fs_rtyp_i1ma_c1000nf_e0mohm_t1000ns,pass,09f51e73954ecfe72c23c57e94265344c39108f19072c6b4f27ed4feacb66d76,20261010-104827-91e92aa-startup-grid.traces/st_fs_27c_rtyp_v3630mv_i1ma_c1000nf_e0mohm_t1000ns.csv.gz,1d30c5c0bd047b0d3ad4521a49fdcedc8ddb8e782e11af81139452899fd19cce,15071,fail,3.63,3.957411530270918e-07,3.957255210484859e-07,3.957411530270918e-07,1.613032727149332e-06,0.006,1.000000000001e-06,3.95747953775713e-07,2.020042705655487,0.220042705655487,5.6694460494860054e-06,1.800043717828392,0.000177626055184305,True,0.00017713036170442537,False,8.152538024737007e-07,3.6178134795392836e-06,2.802559677065583e-06,0.18454976510338206,1,1,1,False,3.6254184970155325,3.6300734149631526,0.004581502984467319,3.6299996042469456,0.5368275814835324,1.8000415094490672,0.5907546698198999,0.005999499999999998,1.000000000001e-06,0.5906749455487761,2.060571256073886,0.260571256073886,4.3164116487505455e-06,1.800320354915488,0.0002118283082838488,True,0.00021157620244972907,False,,2.546794735278047e-06,,0.224829177549426,1,1,1,False,3.625768580284462,2.8925064663318767,0.004231419715537551,3.0393584918545784,0.5201700766661266,False,False,True,3.63,False,start_peak 2.020043 V above 1.836 V | start_downward excursion 184.5498 mV > 1 mV | reen_peak 2.060571 V above 1.836 V | reen_downward excursion 224.8292 mV > 1 mV
st_fs_125c_rtyp_v2970mv_i1ma_c1000nf_e0mohm_t1000ns,fs,125,typ,2.97,1,1000,0,1000,g004_fs_rtyp_i1ma_c1000nf_e0mohm_t1000ns,pass,aa2f8aa6549c7840578a6f7aaa5e49246bd3b4b00ef0fa81fce09d588f52558a,20261010-104827-91e92aa-startup-grid.traces/st_fs_125c_rtyp_v2970mv_i1ma_c1000nf_e0mohm_t1000ns.csv.gz,1c5cf8a1e4f928aeefaccdd1277fb00a07200543ff835af06e5648407767a62d,15068,fail,2.97,0.000117420940010167,0.0001174202869571031,0.0001174202869571031,3.786726095786467e-05,0.006,1.000000000001e-06,0.00011741877810213597,1.896121142949309,0.09612114294930896,8.44399903634531e-06,1.800071333448398,6.667525221661932e-05,True,6.623581349623044e-05,False,1.1360447116748393e-06,6.12503724815528e-06,4.9889925364804405e-06,0.060570984139260986,1,1,1,False,2.9631694818426753,2.9501121293798103,0.006830518157324841,2.9698825819222354,0.3074115076912638,1.8000181608740153,0.5903538402149473,0.0059995,1.000000000001e-06,0.5902763485184306,1.88418054487528,0.08418054487527993,6.068517060833084e-06,1.800289355464682,5.070217890524448e-06,True,5.253696889937566e-05,True,,4.179143262841886e-06,,0.048875722484865936,1,1,1,False,2.9628983397504607,2.3224801101552917,0.00710166024953973,2.379795216068378,0.2968120658872803,False,False,False,2.97,False,start_peak 1.896121 V above 1.836 V | start_downward excursion 60.5710 mV > 1 mV | reen_peak 1.884181 V above 1.836 V | reen_downward excursion 48.8757 mV > 1 mV
st_fs_125c_rtyp_v3300mv_i1ma_c1000nf_e0mohm_t1000ns,fs,125,typ,3.30,1,1000,0,1000,g004_fs_rtyp_i1ma_c1000nf_e0mohm_t1000ns,pass,382eae8305bdbe5b330531faf0a2bfdf4c75b4b1b73f0d7caef9371b958b6ea0,20261010-104827-91e92aa-startup-grid.traces/st_fs_125c_rtyp_v3300mv_i1ma_c1000nf_e0mohm_t1000ns.csv.gz,2f5ab368af3abe1dbf7db6e05268fdcfd83581bba74a660507d80d4f2bcfbec8,15075,fail,3.3,0.0001265790527384688,0.0001265783464612564,0.0001265783464612564,4.842662642949678e-05,0.005999999999999999,1.000000000001e-06,0.00012657677537504077,1.951513831165337,0.151513831165337,6.9644804632387845e-06,1.800075656438977,0.00011713375347268675,True,0.00011643834294393082,False,1.054529166854998e-06,5.057842724255717e-06,4.003313557400719e-06,0.11622560036048801,1,1,1,False,3.293357078148285,3.2764299152459984,0.006642921851714654,3.2998734241158294,0.3791830643899401,1.8000306757113598,0.5903710933659796,0.005999499999999998,1.000000000001e-06,0.5902816726519402,1.913052007687545,0.11305200768754498,5.356074254626517e-06,1.800349083334273,4.199257054856437e-06,True,7.909261511319445e-05,True,,3.4462269234754016e-06,,0.07732095267591199,1,1,1,False,3.2927716671236746,2.664674559773255,0.007228332876325322,2.7098055046799963,0.3666922682002655,False,False,False,3.3,False,start_peak 1.951514 V above 1.836 V | start_downward excursion 116.2256 mV > 1 mV | reen_peak 1.913052 V above 1.836 V | reen_downward excursion 77.3210 mV > 1 mV
st_fs_125c_rtyp_v3630mv_i1ma_c1000nf_e0mohm_t1000ns,fs,125,typ,3.63,1,1000,0,1000,g004_fs_rtyp_i1ma_c1000nf_e0mohm_t1000ns,pass,8e2627a60df0a43062a570076c0a3e8b3baf761acf031274802f1822948ad1a5,20261010-104827-91e92aa-startup-grid.traces/st_fs_125c_rtyp_v3630mv_i1ma_c1000nf_e0mohm_t1000ns.csv.gz,76acf52244c4a3e6d462c9c024810ae7a93f4b3ec048dcfb80690d84ab6f2b67,15086,fail,3.63,0.0001378892427699656,0.0001378884937369116,0.0001378884937369116,5.946094764771064e-05,0.006,1.000000000001e-06,0.00013788679617425588,1.918124545674031,0.11812454567403097,6.1073160838539566e-06,1.800111059178195,4.989714669261002e-06,True,8.460866783679068e-05,True,9.98136112857255e-07,4.38888466741052e-06,3.3907485545532643e-06,0.08279423748121806,1,1,1,False,3.623415812113626,3.600747116326347,0.006584187886373809,3.629862114476998,0.4552617794428124,1.800087873471477,0.5903813626811882,0.0059995,1.000000000001e-06,0.5903026916512052,1.991496848211063,0.19149684821106305,4.884918647097766e-06,1.800414656020328,3.5392612970901877e-06,True,0.00015070205456736723,True,,2.9855974121815033e-06,,0.156451261134535,1,1,1,False,3.6248363706260505,2.9881998773951155,0.005163629373949331,3.0397931053040677,0.4415940555965142,False,False,True,3.63,False,start_peak 1.918125 V above 1.836 V | start_downward excursion 82.7942 mV > 1 mV | reen_peak 1.991497 V above 1.836 V | reen_downward excursion 156.4513 mV > 1 mV
st_fs_-40c_rwcs_v2970mv_i1ma_c1000nf_e0mohm_t1000ns,fs,-40,wcs,2.97,1,1000,0,1000,g005_fs_rwcs_i1ma_c1000nf_e0mohm_t1000ns,pass,041696637f6d7c77080c6ef71dd8d44db5ab2e98f34c1fa68a9452cbbfa46852,20261010-104827-91e92aa-startup-grid.traces/st_fs_-40c_rwcs_v2970mv_i1ma_c1000nf_e0mohm_t1000ns.csv.gz,8a8d8dadbbfc9aced7da0ae89f45ce625d21355c2db1700aedd53e0802b035cb,15067,fail,2.97,1.839939541695423e-09,1.826829792915955e-09,1.839939541695423e-09,1.681133955425858e-06,0.006,1.000000000001e-06,1.8511724605346977e-09,1.867749064135745,0.067749064135745,6.122708366375221e-06,1.799949772202001,5.3848127345131405e-06,True,3.692269183834604e-05,True,9.110740460747317e-07,4.6506833798387745e-06,3.739609333764043e-06,0.03263770286236101,1,1,1,False,2.9670007839663635,2.9700946358939326,0.002999216033636756,2.969999998140403,0.4087543165416344,1.79990985594063,0.5912203186442853,0.005999499999999998,1.000000000001e-06,0.591238815468089,1.939947922169019,0.13994792216901897,4.66736448599854e-06,1.80016781635984,0.00010404358854392524,True,0.00010375402358105263,False,,3.0319920543675184e-06,,0.10424389577641091,1,1,1,False,2.9671079199527135,1.170804690755596,0.002892080047286533,2.366925048462937,0.3946174306591002,False,False,False,2.97,False,start_peak 1.867749 V above 1.836 V | start_downward excursion 32.6377 mV > 1 mV | reen_peak 1.939948 V above 1.836 V | reen_downward excursion 104.2439 mV > 1 mV
st_fs_-40c_rwcs_v3300mv_i1ma_c1000nf_e0mohm_t1000ns,fs,-40,wcs,3.30,1,1000,0,1000,g005_fs_rwcs_i1ma_c1000nf_e0mohm_t1000ns,pass,50ba71cc1ea29437967b052abf61ccdf715ead189a2a24d64d0c0ce867172b7a,20261010-104827-91e92aa-startup-grid.traces/st_fs_-40c_rwcs_v3300mv_i1ma_c1000nf_e0mohm_t1000ns.csv.gz,cc789f0b7e30d90d619f910b8663570051bf71de1bc1bd49d05a1c9dc6913efc,15068,fail,3.3,7.755907557539096e-09,7.742460957347572e-09,7.755907557539096e-09,1.64487403226849e-06,0.006,1.000000000001e-06,7.764336532342015e-09,2.040216174423607,0.2402161744236071,5.894473404313141e-06,1.800068376406574,0.00019612564573504715,True,0.00019536042781376453,False,8.384808726841961e-07,3.829550651138941e-06,2.9910697784547448e-06,0.20499812110557514,1,1,1,False,3.2969754756530896,3.300078539786136,0.003024524346910184,3.2999999922293415,0.5052999409382182,1.8000042732151087,0.591317059991678,0.005999499999999998,1.000000000001e-06,0.5912511944484153,2.082403543800321,0.28240354380032096,4.611868517769707e-06,1.800220726330892,0.0002318388399885924,True,0.00023084589950565158,False,,2.5508799030658696e-06,,0.2474180628337459,1,1,1,False,3.297038492945519,2.447322695751492,0.002961507054480747,2.708765101852737,0.488735383337879,False,False,True,3.3,False,start_peak 2.040216 V above 1.836 V | start_downward excursion 204.9981 mV > 1 mV | reen_peak 2.082404 V above 1.836 V | reen_downward excursion 247.4181 mV > 1 mV
st_fs_-40c_rwcs_v3630mv_i1ma_c1000nf_e0mohm_t1000ns,fs,-40,wcs,3.63,1,1000,0,1000,g005_fs_rwcs_i1ma_c1000nf_e0mohm_t1000ns,pass,28f9f96f503694f7d4b45eb340e458dd5d3d8210e3980b5f9f0cffde0dea1836,20261010-104827-91e92aa-startup-grid.traces/st_fs_-40c_rwcs_v3630mv_i1ma_c1000nf_e0mohm_t1000ns.csv.gz,946370ea77b1f689fa51237aae6ece3ea562db852d4839bfb47ef7716e75fe68,15077,fail,3.63,2.649808089587022e-08,2.648422574153958e-08,2.649808089587022e-08,1.608714656289441e-06,0.006,1.000000000001e-06,2.6504834933831062e-08,2.164975280300898,0.3649752803008981,5.353989512123973e-06,1.80006040484512,0.00030237589376505385,True,0.00030144526537841993,False,7.723587385767156e-07,3.249432473523377e-06,2.4770737349466616e-06,0.32992616608026104,1,1,1,False,3.6269293671277953,3.6300695928146207,0.003070632872204752,3.6299999734900994,0.6053528738010482,1.8000206376026873,0.5913435174121467,0.005999499999999998,1.000000000001e-06,0.5912565668206636,2.085534957050951,0.2855349570509509,4.035946064667034e-06,1.800275679402207,0.00023382216003484113,True,0.00023296945244933608,False,,2.244558691827003e-06,,0.25040626368763985,1,1,1,False,3.6271263317723434,2.8324537803560434,0.00287366822765661,3.038760053938421,0.5857796833537344,False,False,True,3.63,False,start_peak 2.164975 V above 1.836 V | start_downward excursion 329.9262 mV > 1 mV | reen_peak 2.085535 V above 1.836 V | reen_downward excursion 250.4063 mV > 1 mV
st_fs_27c_rwcs_v2970mv_i1ma_c1000nf_e0mohm_t1000ns,fs,27,wcs,2.97,1,1000,0,1000,g005_fs_rwcs_i1ma_c1000nf_e0mohm_t1000ns,pass,0b85dc0940b01d59e5a3a0900cb4ec5ffeddafcfef51e8894f45453dcdc5f20f,20261010-104827-91e92aa-startup-grid.traces/st_fs_27c_rwcs_v2970mv_i1ma_c1000nf_e0mohm_t1000ns.csv.gz,32a9fd5b10003dd27adcb526212f12ce52ab576e40181956f031be0b20122808,15073,fail,2.97,1.365134438578709e-07,1.364985970287237e-07,1.365134438578709e-07,1.682856487262996e-06,0.006000000000000001,1.000000000001e-06,1.3652384288222724e-07,1.946103774182913,0.14610377418291298,7.285706115536155e-06,1.799971403512489,0.0001119946922290031,True,0.00011187771601954662,False,9.734917780097008e-07,5.202005284387126e-06,4.228513506377425e-06,0.11022338932857711,1,1,1,False,2.965726915951411,2.970093919983473,0.004273084048589473,2.969999863468358,0.3620752747398669,1.7999346541881576,0.5910979424687481,0.005999499999999998,1.000000000001e-06,0.5910167108856961,1.959564179648775,0.159564179648775,5.628513575956645e-06,1.800208466903807,4.2079825713706165e-06,True,0.0001225991984000534,True,,3.5786464838003916e-06,,0.12442195512232002,1,1,1,False,2.9658176592705323,2.2368672502341735,0.004182340729467876,2.3789848939525826,0.3498048697291932,False,False,False,2.97,False,start_peak 1.946104 V above 1.836 V | start_downward excursion 110.2234 mV > 1 mV | reen_peak 1.959564 V above 1.836 V | reen_downward excursion 124.4220 mV > 1 mV
st_fs_27c_rwcs_v3300mv_i1ma_c1000nf_e0mohm_t1000ns,fs,27,wcs,3.30,1,1000,0,1000,g005_fs_rwcs_i1ma_c1000nf_e0mohm_t1000ns,pass,3b42d6af0a7fb2ff86a198c3bda1d07e022306337b26d0efbdfd13ae9876b182,20261010-104827-91e92aa-startup-grid.traces/st_fs_27c_rwcs_v3300mv_i1ma_c1000nf_e0mohm_t1000ns.csv.gz,a2e97035f83af476e8bd420473949d0dbdb2bc1c015ffa8b4ae5445c04340a51,15074,fail,3.3,2.124003554371087e-07,2.123851371890589e-07,2.124003554371087e-07,1.646662363733298e-06,0.006,1.000000000001e-06,2.1240863031890675e-07,2.014378988737369,0.21437898873736905,6.1904064511311e-06,1.800010943603072,0.0001731130956351642,True,0.00017270736940812477,False,8.863607541421366e-07,4.2736237441696105e-06,3.387262990027474e-06,0.1787938012813961,1,1,1,False,3.2956551637393607,3.3000817852161366,0.004344836260638876,3.2999997875851634,0.4471464531883092,1.7999978921753357,0.5911168027572986,0.005999499999999998,1.0000000000044695e-06,0.5910374390223115,2.0468589774871,0.24685897748709995,5.066124439661451e-06,1.800262843535865,3.3704618074680698e-06,True,0.00020030880951849164,True,,2.938720484626951e-06,,0.21093761254188492,1,1,1,False,3.295781562227377,2.579052549038048,0.004218437772622823,2.7089726112045884,0.4327530408942065,False,False,True,3.3,False,start_peak 2.014379 V above 1.836 V | start_downward excursion 178.7938 mV > 1 mV | reen_peak 2.046859 V above 1.836 V | reen_downward excursion 210.9376 mV > 1 mV
st_fs_27c_rwcs_v3630mv_i1ma_c1000nf_e0mohm_t1000ns,fs,27,wcs,3.63,1,1000,0,1000,g005_fs_rwcs_i1ma_c1000nf_e0mohm_t1000ns,pass,ed4eb69c355c1c317c3177a5718b19b5f4b4a8e80bb92a655fcbbee0fc0faf9d,20261010-104827-91e92aa-startup-grid.traces/st_fs_27c_rwcs_v3630mv_i1ma_c1000nf_e0mohm_t1000ns.csv.gz,53dcf0c7935a156e8e49e75e9e1b9a2bd0dbd8dc220a904d9ea64b4a865ac88a,15084,fail,3.63,3.959677459742396e-07,3.959521191927872e-07,3.959677459742396e-07,1.613033369687423e-06,0.006,1.000000000001e-06,3.959745502754801e-07,1.953667597922588,0.15366759792258788,5.394568189907812e-06,1.800114333843423,4.200428553593864e-06,True,0.0001169541241116717,True,9.221922303464504e-07,3.7830303236245886e-06,2.8608380932781383e-06,0.11810088567918586,1,1,1,False,3.625632319268486,3.6302498740261226,0.004367680731514039,3.6299996190248147,0.5379323594411685,1.8000466713411196,0.5911361682124945,0.005999499999999998,1.000000000001e-06,0.5910534334522045,2.126894691353991,0.32689469135399096,4.700022192929629e-06,1.800320367978343,2.875825239423077e-06,True,0.0002688265128656826,True,,2.537972055586157e-06,,0.29144563055942196,1,1,1,False,3.625959734573527,2.903920269963547,0.00404026542647302,3.038972989518288,0.5206087296415594,False,False,True,3.63,False,start_peak 1.953668 V above 1.836 V | start_downward excursion 118.1009 mV > 1 mV | reen_peak 2.126895 V above 1.836 V | reen_downward excursion 291.4456 mV > 1 mV
st_fs_125c_rwcs_v2970mv_i1ma_c1000nf_e0mohm_t1000ns,fs,125,wcs,2.97,1,1000,0,1000,g005_fs_rwcs_i1ma_c1000nf_e0mohm_t1000ns,pass,e84fc8a19713d6541a2c6e5be84fab3680db523f6b937429a8a474d9cbe5c3b1,20261010-104827-91e92aa-startup-grid.traces/st_fs_125c_rwcs_v2970mv_i1ma_c1000nf_e0mohm_t1000ns.csv.gz,49f41b40624c5721d442f7a8bb9df83ca4d6c0eb08ba32f128963862e419fc9e,15074,fail,2.97,0.0001175054915006513,0.0001175048402117755,0.0001175048402117755,3.789477057366243e-05,0.006,1.000000000001e-06,0.00011750333373584909,1.943596169339418,0.14359616933941788,8.177375221369871e-06,1.800035887691083,6.767611459378977e-06,True,0.00011042147800911435,True,1.132677973412434e-06,6.124713914877089e-06,4.992035941464656e-06,0.10855466570095995,1,1,1,False,2.9632211776273256,2.950063608232309,0.006778822372674593,2.9698824973621063,0.3074276209505012,1.8000124768691892,0.5908300113415965,0.005999499999999998,1.000000000001e-06,0.5907482821635616,1.964935320587938,0.16493532058793803,6.439473455299716e-06,1.80028936765002,4.751770428785759e-06,True,0.00012826023690369612,True,,4.171116472935683e-06,,0.12952011609852998,1,1,1,False,2.9630716070444665,2.3168058955406625,0.006928392955533523,2.379280412045537,0.2964939640272967,False,False,False,2.97,False,start_peak 1.943596 V above 1.836 V | start_downward excursion 108.5547 mV > 1 mV | reen_peak 1.964935 V above 1.836 V | reen_downward excursion 129.5201 mV > 1 mV
st_fs_125c_rwcs_v3300mv_i1ma_c1000nf_e0mohm_t1000ns,fs,125,wcs,3.30,1,1000,0,1000,g005_fs_rwcs_i1ma_c1000nf_e0mohm_t1000ns,pass,c2f20251f5152db5da00179b90cbb122cc7750459de0775a80d029ac5e587ac2,20261010-104827-91e92aa-startup-grid.traces/st_fs_125c_rwcs_v3300mv_i1ma_c1000nf_e0mohm_t1000ns.csv.gz,fa96a6610902b55721ac74a9be4b6ddd9a1512f88519f6516c42717b280dc6c1,15079,fail,3.3,0.0001266701943909294,0.0001266694901074398,0.0001266694901074398,4.84621342936494e-05,0.005999999999999999,1.000000000001e-06,0.0001266679268789877,2.054338217152963,0.2543382171529631,7.501388102394658e-06,1.800116113734812,0.0002099922803472556,True,0.00020918392522176448,False,1.032516480658022e-06,5.04116581016877e-06,4.008649329510748e-06,0.21916494048511126,1,1,1,False,3.2934570855929612,3.2764429923695038,0.006542914407038631,3.2998733329497445,0.3792117280423316,1.8000377641530612,0.5908500315704923,0.005999499999999998,1.000000000001e-06,0.5907577858865545,1.97318970474079,0.17318970474078998,5.605176233856174e-06,1.800349093577255,0.0001359491412070441,True,0.00013494926875098263,False,,3.4392984820280186e-06,,0.1382121881128151,1,1,1,False,3.29290861414732,2.666195226441561,0.007091385852680115,2.709326369290072,0.3666855769805887,False,False,False,3.3,False,start_peak 2.054338 V above 1.836 V | start_downward excursion 219.1649 mV > 1 mV | reen_peak 1.973190 V above 1.836 V | reen_downward excursion 138.2122 mV > 1 mV
st_fs_125c_rwcs_v3630mv_i1ma_c1000nf_e0mohm_t1000ns,fs,125,wcs,3.63,1,1000,0,1000,g005_fs_rwcs_i1ma_c1000nf_e0mohm_t1000ns,pass,7bdcd9c7b3743013d03493e12464486115a29fc427b60b980d77b65a691a68bc,20261010-104827-91e92aa-startup-grid.traces/st_fs_125c_rwcs_v3630mv_i1ma_c1000nf_e0mohm_t1000ns.csv.gz,886fc5a93a982bd69f120e0dea927c087afd268a1fe040157388827205a23ff6,15072,fail,3.63,0.0001379887433279269,0.0001379879926420619,0.0001379879926420619,5.950544561177192e-05,0.006,1.000000000001e-06,0.00013798629547462504,2.074485422108938,0.2744854221089381,6.546198416412926e-06,1.800120693187441,0.00022659712955149696,True,0.00022574707343368146,False,9.795898649093428e-07,4.290752759898921e-06,3.3111628949895785e-06,0.2393547718283422,1,1,1,False,3.6239057857404036,3.600583145227641,0.006094214259596437,3.629862014977401,0.4552875892789067,1.8001057613724567,0.5908654087071745,0.005999499999999998,1.0000000000027348e-06,0.5907823644920817,1.973005745103309,0.1730057451033089,4.771618283371318e-06,1.800414672828516,3.4057741895316546e-06,True,0.00013401351652037402,True,,2.9721590426869755e-06,,0.13783824775752596,1,1,1,False,3.6230236711939914,2.9923290629516366,0.006976328806008349,3.0393115119940775,0.4411980211837202,False,False,True,3.63,False,start_peak 2.074485 V above 1.836 V | start_downward excursion 239.3548 mV > 1 mV | reen_peak 1.973006 V above 1.836 V | reen_downward excursion 137.8382 mV > 1 mV
st_sf_-40c_rbcs_v2970mv_i1ma_c1000nf_e0mohm_t1000ns,sf,-40,bcs,2.97,1,1000,0,1000,g006_sf_rbcs_i1ma_c1000nf_e0mohm_t1000ns,pass,e5737b02ee62e67f1d05b736930b96ca44080df214f9d41fd6fa170dd32e79ac,20261010-104827-91e92aa-startup-grid.traces/st_sf_-40c_rbcs_v2970mv_i1ma_c1000nf_e0mohm_t1000ns.csv.gz,3e90ffe757639009f67821d4a382768f869bb483bc3d54ef83b63bb6638acef6,15083,fail,2.97,3.0777689355627e-07,3.077649128521679e-07,3.0777689355627e-07,1.669055978961271e-06,0.006,1.000000000001e-06,3.0778645442398513e-07,2.015516651518163,0.2155166515181628,5.912443668105137e-06,1.799951008771658,4.487034963849158e-06,True,0.00017327755770331813,True,8.749754189797454e-07,4.048242984272206e-06,3.1732675652924603e-06,0.18049134492068175,1,1,1,False,2.9662524897760565,2.970078838089576,0.003747510223943879,2.969999692206375,0.4784808711265038,1.7999378188114799,0.5904319103121113,0.0059995,1.0000000000027348e-06,0.5903660669998817,1.972901194837521,0.17290119483752098,4.542677727276817e-06,1.800160322022541,0.00013366564359187233,True,0.00013356709913038052,False,,2.6977206184122756e-06,,0.13700206325340591,1,1,1,False,2.9663327960914043,2.1995140338140198,0.003667203908595753,2.379652225445574,0.462382908694569,False,False,False,2.97,False,start_peak 2.015517 V above 1.836 V | start_downward excursion 180.4913 mV > 1 mV | reen_peak 1.972901 V above 1.836 V | reen_downward excursion 137.0021 mV > 1 mV
st_sf_-40c_rbcs_v3300mv_i1ma_c1000nf_e0mohm_t1000ns,sf,-40,bcs,3.30,1,1000,0,1000,g006_sf_rbcs_i1ma_c1000nf_e0mohm_t1000ns,pass,f1a4fb674a9e914e5d7a100af6dee24393df3c41d9a93399cc2755e80759dab8,20261010-104827-91e92aa-startup-grid.traces/st_sf_-40c_rbcs_v3300mv_i1ma_c1000nf_e0mohm_t1000ns.csv.gz,561328dbb0e952f7098a5a2bb317c1fd2dc522f1cefa2927a8c40a519d064b72,15069,fail,3.3,8.137747498471611e-07,8.137626189922101e-07,8.137747498471611e-07,1.638498727589761e-06,0.006,1.000000000001e-06,8.137823396346199e-07,2.148404608954649,0.3484046089546491,5.220658319270198e-06,1.800002173249388,0.00028768505422608714,True,0.0002871539652607625,False,7.933330679091436e-07,3.3230845377776183e-06,2.5297514698684747e-06,0.31294809145022406,1,1,1,False,3.2962266510895724,3.300064453912857,0.003773348910427639,3.2999991862119677,0.5947127173103417,1.799948527090682,0.5904354262320023,0.005999499999999998,1.000000000001e-06,0.5903695904922193,2.07572042548645,0.27572042548645004,4.306758558170198e-06,1.800210857298567,0.0002249504290719219,True,0.00022447712628561142,False,,2.338218577415487e-06,,0.2402047889159702,1,1,1,False,3.296308855272164,2.562368083290904,0.003691144727835856,2.709651862528693,0.5765778258385471,False,False,True,3.3,False,start_peak 2.148405 V above 1.836 V | start_downward excursion 312.9481 mV > 1 mV | reen_peak 2.075720 V above 1.836 V | reen_downward excursion 240.2048 mV > 1 mV
st_sf_-40c_rbcs_v3630mv_i1ma_c1000nf_e0mohm_t1000ns,sf,-40,bcs,3.63,1,1000,0,1000,g006_sf_rbcs_i1ma_c1000nf_e0mohm_t1000ns,pass,12b73d4708fe1c6a8e4b41a0ff82b05ce47c152883c575df7ae0ab64c27b333e,20261010-104827-91e92aa-startup-grid.traces/st_sf_-40c_rbcs_v3630mv_i1ma_c1000nf_e0mohm_t1000ns.csv.gz,270ec304bb0a68d654a181a5a2862f720d14e5e6c7f3d51c98d1cc27e1b7a3ef,15074,fail,3.63,1.849358853079941e-06,1.849253719147062e-06,1.849253719147062e-06,1.063039910729456e-05,0.006,1.000000000001e-06,1.848825159729102e-06,2.230800783557008,0.430800783557008,4.967852563933983e-06,1.800002682813849,0.00035537046036307886,True,0.0003544073171506652,False,7.319307139840153e-07,2.812109852230533e-06,2.080179138246518e-06,0.3957861654788981,1,1,1,False,3.626118361459813,3.626842749762156,0.003881638540186681,3.6299981514962596,0.7187196759123465,1.799992479460926,0.5904498953432864,0.005999499999999998,1.000000000001e-06,0.5903840619941741,2.2441390543948,0.44413905439479984,4.263064587088292e-06,1.800263892355285,0.00036505251284920694,True,0.0003643977940691451,False,,2.061418169797228e-06,,0.4088090056060478,1,1,1,False,3.62653276215351,2.9085430352310353,0.003467237846489613,3.039641558947219,0.6985800801905265,False,False,True,3.63,False,start_peak 2.230801 V above 1.836 V | start_downward excursion 395.7862 mV > 1 mV | reen_peak 2.244139 V above 1.836 V | reen_downward excursion 408.8090 mV > 1 mV
st_sf_27c_rbcs_v2970mv_i1ma_c1000nf_e0mohm_t1000ns,sf,27,bcs,2.97,1,1000,0,1000,g006_sf_rbcs_i1ma_c1000nf_e0mohm_t1000ns,pass,9af7baac3836d47771ee016b663616f53e6cb4a5ece41d59357cb6c695603f54,20261010-104827-91e92aa-startup-grid.traces/st_sf_27c_rbcs_v2970mv_i1ma_c1000nf_e0mohm_t1000ns.csv.gz,41f5fc435f0ade793635908d3a4624bec39a87ffd9ecf4a88ecf9d9e220272b8,15069,fail,2.97,1.972613673278573e-06,1.972530540673007e-06,1.972530540673007e-06,6.367240747062643e-06,0.006,1.000000000001e-06,1.9721298790464045e-06,1.996792362801844,0.19679236280184398,6.764663696229084e-06,1.799957190979377,0.00015808258686543205,True,0.00015730384475785486,False,9.258057860461434e-07,4.548081699238077e-06,3.6222759131919332e-06,0.16158959464427092,1,1,1,False,2.9647314868837245,2.967310751329124,0.005268513116275759,2.9699980281706173,0.4209943058835546,1.799908143786634,0.5900701553876467,0.0059995,1.000000000001e-06,0.5900043321386812,1.953704467056897,0.153704467056897,5.078921984738929e-06,1.800200389179334,3.6775527449926793e-06,True,0.00011650124703787733,True,,3.151894746753152e-06,,0.11822579405274203,1,1,1,False,2.964689025836788,2.2818678544621296,0.005310974163211904,2.3800194449986902,0.4066355448297609,False,False,False,2.97,False,start_peak 1.996792 V above 1.836 V | start_downward excursion 161.5896 mV > 1 mV | reen_peak 1.953704 V above 1.836 V | reen_downward excursion 118.2258 mV > 1 mV
st_sf_27c_rbcs_v3300mv_i1ma_c1000nf_e0mohm_t1000ns,sf,27,bcs,3.30,1,1000,0,1000,g006_sf_rbcs_i1ma_c1000nf_e0mohm_t1000ns,pass,3d2543788d4ebbca9c3b523687d36a870942c0e0559aba71edfdb2ce8351d6ac,20261010-104827-91e92aa-startup-grid.traces/st_sf_27c_rbcs_v3300mv_i1ma_c1000nf_e0mohm_t1000ns.csv.gz,892bb69f5d187af366f285d3b7677f1d86c8819acaef15663aa9efd1032c7cc1,15078,fail,3.3,3.98311664733505e-06,3.982236885914697e-06,3.982236885914697e-06,5.235476976704211e-05,0.006,1.000000000001e-06,3.979758573524481e-06,2.00713048123637,0.2071304812363699,5.601034927353154e-06,1.80004617127548,0.00016559199827867813,True,0.0001654005476751648,False,9.211917542214747e-07,3.7975691189420695e-06,2.876377364720595e-06,0.17132654167578099,1,1,1,False,3.2946711120188876,3.2814885895983372,0.005328887981112204,3.2999961198188252,0.5245290294457178,1.7999807748521903,0.5900940556203247,0.0059995,1.000000000001e-06,0.5900282326655673,1.936453644812312,0.13645364481231192,4.292875368801241e-06,1.800252572353721,3.1502302007008903e-06,True,9.981201724826861e-05,True,,2.6727798229970725e-06,,0.10115636063586497,1,1,1,False,3.2948942162414556,2.6243597665890714,0.005105783758544013,2.7099995460226713,0.5077709186689975,False,False,False,3.3,False,start_peak 2.007130 V above 1.836 V | start_downward excursion 171.3265 mV > 1 mV | reen_peak 1.936454 V above 1.836 V | reen_downward excursion 101.1564 mV > 1 mV
st_sf_27c_rbcs_v3630mv_i1ma_c1000nf_e0mohm_t1000ns,sf,27,bcs,3.63,1,1000,0,1000,g006_sf_rbcs_i1ma_c1000nf_e0mohm_t1000ns,pass,6659f5b1bf1c8614c8edd900f6468dfc06c8411e4ef980e79370c340abc1d7ea,20261010-104827-91e92aa-startup-grid.traces/st_sf_27c_rbcs_v3630mv_i1ma_c1000nf_e0mohm_t1000ns.csv.gz,662e6119f02328bd151902f654283c9bbeb34f45305a7f2703b717b2a937ec65,15076,fail,3.63,7.509195778986319e-06,7.507769748904288e-06,7.507769748904288e-06,9.51761610263595e-05,0.006,1.000000000001e-06,7.5029407503002855e-06,2.075360442471768,0.27536044247176794,5.178592254467904e-06,1.800013544737712,0.0002251115209723068,True,0.00022492003330764094,False,8.339004984778009e-07,3.2108003604303366e-06,2.376899861952536e-06,0.239556540864021,1,1,1,False,3.6244642528473117,3.5934140598597675,0.005535747152688049,3.6299925006809985,0.6340818928725597,1.799980728673249,0.5901099784190509,0.005999499999999998,1.000000000001e-06,0.5900285406407719,2.209805761846277,0.40980576184627693,4.439639621609329e-06,1.800308415832643,0.000337454686472196,True,0.00033673613360538595,False,,2.298083441873687e-06,,0.37454140008484504,1,1,1,False,3.6244169788910265,2.964139029223685,0.005583021108973135,3.0400008413497774,0.6150551691913391,False,False,True,3.63,False,start_peak 2.075360 V above 1.836 V | start_downward excursion 239.5565 mV > 1 mV | reen_peak 2.209806 V above 1.836 V | reen_downward excursion 374.5414 mV > 1 mV
st_sf_125c_rbcs_v2970mv_i1ma_c1000nf_e0mohm_t1000ns,sf,125,bcs,2.97,1,1000,0,1000,g006_sf_rbcs_i1ma_c1000nf_e0mohm_t1000ns,pass,69fbf8e967dd79fa226b432eafbf052544f61231142c0e45743221beba8b42ea,20261010-104827-91e92aa-startup-grid.traces/st_sf_125c_rbcs_v2970mv_i1ma_c1000nf_e0mohm_t1000ns.csv.gz,311a8f9b37c2da8204b1b62eed521accedc323955f59f24080ff2c988e8643c4,15081,fail,2.97,0.0002764787528220417,0.0002764783479551591,0.0002764783479551591,4.789012679140628e-05,0.006,1.000000000001e-06,0.00027647869522136635,1.968864203881464,0.16886420388146406,7.718162955017843e-06,1.799979057813847,6.056251907525815e-06,True,0.0001328900963788456,True,1.1062837341629327e-06,5.430163265594831e-06,4.3238795314318985e-06,0.13326339511264518,1,1,1,False,2.9621551904136556,2.946494250763285,0.007844809586344715,2.9697235211185915,0.3542525530131921,1.7999594070150984,0.5896215939022558,0.005999499999999998,1.000000000001e-06,0.5895558015674341,1.94201334779363,0.14201334779363006,6.005881102718463e-06,1.800277493211366,4.3419604717660765e-06,True,0.00010657697169239654,True,,3.7797578066629467e-06,,0.10641990261754719,1,1,1,False,2.961827869149085,2.3457974708701532,0.008172130850915086,2.38054270762031,0.3421176332165715,False,False,False,2.97,False,start_peak 1.968864 V above 1.836 V | start_downward excursion 133.2634 mV > 1 mV | reen_peak 1.942013 V above 1.836 V | reen_downward excursion 106.4199 mV > 1 mV
st_sf_125c_rbcs_v3300mv_i1ma_c1000nf_e0mohm_t1000ns,sf,125,bcs,3.30,1,1000,0,1000,g006_sf_rbcs_i1ma_c1000nf_e0mohm_t1000ns,pass,88f2ae6234baaeda3381cc181de7073136378c7bd234581441a513dda7be350d,20261010-104827-91e92aa-startup-grid.traces/st_sf_125c_rbcs_v3300mv_i1ma_c1000nf_e0mohm_t1000ns.csv.gz,1f8b3768cd9d89e437632adeef7295153e136debfd38c61f30575445fd613486,15080,fail,3.3,0.0002980857709186552,0.0002980854005594652,0.0002980854005594652,5.333683562304926e-05,0.006,1.000000000001e-06,0.00029808618451016483,2.001727320390507,0.20172732039050678,6.633872653850036e-06,1.800066238680898,0.00016164841757539713,True,0.0001614635408550481,False,1.031252841702458e-06,4.471483483664081e-06,3.440230641961623e-06,0.16591681535920788,1,1,1,False,3.2918472890722588,3.273407506736178,0.008152710927741143,3.2997019132275267,0.4399632541096252,1.8000033865663767,0.5896516423659787,0.0059995,1.000000000001e-06,0.5895745353575976,1.973618936824909,0.17361893682490903,5.379353615967905e-06,1.800334880853257,3.5702187521392814e-06,True,0.0001348729270917237,True,,3.148356113947255e-06,,0.13822185507707307,2,1,1,False,3.2916480331529967,2.6783221566868938,0.008351966847002984,2.710527055507632,0.4253980316609159,False,False,False,3.3,False,start_peak 2.001727 V above 1.836 V | start_downward excursion 165.9168 mV > 1 mV | reen_peak 1.973619 V above 1.836 V | reen_downward excursion 138.2219 mV > 1 mV
st_sf_125c_rbcs_v3630mv_i1ma_c1000nf_e0mohm_t1000ns,sf,125,bcs,3.63,1,1000,0,1000,g006_sf_rbcs_i1ma_c1000nf_e0mohm_t1000ns,pass,a7af16304d75985b2383f9053e066e73a031eb6d8c5a3feeb34c1a5a9156e03a,20261010-104827-91e92aa-startup-grid.traces/st_sf_125c_rbcs_v3630mv_i1ma_c1000nf_e0mohm_t1000ns.csv.gz,666a5230760ee51610eb228db6c223c42af5c15c7b75a6f574e8078709c69bfa,15081,fail,3.63,0.0003275978866727588,0.000327597536317106,0.000327597536317106,6.028986283669162e-05,0.006,1.000000000001e-06,0.00032759843321242954,2.116319940598288,0.31631994059828794,5.981169246580898e-06,1.800129813485586,0.0002608414438087939,True,0.0002605510264406567,False,9.699774892073393e-07,3.7988432919733963e-06,2.828865802766057e-06,0.2806175939453981,1,1,1,False,3.623286994220842,3.603968494157636,0.006713005779158119,3.629672400894116,0.5314720376461758,1.8000655860056354,0.5896677489740131,0.0059995,1.0000000000044695e-06,0.5896019555757199,2.158515224570041,0.35851522457004115,4.817667816675933e-06,1.800398731376063,0.0002959914454624228,True,0.0002951123360974668,False,,2.684862848436258e-06,,0.32341594152518716,2,1,1,False,3.623158896136642,3.0074289169513166,0.006841103863357952,3.0405046481366784,0.5159522367087347,False,False,True,3.63,False,start_peak 2.116320 V above 1.836 V | start_downward excursion 280.6176 mV > 1 mV | reen_peak 2.158515 V above 1.836 V | reen_downward excursion 323.4159 mV > 1 mV
st_sf_-40c_rtyp_v2970mv_i1ma_c1000nf_e0mohm_t1000ns,sf,-40,typ,2.97,1,1000,0,1000,g007_sf_rtyp_i1ma_c1000nf_e0mohm_t1000ns,pass,82aef301cd8630f96193837a50c974d164336ed7c0324d599ca4a68348930911,20261010-104827-91e92aa-startup-grid.traces/st_sf_-40c_rtyp_v2970mv_i1ma_c1000nf_e0mohm_t1000ns.csv.gz,99c9856e6418ca8ac38c66d8730a906bbe65cd808e4dd4d078024f7548abc6bd,15070,fail,2.97,3.080292161825108e-07,3.080172381048401e-07,3.080292161825108e-07,1.669055866876038e-06,0.006,1.000000000001e-06,3.0803878764613737e-07,2.017711574237161,0.21771157423716114,6.267435310118152e-06,1.800001661833958,4.5237060452311614e-06,True,0.0001757241046096309,True,8.56058429473987e-07,4.079637929593315e-06,3.223579500119328e-06,0.1821890294117272,1,1,1,False,2.966366702221595,2.97007883902593,0.003633297778405171,2.969999691954034,0.4786565023619431,1.7999413463192637,0.5909724451081184,0.0059995,1.000000000001e-06,0.5909065947580195,1.946056420785695,0.14605642078569492,4.511365092120176e-06,1.800160330451187,0.00010955161636758831,True,0.00010904192794955296,False,,2.6570341621916473e-06,,0.11057758226907799,1,1,1,False,2.9664500489331966,2.1960132530700163,0.003549951066803531,2.3791111004574996,0.4621294186318383,False,False,False,2.97,False,start_peak 2.017712 V above 1.836 V | start_downward excursion 182.1890 mV > 1 mV | reen_peak 1.946056 V above 1.836 V | reen_downward excursion 110.5776 mV > 1 mV
st_sf_-40c_rtyp_v3300mv_i1ma_c1000nf_e0mohm_t1000ns,sf,-40,typ,3.30,1,1000,0,1000,g007_sf_rtyp_i1ma_c1000nf_e0mohm_t1000ns,pass,6d37cf18e47ae1b11e7cde0098964e25f6eb64ec21106bbe05eb37e3b38275bb,20261010-104827-91e92aa-startup-grid.traces/st_sf_-40c_rtyp_v3300mv_i1ma_c1000nf_e0mohm_t1000ns.csv.gz,603d84b38621678026cfbabd42c7394e4535ca851e7c7941eb13e9cb6cb63dc7,15070,fail,3.3,8.144419097743797e-07,8.144297937181583e-07,8.144419097743797e-07,1.638494816501345e-06,0.006,1.000000000001e-06,8.144494859226082e-07,2.161579070445846,0.36157907044584614,5.398792063645132e-06,1.800009947814971,0.0002995018742503611,True,0.00029852547731097786,False,7.902902131867899e-07,3.3239669560684554e-06,2.5336767428816653e-06,0.3265771866234972,1,1,1,False,3.296305891252106,3.300064456499837,0.003694108747893836,3.2999991855448316,0.5960051968031727,1.7999869585107837,0.5909874235020832,0.005999499999999998,1.000000000001e-06,0.5909215798528253,2.082797834397118,0.2827978343971178,4.180558668694101e-06,1.800210857505036,2.660777077907045e-06,True,0.00023064328041180423,True,,2.297145613190938e-06,,0.2470773090591878,1,1,1,False,3.2964116561926953,2.560494811970197,0.003588343807304564,2.709099135027245,0.5759991814213559,False,False,True,3.3,False,start_peak 2.161579 V above 1.836 V | start_downward excursion 326.5772 mV > 1 mV | reen_peak 2.082798 V above 1.836 V | reen_downward excursion 247.0773 mV > 1 mV
st_sf_-40c_rtyp_v3630mv_i1ma_c1000nf_e0mohm_t1000ns,sf,-40,typ,3.63,1,1000,0,1000,g007_sf_rtyp_i1ma_c1000nf_e0mohm_t1000ns,pass,53e892e8875a31ae71bfc104dd353e7922d29219dc7ff485d63da09babfb0c26,20261010-104827-91e92aa-startup-grid.traces/st_sf_-40c_rtyp_v3630mv_i1ma_c1000nf_e0mohm_t1000ns.csv.gz,b50fdd15d8bb4ec8d344f734312ba81413f8738a2824f457a63cb2d31e82b421,15074,fail,3.63,1.850868307167176e-06,1.850763358120091e-06,1.850763358120091e-06,1.064969058935127e-05,0.006,1.000000000001e-06,1.8503348857249424e-06,2.289890017962414,0.48989001796241394,4.913128322108851e-06,1.799992919321776,0.000401684296724528,True,0.0004015810997896558,False,7.30207150966239e-07,2.8094992499032604e-06,2.0792920989370214e-06,0.45399556175322897,1,1,1,False,3.626249124229131,3.6268297448683358,0.003750875770868878,3.6299981499864686,0.7198682870472781,1.7999869313894579,0.5909874659010068,0.0059995,1.0000000000027348e-06,0.5909216263287279,2.107625566299752,0.307625566299752,3.6372269724225387e-06,1.800263895810705,0.0002523543228549665,True,0.00025163363552483173,False,,2.0304203111959278e-06,,0.27236238973736704,1,1,1,False,3.6265622125540222,2.9068787036771604,0.003437787445977634,3.039103399184257,0.6971261667199572,False,False,True,3.63,False,start_peak 2.289890 V above 1.836 V | start_downward excursion 453.9956 mV > 1 mV | reen_peak 2.107626 V above 1.836 V | reen_downward excursion 272.3624 mV > 1 mV
st_sf_27c_rtyp_v2970mv_i1ma_c1000nf_e0mohm_t1000ns,sf,27,typ,2.97,1,1000,0,1000,g007_sf_rtyp_i1ma_c1000nf_e0mohm_t1000ns,pass,3cf7b31e3dbf88375274064a74e50a6fe0d2f2b2315193d4fa6dab1f58f0c869,20261010-104827-91e92aa-startup-grid.traces/st_sf_27c_rtyp_v2970mv_i1ma_c1000nf_e0mohm_t1000ns.csv.gz,91bef083fc8fefff6b94975b03f0ec3968b2b08f5e05eb754777c0a926d07a42,15066,fail,2.97,1.974494830427625e-06,1.974412033757552e-06,1.974412033757552e-06,6.368470438128608e-06,0.006,1.000000000001e-06,1.9740122216587246e-06,1.892440944182602,0.09244094418260196,6.3110924749811784e-06,1.799959619151003,5.214705585270029e-06,True,6.0656096274565e-05,True,9.239652133563401e-07,4.585743764108246e-06,3.661778550751906e-06,0.05704466753647308,1,1,1,False,2.9648805356313552,2.9673045985879756,0.005119464368644751,2.9699980262876378,0.4210045926039642,1.7999419816289495,0.5907085021601913,0.0059995,1.000000000001e-06,0.5906426702731301,1.973190292253553,0.17319029225355287,5.002762449681994e-06,1.800200401066041,0.00013470980650308328,True,0.00013434421598024904,False,,3.1237051372036468e-06,,0.13756429259551095,1,1,1,False,2.9648829628775486,2.280364118749499,0.005117037122451678,2.3793805339018483,0.4071772190887865,False,False,False,2.97,False,start_peak 1.892441 V above 1.836 V | start_downward excursion 57.0447 mV > 1 mV | reen_peak 1.973190 V above 1.836 V | reen_downward excursion 137.5643 mV > 1 mV
st_sf_27c_rtyp_v3300mv_i1ma_c1000nf_e0mohm_t1000ns,sf,27,typ,3.30,1,1000,0,1000,g007_sf_rtyp_i1ma_c1000nf_e0mohm_t1000ns,pass,970a9fa3040c396e78b60f7e4f3226aecabc4df6db7db709f90ba926860a5493,20261010-104827-91e92aa-startup-grid.traces/st_sf_27c_rtyp_v3300mv_i1ma_c1000nf_e0mohm_t1000ns.csv.gz,87dea6995ad73073e6087f9dbd76467575942a6cbd4353536adbe03456bb5082,15077,fail,3.3,3.986940292057377e-06,3.986062056156769e-06,3.986062056156769e-06,5.244451183062074e-05,0.006,1.000000000001e-06,3.983607328723745e-06,2.047012451299727,0.24701245129972693,5.7253502704489746e-06,1.79999795179528,0.00020193429693641184,True,0.00020099095800732198,False,9.000443015868504e-07,3.7791557759335967e-06,2.8791114743467465e-06,0.21197717970848307,1,1,1,False,3.2948348638189353,3.2815742971986914,0.005165136181064706,3.299996121846806,0.5242308672863923,1.7999547443249906,0.5907247574826769,0.0059995,1.0000000000027348e-06,0.5906469506019699,2.111118222567887,0.311118222567887,4.609461821557595e-06,1.800252585931551,0.0002561386389901329,True,0.00025530017635070907,False,,2.637883788149064e-06,,0.275975746790609,1,1,1,False,3.294997957945101,2.628531401559033,0.00500204205489871,2.7093750494144375,0.5072237684204625,False,False,False,3.3,False,start_peak 2.047012 V above 1.836 V | start_downward excursion 211.9772 mV > 1 mV | reen_peak 2.111118 V above 1.836 V | reen_downward excursion 275.9757 mV > 1 mV
st_sf_27c_rtyp_v3630mv_i1ma_c1000nf_e0mohm_t1000ns,sf,27,typ,3.63,1,1000,0,1000,g007_sf_rtyp_i1ma_c1000nf_e0mohm_t1000ns,pass,c301fc1d489b2cbec2bae54fa2ecb1a28c33dda28c3af159753e18ffc4a4b0f7,20261010-104827-91e92aa-startup-grid.traces/st_sf_27c_rtyp_v3630mv_i1ma_c1000nf_e0mohm_t1000ns.csv.gz,d0151f75328f4555bf582ef9d7aec965b4950257ee7c564f74bd0bdf30744b5a,15076,fail,3.63,7.516356132735227e-06,7.514932277057775e-06,7.514932277057775e-06,9.52934525486594e-05,0.006,1.000000000001e-06,7.510064982291522e-06,2.221258178274058,0.42125817827405787,5.429164638241996e-06,1.8000371281988,0.000347727570035772,True,0.0003473203456721521,False,8.29100740588069e-07,3.194073443889029e-06,2.3649727033009597e-06,0.38567476054158,1,1,1,False,3.6246937495013993,3.5930668068808758,0.005306250498600607,3.6299924935854886,0.6347444497395275,1.8000249848847345,0.5907361514506807,0.0059995,1.000000000001e-06,0.5906703212297241,2.065399610446232,0.26539961044623195,4.229003851720717e-06,1.800308430028968,0.0002157493038649743,True,0.0002155447172647994,False,,2.2756080095171674e-06,,0.22960892202642103,1,1,1,False,3.6250888928941416,2.958299972967504,0.004911107105858441,3.039363534055416,0.6142740431678084,False,False,True,3.63,False,start_peak 2.221258 V above 1.836 V | start_downward excursion 385.6748 mV > 1 mV | reen_peak 2.065400 V above 1.836 V | reen_downward excursion 229.6089 mV > 1 mV
st_sf_125c_rtyp_v2970mv_i1ma_c1000nf_e0mohm_t1000ns,sf,125,typ,2.97,1,1000,0,1000,g007_sf_rtyp_i1ma_c1000nf_e0mohm_t1000ns,pass,b4bd8b017685c2302b732dd1d7994b7fcae05cc797733b54428ae93ccdc3017a,20261010-104827-91e92aa-startup-grid.traces/st_sf_125c_rtyp_v2970mv_i1ma_c1000nf_e0mohm_t1000ns.csv.gz,380d8ead555d6cb4db80f3304dbaf7233c353de68b660ae5c766cd8a6e0fe9e4,15082,fail,2.97,0.000276810206632856,0.0002768098072927128,0.0002768098072927128,4.794599468119994e-05,0.006,1.000000000001e-06,0.000276810164513651,1.952101123135014,0.152101123135014,7.359078865718828e-06,1.800030859649211,0.00011779677552553884,True,0.00011750145913409272,False,1.0766820776138616e-06,5.396839932253214e-06,4.320157854639353e-06,0.11640343654252594,1,1,1,False,2.962237017309898,2.946506006243195,0.007762982690102022,2.969723189647082,0.3541896698110715,1.79998374612445,0.5904313719672905,0.005999499999999998,1.000000000001e-06,0.5903524027229653,1.954322204440709,0.15432220444070888,5.862688597771393e-06,1.80027751294113,0.00011837627674242054,True,0.00011788745249868181,False,,3.7118513013363456e-06,,0.11882255655427287,1,1,1,False,2.9617961031992737,2.344558679885963,0.008203896800726602,2.3797449988555597,0.3419444811436754,False,False,False,2.97,False,start_peak 1.952101 V above 1.836 V | start_downward excursion 116.4034 mV > 1 mV | reen_peak 1.954322 V above 1.836 V | reen_downward excursion 118.8226 mV > 1 mV
st_sf_125c_rtyp_v3300mv_i1ma_c1000nf_e0mohm_t1000ns,sf,125,typ,3.30,1,1000,0,1000,g007_sf_rtyp_i1ma_c1000nf_e0mohm_t1000ns,pass,8d9b4939d58cda6522e0b27f6f215cdaf0bd24b02a4451c34038ed918922eb8b,20261010-104827-91e92aa-startup-grid.traces/st_sf_125c_rtyp_v3300mv_i1ma_c1000nf_e0mohm_t1000ns.csv.gz,3f6d1f8c0c5e492e57fd21a6ff2a33d3cace5c604e52bf7eeffa9cba7ac1fedb,15086,fail,3.3,0.0002984431182991178,0.0002984427536726354,0.0002984427536726354,5.339474053002413e-05,0.006,1.000000000001e-06,0.0002984435687310651,2.003108984822959,0.2031089848229588,6.620637873334164e-06,1.800014312533745,0.00016339136104270412,True,0.00016287399509126922,False,1.0081970324183966e-06,4.449420927960079e-06,3.441223895541683e-06,0.16763854136503187,1,1,1,False,3.2929696570033555,3.2732062557169503,0.007030342996644205,3.299701555819975,0.4400510019663504,1.800003050463152,0.590428850643243,0.005999499999999998,1.000000000001e-06,0.5903630496848499,1.955893117139536,0.1558931171395359,5.025525546173068e-06,1.800334902374929,0.00011924871033514375,True,0.00011849224636421378,False,,3.097027071055837e-06,,0.12066730217532484,2,1,1,False,3.2927071089925413,2.6727353729379435,0.007292891007458406,2.709740946791128,0.4254748531312355,False,False,False,3.3,False,start_peak 2.003109 V above 1.836 V | start_downward excursion 167.6385 mV > 1 mV | reen_peak 1.955893 V above 1.836 V | reen_downward excursion 120.6673 mV > 1 mV
st_sf_125c_rtyp_v3630mv_i1ma_c1000nf_e0mohm_t1000ns,sf,125,typ,3.63,1,1000,0,1000,g007_sf_rtyp_i1ma_c1000nf_e0mohm_t1000ns,pass,50e6c289a1c4bbc22a6550472f5ea4fab4164c79a5719a3ff6af9676928ed1b6,20261010-104827-91e92aa-startup-grid.traces/st_sf_125c_rtyp_v3630mv_i1ma_c1000nf_e0mohm_t1000ns.csv.gz,80e93b814cb6cdbfdde15cece268c248e2e98eac7a73fabe87fe2cd979903a94,15079,fail,3.63,0.0003279906059637109,0.0003279902614736002,0.0003279902614736002,6.035277047243652e-05,0.006,1.000000000001e-06,0.00032799118848961636,1.95252381710491,0.15252381710490992,5.58953616354484e-06,1.80010796653626,4.3802442299368475e-06,True,0.00011596395196035499,True,9.498663354925599e-07,3.816100242363768e-06,2.8662339068712083e-06,0.11659665611327696,1,1,1,False,3.6224049390549276,3.6037914041372394,0.007595060945072186,3.6296720081162483,0.5318787070824647,1.8000671400600798,0.590456913527015,0.0059995,1.0000000000044695e-06,0.590391110996786,2.174986737197874,0.3749867371978739,4.88966143658183e-06,1.800398754693592,0.0003090165635252929,True,0.00030882597417373407,False,,2.662462801961482e-06,,0.339181852116049,2,1,1,False,3.6220552518752034,3.0063454923857904,0.007944748124796355,3.039715242969418,0.5154969568422859,False,False,True,3.63,False,start_peak 1.952524 V above 1.836 V | start_downward excursion 116.5967 mV > 1 mV | reen_peak 2.174987 V above 1.836 V | reen_downward excursion 339.1819 mV > 1 mV
st_sf_-40c_rwcs_v2970mv_i1ma_c1000nf_e0mohm_t1000ns,sf,-40,wcs,2.97,1,1000,0,1000,g008_sf_rwcs_i1ma_c1000nf_e0mohm_t1000ns,pass,63256b36d683985e831d68985436db191756b8587732315902ebc5fc80ffde70,20261010-104827-91e92aa-startup-grid.traces/st_sf_-40c_rwcs_v2970mv_i1ma_c1000nf_e0mohm_t1000ns.csv.gz,f60c7a31d3f4fbd400a753779fbc0c3560c927911c651d0841a4fb954b59b9e6,15064,fail,2.97,3.081808504101086e-07,3.081688732720165e-07,3.081808504101086e-07,1.669055593835686e-06,0.006,1.000000000001e-06,3.081904329087526e-07,1.908263615488248,0.10826361548824792,5.8231655349441115e-06,1.799940044348219,7.563088861052905e-05,True,7.517441308686522e-05,False,8.537582348079172e-07,4.061416247743579e-06,3.2076580129356618e-06,0.0727301504200939,1,1,1,False,2.966487665344723,2.9700788398035782,0.003512334655276832,2.9699996918023803,0.4785683549384807,1.799929698961869,0.5912925679035645,0.005999499999999998,1.000000000001e-06,0.591226713900935,1.924689843369912,0.12468984336991196,4.153448075963281e-06,1.800160335315762,3.2244083181271616e-06,True,8.893192569846206e-05,True,,2.6461666638134706e-06,,0.089639215284532,1,1,1,False,2.966521658623779,2.194275375400705,0.003478341376221281,2.378790420318228,0.462492572320336,False,False,False,2.97,False,start_peak 1.908264 V above 1.836 V | start_downward excursion 72.7302 mV > 1 mV | reen_peak 1.924690 V above 1.836 V | reen_downward excursion 89.6392 mV > 1 mV
st_sf_-40c_rwcs_v3300mv_i1ma_c1000nf_e0mohm_t1000ns,sf,-40,wcs,3.30,1,1000,0,1000,g008_sf_rwcs_i1ma_c1000nf_e0mohm_t1000ns,pass,92c7844b30e7e154c6f9140b86741f0c71f86a70e5e97a7861be0e316ea05ce0,20261010-104827-91e92aa-startup-grid.traces/st_sf_-40c_rwcs_v3300mv_i1ma_c1000nf_e0mohm_t1000ns.csv.gz,7c9ed6bb8ada17930bd6911d24448f40a167d0b671ff3accb7cf351bcac3e815,15067,fail,3.3,8.148428479848506e-07,8.148307416937645e-07,8.148428479848506e-07,1.638456310688813e-06,0.006,1.000000000001e-06,8.148504161211892e-07,2.16165716080318,0.36165716080318,5.3667433403941506e-06,1.799954581141067,0.0002989642177563202,True,0.000298702694392767,False,7.898015329823719e-07,3.3231869689083793e-06,2.5333854359260073e-06,0.3259244763959641,1,1,1,False,3.2964179559369184,3.3000644741708376,0.003582044063081353,3.2999991851439074,0.5959427846235215,1.7999148254142308,0.5913028836519882,0.0059995,1.000000000001e-06,0.5912218442511536,2.14253965568968,0.34253965568968003,4.356799708456205e-06,1.800210867220869,0.00028197796623187846,True,0.00028173432594053775,False,,2.281824312141821e-06,,0.30678869461327407,1,1,1,False,3.2965033012359632,2.578397951591366,0.0034966987640364,2.708788182159497,0.5752037943223839,False,False,True,3.3,False,start_peak 2.161657 V above 1.836 V | start_downward excursion 325.9245 mV > 1 mV | reen_peak 2.142540 V above 1.836 V | reen_downward excursion 306.7887 mV > 1 mV
st_sf_-40c_rwcs_v3630mv_i1ma_c1000nf_e0mohm_t1000ns,sf,-40,wcs,3.63,1,1000,0,1000,g008_sf_rwcs_i1ma_c1000nf_e0mohm_t1000ns,pass,bb3e76a516f8849cfdcf7c780cdf91047db729932a97528c58f3b6da84c1d555,20261010-104827-91e92aa-startup-grid.traces/st_sf_-40c_rwcs_v3630mv_i1ma_c1000nf_e0mohm_t1000ns.csv.gz,7e8c501371755361eae65b7d3d525c6195a8a87cb3829b4e5f3a6f3a6ed28b7b,15069,fail,3.63,1.851787128147338e-06,1.851682704454819e-06,1.851682704454819e-06,1.063181464676844e-05,0.006,1.000000000001e-06,1.8512558055862013e-06,2.262850743985786,0.4628507439857861,4.831042216128876e-06,1.799998883156306,0.000380755714029067,True,0.0003803553666314167,False,7.303179950871935e-07,2.809521393951102e-06,2.0792033988639086e-06,0.4272599266823842,1,1,1,False,3.6263688795111046,3.6268317706877915,0.003631120488895339,3.6299981490643685,0.7199863978728678,1.7999783085485128,0.5913085924835052,0.0059995,1.000000000001e-06,0.5912427493684007,2.237205839104468,0.437205839104468,4.139051137840716e-06,1.800263893534909,0.00035940062331005565,True,0.00035918777384071483,False,,2.003066363770167e-06,,0.401423408676564,1,1,1,False,3.626568750037346,2.905786514163631,0.00343124996265429,3.038781843926746,0.6975039014392196,False,False,True,3.63,False,start_peak 2.262851 V above 1.836 V | start_downward excursion 427.2599 mV > 1 mV | reen_peak 2.237206 V above 1.836 V | reen_downward excursion 401.4234 mV > 1 mV
st_sf_27c_rwcs_v2970mv_i1ma_c1000nf_e0mohm_t1000ns,sf,27,wcs,2.97,1,1000,0,1000,g008_sf_rwcs_i1ma_c1000nf_e0mohm_t1000ns,pass,852b322056be5694f6437e3d470dc2641f56ce08093ffd12db825a0cebb12986,20261010-104827-91e92aa-startup-grid.traces/st_sf_27c_rwcs_v2970mv_i1ma_c1000nf_e0mohm_t1000ns.csv.gz,79cc4def8c7b738cb23ef396f3de325ccd3ee9442a0575901ce886ad0f6a3691,15071,fail,2.97,1.975624041152619e-06,1.975541511094262e-06,1.975541511094262e-06,6.367560011097985e-06,0.006,1.000000000001e-06,1.975142467991835e-06,2.000175179378757,0.20017517937875717,6.589302746024201e-06,1.799978662159636,0.00016040679313829515,True,0.00016039818567260172,False,9.238647363673751e-07,4.5482733136203705e-06,3.6244085772529957e-06,0.16418398155582015,1,1,1,False,2.9649809709158057,2.9673012399740433,0.005019029084194623,2.9699980251568143,0.4212967320672701,1.7999611589000812,0.5910915743237298,0.005999499999999998,1.000000000001e-06,0.591025737301962,1.905767118059617,0.10576711805961692,4.833418565662259e-06,1.800200407722296,3.7615040063276872e-06,True,7.18116919438486e-05,True,,3.14178757889076e-06,,0.07024065521868006,1,1,1,False,2.9650041798797275,2.279385930599318,0.00499582012027272,2.378997042163083,0.4065506168365797,False,False,False,2.97,False,start_peak 2.000175 V above 1.836 V | start_downward excursion 164.1840 mV > 1 mV | reen_peak 1.905767 V above 1.836 V | reen_downward excursion 70.2407 mV > 1 mV
st_sf_27c_rwcs_v3300mv_i1ma_c1000nf_e0mohm_t1000ns,sf,27,wcs,3.30,1,1000,0,1000,g008_sf_rwcs_i1ma_c1000nf_e0mohm_t1000ns,pass,3623a7f0d52977f5a3fc7df9c9bca5a1316dd3aa7f03584130c0927d2c9c4a11,20261010-104827-91e92aa-startup-grid.traces/st_sf_27c_rwcs_v3300mv_i1ma_c1000nf_e0mohm_t1000ns.csv.gz,a1490c580175aa602953fa4388d0fc542d875ee10334ac66ff59059470ccf92a,15077,fail,3.3,3.989197533313097e-06,3.988321509739547e-06,3.988321509739547e-06,5.243915142255542e-05,0.006,1.000000000001e-06,3.985872107969966e-06,2.145030696837798,0.34503069683779786,5.896086296214341e-06,1.800000025955576,0.00028593211474409533,True,0.0002852714625675618,False,8.837065504651043e-07,3.7683748155505697e-06,2.8846682650854657e-06,0.30970604850959593,1,1,1,False,3.294985492840045,3.2815679306033476,0.005014507159955063,3.2999961203558965,0.524105519079365,1.7999557964893254,0.5911002964625504,0.005999499999999998,1.000000000001e-06,0.5910240688789049,2.094916944648786,0.2949169446487858,4.7255298065377455e-06,1.800252591379837,2.957840992367372e-06,True,0.00024164603765561147,True,,2.6128275349087888e-06,,0.2589272452220359,1,1,1,False,3.2950005721322273,2.6295291812581048,0.00499942786777231,2.7089956035679084,0.5077748094787272,False,False,False,3.3,False,start_peak 2.145031 V above 1.836 V | start_downward excursion 309.7060 mV > 1 mV | reen_peak 2.094917 V above 1.836 V | reen_downward excursion 258.9272 mV > 1 mV
st_sf_27c_rwcs_v3630mv_i1ma_c1000nf_e0mohm_t1000ns,sf,27,wcs,3.63,1,1000,0,1000,g008_sf_rwcs_i1ma_c1000nf_e0mohm_t1000ns,pass,28cf20bc3eea0d972e94c5ae52bea0ffdcf8d334017d201c2fd60d1083bc7c34,20261010-104827-91e92aa-startup-grid.traces/st_sf_27c_rwcs_v3630mv_i1ma_c1000nf_e0mohm_t1000ns.csv.gz,ccfb2532af655d120f9bb95f8f2cd5a2e9b46fb2f5c0fe998559417c673f7aff,15082,fail,3.63,7.520656605435414e-06,7.519234440219714e-06,7.519234440219714e-06,9.535999646655255e-05,0.006,1.000000000001e-06,7.515222231455938e-06,2.028649539655119,0.22864953965511892,5.223681615810832e-06,1.800072033578236,0.00018444146179579781,True,0.00018441818813267057,False,8.342807611720212e-07,3.2251943055780767e-06,2.3909135444060556e-06,0.19267333960214494,1,1,1,False,3.6252707717580863,3.5985041974137317,0.004729228241913663,3.6299924870579328,0.6339707369133428,1.8000200736766407,0.5911113310040197,0.0059995,1.000000000001e-06,0.5910454966397766,2.080811691585753,0.2808116915857528,3.961221356594755e-06,1.800308437187847,2.609685689743471e-06,True,0.00022891755017859024,True,,2.267008002846236e-06,,0.2456155417338588,1,1,1,False,3.6251472926615436,2.958037799412733,0.004852707338456183,3.03898747309061,0.6147762326633559,False,False,True,3.63,False,start_peak 2.028650 V above 1.836 V | start_downward excursion 192.6733 mV > 1 mV | reen_peak 2.080812 V above 1.836 V | reen_downward excursion 245.6155 mV > 1 mV
st_sf_125c_rwcs_v2970mv_i1ma_c1000nf_e0mohm_t1000ns,sf,125,wcs,2.97,1,1000,0,1000,g008_sf_rwcs_i1ma_c1000nf_e0mohm_t1000ns,pass,7899f7984ca059115050dc1a82afdd306a3f191a0b1558879c99e4a726e17815,20261010-104827-91e92aa-startup-grid.traces/st_sf_125c_rwcs_v2970mv_i1ma_c1000nf_e0mohm_t1000ns.csv.gz,61383c3cb29f81219381ee756c45a0a2c71e79c032cd2f3e9697970dac3758c7,15062,fail,2.97,0.000277009513478297,0.0002770091182328933,0.0002770091182328933,4.798484466761333e-05,0.006,1.000000000001e-06,0.0002770094823666694,2.008646129091324,0.20864612909132396,7.88266188056063e-06,1.799994994368332,0.00016963196965515668,True,0.00016920184779017084,False,1.0674388186200842e-06,5.389894460027554e-06,4.3224556414074695e-06,0.173086092049193,1,1,1,False,2.9620290006216274,2.9465176037702525,0.00797099937837269,2.969722990327946,0.354500045168367,1.799974944187728,0.5908891538432689,0.005999499999999998,1.000000000001e-06,0.5908233463297025,1.970935867176882,0.17093586717688192,6.096537733207494e-06,1.800277523840202,0.00013345864211249808,True,0.00013339627498483762,False,,3.7042300950340868e-06,,0.13499967432191995,1,1,1,False,2.961835638509258,2.344512756328954,0.008164361490742175,2.37927204472407,0.3417994852628489,False,False,False,2.97,False,start_peak 2.008646 V above 1.836 V | start_downward excursion 173.0861 mV > 1 mV | reen_peak 1.970936 V above 1.836 V | reen_downward excursion 134.9997 mV > 1 mV
st_sf_125c_rwcs_v3300mv_i1ma_c1000nf_e0mohm_t1000ns,sf,125,wcs,3.30,1,1000,0,1000,g008_sf_rwcs_i1ma_c1000nf_e0mohm_t1000ns,pass,3b437a9132d39580c226ae481504c30bb7581b4750093a9825e1e658b41a1773,20261010-104827-91e92aa-startup-grid.traces/st_sf_125c_rwcs_v3300mv_i1ma_c1000nf_e0mohm_t1000ns.csv.gz,83adb6a8d973b23f2f09304a1ad321ca6e552a4e8d38d85bbb96a7f18d010280,15083,fail,3.3,0.0002986579988554532,0.0002986576380535611,0.0002986576380535611,5.343500742778495e-05,0.006,1.000000000001e-06,0.0002986584762339033,1.942204517185222,0.14220451718522198,6.387207234057231e-06,1.800053284601859,4.944635242918162e-06,True,0.00010732867916336262,True,9.87993434653e-07,4.482619871225956e-06,3.494626436572956e-06,0.10671023512664601,1,1,1,False,3.2916342378604244,3.2730564856155246,0.008365762139575227,3.2997013408951306,0.4394648325103697,1.8000254897896502,0.5909100566285974,0.005999499999999998,1.0000000000027348e-06,0.5908442494635449,2.066126535121286,0.26612653512128603,5.3311755426836e-06,1.800334912033717,0.00021730858163515956,True,0.00021729618991882363,False,,3.077532722765537e-06,,0.2301392132591391,2,1,1,False,3.2915284528740085,2.671957436321593,0.008471547125991144,2.7092572166322935,0.4254003041449377,False,False,False,3.3,False,start_peak 1.942205 V above 1.836 V | start_downward excursion 106.7102 mV > 1 mV | reen_peak 2.066127 V above 1.836 V | reen_downward excursion 230.1392 mV > 1 mV
st_sf_125c_rwcs_v3630mv_i1ma_c1000nf_e0mohm_t1000ns,sf,125,wcs,3.63,1,1000,0,1000,g008_sf_rwcs_i1ma_c1000nf_e0mohm_t1000ns,pass,a411c82576af2f5f825d21f0ed9c3ea9469c6035fa04275b49a9af1ea0df97bc,20261010-104827-91e92aa-startup-grid.traces/st_sf_125c_rwcs_v3630mv_i1ma_c1000nf_e0mohm_t1000ns.csv.gz,b580ded55a2863c47b03dac54a90bf79bf59e1d7bb32b045f207199bef854ca8,15076,fail,3.63,0.0003282267546483023,0.0003282264141454931,0.0003282264141454931,6.039651768170791e-05,0.005999999999999998,1.000000000001e-06,0.00032822736354056625,1.963245132117391,0.1632451321173909,5.692689850989984e-06,1.800074996364622,4.273174531011989e-06,True,0.00012597629197114447,True,9.32559443594531e-07,3.845931332472941e-06,2.9133718888784104e-06,0.12751069280800698,1,1,1,False,3.622320524756148,3.603659633677808,0.007679475243851777,3.629671771924413,0.5315663457203866,1.8000544932055238,0.5909488306000255,0.0059995,1.000000000001e-06,0.590860798182602,2.08618783558414,0.28618783558413985,4.570929798421164e-06,1.800398768381559,0.00023465710397365357,True,0.00023389296948668215,False,,2.5942925819732904e-06,,0.250969301747491,1,1,1,False,3.621463369375155,3.015538987641066,0.008536630624845049,3.0392284315712046,0.5147237815937941,False,False,True,3.63,False,start_peak 1.963245 V above 1.836 V | start_downward excursion 127.5107 mV > 1 mV | reen_peak 2.086188 V above 1.836 V | reen_downward excursion 250.9693 mV > 1 mV
st_ss_-40c_rbcs_v2970mv_i1ma_c1000nf_e0mohm_t1000ns,ss,-40,bcs,2.97,1,1000,0,1000,g009_ss_rbcs_i1ma_c1000nf_e0mohm_t1000ns,pass,2ae440c8d08666b68caac8f892889612e8c2217f0442a21d147fc33e072dca48,20261010-104827-91e92aa-startup-grid.traces/st_ss_-40c_rbcs_v2970mv_i1ma_c1000nf_e0mohm_t1000ns.csv.gz,59fe4c784a5cd5e07ff0cd9f36e267937c70eb1dd379ea24bbb8c90f06a4ef5e,15068,fail,2.97,1.212272912487132e-10,1.072816038051625e-10,1.212272912487132e-10,1.686935606122665e-06,0.006,1.000000000001e-06,1.3335421381717724e-10,1.986947802187327,0.18694780218732698,7.1305230772780465e-06,1.799919836894919,5.643066826220176e-06,True,0.00014888337960308173,True,1.0605789262541743e-06,5.1541383886408146e-06,4.09355946238664e-06,0.151837977710793,1,1,1,False,2.9665616973321134,2.9701045472349543,0.003438302667886654,2.9699999998575506,0.3745988999586116,1.7998892060388505,0.5903606484395088,0.005999499999999998,1.0000000000044695e-06,0.590675293347303,1.978433964907566,0.1784339649075659,5.574866345399443e-06,1.800141967357302,0.00014008507444972576,True,0.00013962358678653425,False,,3.36375058431965e-06,,0.14290624014701292,1,1,1,False,2.9665247536662305,1.17267888860286,0.003475246333769873,2.377016290261518,0.3611164486484141,False,False,False,2.97,False,start_peak 1.986948 V above 1.836 V | start_downward excursion 151.8380 mV > 1 mV | reen_peak 1.978434 V above 1.836 V | reen_downward excursion 142.9062 mV > 1 mV
st_ss_-40c_rbcs_v3300mv_i1ma_c1000nf_e0mohm_t1000ns,ss,-40,bcs,3.30,1,1000,0,1000,g009_ss_rbcs_i1ma_c1000nf_e0mohm_t1000ns,pass,2e3bf189108dd6959001ae17de3880ae8e663ea8d15a715c35c99681d1136052,20261010-104827-91e92aa-startup-grid.traces/st_ss_-40c_rbcs_v3300mv_i1ma_c1000nf_e0mohm_t1000ns.csv.gz,1426f3f6f7d34b265e149fe81cf3a23fcfa5df360c3a667b09414a4c25424bac,15072,fail,3.3,4.655781270774978e-10,4.510714590174257e-10,4.655781270774978e-10,1.651293756691479e-06,0.006,1.000000000001e-06,4.743045665614238e-10,1.912924071275782,0.11292407127578197,5.764231950516202e-06,1.799964947435408,4.905726525100207e-06,True,7.94127889205361e-05,True,9.671314878112102e-07,4.2721596674449784e-06,3.3050281796337682e-06,0.07702877403881292,1,1,1,False,3.2965369761369097,3.3000847398893396,0.003463023863090281,3.2999999995191502,0.4598533959173976,1.7999468231014202,0.5903696274629647,0.005999499999999998,1.0000000000027348e-06,0.5903867067692095,2.030884341186571,0.23088434118657086,4.708252935900492e-06,1.800192690016552,3.3556252647237023e-06,True,0.0001858700351321155,True,,2.910665692327806e-06,,0.1954850150230738,1,1,1,False,3.296473973529926,1.5023422471777879,0.003526026470073565,2.707256141314671,0.4436247472750131,False,False,True,3.3,False,start_peak 1.912924 V above 1.836 V | start_downward excursion 77.0288 mV > 1 mV | reen_peak 2.030884 V above 1.836 V | reen_downward excursion 195.4850 mV > 1 mV
st_ss_-40c_rbcs_v3630mv_i1ma_c1000nf_e0mohm_t1000ns,ss,-40,bcs,3.63,1,1000,0,1000,g009_ss_rbcs_i1ma_c1000nf_e0mohm_t1000ns,pass,1ea6d703518995feebde81f0e94a557c41c3c5f7efea41bd2673b9778589886a,20261010-104827-91e92aa-startup-grid.traces/st_ss_-40c_rbcs_v3630mv_i1ma_c1000nf_e0mohm_t1000ns.csv.gz,95ff410eb6a7d78aea92ea94a2d9a175d4d7a091a2bcac376110f83c3530b7cf,15088,fail,3.63,1.892269023882462e-09,1.87709974082113e-09,1.892269023882462e-09,1.615745643098698e-06,0.006,1.000000000001e-06,1.8989545951936664e-09,2.140222041677882,0.34022204167788206,5.766577326764884e-06,1.799980733562375,0.0002809950507057489,True,0.00028083877126275055,False,9.00163405160444e-07,3.6627382828937234e-06,2.7625748777332792e-06,0.3043820014853691,1,1,1,False,3.6265260434022624,3.6303856927811418,0.003473956597737701,3.630000116164974,0.5464311496360238,1.799969572354278,0.5904553473433284,0.0059995,1.000000000001e-06,0.5903764852158608,2.167382610300476,0.3673826103004758,4.506358989918996e-06,1.800245140575438,0.00030236493502016487,True,0.0003023399962707742,False,,2.5283939575723637e-06,,0.33140813822299475,1,1,1,False,3.6265591236033137,2.8759885025053333,0.003440876396686005,3.0396314530354642,0.5286087294832544,False,False,True,3.63,False,start_peak 2.140222 V above 1.836 V | start_downward excursion 304.3820 mV > 1 mV | reen_peak 2.167383 V above 1.836 V | reen_downward excursion 331.4081 mV > 1 mV
st_ss_27c_rbcs_v2970mv_i1ma_c1000nf_e0mohm_t1000ns,ss,27,bcs,2.97,1,1000,0,1000,g009_ss_rbcs_i1ma_c1000nf_e0mohm_t1000ns,pass,fa78084fa1033cee3af893704a292b5a323284577b7679f80ef1815a66631df8,20261010-104827-91e92aa-startup-grid.traces/st_ss_27c_rbcs_v2970mv_i1ma_c1000nf_e0mohm_t1000ns.csv.gz,b901199c87240ecb49b09c4516ceb090440c6263b8911cabb382fbe919832870,15077,fail,2.97,5.882002348744456e-08,5.880428272804202e-08,5.882002348744456e-08,1.688596965940032e-06,0.006,1.000000000001e-06,5.883102383739534e-08,1.971605058198948,0.1716050581989479,7.712842282634044e-06,1.799952706727436,0.00013593856864112719,True,0.00013577907208575736,False,1.0741863934868918e-06,5.692110724130361e-06,4.617924330643469e-06,0.13576839811193997,1,1,1,False,2.9650457756377144,2.9705770129452564,0.004954224362285918,2.970000089174298,0.3323830768193443,1.7999215879293429,0.590086624065004,0.005999499999999998,1.000000000001e-06,0.5900082389760035,1.947707347643553,0.14770734764355287,5.784484134760057e-06,1.800182081364861,0.00011172454163404545,True,0.00011170837481229735,False,,3.799029889930008e-06,,0.11172390535759291,1,1,1,False,2.965010840275287,2.258978443634917,0.004989159724713019,2.379996695675499,0.3216443444129805,False,False,False,2.97,False,start_peak 1.971605 V above 1.836 V | start_downward excursion 135.7684 mV > 1 mV | reen_peak 1.947707 V above 1.836 V | reen_downward excursion 111.7239 mV > 1 mV
st_ss_27c_rbcs_v3300mv_i1ma_c1000nf_e0mohm_t1000ns,ss,27,bcs,3.30,1,1000,0,1000,g009_ss_rbcs_i1ma_c1000nf_e0mohm_t1000ns,pass,b158a8d2aa1bbdb42891aa8e01cf63ae5347b665796ff5e19d442ce3be45bfd4,20261010-104827-91e92aa-startup-grid.traces/st_ss_27c_rbcs_v3300mv_i1ma_c1000nf_e0mohm_t1000ns.csv.gz,065ab45dce32b024e7aefc450dfce1e7fd6a10c9eafa3040205ab7dbf8ad0f3d,15070,fail,3.3,6.92902079918784e-08,6.927385319488983e-08,6.92902079918784e-08,1.652952367373539e-06,0.006,1.000000000001e-06,6.929864245634771e-08,1.969731507557376,0.16973150755737598,6.539747134320191e-06,1.800049328812696,0.00013338801541257607,True,0.00013264025663853053,False,1.0144911895026915e-06,4.7368380168486075e-06,3.722346827345916e-06,0.13449703374363797,1,1,1,False,3.2947253087868007,3.300358736093689,0.00527469121319894,3.2999999306950314,0.4084210352610202,1.7999911189471456,0.5900370249105428,0.005999499999999998,1.000000000001e-06,0.5900394425525335,2.027648947142973,0.227648947142973,5.390786485029095e-06,1.800234162176541,0.00018405110350849622,True,0.00018342765332766725,False,,3.25960272899013e-06,,0.1922872553019921,1,1,1,False,3.2948838726540988,1.6956125600243401,0.005116127345901188,2.7099286861078298,0.394826245878904,False,False,True,3.3,False,start_peak 1.969732 V above 1.836 V | start_downward excursion 134.4970 mV > 1 mV | reen_peak 2.027649 V above 1.836 V | reen_downward excursion 192.2873 mV > 1 mV
st_ss_27c_rbcs_v3630mv_i1ma_c1000nf_e0mohm_t1000ns,ss,27,bcs,3.63,1,1000,0,1000,g009_ss_rbcs_i1ma_c1000nf_e0mohm_t1000ns,pass,7fef322656fdf5c30d575601a931f1c1fa64b08458b92ad4378977ff7e570c8d,20261010-104827-91e92aa-startup-grid.traces/st_ss_27c_rbcs_v3630mv_i1ma_c1000nf_e0mohm_t1000ns.csv.gz,5841f8b82459f30257fbb817b3e22b649e00e7b894d6c5782b749f67aefe95ab,15090,fail,3.63,9.770342618650646e-08,9.768636173903551e-08,9.770342618650646e-08,1.617412277425733e-06,0.006,1.000000000001e-06,9.771020596306416e-08,1.969972159424516,0.16997215942451604,5.992868710569862e-06,1.800030639101474,0.0001330476326689429,True,0.00013228404132009105,False,9.683913940347127e-07,4.127892476402186e-06,3.159501082367473e-06,0.13475388748649708,1,1,1,False,3.625029349755931,3.630295321512276,0.004970650244069019,3.629999902524495,0.4863544355631796,1.7999939742801623,0.5901154276535979,0.0059995,1.000000000001e-06,0.59003193103393,2.029672322183796,0.22967232218379574,4.799564974303228e-06,1.800288987712243,0.00018493816695515884,True,0.00018462487490222685,False,,2.8149544689106686e-06,,0.19399313607639868,1,1,1,False,3.625257336420954,2.930807633642513,0.004742663579045907,3.0399926563185176,0.4707235074136308,False,False,True,3.63,False,start_peak 1.969972 V above 1.836 V | start_downward excursion 134.7539 mV > 1 mV | reen_peak 2.029672 V above 1.836 V | reen_downward excursion 193.9931 mV > 1 mV
st_ss_125c_rbcs_v2970mv_i1ma_c1000nf_e0mohm_t1000ns,ss,125,bcs,2.97,1,1000,0,1000,g009_ss_rbcs_i1ma_c1000nf_e0mohm_t1000ns,pass,96057a5b3dce642c9d8a7c18b10ef28fd71a21b2f152b6b12b7a27ee8cffe0aa,20261010-104827-91e92aa-startup-grid.traces/st_ss_125c_rbcs_v2970mv_i1ma_c1000nf_e0mohm_t1000ns.csv.gz,5acc9c3302046a54608f6579e933ae7f9cf9366c5bd1dfbc91f484a0a49d1d17,15071,fail,2.97,8.206895347286395e-05,8.206838374295655e-05,8.206838374295655e-05,3.22248318640912e-05,0.006,1.000000000001e-06,8.206669141951536e-05,1.919916276291572,0.11991627629157198,8.875713571982087e-06,1.800029265704337,8.93774922150971e-05,True,8.894107233600736e-05,False,1.1685765235311964e-06,6.596701527070664e-06,5.428125003539468e-06,0.08436356984369309,1,1,1,False,2.962163751416287,2.9519798290284336,0.007836248583713139,2.9699179480636984,0.2835248664923521,1.7999899666474555,0.5895218294686814,0.005999499999999998,1.000000000001e-06,0.5894441033214582,1.89521276693006,0.09521276693005998,6.480057299773981e-06,1.80025711717355,6.362878211272835e-05,True,6.355275000027134e-05,False,,4.5255265420562075e-06,,0.059290709110026096,1,1,1,False,2.9618569721302834,2.3360064199479424,0.008143027869716742,2.3806467365014305,0.2735769092167508,False,False,False,2.97,False,start_peak 1.919916 V above 1.836 V | start_downward excursion 84.3636 mV > 1 mV | reen_peak 1.895213 V above 1.836 V | reen_downward excursion 59.2907 mV > 1 mV
st_ss_125c_rbcs_v3300mv_i1ma_c1000nf_e0mohm_t1000ns,ss,125,bcs,3.30,1,1000,0,1000,g009_ss_rbcs_i1ma_c1000nf_e0mohm_t1000ns,pass,e7191e89e9da9de31c5c347a2915d171689a736fc736008ae5fcc3108b0ca815,20261010-104827-91e92aa-startup-grid.traces/st_ss_125c_rbcs_v3300mv_i1ma_c1000nf_e0mohm_t1000ns.csv.gz,d2be6bdf7d33668155dc22ee6b00d19274e510d2219ad7f06f53b2a1c12feea5,15074,fail,3.3,8.730353631328366e-05,8.730298160246144e-05,8.730298160246144e-05,3.828705260834765e-05,0.006,1.000000000001e-06,8.730094292485879e-05,1.925503294449956,0.1255032944499559,7.515390744613137e-06,1.800041488482253,6.326255560068191e-06,True,9.278866023978822e-05,True,1.0664114923911118e-06,5.470362124749819e-06,4.403950632358708e-06,0.08953650434706595,1,1,1,False,3.2918579381006636,3.2768013104056015,0.008142061899336316,3.2999127005860833,0.3475656249367101,1.8000156835927865,0.5895378991909924,0.0059995,1.000000000001e-06,0.5894544063654082,1.902862290721004,0.10286229072100395,5.687815795350423e-06,1.800313596651035,4.519273448315778e-06,True,6.97689780255067e-05,True,,3.785942530466317e-06,,0.06751189939963309,1,1,1,False,3.2933246481747154,2.6701015409803173,0.006675351825284395,2.7106396477022976,0.3356113731547446,False,False,False,3.3,False,start_peak 1.925503 V above 1.836 V | start_downward excursion 89.5365 mV > 1 mV | reen_peak 1.902862 V above 1.836 V | reen_downward excursion 67.5119 mV > 1 mV
st_ss_125c_rbcs_v3630mv_i1ma_c1000nf_e0mohm_t1000ns,ss,125,bcs,3.63,1,1000,0,1000,g009_ss_rbcs_i1ma_c1000nf_e0mohm_t1000ns,pass,6e4d0770a11d2fa48e9bdd820cff92186d95bad62c400d5e24a5085449f30a3d,20261010-104827-91e92aa-startup-grid.traces/st_ss_125c_rbcs_v3630mv_i1ma_c1000nf_e0mohm_t1000ns.csv.gz,67b3962fbe27b5a6df748df0463097412ed7b8ca0fc22d8b6a5ae1b7d4a9bab9,15084,fail,3.63,9.351057684193227e-05,9.351003622342659e-05,9.351003622342659e-05,4.439798841072926e-05,0.005999999999999998,1.000000000001e-06,9.350820401023614e-05,1.948022902463261,0.14802290246326089,6.501952102659853e-06,1.800073773176132,0.00011298502728489495,True,0.00011279057835508855,False,1.0410241014697845e-06,4.699062985072557e-06,3.6580388836027724e-06,0.11222222234438295,1,1,1,False,3.6214000394319372,3.6070014546559386,0.008599960568062873,3.629906499292015,0.4141528094043678,1.800051397488788,0.5895564162922082,0.0059995,1.000000000001e-06,0.5894684057606966,1.963529097377131,0.16352909737713106,5.178706587801937e-06,1.80037526572075,3.869549285608412e-06,True,0.00012548228400244952,True,,3.2423800038595483e-06,,0.12767132608112508,1,1,1,False,3.623329264713618,3.0067394463887753,0.006670735286381695,3.0406208601416926,0.4006802821448691,False,False,True,3.63,False,start_peak 1.948023 V above 1.836 V | start_downward excursion 112.2222 mV > 1 mV | reen_peak 1.963529 V above 1.836 V | reen_downward excursion 127.6713 mV > 1 mV
st_ss_-40c_rtyp_v2970mv_i1ma_c1000nf_e0mohm_t1000ns,ss,-40,typ,2.97,1,1000,0,1000,g010_ss_rtyp_i1ma_c1000nf_e0mohm_t1000ns,pass,c50d481dfb025d8a7bfd4643a6ce937690aea9f458db9ec8a3f251e67e4fa2d3,20261010-104827-91e92aa-startup-grid.traces/st_ss_-40c_rtyp_v2970mv_i1ma_c1000nf_e0mohm_t1000ns.csv.gz,99ba0d504348d7eaa9ed123271d0fe5c556f294a5bb1674000ba60d7e49cbde4,15072,fail,2.97,1.213110556336746e-10,1.073695065332769e-10,1.213110556336746e-10,1.68693556733546e-06,0.006,1.000000000001e-06,1.3345568021132416e-10,1.96559861374207,0.16559861374206997,7.045097123108178e-06,1.799935232880996,0.0001304920513474732,True,0.00012951681148663606,False,1.020469081453459e-06,5.111402129249799e-06,4.09093304779634e-06,0.13059554763803294,1,1,1,False,2.966571438520428,2.97010454975857,0.003428561479572304,2.969999999857436,0.3744471291158149,1.7999211456822266,0.5909000442435454,0.005999499999999998,1.000000000001e-06,0.5909121158108175,1.95824148305685,0.15824148305684993,5.267352819339488e-06,1.800141976299382,0.00012167701509636399,True,0.00012100571260095739,False,,3.259779018019735e-06,,0.12292783469860002,1,1,1,False,2.966786146205743,1.1716216195946692,0.003213853794257172,2.36400074264714,0.3612307736221266,False,False,False,2.97,False,start_peak 1.965599 V above 1.836 V | start_downward excursion 130.5955 mV > 1 mV | reen_peak 1.958241 V above 1.836 V | reen_downward excursion 122.9278 mV > 1 mV
st_ss_-40c_rtyp_v3300mv_i1ma_c1000nf_e0mohm_t1000ns,ss,-40,typ,3.30,1,1000,0,1000,g010_ss_rtyp_i1ma_c1000nf_e0mohm_t1000ns,pass,276a5cb97b6d8fbfe35ccfba4d361116da6f386faa7fab57af098131dc1c8d10,20261010-104827-91e92aa-startup-grid.traces/st_ss_-40c_rtyp_v3300mv_i1ma_c1000nf_e0mohm_t1000ns.csv.gz,355f9ef6d5d2376ba1de0ba05ffc4a227c93c6e3d7ecb556a1645fa466d12037,15072,fail,3.3,4.659425753409359e-10,4.514412766261046e-10,4.659425753409359e-10,1.651293793910744e-06,0.006,1.000000000001e-06,4.746792123622081e-10,2.01457091220231,0.21457091220231006,6.128348226066031e-06,1.80001496384869,0.00017300173568094617,True,0.00017278798748963687,False,9.227776784186153e-07,4.22650361830298e-06,3.3037259398843646e-06,0.17878950787246817,1,1,1,False,3.296496406321209,3.3000847410495715,0.003503593678790886,3.2999999995187683,0.4593992264631598,1.7999703811168168,0.5909819851358648,0.005999499999999998,1.000000000001e-06,0.5909161314374362,1.994706875414074,0.19470687541407394,4.56488676864146e-06,1.80019269874094,3.2177350959092937e-06,True,0.00015343205842192553,True,,2.728400561818292e-06,,0.15916615421603897,1,1,1,False,3.296558925490423,2.4789532881157736,0.003441074509576816,2.70910069503371,0.4440412640138934,False,False,True,3.3,False,start_peak 2.014571 V above 1.836 V | start_downward excursion 178.7895 mV > 1 mV | reen_peak 1.994707 V above 1.836 V | reen_downward excursion 159.1662 mV > 1 mV
st_ss_-40c_rtyp_v3630mv_i1ma_c1000nf_e0mohm_t1000ns,ss,-40,typ,3.63,1,1000,0,1000,g010_ss_rtyp_i1ma_c1000nf_e0mohm_t1000ns,pass,bf2d2c5481c97f4c141a2f786f57602d04042b6d05c5de39975c58b4cdba6246,20261010-104827-91e92aa-startup-grid.traces/st_ss_-40c_rtyp_v3630mv_i1ma_c1000nf_e0mohm_t1000ns.csv.gz,594543fa9f893a6823dbf80fa1831460480cbfec5e5c0f682a330c8b3859b052,15078,fail,3.63,1.893801611650958e-09,1.878638648791394e-09,1.893801611650958e-09,1.615745745153856e-06,0.006,1.000000000001e-06,1.9004941330655797e-09,1.966829336322173,0.1668293363221729,5.247984566875835e-06,1.800064471153369,4.024177104536807e-06,True,0.00012884364192897914,True,8.230541587711378e-07,3.61123131704684e-06,2.7881771582757022e-06,0.131111122581538,1,1,1,False,3.627112805375916,3.6300741174910205,0.00288719462408365,3.6299999980944864,0.5453593913834044,1.800003940256113,0.590992988524257,0.0059995,1.000000000001e-06,0.5909271438220848,2.043565495032178,0.24356549503217795,4.412909393191472e-06,1.800245148794871,0.00019734266514933804,True,0.00019673095393308703,False,,2.430287331220757e-06,,0.20819094029734897,1,1,1,False,3.6264929671520028,2.851189336802664,0.003507032847997332,3.039091128816732,0.5276308882731591,False,False,True,3.63,False,start_peak 1.966829 V above 1.836 V | start_downward excursion 131.1111 mV > 1 mV | reen_peak 2.043565 V above 1.836 V | reen_downward excursion 208.1909 mV > 1 mV
st_ss_27c_rtyp_v2970mv_i1ma_c1000nf_e0mohm_t1000ns,ss,27,typ,2.97,1,1000,0,1000,g010_ss_rtyp_i1ma_c1000nf_e0mohm_t1000ns,pass,e16d637fe232aab2ba24922f05498bb78019b3d504c43b2fa6ed28e1e3c5d071,20261010-104827-91e92aa-startup-grid.traces/st_ss_27c_rtyp_v2970mv_i1ma_c1000nf_e0mohm_t1000ns.csv.gz,a138216ef7a3eca46a35b9285beb0a238e9986eabd80126b9adf92a5c87f1c6b,15073,fail,2.97,5.887609088070998e-08,5.886035556458013e-08,5.887609088070998e-08,1.688597163396674e-06,0.006,1.000000000001e-06,5.888710391614097e-08,1.928409185441984,0.128409185441984,7.624654412860185e-06,1.799984892089328,6.267137555796085e-06,True,9.576289679869595e-05,True,1.0811194548854454e-06,5.694602733215238e-06,4.613483278329793e-06,0.09253036055768593,1,1,1,False,2.9651311765519175,2.9701019114905693,0.004868823448082517,2.9699999411046365,0.3326014989942097,1.7999130017063298,0.5906346689639883,0.005999499999999998,1.000000000001e-06,0.5906557621677927,1.978894407328692,0.178894407328692,5.9535616660222335e-06,1.800182093193266,0.00014061653059851097,True,0.00014051007745305533,False,,3.869596353548832e-06,,0.14300332499816704,1,1,1,False,2.9651605230301037,1.17105708467721,0.004839476969896619,2.3784910700451887,0.3211699262515889,False,False,False,2.97,False,start_peak 1.928409 V above 1.836 V | start_downward excursion 92.5304 mV > 1 mV | reen_peak 1.978894 V above 1.836 V | reen_downward excursion 143.0033 mV > 1 mV
st_ss_27c_rtyp_v3300mv_i1ma_c1000nf_e0mohm_t1000ns,ss,27,typ,3.30,1,1000,0,1000,g010_ss_rtyp_i1ma_c1000nf_e0mohm_t1000ns,pass,b60d0247fc83db43e71a99d9882700b3a943d46b6de0cfee26ad6569d61dcc40,20261010-104827-91e92aa-startup-grid.traces/st_ss_27c_rtyp_v3300mv_i1ma_c1000nf_e0mohm_t1000ns.csv.gz,52e697e584d05342cd21d5310181bdb15d2c9a0d0a1d240e03b437ddbdbca412,15073,fail,3.3,6.935625740669541e-08,6.933990935700167e-08,6.935625740669541e-08,1.652952661627759e-06,0.006,1.000000000001e-06,6.936470016932108e-08,2.002817651037177,0.20281765103717686,6.641285802732114e-06,1.800005673381988,5.160293004375033e-06,True,0.00016273520115248015,True,9.491577540560671e-07,4.692987953623243e-06,3.743830199567176e-06,0.16735752513530988,1,1,1,False,3.2958629372678536,3.300087403266408,0.004137062732146184,3.299999930628968,0.40808176642591,1.7999920257735906,0.5906600875483449,0.0059995,1.000000000001e-06,0.5906679695648792,1.953487385507344,0.15348738550734398,5.270745728785942e-06,1.800234174583758,0.00011672873855754148,True,0.00011659973849405798,False,,3.239881788942074e-06,,0.11761937043068493,1,1,1,False,3.295093674831936,1.5008683755711298,0.00490632516806347,2.7089082594509373,0.3946022154426422,False,False,True,3.3,False,start_peak 2.002818 V above 1.836 V | start_downward excursion 167.3575 mV > 1 mV | reen_peak 1.953487 V above 1.836 V | reen_downward excursion 117.6194 mV > 1 mV
st_ss_27c_rtyp_v3630mv_i1ma_c1000nf_e0mohm_t1000ns,ss,27,typ,3.63,1,1000,0,1000,g010_ss_rtyp_i1ma_c1000nf_e0mohm_t1000ns,pass,89767c3da5cf3318db8e857989ea54f0db5f1d14fd72f499dad802ba53880fc4,20261010-104827-91e92aa-startup-grid.traces/st_ss_27c_rtyp_v3630mv_i1ma_c1000nf_e0mohm_t1000ns.csv.gz,96f6a8dcfb621751ec5c578067a2820b6f82ab5dcc3e02726b81ec86beedc9c0,15077,fail,3.63,9.779656753350897e-08,9.777951069403883e-08,9.779656753350897e-08,1.617412654575496e-06,0.006,1.000000000001e-06,9.780335347243985e-08,2.078993344143031,0.278993344143031,6.105049324743898e-06,1.800009076789245,0.00022964362697465283,True,0.000229195171510991,False,8.813232328234362e-07,3.990528562826869e-06,3.1092053300034325e-06,0.24345209452864003,1,1,1,False,3.625929038865331,3.630079095652626,0.004070961134668894,3.6299999021915568,0.4858174263752717,1.8000072594795062,0.5907449297443197,0.005999499999999998,1.0000000000044695e-06,0.5906635521553978,1.962200853118924,0.16220085311892385,4.4160425042381185e-06,1.800289003367842,3.217912377556989e-06,True,0.00012373929252124216,True,,2.74958042476179e-06,,0.12665407055866384,1,1,1,False,3.624910384086629,2.9217267743136737,0.005089615913371049,3.0393660086491026,0.4699656089707291,False,False,True,3.63,False,start_peak 2.078993 V above 1.836 V | start_downward excursion 243.4521 mV > 1 mV | reen_peak 1.962201 V above 1.836 V | reen_downward excursion 126.6541 mV > 1 mV
st_ss_125c_rtyp_v2970mv_i1ma_c1000nf_e0mohm_t1000ns,ss,125,typ,2.97,1,1000,0,1000,g010_ss_rtyp_i1ma_c1000nf_e0mohm_t1000ns,pass,9be82d57f44e7369e92b9b78231e60fe25387ee3ca87b388eec3f134a9484add,20261010-104827-91e92aa-startup-grid.traces/st_ss_125c_rtyp_v2970mv_i1ma_c1000nf_e0mohm_t1000ns.csv.gz,5d092f1fcb038c19c557c1aca8fc86d8809d3fd9a8b99289b55212a8f496669b,15072,fail,2.97,8.216734551102585e-05,8.216677777762903e-05,8.216677777762903e-05,3.225191420342848e-05,0.005999999999999999,1.000000000001e-06,8.216510382795406e-05,1.947170969137944,0.14717096913794392,8.954764142064765e-06,1.799988318228997,7.284537699855757e-06,True,0.00011439621587599593,True,1.1659090603444576e-06,6.594003927688795e-06,5.428094867344337e-06,0.11209913448346986,1,1,1,False,2.9622811277071,2.9520695718721512,0.007718872292900189,2.969917835666261,0.2835961143224488,1.7999870760752104,0.5903140497006201,0.0059995,1.000000000001e-06,0.5902316937358455,1.942400606849501,0.14240060684950095,6.729968328704136e-06,1.800257137423247,5.118145389162651e-06,True,0.00010777600191158681,True,,4.493513508481771e-06,,0.1068847386824121,1,1,1,False,2.9619563421668795,2.331251086313511,0.00804365783312072,2.379855716059212,0.2736347060112216,False,False,False,2.97,False,start_peak 1.947171 V above 1.836 V | start_downward excursion 112.0991 mV > 1 mV | reen_peak 1.942401 V above 1.836 V | reen_downward excursion 106.8847 mV > 1 mV
st_ss_125c_rtyp_v3300mv_i1ma_c1000nf_e0mohm_t1000ns,ss,125,typ,3.30,1,1000,0,1000,g010_ss_rtyp_i1ma_c1000nf_e0mohm_t1000ns,pass,0efb7ad880bc6f603a9d55d7e0bd73da6776bf4d2a8aab9b9303b239b2c270dc,20261010-104827-91e92aa-startup-grid.traces/st_ss_125c_rtyp_v3300mv_i1ma_c1000nf_e0mohm_t1000ns.csv.gz,8c84dcaf38b8b82cceedf13b6131021da730797802430536f4c8a6f83c715b0e,15068,fail,3.3,8.740832253020673e-05,8.740776783575304e-05,8.740776783575304e-05,3.83173777884962e-05,0.005999999999999999,1.000000000001e-06,8.740572413157195e-05,1.905666836386811,0.10566683638681096,7.573154951014127e-06,1.800102633150887,7.467356909901112e-05,True,7.437110298692558e-05,False,1.0637535709165854e-06,5.443391206157389e-06,4.379637635240804e-06,0.06997648989692506,1,1,1,False,3.292022085421213,3.2766373241391746,0.007977914578786828,3.2999125958086464,0.3477464822877547,1.8000298031919528,0.5903324151828392,0.0059995,1.000000000001e-06,0.5902475842864027,1.966172539690728,0.16617253969072787,5.910521405215474e-06,1.800313617206419,0.00012912889128008365,True,0.0001287700612837595,False,,3.746312904395049e-06,,0.13053988488287982,1,1,1,False,3.2918203315956567,2.670198550496824,0.008179668404342958,2.7098447043820535,0.3363075137619191,False,False,False,3.3,False,start_peak 1.905667 V above 1.836 V | start_downward excursion 69.9765 mV > 1 mV | reen_peak 1.966173 V above 1.836 V | reen_downward excursion 130.5399 mV > 1 mV
st_ss_125c_rtyp_v3630mv_i1ma_c1000nf_e0mohm_t1000ns,ss,125,typ,3.63,1,1000,0,1000,g010_ss_rtyp_i1ma_c1000nf_e0mohm_t1000ns,pass,08e7f553792831166d972e9c8ac60e74e27b745491df056559e2fc5b14560002,20261010-104827-91e92aa-startup-grid.traces/st_ss_125c_rtyp_v3630mv_i1ma_c1000nf_e0mohm_t1000ns.csv.gz,8c61da7190e0ea6993a0b5e3bf39497daf5b87df7492a9ef57f6ee0493ec003a,15074,fail,3.63,9.36226835013234e-05,9.362214487668077e-05,9.362214487668077e-05,4.443024991554225e-05,0.006,1.000000000001e-06,9.362030994426647e-05,2.056497948303846,0.25649794830384587,6.9442054295920045e-06,1.800134102706526,0.00021088404421572586,True,0.0002103648711738229,False,1.0160699813919954e-06,4.686528835093549e-06,3.6704588537015537e-06,0.2210293929872229,1,1,1,False,3.622035218886107,3.606860490049525,0.007964781113893048,3.629906381066255,0.4143186359232118,1.8000593120241044,0.5903253805982444,0.0059995,1.000000000001e-06,0.5902595656620416,1.977233553777723,0.17723355377772299,5.119673937880806e-06,1.800375289150915,3.70315135630149e-06,True,0.0001380587747163972,True,,3.2231064610228323e-06,,0.14172855855883504,2,1,1,False,3.621398491155509,2.990857139253157,0.008601508844491016,3.0398412998605386,0.4009905226611113,False,False,True,3.63,False,start_peak 2.056498 V above 1.836 V | start_downward excursion 221.0294 mV > 1 mV | reen_peak 1.977234 V above 1.836 V | reen_downward excursion 141.7286 mV > 1 mV
st_ss_-40c_rwcs_v2970mv_i1ma_c1000nf_e0mohm_t1000ns,ss,-40,wcs,2.97,1,1000,0,1000,g011_ss_rwcs_i1ma_c1000nf_e0mohm_t1000ns,pass,9c3844d8d6292de2e8aa516b9269c4216958bf39be0dc84775c95558ef4ad63f,20261010-104827-91e92aa-startup-grid.traces/st_ss_-40c_rwcs_v2970mv_i1ma_c1000nf_e0mohm_t1000ns.csv.gz,465f7a43fda14cd69713f2b9ce39cc3f8ca93d3ffbad95173b3cfd6c47644596,15070,fail,2.97,1.213617677458897e-10,1.074224186528479e-10,1.213617677458897e-10,1.68693530929262e-06,0.006,1.000000000001e-06,1.3352467015032045e-10,1.87609698431801,0.07609698431800993,6.726218887884031e-06,1.799979667488443,6.011709044977023e-06,True,4.55375040606534e-05,True,9.703257388683782e-07,5.070883961829892e-06,4.100558222961514e-06,0.04057839436314303,1,1,1,False,2.966589231765314,2.9701045516860742,0.00341076823468613,2.9699999998573534,0.3741405715472343,1.799973176196571,0.5912420834137334,0.005999499999999998,1.000000000001e-06,0.5914409550324001,1.996432596489005,0.19643259648900502,5.385119332663654e-06,1.800141981481214,0.00015614174019699598,True,0.00015587902999450646,False,,3.255348660110859e-06,,0.16070112500908107,1,1,1,False,2.9669179223146434,1.1712107742148619,0.003082077685356935,2.363345877969434,0.3611572295163146,False,False,False,2.97,False,start_peak 1.876097 V above 1.836 V | start_downward excursion 40.5784 mV > 1 mV | reen_peak 1.996433 V above 1.836 V | reen_downward excursion 160.7011 mV > 1 mV
st_ss_-40c_rwcs_v3300mv_i1ma_c1000nf_e0mohm_t1000ns,ss,-40,wcs,3.30,1,1000,0,1000,g011_ss_rwcs_i1ma_c1000nf_e0mohm_t1000ns,pass,656c575a9265306e6fa3fc57505ca30bbde70a31ff34737d7fd53fbec14e4e4f,20261010-104827-91e92aa-startup-grid.traces/st_ss_-40c_rwcs_v3300mv_i1ma_c1000nf_e0mohm_t1000ns.csv.gz,65be2a08f7647f2b4644654d34834f10140b506291d3acc4a8a1dcf6c98fd8f3,15063,fail,3.3,4.661614893116643e-10,4.516635190339751e-10,4.661614893116643e-10,1.651293564219219e-06,0.006,1.0000000000014338e-06,4.749084308395325e-10,1.928598849697184,0.12859884969718394,6.3131780604771485e-06,1.800040681151649,4.759838681281121e-06,True,9.470688459234055e-05,True,8.705479603206573e-07,4.245078422050792e-06,3.3745304617301343e-06,0.09292366526713991,1,1,1,False,3.296535787193127,3.3000847419484596,0.00346421280687291,3.299999999518531,0.459375857176285,1.7999892379788025,0.5913121360702516,0.0059995,1.000000000001e-06,0.5912462775090312,2.036168209312875,0.23616820931287497,4.6059302822448744e-06,1.800192704548581,0.00019074871565107412,True,0.00019050416932200504,False,,2.714790830943046e-06,,0.200418174210089,1,1,1,False,3.2966331244162337,2.4767582531181076,0.003366875583765946,2.7087699819797555,0.4441142010986251,False,False,True,3.3,False,start_peak 1.928599 V above 1.836 V | start_downward excursion 92.9237 mV > 1 mV | reen_peak 2.036168 V above 1.836 V | reen_downward excursion 200.4182 mV > 1 mV
st_ss_-40c_rwcs_v3630mv_i1ma_c1000nf_e0mohm_t1000ns,ss,-40,wcs,3.63,1,1000,0,1000,g011_ss_rwcs_i1ma_c1000nf_e0mohm_t1000ns,pass,feda89d761f19520a0c2eb68629824e1bcf1ac000cd82188a3caa9070f108cac,20261010-104827-91e92aa-startup-grid.traces/st_ss_-40c_rwcs_v3630mv_i1ma_c1000nf_e0mohm_t1000ns.csv.gz,bc1892cf54e04c571b0ad20541d3f4ee3583810baae396228412d054f7d44f65,15080,fail,3.63,1.894722304132952e-09,1.879563561086076e-09,1.894722304132952e-09,1.615745541982663e-06,0.006,1.000000000001e-06,1.9014215539039363e-09,2.037774323308369,0.23777432330836912,5.442469789609808e-06,1.800040767135619,0.0001935496440058739,True,0.00019275708027665167,False,8.010366065838196e-07,3.5756953206686765e-06,2.774658714084857e-06,0.20258420133651311,1,1,1,False,3.626540997380944,3.6300741179815437,0.003459002619056023,3.629999998093554,0.5453440262019239,1.7999749776649392,0.5913188559313441,0.0059995,1.000000000001e-06,0.5912415910204784,2.018118942222547,0.2181189422225469,4.178841679690001e-06,1.800245153971918,0.00017449743683950816,True,0.0001740816918170365,False,,2.454608098318651e-06,,0.182543858684735,1,1,1,False,3.626631985567943,2.874109463284076,0.003368014432056789,3.038764840788758,0.5278439620146861,False,False,True,3.63,False,start_peak 2.037774 V above 1.836 V | start_downward excursion 202.5842 mV > 1 mV | reen_peak 2.018119 V above 1.836 V | reen_downward excursion 182.5439 mV > 1 mV
st_ss_27c_rwcs_v2970mv_i1ma_c1000nf_e0mohm_t1000ns,ss,27,wcs,2.97,1,1000,0,1000,g011_ss_rwcs_i1ma_c1000nf_e0mohm_t1000ns,pass,06c279475f7bda0d5359241a675fad127ea7d62ba8f974155a812cca80d16fbd,20261010-104827-91e92aa-startup-grid.traces/st_ss_27c_rwcs_v2970mv_i1ma_c1000nf_e0mohm_t1000ns.csv.gz,9bcaf2886f7122a1d6f5b41e6b05b4354ca144400bad43c01efc4cfc1ecf1a07,15065,fail,2.97,5.890979172723043e-08,5.889405982812857e-08,5.890979172723043e-08,1.688596993948876e-06,0.006,1.000000000001e-06,5.892081766664945e-08,1.946835184374899,0.14683518437489895,7.70077389138416e-06,1.799988742790097,0.00011316632951957617,True,0.00011296770550427306,False,1.0309648235424305e-06,5.646339697722483e-06,4.615374874180052e-06,0.11103828002967209,1,1,1,False,2.965128393650045,2.970101913127265,0.00487160634995502,2.9699999410709133,0.3325668622459825,1.7999714969590326,0.591112743963219,0.0059995,1.000000000001e-06,0.591028631177998,1.975007828323716,0.17500782832371597,5.875496281957174e-06,1.800182100346267,0.00013762594598139624,True,0.0001369449575339339,False,,3.7736312321624253e-06,,0.13970396090831194,1,1,1,False,2.9652532851330924,2.2611743733209724,0.004746714866907769,2.3789719831967338,0.3215807351120062,False,False,False,2.97,False,start_peak 1.946835 V above 1.836 V | start_downward excursion 111.0383 mV > 1 mV | reen_peak 1.975008 V above 1.836 V | reen_downward excursion 139.7040 mV > 1 mV
st_ss_27c_rwcs_v3300mv_i1ma_c1000nf_e0mohm_t1000ns,ss,27,wcs,3.30,1,1000,0,1000,g011_ss_rwcs_i1ma_c1000nf_e0mohm_t1000ns,pass,a22da16e3111e65f4573160f7e00d804736a52bb6185cc27bdce87b7a0381e38,20261010-104827-91e92aa-startup-grid.traces/st_ss_27c_rwcs_v3300mv_i1ma_c1000nf_e0mohm_t1000ns.csv.gz,71cb4bd29befe5e9b6f2b33b1415290b2ca5b897999b3b5ca969ee4551eb0aaf,15068,fail,3.3,6.939595906481843e-08,6.93796156349687e-08,6.939595906481843e-08,1.652952538734711e-06,0.006,1.000000000001e-06,6.94044099190756e-08,2.045945774690167,0.24594577469016676,6.819272155225145e-06,1.800036334994245,0.00020174671308952822,True,0.00020126066085821497,False,9.23156826922124e-07,4.652546386081876e-06,3.7293895591597523e-06,0.21044268993367576,1,1,1,False,3.295133244193846,3.300087404096741,0.004866755806153996,3.2999999305892516,0.408143005259517,1.7999565705575071,0.5911136594306686,0.005999499999999998,1.000000000001e-06,0.5910237075802527,1.957395673799526,0.1573956737995259,4.918388436877738e-06,1.800234183475653,0.00012068827026340267,True,0.00011992943212824653,False,,3.193858381616373e-06,,0.12217135372883892,1,1,1,False,3.295221634121872,2.600204665920182,0.004778365878127789,2.7089858559244275,0.394745546327756,False,False,True,3.3,False,start_peak 2.045946 V above 1.836 V | start_downward excursion 210.4427 mV > 1 mV | reen_peak 1.957396 V above 1.836 V | reen_downward excursion 122.1714 mV > 1 mV
st_ss_27c_rwcs_v3630mv_i1ma_c1000nf_e0mohm_t1000ns,ss,27,wcs,3.63,1,1000,0,1000,g011_ss_rwcs_i1ma_c1000nf_e0mohm_t1000ns,pass,8d5fe1d0c2eb30934bae8134bad1bce55cae9449f0c807c73099c2ccbc04a7ba,20261010-104827-91e92aa-startup-grid.traces/st_ss_27c_rwcs_v3630mv_i1ma_c1000nf_e0mohm_t1000ns.csv.gz,f107b86e6b07ff606ae952a02394c9c3ef2f161d3db37f3924aa04547c4fc66b,15081,fail,3.63,9.785255127817005e-08,9.783549904650408e-08,9.785255127817005e-08,1.617412580402191e-06,0.006,1.000000000001e-06,9.785934286238821e-08,2.029365839009356,0.22936583900935603,6.003572826468852e-06,1.800017349363229,0.00018659940738411296,True,0.00018583217854789026,False,8.463107202187014e-07,3.958416815616039e-06,3.1121060953973377e-06,0.19415009224645408,1,1,1,False,3.6250532959411763,3.6300790961032035,0.00494670405882344,3.6299999021355633,0.4853713069076726,1.8000019539809144,0.5911215846447576,0.0059995,1.0000000000044695e-06,0.591038593960847,2.113520065105124,0.31352006510512376,4.975713039074778e-06,1.800289013106874,0.00025853286461086956,True,0.0002577734788720825,False,,2.756294438270846e-06,,0.27829630459306687,1,1,1,False,3.625324845435964,2.9257001864242285,0.004675154564035994,3.0389872150548345,0.4700836592233677,False,False,True,3.63,False,start_peak 2.029366 V above 1.836 V | start_downward excursion 194.1501 mV > 1 mV | reen_peak 2.113520 V above 1.836 V | reen_downward excursion 278.2963 mV > 1 mV
st_ss_125c_rwcs_v2970mv_i1ma_c1000nf_e0mohm_t1000ns,ss,125,wcs,2.97,1,1000,0,1000,g011_ss_rwcs_i1ma_c1000nf_e0mohm_t1000ns,pass,97092bed1b118669558e72325a5c6343724a135690e674f9d7e1b1d0c0ad4b1a,20261010-104827-91e92aa-startup-grid.traces/st_ss_125c_rwcs_v2970mv_i1ma_c1000nf_e0mohm_t1000ns.csv.gz,f5b34f375b513205002ff27bad416b59784e340d4980db688cea4a9e995e5342,15070,fail,2.97,8.222650917691021e-05,8.222594284461554e-05,8.222594284461554e-05,3.227076389486482e-05,0.006,1.000000000001e-06,8.222428247642821e-05,1.887024919381568,0.08702491938156798,8.687782900570172e-06,1.800021814921682,7.568475992155094e-06,True,5.7890391663846385e-05,True,1.1642335395258108e-06,6.585130168763091e-06,5.420896629237281e-06,0.051592844728530096,1,1,1,False,2.962368168338409,2.952127482045987,0.007631831661591026,2.9699177764664393,0.2837854342914413,1.7999907636645835,0.5907182058025741,0.005999499999999998,1.000000000001e-06,0.5907066710308407,1.912434250143241,0.11243425014324093,6.5511111184551885e-06,1.80025714924403,8.034349616629737e-05,True,7.978003762478778e-05,False,,4.490678449407197e-06,,0.07701060017948902,1,1,1,False,2.962127560602051,2.124605195650017,0.007872439397949,2.379369808273637,0.2737957103264722,False,False,False,2.97,False,start_peak 1.887025 V above 1.836 V | start_downward excursion 51.5928 mV > 1 mV | reen_peak 1.912434 V above 1.836 V | reen_downward excursion 77.0106 mV > 1 mV
st_ss_125c_rwcs_v3300mv_i1ma_c1000nf_e0mohm_t1000ns,ss,125,wcs,3.30,1,1000,0,1000,g011_ss_rwcs_i1ma_c1000nf_e0mohm_t1000ns,pass,ad6eb51d80d0a7fd1d5d59a12ecae2e8022a661660e0642a01b3e623a4536fe8,20261010-104827-91e92aa-startup-grid.traces/st_ss_125c_rwcs_v3300mv_i1ma_c1000nf_e0mohm_t1000ns.csv.gz,675c98d048b7748cd6437a7e92d8a36bcfea6df3ff17f68ca67d0b20940fd307,15065,fail,3.3,8.74711410268768e-05,8.7470589638905e-05,8.7470589638905e-05,3.833761066835866e-05,0.006,1.000000000001e-06,8.746889953324665e-05,1.927433421394996,0.12743342139499592,7.66687693299511e-06,1.800054905289453,9.584545865061011e-05,True,9.48977098747649e-05,False,1.064691141862509e-06,5.444320574723443e-06,4.379629432860934e-06,0.09240264446884394,1,1,1,False,3.2923003045272363,3.280082655025941,0.007699695472763319,3.299912532070026,0.347820196067521,1.8000158514155238,0.5907218857062856,0.0059995,1.000000000001e-06,0.5907167805707294,1.894954648175118,0.094954648175118,5.744113426801173e-06,1.800313630481448,4.433951895451219e-06,True,6.247239768943444e-05,True,,3.7370180737528596e-06,,0.05927617202610502,1,1,1,False,3.2919989058670973,2.5497191115058095,0.00800109413290264,2.7093629481537596,0.3360031804541605,False,False,False,3.3,False,start_peak 1.927433 V above 1.836 V | start_downward excursion 92.4026 mV > 1 mV | reen_peak 1.894955 V above 1.836 V | reen_downward excursion 59.2762 mV > 1 mV
st_ss_125c_rwcs_v3630mv_i1ma_c1000nf_e0mohm_t1000ns,ss,125,wcs,3.63,1,1000,0,1000,g011_ss_rwcs_i1ma_c1000nf_e0mohm_t1000ns,pass,a8c3d8446db5463acaa66123b3deccdb3591bb05a0b349101f16a095c5cd9269,20261010-104827-91e92aa-startup-grid.traces/st_ss_125c_rwcs_v3630mv_i1ma_c1000nf_e0mohm_t1000ns.csv.gz,c61dc019e5b8da2915073ee2da4db950fae986076685387cdad3d33e60874d52,15075,fail,3.63,9.369009751951265e-05,9.368956015114104e-05,9.368956015114104e-05,4.445272055011246e-05,0.006,1.000000000001e-06,9.368772321516163e-05,2.019244249260565,0.21924424926056507,6.614608674559812e-06,1.800073686877918,0.00017835746210618695,True,0.0001774447269903991,False,9.949788769891e-07,4.648952517430421e-06,3.653973640441321e-06,0.18417768171012106,1,1,1,False,3.622747710652388,3.606755920908328,0.007252289347611743,3.629906313654487,0.4144202920270958,1.8000669650874859,0.590801686938092,0.0059995,1.000000000001e-06,0.5907358662672195,2.065353290372668,0.2653532903726681,5.573909864121582e-06,1.800375302901577,0.00021758215032159633,True,0.00021685211068469054,False,,3.202180587127309e-06,,0.2300999604850691,1,1,1,False,3.6221745009024384,2.9899691498195202,0.007825499097561413,3.0393576342179767,0.4007491733934805,False,False,True,3.63,False,start_peak 2.019244 V above 1.836 V | start_downward excursion 184.1777 mV > 1 mV | reen_peak 2.065353 V above 1.836 V | reen_downward excursion 230.1000 mV > 1 mV
st_tt_-40c_rbcs_v2970mv_i1ma_c1000nf_e0mohm_t1000ns,tt,-40,bcs,2.97,1,1000,0,1000,g012_tt_rbcs_i1ma_c1000nf_e0mohm_t1000ns,pass,59250883eaf1e77a73716eb0a3447beacac583a6b1d6d284d20088930e1ec4a4,20261010-104827-91e92aa-startup-grid.traces/st_tt_-40c_rbcs_v2970mv_i1ma_c1000nf_e0mohm_t1000ns.csv.gz,af9d521e9d3b89927cb1281492a405a894f0c73c3a3094bbb21c10ec90173889,15063,fail,2.97,4.014572943619742e-08,4.013321731898917e-08,4.014572943619742e-08,1.675141080000084e-06,0.006,1.000000000001e-06,4.01560502440463e-08,2.052506476845533,0.25250647684553296,6.376638653439156e-06,1.799983388380382,0.00020710865449386114,True,0.00020638417061578633,False,9.577055006627552e-07,4.4028333250545626e-06,3.4451278243918074e-06,0.21724778739878592,1,1,1,False,2.966627879262516,2.970086255298117,0.003372120737483971,2.9699999598362092,0.4432938167714641,1.7999395386891515,0.5904324767907221,0.005999499999999998,1.000000000001e-06,0.5903666196196014,1.958024759004912,0.15802475900491197,4.6126945407436865e-06,1.800163621129637,0.00012096718585970744,True,0.00012005768587063349,False,,2.8273916105818596e-06,,0.12295528686087809,1,1,1,False,2.966639694740801,2.1245264440751503,0.003360305259199182,2.3796505730845436,0.4280442494030711,False,False,False,2.97,False,start_peak 2.052506 V above 1.836 V | start_downward excursion 217.2478 mV > 1 mV | reen_peak 1.958025 V above 1.836 V | reen_downward excursion 122.9553 mV > 1 mV
st_tt_-40c_rbcs_v3300mv_i1ma_c1000nf_e0mohm_t1000ns,tt,-40,bcs,3.30,1,1000,0,1000,g012_tt_rbcs_i1ma_c1000nf_e0mohm_t1000ns,pass,cd4fa32f6a835762e268009953ebc86f43ea0ab36002423aa7166f686eda9edc,20261010-104827-91e92aa-startup-grid.traces/st_tt_-40c_rbcs_v3300mv_i1ma_c1000nf_e0mohm_t1000ns.csv.gz,340ccbae58a93ea292d108984881ad91f08fe254ba922d4d3242b89b2153e770,15070,fail,3.3,1.291939977725795e-07,1.291812620092189e-07,1.291939977725795e-07,1.638281950948181e-06,0.006000000000000001,1.000000000001e-06,1.2920202582183327e-07,1.964728835078323,0.16472883507832292,5.10752105285805e-06,1.800041088400659,4.110723687931073e-06,True,0.00012672757139134855,True,8.712814175176176e-07,3.61830347220704e-06,2.7470220546894224e-06,0.1293378617376959,1,1,1,False,3.296536911965778,3.300364209499749,0.003463088034221551,3.299999870795045,0.5505024575388934,1.7999771624079943,0.590460025366735,0.005999499999999998,1.000000000001e-06,0.5903789650205725,1.993774987588713,0.19377498758871292,4.394258648076493e-06,1.800215262208285,0.00015251224420526413,True,0.00015230097811960797,False,,2.5071988070270266e-06,,0.15799122233610596,1,1,1,False,3.2966063226326887,2.549044113827838,0.003393677367311001,2.709626731667695,0.5320884182425643,False,False,True,3.3,False,start_peak 1.964729 V above 1.836 V | start_downward excursion 129.3379 mV > 1 mV | reen_peak 1.993775 V above 1.836 V | reen_downward excursion 157.9912 mV > 1 mV
st_tt_-40c_rbcs_v3630mv_i1ma_c1000nf_e0mohm_t1000ns,tt,-40,bcs,3.63,1,1000,0,1000,g012_tt_rbcs_i1ma_c1000nf_e0mohm_t1000ns,pass,7ea6ea9dfdd362d3db2c85dbcc0472557622522329df11bee8f57cc54690611e,20261010-104827-91e92aa-startup-grid.traces/st_tt_-40c_rbcs_v3630mv_i1ma_c1000nf_e0mohm_t1000ns.csv.gz,88054f3b0a4a223ea78cba32d22d9d29f97e5d040b4cf798a5c8f4e0a50148b2,15077,fail,3.63,3.459541885002742e-07,3.459397673677824e-07,3.459541885002742e-07,1.601646825843768e-06,0.006,1.000000000001e-06,3.459608070045619e-07,2.162603953057059,0.36260395305705884,4.999785342602904e-06,1.800050366002052,0.0002993338115831049,True,0.00029873684635456685,False,7.64054975646249e-07,3.0249850261447405e-06,2.2609300504984914e-06,0.32721482669669677,1,1,1,False,3.6266137360199293,3.6300651900781014,0.003386263980070669,3.629999654034229,0.6616966321920222,1.800007650142288,0.5904663595824324,0.0059995,1.000000000001e-06,0.5903889624039965,2.223597340403961,0.4235973404039608,4.060813073462899e-06,1.800269168036652,0.0003486490026476923,True,0.0003479320950999403,False,,2.17967563325286e-06,,0.38833090179582874,1,1,1,False,3.6267166536423,2.887562869171759,0.003283346357700209,3.039625754638739,0.6407822662075091,False,False,True,3.63,False,start_peak 2.162604 V above 1.836 V | start_downward excursion 327.2148 mV > 1 mV | reen_peak 2.223597 V above 1.836 V | reen_downward excursion 388.3309 mV > 1 mV
st_tt_27c_rbcs_v2970mv_i1ma_c1000nf_e0mohm_t1000ns,tt,27,bcs,2.97,1,1000,0,1000,g012_tt_rbcs_i1ma_c1000nf_e0mohm_t1000ns,pass,1bdb82ba503304a3dd9c7ad94d89c470a6c0d63689d1058b2326c235c9cddcbd,20261010-104827-91e92aa-startup-grid.traces/st_tt_27c_rbcs_v2970mv_i1ma_c1000nf_e0mohm_t1000ns.csv.gz,2ee5d126705ff93917227a8253d4093716dac809d084f7a10327200755efe57d,15073,fail,2.97,5.364525356948181e-07,5.36438344424227e-07,5.364525356948181e-07,1.679301660451962e-06,0.006,1.000000000001e-06,5.364621591415714e-07,1.957991486206539,0.15799148620653902,6.848444620725057e-06,1.79994738786441,5.390232262039111e-06,True,0.00012220110242902702,True,9.623629418066638e-07,4.883452909171952e-06,3.921089967365288e-06,0.12280391897259912,1,1,1,False,2.965189151853486,2.9700852024810143,0.004810848146514443,2.9699994635306233,0.3906279711334292,1.7999198688583429,0.5900929701062683,0.0059995,1.000000000001e-06,0.5900079490125087,1.911358411143485,0.11135841114348488,5.18164721198533e-06,1.800203918593386,3.999390582610715e-06,True,7.731073464113192e-05,True,,3.357140723798348e-06,,0.07630285702608597,1,1,1,False,2.965146779329437,2.2495860963623393,0.004853220670563543,2.3800130940510553,0.3777040831432015,False,False,False,2.97,False,start_peak 1.957991 V above 1.836 V | start_downward excursion 122.8039 mV > 1 mV | reen_peak 1.911358 V above 1.836 V | reen_downward excursion 76.3029 mV > 1 mV
st_tt_27c_rbcs_v3300mv_i1ma_c1000nf_e0mohm_t1000ns,tt,27,bcs,3.30,1,1000,0,1000,g012_tt_rbcs_i1ma_c1000nf_e0mohm_t1000ns,pass,0c4c9813a6a2db084442f568f43b6e1228c991b120eabc4b1826eee4f38aaa76,20261010-104827-91e92aa-startup-grid.traces/st_tt_27c_rbcs_v3300mv_i1ma_c1000nf_e0mohm_t1000ns.csv.gz,53de17b1d07a8140c112b1c22fe7c94822a810768d43470372cd1c1e562f025a,15081,fail,3.3,1.087183773641327e-06,1.087178417664975e-06,1.087182547187775e-06,2.254487736989602e-06,0.006,1.000000000001e-06,1.087148812639059e-06,1.91707108792996,0.1170710879299599,5.65968754777206e-06,1.800028229276337,4.534271970490231e-06,True,8.314013081988359e-05,True,8.631680601142597e-07,4.012487960580919e-06,3.1493199004666595e-06,0.08143899532169385,1,1,1,False,3.2950143956415836,3.2997612234875215,0.0049856043584164,3.299998912876488,0.4844484459243006,1.7999924775585023,0.5901086485986139,0.005999499999999998,1.000000000001e-06,0.5900317347514876,1.94394134521774,0.14394134521774005,4.680468838676177e-06,1.800257112945879,3.4316974554544216e-06,True,0.00010711953410957492,True,,2.8347186120678214e-06,,0.10850134841611414,1,1,1,False,3.2953045459064314,2.6073849776519964,0.004695454093568499,2.709985756034939,0.4701784524837949,False,False,False,3.3,False,start_peak 1.917071 V above 1.836 V | start_downward excursion 81.4390 mV > 1 mV | reen_peak 1.943941 V above 1.836 V | reen_downward excursion 108.5013 mV > 1 mV
st_tt_27c_rbcs_v3630mv_i1ma_c1000nf_e0mohm_t1000ns,tt,27,bcs,3.63,1,1000,0,1000,g012_tt_rbcs_i1ma_c1000nf_e0mohm_t1000ns,pass,816604e3e6bf526bc109418e215bb886b052e927baecb87d39ba85d322b39a09,20261010-104827-91e92aa-startup-grid.traces/st_tt_27c_rbcs_v3630mv_i1ma_c1000nf_e0mohm_t1000ns.csv.gz,8eca02a4667229c9657900aff1571534095f3951636e85c10e6b0608b6f91c79,15077,fail,3.63,2.205729579834204e-06,2.205281178455552e-06,2.205281178455552e-06,3.17768318305004e-05,0.006,1.000000000001e-06,2.2036670667708473e-06,2.152525367447677,0.35252536744767693,5.496269381601894e-06,1.800038127684945,3.63389776933485e-06,True,0.00029069963470960167,True,7.905540583011363e-07,3.3560607784869975e-06,2.565506720185861e-06,0.31753559338176207,1,1,1,False,3.6248954933065267,3.61739823054245,0.005104506693473305,3.629997797543517,0.5844878635741224,1.8000262972008003,0.5901086910962596,0.0059995,1.000000000001e-06,0.5900428653251677,2.210896103011243,0.410896103011243,4.812829439324387e-06,1.800313709823582,0.0003384432174071781,True,0.0003379937646908801,False,,2.438552207099311e-06,,0.37535631166470407,1,1,1,False,3.625629064663675,2.936157862615731,0.004370935336324855,3.039987932306323,0.5673897877331093,False,False,True,3.63,False,start_peak 2.152525 V above 1.836 V | start_downward excursion 317.5356 mV > 1 mV | reen_peak 2.210896 V above 1.836 V | reen_downward excursion 375.3563 mV > 1 mV
st_tt_125c_rbcs_v2970mv_i1ma_c1000nf_e0mohm_t1000ns,tt,125,bcs,2.97,1,1000,0,1000,g012_tt_rbcs_i1ma_c1000nf_e0mohm_t1000ns,pass,0192c46a0075628240d25b2614a55d1d0f10a7e456c16032ab6e98eb2c560a42,20261010-104827-91e92aa-startup-grid.traces/st_tt_125c_rbcs_v2970mv_i1ma_c1000nf_e0mohm_t1000ns.csv.gz,c96bd2b3ac89d8388632c296f5cf6009c052639d190d3264ed94e7411f42fd1d,15077,fail,2.97,0.0001800506333791238,0.0001800499342136116,0.0001800499342136116,4.926324333325254e-05,0.006,1.000000000001e-06,0.00018004891079837802,1.951926114793239,0.15192611479323892,7.8865437584993e-06,1.800035317771935,6.491948640997315e-06,True,0.00011761972473389836,True,1.1313012558065239e-06,5.786636713014097e-06,4.6553354572075725e-06,0.11674305810524088,1,1,1,False,2.962610389374168,2.9448793484647178,0.00738961062583211,2.969819951601829,0.3302844795181464,1.7999898635907747,0.5895934723316512,0.005999499999999998,1.000000000001e-06,0.5895115512228265,1.914908371350719,0.11490837135071885,5.893930586958057e-06,1.800282634925817,8.167960846132416e-05,True,8.133487102222153e-05,False,,3.969023208483147e-06,,0.079261703328811,1,1,1,False,2.961973065881806,2.3363446559914993,0.008026934118193918,2.380581928584667,0.3186400269768874,False,False,False,2.97,False,start_peak 1.951926 V above 1.836 V | start_downward excursion 116.7431 mV > 1 mV | reen_peak 1.914908 V above 1.836 V | reen_downward excursion 79.2617 mV > 1 mV
st_tt_125c_rbcs_v3300mv_i1ma_c1000nf_e0mohm_t1000ns,tt,125,bcs,3.30,1,1000,0,1000,g012_tt_rbcs_i1ma_c1000nf_e0mohm_t1000ns,pass,e7c42a4b781bf5a98327df44f0f819723001865fccbc9e7d9397034e9fee5175,20261010-104827-91e92aa-startup-grid.traces/st_tt_125c_rbcs_v3300mv_i1ma_c1000nf_e0mohm_t1000ns.csv.gz,9ee073396eb2231e77e36699627f457412e436e1c09a543ca99d8ff5c77dee53,15081,fail,3.3,0.0001937757922266456,0.0001937751206913962,0.0001937751206913962,5.606512325770951e-05,0.006,1.000000000001e-06,0.0001937742692233818,1.961858464067475,0.16185846406747495,6.8484287854022035e-06,1.80003180793683,5.259491523449192e-06,True,0.0001256302772698652,True,1.0429799532571465e-06,4.771550164847772e-06,3.7285702115906253e-06,0.12628409249540495,1,1,1,False,3.2936385240788737,3.2700652977173776,0.006361475921126049,3.2998062263693773,0.4090393530005668,1.8000225353425032,0.5896017664677199,0.005999499999999998,1.000000000001e-06,0.5895244849591977,1.924654474887483,0.12465447488748294,5.212683549674427e-06,1.800341068691154,3.878173449723896e-06,True,8.969649488011531e-05,True,,3.332583269334602e-06,,0.08892050422185793,1,1,1,False,3.2918732551430234,2.666907658426518,0.008126744856976308,2.7105752097619664,0.3961341042104346,False,False,False,3.3,False,start_peak 1.961858 V above 1.836 V | start_downward excursion 126.2841 mV > 1 mV | reen_peak 1.924654 V above 1.836 V | reen_downward excursion 88.9205 mV > 1 mV
st_tt_125c_rbcs_v3630mv_i1ma_c1000nf_e0mohm_t1000ns,tt,125,bcs,3.63,1,1000,0,1000,g012_tt_rbcs_i1ma_c1000nf_e0mohm_t1000ns,pass,e09383aa383777405f253ad87dd6906bf1f6cfc3f65fdc03abb12f200c0602a5,20261010-104827-91e92aa-startup-grid.traces/st_tt_125c_rbcs_v3630mv_i1ma_c1000nf_e0mohm_t1000ns.csv.gz,a7a92777bdc3a5946b56ca4f4f8c28481d697617b5bf2b3e81de88221ff1babc,15094,fail,3.63,0.0002124043525181964,0.0002124036904446737,0.0002124036904446737,6.420406392250146e-05,0.006,1.000000000001e-06,0.0002124030267211749,2.065833981946768,0.2658339819467679,6.260857145834898e-06,1.800103407745564,0.0002183334036514929,True,0.00021755972024980634,False,9.939916504492664e-07,4.045707808846274e-06,3.051716158397007e-06,0.23062675933563792,1,1,1,False,3.624275670042839,3.6004766160253414,0.005724329957161014,3.629787597471071,0.4931569989034766,1.8000718797916417,0.5896103993247974,0.0059995,1.000000000001e-06,0.5895446000803032,1.955551361106863,0.15555136110686285,4.586279349723041e-06,1.800405648375338,3.4100042049685364e-06,True,0.00011762418382207349,True,,2.8405700877332226e-06,,0.1196947646765858,2,1,1,False,3.62334202422095,2.996044510202414,0.006657975779049532,3.0405604425510346,0.47784671162392,False,False,True,3.63,False,start_peak 2.065834 V above 1.836 V | start_downward excursion 230.6268 mV > 1 mV | reen_peak 1.955551 V above 1.836 V | reen_downward excursion 119.6948 mV > 1 mV
st_tt_-40c_rtyp_v2970mv_i1ma_c1000nf_e0mohm_t1000ns,tt,-40,typ,2.97,1,1000,0,1000,g013_tt_rtyp_i1ma_c1000nf_e0mohm_t1000ns,pass,9d9d60420a943a28d036b050a45e49288f3ac76cdb3062a92af1ae3a04e143aa,20261010-104827-91e92aa-startup-grid.traces/st_tt_-40c_rtyp_v2970mv_i1ma_c1000nf_e0mohm_t1000ns.csv.gz,cbb5c96176b850e703903a0c827339b5605919dd9df146128a57fa1cfb873b05,15069,fail,2.97,4.01786304689755e-08,4.016612112744191e-08,4.01786304689755e-08,1.67514096179988e-06,0.006,1.000000000001e-06,4.018896369257717e-08,1.884470280917645,0.08447028091764497,5.859559995078072e-06,1.799952629395864,4.9334041680821825e-06,True,5.264795645462949e-05,True,8.93230775285136e-07,4.3711050454494365e-06,3.4778742701643005e-06,0.04868140513384511,1,1,1,False,2.966649402428557,2.9700862567718835,0.00335059757144324,2.9699999598032867,0.4428522913246927,1.7998981486356,0.5909582628177059,0.005999499999999998,1.000000000001e-06,0.5908923995727073,1.903004706391077,0.10300470639107706,4.531163019487125e-06,1.800163629576508,6.972906186570281e-05,True,6.889314257979231e-05,False,,2.8281415838638235e-06,,0.06785928686190412,1,1,1,False,2.9667443041171455,2.1188796439841395,0.0032556958828548,2.379123932376027,0.4279146640875187,False,False,False,2.97,False,start_peak 1.884470 V above 1.836 V | start_downward excursion 48.6814 mV > 1 mV | reen_peak 1.903005 V above 1.836 V | reen_downward excursion 67.8593 mV > 1 mV
st_tt_-40c_rtyp_v3300mv_i1ma_c1000nf_e0mohm_t1000ns,tt,-40,typ,3.30,1,1000,0,1000,g013_tt_rtyp_i1ma_c1000nf_e0mohm_t1000ns,pass,c5c8fb56bb90fe6d9e82b44410ca5be0a89ea78a16e4802b9388c0e1a875c2ed,20261010-104827-91e92aa-startup-grid.traces/st_tt_-40c_rtyp_v3300mv_i1ma_c1000nf_e0mohm_t1000ns.csv.gz,cacc3e807dee66b825cb1a38d88d07664f0459655d497dd5b2eb9bb9ce962424,15071,fail,3.3,1.292999048020668e-07,1.292871727971785e-07,1.292999048020668e-07,1.638281881848704e-06,0.006000000000000001,1.000000000001e-06,1.2930794044403953e-07,2.094788350754631,0.29478835075463095,5.617577295685076e-06,1.799973541268534,0.0002430581345800641,True,0.00024238760937107128,False,8.147612149296423e-07,3.5604723052187906e-06,2.7457110902891483e-06,0.25947390803634396,1,1,1,False,3.296639244158748,3.300072979064248,0.003360755841251526,3.2999998706860327,0.5494123231004582,1.7999296830496099,0.5909686027180032,0.005999499999999998,1.000000000001e-06,0.5909027542412972,2.108806769046835,0.308806769046835,4.382950008971487e-06,1.80021527052236,0.0002533146462750553,True,0.0002531290526659823,False,,2.41533048355371e-06,,0.272996574619208,1,1,1,False,3.2966837333560375,2.5135224349442256,0.003316266643962346,2.7091156342724174,0.5322918236436263,False,False,True,3.3,False,start_peak 2.094788 V above 1.836 V | start_downward excursion 259.4739 mV > 1 mV | reen_peak 2.108807 V above 1.836 V | reen_downward excursion 272.9966 mV > 1 mV
st_tt_-40c_rtyp_v3630mv_i1ma_c1000nf_e0mohm_t1000ns,tt,-40,typ,3.63,1,1000,0,1000,g013_tt_rtyp_i1ma_c1000nf_e0mohm_t1000ns,pass,461ad9a9b19692c51abbca502584df51f96dc4cadff7208ff0019e4d55b04b5e,20261010-104827-91e92aa-startup-grid.traces/st_tt_-40c_rtyp_v3630mv_i1ma_c1000nf_e0mohm_t1000ns.csv.gz,ca9e15393b0d533004e7cca96a8bf6fad3159290dea653078b7c56a1016a4ade,15074,fail,3.63,3.462377998809079e-07,3.462233910182053e-07,3.462377998809079e-07,1.601646636754248e-06,0.006,1.000000000001e-06,3.4624442346804543e-07,2.201044797398941,0.40104479739894106,5.095806039294003e-06,1.80006003535379,0.0003313881563612939,True,0.0003307100557280787,False,7.508316459878089e-07,3.0141965400048827e-06,2.2633648940170738e-06,0.3657380970441131,1,1,1,False,3.626573336717138,3.6300651903373082,0.003426663282861802,3.629999653750609,0.6616259581771642,1.8000013611971406,0.5910035321289607,0.005999499999999998,1.000000000001e-06,0.5909262887736054,2.147945616330163,0.34794561633016285,4.101673768552513e-06,1.800269171267972,0.0002865878055877246,True,0.0002858675530860152,False,,2.145630368905211e-06,,0.3126819953470159,1,1,1,False,3.6267737002457374,2.888446555378094,0.003226299754262406,3.039086146632628,0.6415692117570163,False,False,True,3.63,False,start_peak 2.201045 V above 1.836 V | start_downward excursion 365.7381 mV > 1 mV | reen_peak 2.147946 V above 1.836 V | reen_downward excursion 312.6820 mV > 1 mV
st_tt_27c_rtyp_v2970mv_i1ma_c1000nf_e0mohm_t1000ns,tt,27,typ,2.97,1,1000,0,1000,g013_tt_rtyp_i1ma_c1000nf_e0mohm_t1000ns,pass,db49be7f9776cb150e0d7e246a9a585611f54083c26e872bb2c1254adf607dca,20261010-104827-91e92aa-startup-grid.traces/st_tt_27c_rtyp_v2970mv_i1ma_c1000nf_e0mohm_t1000ns.csv.gz,f0327f3263b6ec971bed3734f1b2ed15be231671dea3b35d4b5e47a82e2aa377,15071,fail,2.97,5.369640488067562e-07,5.369498649139131e-07,5.369640488067562e-07,1.679301058737112e-06,0.006,1.000000000001e-06,5.369736755080126e-07,1.990298727367428,0.19029872736742792,6.871756963027073e-06,1.799974016078231,0.00015233439839290206,True,0.00015170817091596876,False,9.552552759583062e-07,4.86814278260736e-06,3.912887506649054e-06,0.15493926721875395,1,1,1,False,2.9652831564535527,2.970085204247017,0.004716843546447621,2.9699994630191044,0.3904237870169912,1.7999713590703794,0.5907348088273378,0.005999499999999998,1.0000000000027348e-06,0.5906520863475222,1.893919480910194,0.09391948091019398,5.129303964099968e-06,1.800203931028967,4.06380644563803e-06,True,6.087603299206429e-05,True,,3.365738291904133e-06,,0.058003540641962115,1,1,1,False,2.9653416010079936,2.266510776257038,0.004658398992006665,2.3793569087924733,0.3780065619310979,False,False,False,2.97,False,start_peak 1.990299 V above 1.836 V | start_downward excursion 154.9393 mV > 1 mV | reen_peak 1.893919 V above 1.836 V | reen_downward excursion 58.0035 mV > 1 mV
st_tt_27c_rtyp_v3300mv_i1ma_c1000nf_e0mohm_t1000ns,tt,27,typ,3.30,1,1000,0,1000,g013_tt_rtyp_i1ma_c1000nf_e0mohm_t1000ns,pass,c47fbadc8a0963e51d940657bfb32066842184548ce4480869c9f0ddcff9d7fe,20261010-104827-91e92aa-startup-grid.traces/st_tt_27c_rtyp_v3300mv_i1ma_c1000nf_e0mohm_t1000ns.csv.gz,39d5a698b99d2d2337c33c81135ecfc99f8c5193d13cca11e2b410c7c4581113,15070,fail,3.3,1.088220453559133e-06,1.088215113243203e-06,1.088219217451419e-06,2.254509354069255e-06,0.006,1.000000000001e-06,1.088185546642103e-06,2.055801027206036,0.2558010272060358,6.068081541103212e-06,1.800057752143274,0.0002095928069968582,True,0.00020902312933581871,False,8.58520766183775e-07,3.977242463556198e-06,3.1187216973724227e-06,0.22038374319832288,1,1,1,False,3.295184138127155,3.2997611564108857,0.004815861872844769,3.2999989118397064,0.4845696195459132,1.7999880385815705,0.5907346480517015,0.005999499999999998,1.000000000001e-06,0.5906575408127545,1.997666053652956,0.19766605365295598,4.804220199810388e-06,1.80025712315634,0.00015681055225050776,True,0.00015627211223470547,False,,2.795050416081533e-06,,0.1622168266229631,1,1,1,False,3.2953658416773433,2.606992632627093,0.004634158322656539,2.7093585121796226,0.4692025160245697,False,False,False,3.3,False,start_peak 2.055801 V above 1.836 V | start_downward excursion 220.3837 mV > 1 mV | reen_peak 1.997666 V above 1.836 V | reen_downward excursion 162.2168 mV > 1 mV
st_tt_27c_rtyp_v3630mv_i1ma_c1000nf_e0mohm_t1000ns,tt,27,typ,3.63,1,1000,0,1000,g013_tt_rtyp_i1ma_c1000nf_e0mohm_t1000ns,pass,5e04a2185b615d7cde174ffe280257a5452c509873e8e981d5e3294d13558e3c,20261010-104827-91e92aa-startup-grid.traces/st_tt_27c_rtyp_v3630mv_i1ma_c1000nf_e0mohm_t1000ns.csv.gz,4e23f0e2d48c8764691dd702bf307dddc4ff09cd7ae57e0a13c53711bed2bfbd,15067,fail,3.63,2.20782797935283e-06,2.20738124225705e-06,2.20738124225705e-06,3.177684263609987e-05,0.006,1.000000000001e-06,2.2057651655692484e-06,2.217719723605859,0.41771972360585896,5.477619423490841e-06,1.8000739037294,3.6443505434639607e-06,True,0.0003445396806059044,True,7.875290936202318e-07,3.359334515544333e-06,2.5718054219241013e-06,0.3821104297848661,1,1,1,False,3.6250495285109166,3.617342160577493,0.004950471489083226,3.629997795446892,0.5845163091047881,1.8000031923624618,0.590753493133447,0.005999499999999998,1.000000000001e-06,0.590662560398871,1.981191829032607,0.1811918290326069,3.9933982392114514e-06,1.800313724523105,2.8182996064003707e-06,True,0.00014061079909865964,True,,2.404035968440099e-06,,0.14538325517579098,1,1,1,False,3.6251484204989275,2.9561064459243553,0.004851579501072276,3.0393446982949484,0.5680201497354435,False,False,True,3.63,False,start_peak 2.217720 V above 1.836 V | start_downward excursion 382.1104 mV > 1 mV | reen_peak 1.981192 V above 1.836 V | reen_downward excursion 145.3833 mV > 1 mV
st_tt_125c_rtyp_v2970mv_i1ma_c1000nf_e0mohm_t1000ns,tt,125,typ,2.97,1,1000,0,1000,g013_tt_rtyp_i1ma_c1000nf_e0mohm_t1000ns,pass,1b37113be6378c048a23864ed2f922afb36be43f47c896a6b0a95247f7e51046,20261010-104827-91e92aa-startup-grid.traces/st_tt_125c_rtyp_v2970mv_i1ma_c1000nf_e0mohm_t1000ns.csv.gz,c873d94c415393120f059766765b5eec111ac75662d10b419208fed47b465615,15069,fail,2.97,0.0001802664893499704,0.000180265794487743,0.000180265794487743,4.932398491114675e-05,0.006,1.000000000001e-06,0.0001802647814632555,1.994385289843829,0.19438528984382897,8.063961209684974e-06,1.80001708583393,0.000156720057567884,True,0.00015648830736888404,False,1.103239517264164e-06,5.746226820712186e-06,4.642987303448022e-06,0.15862254822259403,1,1,1,False,2.9627275480867543,2.9448917073320517,0.007272451913245901,2.969819735716796,0.3300929939780944,1.7999998422878414,0.5903692115739315,0.005999499999999998,1.0000000000027348e-06,0.5903034032822867,1.930004098630302,0.13000409863030193,5.8263794228911175e-06,1.800282657604098,4.553683065395067e-06,True,9.560773137483966e-05,True,,3.935814577495115e-06,,0.09424371508412199,1,1,1,False,2.962391973634871,2.333666264042797,0.007608026365128963,2.379784966380816,0.3187696152076344,False,False,False,2.97,False,start_peak 1.994385 V above 1.836 V | start_downward excursion 158.6225 mV > 1 mV | reen_peak 1.930004 V above 1.836 V | reen_downward excursion 94.2437 mV > 1 mV
st_tt_125c_rtyp_v3300mv_i1ma_c1000nf_e0mohm_t1000ns,tt,125,typ,3.30,1,1000,0,1000,g013_tt_rtyp_i1ma_c1000nf_e0mohm_t1000ns,pass,00b303f9bc66e4d9db79f2194cf700e3aa602638cbffc138df265aa84a33a354,20261010-104827-91e92aa-startup-grid.traces/st_tt_125c_rtyp_v3300mv_i1ma_c1000nf_e0mohm_t1000ns.csv.gz,1d31b124186e02114d9a22056438badd23197dc51397dcaed3cf84b30167adaf,15075,fail,3.3,0.0001940079374431495,0.0001940072735979666,0.0001940072735979666,5.61298139043978e-05,0.006,1.000000000001e-06,0.0001940064360517607,1.911017317132804,0.11101731713280394,6.615563132650066e-06,1.800041982747514,5.397291839292183e-06,True,7.844528821326184e-05,True,1.0157927441642757e-06,4.757330366490826e-06,3.7415376223265507e-06,0.07567462786986101,1,1,1,False,3.292323241119971,3.2698133368571822,0.007676758880028721,3.299805994192108,0.4092118190358942,1.8000201967397305,0.5903889701902708,0.005999499999999998,1.000000000001e-06,0.5903123120767318,1.960521626979785,0.1605216269797849,5.463491711004201e-06,1.800341089751429,0.00012397721006368947,True,0.0001231648856685609,False,,3.2757569151788753e-06,,0.12535298681709484,1,1,1,False,3.2923918457285515,2.6648430826613487,0.007608154271448133,2.7097841709364126,0.3956215126351147,False,False,False,3.3,False,start_peak 1.911017 V above 1.836 V | start_downward excursion 75.6746 mV > 1 mV | reen_peak 1.960522 V above 1.836 V | reen_downward excursion 125.3530 mV > 1 mV
st_tt_125c_rtyp_v3630mv_i1ma_c1000nf_e0mohm_t1000ns,tt,125,typ,3.63,1,1000,0,1000,g013_tt_rtyp_i1ma_c1000nf_e0mohm_t1000ns,pass,3585f00a990af4d08ed4109c859024c61d5d15680415439e41d84a57f8fce084,20261010-104827-91e92aa-startup-grid.traces/st_tt_125c_rtyp_v3630mv_i1ma_c1000nf_e0mohm_t1000ns.csv.gz,86debe30ef2145207d3a5073f7f194cbd854a150a8ecda7344badc323166d633,15086,fail,3.63,0.0002126588596343746,0.0002126582052781391,0.0002126582052781391,6.427581597638366e-05,0.006,1.000000000001e-06,0.00021265755673722527,1.98599650133287,0.18599650133286993,5.923966664195864e-06,1.800126716602149,0.00014775585501090286,True,0.0001467841796825518,False,9.736489780057409e-07,4.02934316893729e-06,3.0556941909315487e-06,0.15099085505796395,1,1,1,False,3.6223063105962194,3.6002541856987205,0.007693689403780599,3.6297873429296685,0.4932013159701953,1.800083606086734,0.5904028684870394,0.0059995,1.0000000000027348e-06,0.5903370597213564,2.05975926237137,0.25975926237137004,4.910123670992181e-06,1.800405671382507,0.0002119009735512458,True,0.00021117982485771745,False,,2.8202545316641838e-06,,0.22449734538308808,2,1,1,False,3.62167174723188,2.9947777569612266,0.008328252768120069,3.039765342711182,0.4785301109148892,False,False,True,3.63,False,start_peak 1.985997 V above 1.836 V | start_downward excursion 150.9909 mV > 1 mV | reen_peak 2.059759 V above 1.836 V | reen_downward excursion 224.4973 mV > 1 mV
st_tt_-40c_rwcs_v2970mv_i1ma_c1000nf_e0mohm_t1000ns,tt,-40,wcs,2.97,1,1000,0,1000,g014_tt_rwcs_i1ma_c1000nf_e0mohm_t1000ns,pass,2cba4f408efafc10e9bc701fed878efe3917bfd68083992c1a1de2a9b2bd8138,20261010-104827-91e92aa-startup-grid.traces/st_tt_-40c_rwcs_v2970mv_i1ma_c1000nf_e0mohm_t1000ns.csv.gz,e4644abb75231d40f910b89194121ca4a01602b632f3bb5b6709bb4d6e7e0d10,15062,fail,2.97,4.019840297963847e-08,4.018589472304058e-08,4.019840297963847e-08,1.675140680690565e-06,0.005999999999999999,1.000000000001e-06,4.020874906309183e-08,1.885141357241149,0.08514135724114902,5.993556771014203e-06,1.799943498523074,5.071701055379052e-06,True,5.344443437662715e-05,True,8.807523404157599e-07,4.40446948829942e-06,3.52371714788366e-06,0.04946710864484505,1,1,1,False,2.9667301933569066,2.970086257916575,0.003269806643093535,2.9699999597834914,0.4427536393912371,1.7999100114577746,0.591223163521163,0.005999499999999998,1.000000000001e-06,0.5915005806366735,2.052199060016142,0.2521990600161421,4.938987778427967e-06,1.800163634863535,3.311946612313474e-06,True,0.00020492542260169995,True,,2.927399544515599e-06,,0.2162698735595301,1,1,1,False,2.9668395558170193,1.170282819150771,0.003160444182980776,2.3708027350737177,0.427182232208916,False,False,False,2.97,False,start_peak 1.885141 V above 1.836 V | start_downward excursion 49.4671 mV > 1 mV | reen_peak 2.052199 V above 1.836 V | reen_downward excursion 216.2699 mV > 1 mV
st_tt_-40c_rwcs_v3300mv_i1ma_c1000nf_e0mohm_t1000ns,tt,-40,wcs,3.30,1,1000,0,1000,g014_tt_rwcs_i1ma_c1000nf_e0mohm_t1000ns,pass,aae3f9a0c4db63749a4195b7e079037a40e4b4c1b99d15c2227054298a94fb8d,20261010-104827-91e92aa-startup-grid.traces/st_tt_-40c_rwcs_v3300mv_i1ma_c1000nf_e0mohm_t1000ns.csv.gz,cbfef0ab9157adf100711e22de19c664d4ccbdc04d426fcdad0c339cecbef9fd,15071,fail,3.3,1.293635475323183e-07,1.29350817562836e-07,1.293635475323183e-07,1.638281628976376e-06,0.006,1.000000000001e-06,1.2937159091849476e-07,2.118266889684733,0.31826688968473316,5.521867973318087e-06,1.799989460552542,0.0002633811687692601,True,0.0002624312952215201,False,8.128153140372529e-07,3.5585822543241526e-06,2.7457669402868998e-06,0.28323742911668015,1,1,1,False,3.2966936307884525,3.30007297962193,0.003306369211547289,3.2999998706223765,0.5489960421446405,1.7999691727547629,0.5913237653295935,0.0059995,1.000000000001e-06,0.5912396745821119,2.095150352271991,0.29515035227199093,4.365383571862738e-06,1.80021527444673,0.0002423210909676156,True,0.00024156243088829457,False,,2.42061915072497e-06,,0.259925600610897,1,1,1,False,3.296798416953187,2.5429185788843474,0.003201583046812661,2.7087663459507803,0.5305592941826405,False,False,True,3.3,False,start_peak 2.118267 V above 1.836 V | start_downward excursion 283.2374 mV > 1 mV | reen_peak 2.095150 V above 1.836 V | reen_downward excursion 259.9256 mV > 1 mV
st_tt_-40c_rwcs_v3630mv_i1ma_c1000nf_e0mohm_t1000ns,tt,-40,wcs,3.63,1,1000,0,1000,g014_tt_rwcs_i1ma_c1000nf_e0mohm_t1000ns,pass,2a7c6e68700f2484d7416e4934b3ff88e16f0fbf11bf1d35af3cf630f1042085,20261010-104827-91e92aa-startup-grid.traces/st_tt_-40c_rwcs_v3630mv_i1ma_c1000nf_e0mohm_t1000ns.csv.gz,d5854a4e2284ee5031bd68536198c7d1f74da8fc199963ef850b065f23868fc7,15072,fail,3.63,3.464083804451962e-07,3.463938349561935e-07,3.464083804451962e-07,1.601646353606488e-06,0.006,1.000000000001e-06,3.4641500904559367e-07,2.044715785373772,0.2447157853737718,4.65965546456496e-06,1.800090936400549,0.0001983156353181179,True,0.00019808342298151558,False,7.496444591660788e-07,3.03183892798066e-06,2.282194468814581e-06,0.2089531446373878,1,1,1,False,3.6266536127835303,3.63006519056993,0.003346387216469486,3.629999653580019,0.6613370295839318,1.800021616988364,0.5913227474548755,0.0059995,1.000000000001e-06,0.591256898208325,2.199214350243452,0.399214350243452,4.1430409725446565e-06,1.800269176729169,0.00032898957711981723,True,0.0003284230302716681,False,,2.1138892326000103e-06,,0.3637933466792531,1,1,1,False,3.626855775566791,2.869038109827762,0.003144224433208624,3.038764327508674,0.6405760120015541,False,False,True,3.63,False,start_peak 2.044716 V above 1.836 V | start_downward excursion 208.9531 mV > 1 mV | reen_peak 2.199214 V above 1.836 V | reen_downward excursion 363.7933 mV > 1 mV
st_tt_27c_rwcs_v2970mv_i1ma_c1000nf_e0mohm_t1000ns,tt,27,wcs,2.97,1,1000,0,1000,g014_tt_rwcs_i1ma_c1000nf_e0mohm_t1000ns,pass,6aee2516ebf1e052e1c8b393530b5b45419fdcc2c6f1d7b042eb2498c5b08335,20261010-104827-91e92aa-startup-grid.traces/st_tt_27c_rwcs_v2970mv_i1ma_c1000nf_e0mohm_t1000ns.csv.gz,57ff3c98d0240d9acc7d1ece0093d6d3ba677fa49eb3ce6fb43f3650cbf9c2de,15064,fail,2.97,5.372715056486254e-07,5.372573263998469e-07,5.372715056486254e-07,1.679294607572984e-06,0.006,1.000000000001e-06,5.372811372364155e-07,1.986934580977178,0.18693458097717786,7.1809087797650595e-06,1.800005266857086,0.00014988238057123409,True,0.00014906201209168913,False,1.0085134743652304e-06,4.917753419044485e-06,3.909239944679254e-06,0.15177312806241083,1,1,1,False,2.9654928940382943,2.9703133258895296,0.004507105961706061,2.9699994627314608,0.390811505945053,1.7999289712312558,0.5910917547476131,0.005999499999999998,1.000000000001e-06,0.591014943232038,2.022764392089264,0.22276439208926413,5.359594666362946e-06,1.800203938480053,0.00018025878677347014,True,0.00017935321644036776,False,,3.300508838791078e-06,,0.18768998516468116,1,1,1,False,2.9653996586003846,2.264039398629302,0.004600341399615429,2.3789945953282783,0.3778395945712604,False,False,False,2.97,False,start_peak 1.986935 V above 1.836 V | start_downward excursion 151.7731 mV > 1 mV | reen_peak 2.022764 V above 1.836 V | reen_downward excursion 187.6900 mV > 1 mV
st_tt_27c_rwcs_v3300mv_i1ma_c1000nf_e0mohm_t1000ns,tt,27,wcs,3.30,1,1000,0,1000,g014_tt_rwcs_i1ma_c1000nf_e0mohm_t1000ns,pass,3fc98fa422cc3c806c92ac043d2346873e68200c73f5417afaf46ea1ea04bd6f,20261010-104827-91e92aa-startup-grid.traces/st_tt_27c_rwcs_v3300mv_i1ma_c1000nf_e0mohm_t1000ns.csv.gz,7c4440de34b4473d6e01e37606b6c72aa662fe02ae6a48ddf81709606c4e995c,15071,fail,3.3,1.088843572855479e-06,1.088838242766399e-06,1.088842329237591e-06,2.254500077659754e-06,0.006,1.000000000001e-06,1.0888087053413693e-06,2.037721054127174,0.23772105412717415,6.076517371252218e-06,1.80004525620584,0.00019349792419870405,True,0.0001932838179202926,False,8.579208479657212e-07,3.976212626736475e-06,3.1182917787707537e-06,0.20193997871179126,1,1,1,False,3.295269507284553,3.2997611229150516,0.004730492715447138,3.2999989112165125,0.4848804099685933,1.800004502526938,0.5911226999131851,0.0059995,1.000000000001e-06,0.591039725013036,1.99085277535783,0.19085277535782996,4.622608572703649e-06,1.800257139444861,3.214245869201382e-06,True,0.00015004179197890602,True,,2.759714773928571e-06,,0.15546352896597404,1,1,1,False,3.295311173227533,2.592159969590108,0.004688826772466869,2.708986130883509,0.4697245615665132,False,False,False,3.3,False,start_peak 2.037721 V above 1.836 V | start_downward excursion 201.9400 mV > 1 mV | reen_peak 1.990853 V above 1.836 V | reen_downward excursion 155.4635 mV > 1 mV
st_tt_27c_rwcs_v3630mv_i1ma_c1000nf_e0mohm_t1000ns,tt,27,wcs,3.63,1,1000,0,1000,g014_tt_rwcs_i1ma_c1000nf_e0mohm_t1000ns,pass,bf09a9ab903e962f95edb7cab67f7aac188ac2e31854fca1f6029d16fb2ef30f,20261010-104827-91e92aa-startup-grid.traces/st_tt_27c_rwcs_v3630mv_i1ma_c1000nf_e0mohm_t1000ns.csv.gz,a69a066839d6ca2f45c102552e951897ca40178c80690cbc2b2cba92875f31ae,15073,fail,3.63,2.209108636389121e-06,2.208661801521923e-06,2.208661801521923e-06,3.185706219117456e-05,0.006,1.000000000001e-06,2.2070399670808968e-06,2.04171996229538,0.24171996229537984,5.2381645766158644e-06,1.800064815837925,3.7511301860030082e-06,True,0.00019596639275623547,True,7.874078968311011e-07,3.388321807158266e-06,2.6009139103271646e-06,0.2066284865572079,1,1,1,False,3.625220619744475,3.617267591015971,0.004779380255525038,3.6299977941764086,0.584501123961007,1.8000111238261967,0.5911284540572479,0.005999499999999998,1.000000000001e-06,0.5910419464198043,2.113249374170703,0.313249374170703,4.4076601509041025e-06,1.800313738355371,0.0002571815847694347,True,0.0002569754142504904,False,,2.3754582259151204e-06,,0.2774601853486871,1,1,1,False,3.6253302109109797,2.9471329699854283,0.004669789089020299,3.038975654719953,0.5667800950292844,False,False,True,3.63,False,start_peak 2.041720 V above 1.836 V | start_downward excursion 206.6285 mV > 1 mV | reen_peak 2.113249 V above 1.836 V | reen_downward excursion 277.4602 mV > 1 mV
st_tt_125c_rwcs_v2970mv_i1ma_c1000nf_e0mohm_t1000ns,tt,125,wcs,2.97,1,1000,0,1000,g014_tt_rwcs_i1ma_c1000nf_e0mohm_t1000ns,pass,d1bfa2ca5f45a33878e3db6a13bea8934ff249cb1ec64bb6feb9abeb7ec48f77,20261010-104827-91e92aa-startup-grid.traces/st_tt_125c_rwcs_v2970mv_i1ma_c1000nf_e0mohm_t1000ns.csv.gz,d85ab3d57dc39ce17a276ef965a6507b4eecebe4c19b7c2f99fd29032808f430,15070,fail,2.97,0.0001803962852966979,0.0001803955935427949,0.0001803955935427949,4.936628094465412e-05,0.006,1.000000000001e-06,0.00018039458801620854,1.896626463781894,0.09662646378189388,7.550729461226063e-06,1.800002723549029,6.68302109210451e-05,True,6.598302100810224e-05,False,1.096114143158691e-06,5.730684587996875e-06,4.634570444838184e-06,0.061492868056651995,1,1,1,False,2.9626670751090494,2.9449041116118067,0.007332924890950971,2.9698196058998048,0.3303461210335991,1.800002117806819,0.5908437639077011,0.005999499999999998,1.000000000001e-06,0.5907779500687428,1.947284836626537,0.1472848366265369,6.010012652928054e-06,1.800282666731082,4.587905408968626e-06,True,0.00011166091573464616,True,,3.935344452359875e-06,,0.11199416001671691,1,1,1,False,2.9624879641655406,2.3331950014215095,0.007512035834459445,2.379301227114622,0.3185411318335359,False,False,False,2.97,False,start_peak 1.896626 V above 1.836 V | start_downward excursion 61.4929 mV > 1 mV | reen_peak 1.947285 V above 1.836 V | reen_downward excursion 111.9942 mV > 1 mV
st_tt_125c_rwcs_v3300mv_i1ma_c1000nf_e0mohm_t1000ns,tt,125,wcs,3.30,1,1000,0,1000,g014_tt_rwcs_i1ma_c1000nf_e0mohm_t1000ns,pass,a3a2ade053413d3c7d1c598c936d9fa0ad9e2afbbdbf5dd5a96656b93d10aa21,20261010-104827-91e92aa-startup-grid.traces/st_tt_125c_rwcs_v3300mv_i1ma_c1000nf_e0mohm_t1000ns.csv.gz,7fd9eccf1774cbbce9a7113a2349852da230d7627a49c1f2981480e0c26bd0a4,15080,fail,3.3,0.0001941477912771309,0.0001941471273176588,0.0001941471273176588,5.617538795802929e-05,0.006,1.000000000001e-06,0.00019414630014768058,1.999836768018718,0.19983676801871786,6.892386689546148e-06,1.80010173999191,5.198931269968137e-06,True,0.000160316993815151,True,1.0001277095807419e-06,4.729568462909373e-06,3.7294407533286307e-06,0.16451475210300592,1,1,1,False,3.2926775539861657,3.269625055226644,0.007322446013834117,3.2998058543202298,0.408882842624515,1.800030180190093,0.5908756831020822,0.0059995,1.0000000000044695e-06,0.590789392925881,1.930246411241275,0.1302464112412749,5.098367724771027e-06,1.800341100565813,9.511401419443066e-05,True,9.495158148568143e-05,False,,3.2356791219012856e-06,,0.09441259085929787,1,1,1,False,3.2923183177240865,2.6736338157193003,0.007681682275913255,2.709301699797078,0.3955102261805639,False,False,False,3.3,False,start_peak 1.999837 V above 1.836 V | start_downward excursion 164.5148 mV > 1 mV | reen_peak 1.930246 V above 1.836 V | reen_downward excursion 94.4126 mV > 1 mV
st_tt_125c_rwcs_v3630mv_i1ma_c1000nf_e0mohm_t1000ns,tt,125,wcs,3.63,1,1000,0,1000,g014_tt_rwcs_i1ma_c1000nf_e0mohm_t1000ns,pass,26a705a47920695b7fa03df818f1ba5f65f00f39aca261f2b001db0121467376,20261010-104827-91e92aa-startup-grid.traces/st_tt_125c_rwcs_v3630mv_i1ma_c1000nf_e0mohm_t1000ns.csv.gz,a7cd0f4d5415ac8cad0fcfd3084f5debc5e4499fa0c4c5107efd9ba715c1d17a,15090,fail,3.63,0.0002128121064198805,0.0002128114520839459,0.0002128114520839459,6.432620767235576e-05,0.006,1.000000000001e-06,0.00021281081485448179,1.960573174229311,0.16057317422931106,5.926131821620958e-06,1.800129053105805,4.5368063027269225e-06,True,0.00012375993401921438,True,9.557290426782812e-07,4.0346165866245344e-06,3.0788875439462532e-06,0.1253084833375382,1,1,1,False,3.623757968235,3.6000880507412525,0.006242031764999803,3.6297871896630673,0.4931000324729594,1.8000819608077692,0.5908897654799301,0.005999499999999998,1.000000000001e-06,0.5908103431831184,2.002276417093337,0.20227641709333688,4.573598022103095e-06,1.800405684324082,3.1918856672197293e-06,True,0.0001604567215582238,True,,2.7929096124881804e-06,,0.16715050434811385,1,1,1,False,3.6225973451874975,3.001392423911966,0.007402654812502514,3.039288513947414,0.4778220709411412,False,False,True,3.63,False,start_peak 1.960573 V above 1.836 V | start_downward excursion 125.3085 mV > 1 mV | reen_peak 2.002276 V above 1.836 V | reen_downward excursion 167.1505 mV > 1 mV
