bench	point_id	mos	res	temp_c	load_a	cout_f	esr_ohm	netlist	netlist_sha256	invocation	git_sha	pdk	ngspice
loopgain	loopgain_dyn_ss_125c_rbcs_i0ua_c330nf_e0mohm	mos_ss	res_bcs	125	0	330n	0	sim/ldo-cmos5l-pvt-sweep/netlist-snapshots/20261010-091123-a31c626/loopgain_dyn_ss_125c_rbcs_i0ua_c330nf_e0mohm.spice	444783bf9ad3f3e63c749f8feb198ffbf8e7d87adb02c75476b9cbd9ead06afe	klt sim --backend batch corners/20261010-091123-a31c626/_batch/g00_loopgain_dyn_ss_125c_rbcs_i0ua_c330nf_e0mohm/request.json (batch_backend.py; corner mos_ss__res_bcs__cap_typ @ 125C)	a31c626	ihp-sg13cmos5l	ngspice-46 (EDA batch fleet runner, klt 0.5.0)
psrr	psrr_dyn_ss_125c_rbcs_i0ua_c330nf_e0mohm	mos_ss	res_bcs	125	0	330n	0	sim/ldo-cmos5l-pvt-sweep/netlist-snapshots/20261010-091123-a31c626/psrr_dyn_ss_125c_rbcs_i0ua_c330nf_e0mohm.spice	8ff23a55229bfe5990662083fe77d3d9291b61fb48a7f8df0d3a9059c9a0b667	klt sim --backend batch corners/20261010-091123-a31c626/_batch/g01_psrr_dyn_ss_125c_rbcs_i0ua_c330nf_e0mohm/request.json (batch_backend.py; corner mos_ss__res_bcs__cap_typ @ 125C)	a31c626	ihp-sg13cmos5l	ngspice-46 (EDA batch fleet runner, klt 0.5.0)
loopgain	loopgain_dyn_ss_125c_rbcs_i0ua_c330nf_e250mohm	mos_ss	res_bcs	125	0	330n	250e-3	sim/ldo-cmos5l-pvt-sweep/netlist-snapshots/20261010-091123-a31c626/loopgain_dyn_ss_125c_rbcs_i0ua_c330nf_e250mohm.spice	e8ceb84bcfd20474685abd075102ae379f43f740d873f6a99da0089ca981008f	klt sim --backend batch corners/20261010-091123-a31c626/_batch/g00_loopgain_dyn_ss_125c_rbcs_i0ua_c330nf_e0mohm/request.json (batch_backend.py; corner mos_ss__res_bcs__cap_typ @ 125C)	a31c626	ihp-sg13cmos5l	ngspice-46 (EDA batch fleet runner, klt 0.5.0)
psrr	psrr_dyn_ss_125c_rbcs_i0ua_c330nf_e250mohm	mos_ss	res_bcs	125	0	330n	250e-3	sim/ldo-cmos5l-pvt-sweep/netlist-snapshots/20261010-091123-a31c626/psrr_dyn_ss_125c_rbcs_i0ua_c330nf_e250mohm.spice	5f9607a2d5be078fa2dc0b3060680c087fc42e98f73e3ed58088ab56f1bf3f17	klt sim --backend batch corners/20261010-091123-a31c626/_batch/g01_psrr_dyn_ss_125c_rbcs_i0ua_c330nf_e0mohm/request.json (batch_backend.py; corner mos_ss__res_bcs__cap_typ @ 125C)	a31c626	ihp-sg13cmos5l	ngspice-46 (EDA batch fleet runner, klt 0.5.0)
loopgain	loopgain_dyn_ss_125c_rbcs_i0ua_c330nf_e500mohm	mos_ss	res_bcs	125	0	330n	500e-3	sim/ldo-cmos5l-pvt-sweep/netlist-snapshots/20261010-091123-a31c626/loopgain_dyn_ss_125c_rbcs_i0ua_c330nf_e500mohm.spice	0f17774d803d8653f412e44a1e0807c176ebca686fafe88fd5b8c744e449449b	klt sim --backend batch corners/20261010-091123-a31c626/_batch/g00_loopgain_dyn_ss_125c_rbcs_i0ua_c330nf_e0mohm/request.json (batch_backend.py; corner mos_ss__res_bcs__cap_typ @ 125C)	a31c626	ihp-sg13cmos5l	ngspice-46 (EDA batch fleet runner, klt 0.5.0)
psrr	psrr_dyn_ss_125c_rbcs_i0ua_c330nf_e500mohm	mos_ss	res_bcs	125	0	330n	500e-3	sim/ldo-cmos5l-pvt-sweep/netlist-snapshots/20261010-091123-a31c626/psrr_dyn_ss_125c_rbcs_i0ua_c330nf_e500mohm.spice	91c30cc977687a2cda45f873c11f7272b4a65e121521e5e1d85ce44b5fd446f1	klt sim --backend batch corners/20261010-091123-a31c626/_batch/g01_psrr_dyn_ss_125c_rbcs_i0ua_c330nf_e0mohm/request.json (batch_backend.py; corner mos_ss__res_bcs__cap_typ @ 125C)	a31c626	ihp-sg13cmos5l	ngspice-46 (EDA batch fleet runner, klt 0.5.0)
loopgain	loopgain_dyn_ss_125c_rbcs_i0ua_c1000nf_e0mohm	mos_ss	res_bcs	125	0	1000n	0	sim/ldo-cmos5l-pvt-sweep/netlist-snapshots/20261010-091123-a31c626/loopgain_dyn_ss_125c_rbcs_i0ua_c1000nf_e0mohm.spice	93d2dab6ecf51f47a2ebc203e52ec3eecf8f35bfe70ac8b0a74e262e515f43c0	klt sim --backend batch corners/20261010-091123-a31c626/_batch/g00_loopgain_dyn_ss_125c_rbcs_i0ua_c330nf_e0mohm/request.json (batch_backend.py; corner mos_ss__res_bcs__cap_typ @ 125C)	a31c626	ihp-sg13cmos5l	ngspice-46 (EDA batch fleet runner, klt 0.5.0)
psrr	psrr_dyn_ss_125c_rbcs_i0ua_c1000nf_e0mohm	mos_ss	res_bcs	125	0	1000n	0	sim/ldo-cmos5l-pvt-sweep/netlist-snapshots/20261010-091123-a31c626/psrr_dyn_ss_125c_rbcs_i0ua_c1000nf_e0mohm.spice	e57e7a1a97f30dcd2cac1f96b1dc299e922b7efe3f646fc1e7a3f32f5ad7a773	klt sim --backend batch corners/20261010-091123-a31c626/_batch/g01_psrr_dyn_ss_125c_rbcs_i0ua_c330nf_e0mohm/request.json (batch_backend.py; corner mos_ss__res_bcs__cap_typ @ 125C)	a31c626	ihp-sg13cmos5l	ngspice-46 (EDA batch fleet runner, klt 0.5.0)
loopgain	loopgain_dyn_ss_125c_rbcs_i0ua_c1000nf_e250mohm	mos_ss	res_bcs	125	0	1000n	250e-3	sim/ldo-cmos5l-pvt-sweep/netlist-snapshots/20261010-091123-a31c626/loopgain_dyn_ss_125c_rbcs_i0ua_c1000nf_e250mohm.spice	a4d73a2235b6e3144d128ce05f2adad5b799545487ad873919bc4ac095fb0195	klt sim --backend batch corners/20261010-091123-a31c626/_batch/g00_loopgain_dyn_ss_125c_rbcs_i0ua_c330nf_e0mohm/request.json (batch_backend.py; corner mos_ss__res_bcs__cap_typ @ 125C)	a31c626	ihp-sg13cmos5l	ngspice-46 (EDA batch fleet runner, klt 0.5.0)
psrr	psrr_dyn_ss_125c_rbcs_i0ua_c1000nf_e250mohm	mos_ss	res_bcs	125	0	1000n	250e-3	sim/ldo-cmos5l-pvt-sweep/netlist-snapshots/20261010-091123-a31c626/psrr_dyn_ss_125c_rbcs_i0ua_c1000nf_e250mohm.spice	adbea65b1e88429866fa5a05a6b038afd6babe130d51d9bdead3d7e22c057352	klt sim --backend batch corners/20261010-091123-a31c626/_batch/g01_psrr_dyn_ss_125c_rbcs_i0ua_c330nf_e0mohm/request.json (batch_backend.py; corner mos_ss__res_bcs__cap_typ @ 125C)	a31c626	ihp-sg13cmos5l	ngspice-46 (EDA batch fleet runner, klt 0.5.0)
loopgain	loopgain_dyn_ss_125c_rbcs_i0ua_c1000nf_e500mohm	mos_ss	res_bcs	125	0	1000n	500e-3	sim/ldo-cmos5l-pvt-sweep/netlist-snapshots/20261010-091123-a31c626/loopgain_dyn_ss_125c_rbcs_i0ua_c1000nf_e500mohm.spice	e1878e0c2c11d41b00118e7fc5eb5af6dc45e1b1a88b9089012237ba068cfc88	klt sim --backend batch corners/20261010-091123-a31c626/_batch/g00_loopgain_dyn_ss_125c_rbcs_i0ua_c330nf_e0mohm/request.json (batch_backend.py; corner mos_ss__res_bcs__cap_typ @ 125C)	a31c626	ihp-sg13cmos5l	ngspice-46 (EDA batch fleet runner, klt 0.5.0)
psrr	psrr_dyn_ss_125c_rbcs_i0ua_c1000nf_e500mohm	mos_ss	res_bcs	125	0	1000n	500e-3	sim/ldo-cmos5l-pvt-sweep/netlist-snapshots/20261010-091123-a31c626/psrr_dyn_ss_125c_rbcs_i0ua_c1000nf_e500mohm.spice	a64135c55bdc04874c8ee4edefa444206452bd70b7aa87a93ece1173b3a140ce	klt sim --backend batch corners/20261010-091123-a31c626/_batch/g01_psrr_dyn_ss_125c_rbcs_i0ua_c330nf_e0mohm/request.json (batch_backend.py; corner mos_ss__res_bcs__cap_typ @ 125C)	a31c626	ihp-sg13cmos5l	ngspice-46 (EDA batch fleet runner, klt 0.5.0)
loopgain	loopgain_dyn_ss_125c_rbcs_i0ua_c2200nf_e0mohm	mos_ss	res_bcs	125	0	2200n	0	sim/ldo-cmos5l-pvt-sweep/netlist-snapshots/20261010-091123-a31c626/loopgain_dyn_ss_125c_rbcs_i0ua_c2200nf_e0mohm.spice	b900ab6af648f59c43049f905299808a9c29d55bdc290902e0055f0c0b1f9fda	klt sim --backend batch corners/20261010-091123-a31c626/_batch/g00_loopgain_dyn_ss_125c_rbcs_i0ua_c330nf_e0mohm/request.json (batch_backend.py; corner mos_ss__res_bcs__cap_typ @ 125C)	a31c626	ihp-sg13cmos5l	ngspice-46 (EDA batch fleet runner, klt 0.5.0)
psrr	psrr_dyn_ss_125c_rbcs_i0ua_c2200nf_e0mohm	mos_ss	res_bcs	125	0	2200n	0	sim/ldo-cmos5l-pvt-sweep/netlist-snapshots/20261010-091123-a31c626/psrr_dyn_ss_125c_rbcs_i0ua_c2200nf_e0mohm.spice	12564fe3b9fff8a2bf9036e7638565674feab1138328ad3c1f511dcabd81c8e4	klt sim --backend batch corners/20261010-091123-a31c626/_batch/g01_psrr_dyn_ss_125c_rbcs_i0ua_c330nf_e0mohm/request.json (batch_backend.py; corner mos_ss__res_bcs__cap_typ @ 125C)	a31c626	ihp-sg13cmos5l	ngspice-46 (EDA batch fleet runner, klt 0.5.0)
loopgain	loopgain_dyn_ss_125c_rbcs_i0ua_c2200nf_e250mohm	mos_ss	res_bcs	125	0	2200n	250e-3	sim/ldo-cmos5l-pvt-sweep/netlist-snapshots/20261010-091123-a31c626/loopgain_dyn_ss_125c_rbcs_i0ua_c2200nf_e250mohm.spice	d685547dca1e70c3a5a1bc19d2b41590cce8502d5eb0dd4ead48507d05bd6b45	klt sim --backend batch corners/20261010-091123-a31c626/_batch/g00_loopgain_dyn_ss_125c_rbcs_i0ua_c330nf_e0mohm/request.json (batch_backend.py; corner mos_ss__res_bcs__cap_typ @ 125C)	a31c626	ihp-sg13cmos5l	ngspice-46 (EDA batch fleet runner, klt 0.5.0)
psrr	psrr_dyn_ss_125c_rbcs_i0ua_c2200nf_e250mohm	mos_ss	res_bcs	125	0	2200n	250e-3	sim/ldo-cmos5l-pvt-sweep/netlist-snapshots/20261010-091123-a31c626/psrr_dyn_ss_125c_rbcs_i0ua_c2200nf_e250mohm.spice	a54791675c300894cfd81e3a52ce4c2f49e6c15cc80f442b902d1b54529fa875	klt sim --backend batch corners/20261010-091123-a31c626/_batch/g01_psrr_dyn_ss_125c_rbcs_i0ua_c330nf_e0mohm/request.json (batch_backend.py; corner mos_ss__res_bcs__cap_typ @ 125C)	a31c626	ihp-sg13cmos5l	ngspice-46 (EDA batch fleet runner, klt 0.5.0)
loopgain	loopgain_dyn_ss_125c_rbcs_i0ua_c2200nf_e500mohm	mos_ss	res_bcs	125	0	2200n	500e-3	sim/ldo-cmos5l-pvt-sweep/netlist-snapshots/20261010-091123-a31c626/loopgain_dyn_ss_125c_rbcs_i0ua_c2200nf_e500mohm.spice	6f3ee17654a515e991b99336d4c0edf8f6c5d25e59d098744b8a3af5657eeb65	klt sim --backend batch corners/20261010-091123-a31c626/_batch/g00_loopgain_dyn_ss_125c_rbcs_i0ua_c330nf_e0mohm/request.json (batch_backend.py; corner mos_ss__res_bcs__cap_typ @ 125C)	a31c626	ihp-sg13cmos5l	ngspice-46 (EDA batch fleet runner, klt 0.5.0)
psrr	psrr_dyn_ss_125c_rbcs_i0ua_c2200nf_e500mohm	mos_ss	res_bcs	125	0	2200n	500e-3	sim/ldo-cmos5l-pvt-sweep/netlist-snapshots/20261010-091123-a31c626/psrr_dyn_ss_125c_rbcs_i0ua_c2200nf_e500mohm.spice	40619f6dc7c550c14587e3f9f558fb9a52b928be0b1b177d2a8cea778375b085	klt sim --backend batch corners/20261010-091123-a31c626/_batch/g01_psrr_dyn_ss_125c_rbcs_i0ua_c330nf_e0mohm/request.json (batch_backend.py; corner mos_ss__res_bcs__cap_typ @ 125C)	a31c626	ihp-sg13cmos5l	ngspice-46 (EDA batch fleet runner, klt 0.5.0)
loopgain	loopgain_dyn_ss_125c_rbcs_i0ua_c4700nf_e0mohm	mos_ss	res_bcs	125	0	4700n	0	sim/ldo-cmos5l-pvt-sweep/netlist-snapshots/20261010-091123-a31c626/loopgain_dyn_ss_125c_rbcs_i0ua_c4700nf_e0mohm.spice	7607c00bb7e21c93095543d2314f66d29a649ab59446d21faaedecfd3c441028	klt sim --backend batch corners/20261010-091123-a31c626/_batch/g00_loopgain_dyn_ss_125c_rbcs_i0ua_c330nf_e0mohm/request.json (batch_backend.py; corner mos_ss__res_bcs__cap_typ @ 125C)	a31c626	ihp-sg13cmos5l	ngspice-46 (EDA batch fleet runner, klt 0.5.0)
psrr	psrr_dyn_ss_125c_rbcs_i0ua_c4700nf_e0mohm	mos_ss	res_bcs	125	0	4700n	0	sim/ldo-cmos5l-pvt-sweep/netlist-snapshots/20261010-091123-a31c626/psrr_dyn_ss_125c_rbcs_i0ua_c4700nf_e0mohm.spice	625c19e563b2382353da84e0e0044cd329e1d86335d2a1641ef0141588311c7b	klt sim --backend batch corners/20261010-091123-a31c626/_batch/g01_psrr_dyn_ss_125c_rbcs_i0ua_c330nf_e0mohm/request.json (batch_backend.py; corner mos_ss__res_bcs__cap_typ @ 125C)	a31c626	ihp-sg13cmos5l	ngspice-46 (EDA batch fleet runner, klt 0.5.0)
loopgain	loopgain_dyn_ss_125c_rbcs_i0ua_c4700nf_e250mohm	mos_ss	res_bcs	125	0	4700n	250e-3	sim/ldo-cmos5l-pvt-sweep/netlist-snapshots/20261010-091123-a31c626/loopgain_dyn_ss_125c_rbcs_i0ua_c4700nf_e250mohm.spice	a203a80c6c0f88bb87e82cd4983d39f724340ecc983653d883c31a71ddfad364	klt sim --backend batch corners/20261010-091123-a31c626/_batch/g00_loopgain_dyn_ss_125c_rbcs_i0ua_c330nf_e0mohm/request.json (batch_backend.py; corner mos_ss__res_bcs__cap_typ @ 125C)	a31c626	ihp-sg13cmos5l	ngspice-46 (EDA batch fleet runner, klt 0.5.0)
psrr	psrr_dyn_ss_125c_rbcs_i0ua_c4700nf_e250mohm	mos_ss	res_bcs	125	0	4700n	250e-3	sim/ldo-cmos5l-pvt-sweep/netlist-snapshots/20261010-091123-a31c626/psrr_dyn_ss_125c_rbcs_i0ua_c4700nf_e250mohm.spice	37ebf02f9bd91f13f1b1e76dab3cf69f3bfc0635a814737233f17fe98acd50b6	klt sim --backend batch corners/20261010-091123-a31c626/_batch/g01_psrr_dyn_ss_125c_rbcs_i0ua_c330nf_e0mohm/request.json (batch_backend.py; corner mos_ss__res_bcs__cap_typ @ 125C)	a31c626	ihp-sg13cmos5l	ngspice-46 (EDA batch fleet runner, klt 0.5.0)
loopgain	loopgain_dyn_ss_125c_rbcs_i0ua_c4700nf_e500mohm	mos_ss	res_bcs	125	0	4700n	500e-3	sim/ldo-cmos5l-pvt-sweep/netlist-snapshots/20261010-091123-a31c626/loopgain_dyn_ss_125c_rbcs_i0ua_c4700nf_e500mohm.spice	9260d15ca5f0e355b9ab819775dee732b133d72e8de73306c0d94815cfc55524	klt sim --backend batch corners/20261010-091123-a31c626/_batch/g00_loopgain_dyn_ss_125c_rbcs_i0ua_c330nf_e0mohm/request.json (batch_backend.py; corner mos_ss__res_bcs__cap_typ @ 125C)	a31c626	ihp-sg13cmos5l	ngspice-46 (EDA batch fleet runner, klt 0.5.0)
psrr	psrr_dyn_ss_125c_rbcs_i0ua_c4700nf_e500mohm	mos_ss	res_bcs	125	0	4700n	500e-3	sim/ldo-cmos5l-pvt-sweep/netlist-snapshots/20261010-091123-a31c626/psrr_dyn_ss_125c_rbcs_i0ua_c4700nf_e500mohm.spice	4cb55db89cd203d0199336b3a6f9902c41cc6e97600da6a000ece284dd60bba0	klt sim --backend batch corners/20261010-091123-a31c626/_batch/g01_psrr_dyn_ss_125c_rbcs_i0ua_c330nf_e0mohm/request.json (batch_backend.py; corner mos_ss__res_bcs__cap_typ @ 125C)	a31c626	ihp-sg13cmos5l	ngspice-46 (EDA batch fleet runner, klt 0.5.0)
loopgain	loopgain_dyn_ss_125c_rbcs_i1000ua_c330nf_e0mohm	mos_ss	res_bcs	125	1000e-6	330n	0	sim/ldo-cmos5l-pvt-sweep/netlist-snapshots/20261010-091123-a31c626/loopgain_dyn_ss_125c_rbcs_i1000ua_c330nf_e0mohm.spice	67402bce17c931eab509a3c87fd45c27e046af5f61906964a3c3c35d41da3451	klt sim --backend batch corners/20261010-091123-a31c626/_batch/g00_loopgain_dyn_ss_125c_rbcs_i0ua_c330nf_e0mohm/request.json (batch_backend.py; corner mos_ss__res_bcs__cap_typ @ 125C)	a31c626	ihp-sg13cmos5l	ngspice-46 (EDA batch fleet runner, klt 0.5.0)
psrr	psrr_dyn_ss_125c_rbcs_i1000ua_c330nf_e0mohm	mos_ss	res_bcs	125	1000e-6	330n	0	sim/ldo-cmos5l-pvt-sweep/netlist-snapshots/20261010-091123-a31c626/psrr_dyn_ss_125c_rbcs_i1000ua_c330nf_e0mohm.spice	d8d7f6d5cd7f2eb0d57ccb10629a72756db0c7965452edb787977a0eeb9090c0	klt sim --backend batch corners/20261010-091123-a31c626/_batch/g01_psrr_dyn_ss_125c_rbcs_i0ua_c330nf_e0mohm/request.json (batch_backend.py; corner mos_ss__res_bcs__cap_typ @ 125C)	a31c626	ihp-sg13cmos5l	ngspice-46 (EDA batch fleet runner, klt 0.5.0)
loopgain	loopgain_dyn_ss_125c_rbcs_i1000ua_c330nf_e250mohm	mos_ss	res_bcs	125	1000e-6	330n	250e-3	sim/ldo-cmos5l-pvt-sweep/netlist-snapshots/20261010-091123-a31c626/loopgain_dyn_ss_125c_rbcs_i1000ua_c330nf_e250mohm.spice	9597b58324d214885cffa0590b299f70979e410e0e4b9dca2c3d5c6aaab95f42	klt sim --backend batch corners/20261010-091123-a31c626/_batch/g00_loopgain_dyn_ss_125c_rbcs_i0ua_c330nf_e0mohm/request.json (batch_backend.py; corner mos_ss__res_bcs__cap_typ @ 125C)	a31c626	ihp-sg13cmos5l	ngspice-46 (EDA batch fleet runner, klt 0.5.0)
psrr	psrr_dyn_ss_125c_rbcs_i1000ua_c330nf_e250mohm	mos_ss	res_bcs	125	1000e-6	330n	250e-3	sim/ldo-cmos5l-pvt-sweep/netlist-snapshots/20261010-091123-a31c626/psrr_dyn_ss_125c_rbcs_i1000ua_c330nf_e250mohm.spice	86874d70b9bb3188d703ac6b006e6483eac37f3b2f0335586ed341d1364c790e	klt sim --backend batch corners/20261010-091123-a31c626/_batch/g01_psrr_dyn_ss_125c_rbcs_i0ua_c330nf_e0mohm/request.json (batch_backend.py; corner mos_ss__res_bcs__cap_typ @ 125C)	a31c626	ihp-sg13cmos5l	ngspice-46 (EDA batch fleet runner, klt 0.5.0)
loopgain	loopgain_dyn_ss_125c_rbcs_i1000ua_c330nf_e500mohm	mos_ss	res_bcs	125	1000e-6	330n	500e-3	sim/ldo-cmos5l-pvt-sweep/netlist-snapshots/20261010-091123-a31c626/loopgain_dyn_ss_125c_rbcs_i1000ua_c330nf_e500mohm.spice	d2a17c42aedf4c4aaf3919f77653fcb8d0872762db713774f6d20eaf41f27181	klt sim --backend batch corners/20261010-091123-a31c626/_batch/g00_loopgain_dyn_ss_125c_rbcs_i0ua_c330nf_e0mohm/request.json (batch_backend.py; corner mos_ss__res_bcs__cap_typ @ 125C)	a31c626	ihp-sg13cmos5l	ngspice-46 (EDA batch fleet runner, klt 0.5.0)
psrr	psrr_dyn_ss_125c_rbcs_i1000ua_c330nf_e500mohm	mos_ss	res_bcs	125	1000e-6	330n	500e-3	sim/ldo-cmos5l-pvt-sweep/netlist-snapshots/20261010-091123-a31c626/psrr_dyn_ss_125c_rbcs_i1000ua_c330nf_e500mohm.spice	7c2ffa9235a0fa9a0537fdd6c8473e32d1d75332ba0ccd2eda7dd855313ce9d1	klt sim --backend batch corners/20261010-091123-a31c626/_batch/g01_psrr_dyn_ss_125c_rbcs_i0ua_c330nf_e0mohm/request.json (batch_backend.py; corner mos_ss__res_bcs__cap_typ @ 125C)	a31c626	ihp-sg13cmos5l	ngspice-46 (EDA batch fleet runner, klt 0.5.0)
loopgain	loopgain_dyn_ss_125c_rbcs_i1000ua_c1000nf_e0mohm	mos_ss	res_bcs	125	1000e-6	1000n	0	sim/ldo-cmos5l-pvt-sweep/netlist-snapshots/20261010-091123-a31c626/loopgain_dyn_ss_125c_rbcs_i1000ua_c1000nf_e0mohm.spice	a6c6923aa9b9394932288f95c0aa65879eebb9f4f6406b19415c6c4ceff0003e	klt sim --backend batch corners/20261010-091123-a31c626/_batch/g00_loopgain_dyn_ss_125c_rbcs_i0ua_c330nf_e0mohm/request.json (batch_backend.py; corner mos_ss__res_bcs__cap_typ @ 125C)	a31c626	ihp-sg13cmos5l	ngspice-46 (EDA batch fleet runner, klt 0.5.0)
psrr	psrr_dyn_ss_125c_rbcs_i1000ua_c1000nf_e0mohm	mos_ss	res_bcs	125	1000e-6	1000n	0	sim/ldo-cmos5l-pvt-sweep/netlist-snapshots/20261010-091123-a31c626/psrr_dyn_ss_125c_rbcs_i1000ua_c1000nf_e0mohm.spice	f99f6d179204dd50d4012b474c43c74be6e351161231dd324318d6088a99c9ac	klt sim --backend batch corners/20261010-091123-a31c626/_batch/g01_psrr_dyn_ss_125c_rbcs_i0ua_c330nf_e0mohm/request.json (batch_backend.py; corner mos_ss__res_bcs__cap_typ @ 125C)	a31c626	ihp-sg13cmos5l	ngspice-46 (EDA batch fleet runner, klt 0.5.0)
loopgain	loopgain_dyn_ss_125c_rbcs_i1000ua_c1000nf_e250mohm	mos_ss	res_bcs	125	1000e-6	1000n	250e-3	sim/ldo-cmos5l-pvt-sweep/netlist-snapshots/20261010-091123-a31c626/loopgain_dyn_ss_125c_rbcs_i1000ua_c1000nf_e250mohm.spice	159fb4052b040153d23a6337c2c111f1b01f679722ee6f6c625de8bb6210309e	klt sim --backend batch corners/20261010-091123-a31c626/_batch/g00_loopgain_dyn_ss_125c_rbcs_i0ua_c330nf_e0mohm/request.json (batch_backend.py; corner mos_ss__res_bcs__cap_typ @ 125C)	a31c626	ihp-sg13cmos5l	ngspice-46 (EDA batch fleet runner, klt 0.5.0)
psrr	psrr_dyn_ss_125c_rbcs_i1000ua_c1000nf_e250mohm	mos_ss	res_bcs	125	1000e-6	1000n	250e-3	sim/ldo-cmos5l-pvt-sweep/netlist-snapshots/20261010-091123-a31c626/psrr_dyn_ss_125c_rbcs_i1000ua_c1000nf_e250mohm.spice	83d7c0d30ad4edd5ef33551fee9aaf88d5ede0b56777dc9bf78d50d7c95d4cde	klt sim --backend batch corners/20261010-091123-a31c626/_batch/g01_psrr_dyn_ss_125c_rbcs_i0ua_c330nf_e0mohm/request.json (batch_backend.py; corner mos_ss__res_bcs__cap_typ @ 125C)	a31c626	ihp-sg13cmos5l	ngspice-46 (EDA batch fleet runner, klt 0.5.0)
loopgain	loopgain_dyn_ss_125c_rbcs_i1000ua_c1000nf_e500mohm	mos_ss	res_bcs	125	1000e-6	1000n	500e-3	sim/ldo-cmos5l-pvt-sweep/netlist-snapshots/20261010-091123-a31c626/loopgain_dyn_ss_125c_rbcs_i1000ua_c1000nf_e500mohm.spice	a81d07cd49789c0218f41fa319969a046dfd1c711f0b5c0be8897c8b387e3cab	klt sim --backend batch corners/20261010-091123-a31c626/_batch/g00_loopgain_dyn_ss_125c_rbcs_i0ua_c330nf_e0mohm/request.json (batch_backend.py; corner mos_ss__res_bcs__cap_typ @ 125C)	a31c626	ihp-sg13cmos5l	ngspice-46 (EDA batch fleet runner, klt 0.5.0)
psrr	psrr_dyn_ss_125c_rbcs_i1000ua_c1000nf_e500mohm	mos_ss	res_bcs	125	1000e-6	1000n	500e-3	sim/ldo-cmos5l-pvt-sweep/netlist-snapshots/20261010-091123-a31c626/psrr_dyn_ss_125c_rbcs_i1000ua_c1000nf_e500mohm.spice	bd9002251b9f96d16517f299a54ee4724cd72f3d2efd3aaa9d73de684d1e3c4e	klt sim --backend batch corners/20261010-091123-a31c626/_batch/g01_psrr_dyn_ss_125c_rbcs_i0ua_c330nf_e0mohm/request.json (batch_backend.py; corner mos_ss__res_bcs__cap_typ @ 125C)	a31c626	ihp-sg13cmos5l	ngspice-46 (EDA batch fleet runner, klt 0.5.0)
loopgain	loopgain_dyn_ss_125c_rbcs_i1000ua_c2200nf_e0mohm	mos_ss	res_bcs	125	1000e-6	2200n	0	sim/ldo-cmos5l-pvt-sweep/netlist-snapshots/20261010-091123-a31c626/loopgain_dyn_ss_125c_rbcs_i1000ua_c2200nf_e0mohm.spice	57f12312d97aab0c4c51cad7be5a2e7c42b582efa0aa28c66da3fd22d5f7b70f	klt sim --backend batch corners/20261010-091123-a31c626/_batch/g00_loopgain_dyn_ss_125c_rbcs_i0ua_c330nf_e0mohm/request.json (batch_backend.py; corner mos_ss__res_bcs__cap_typ @ 125C)	a31c626	ihp-sg13cmos5l	ngspice-46 (EDA batch fleet runner, klt 0.5.0)
psrr	psrr_dyn_ss_125c_rbcs_i1000ua_c2200nf_e0mohm	mos_ss	res_bcs	125	1000e-6	2200n	0	sim/ldo-cmos5l-pvt-sweep/netlist-snapshots/20261010-091123-a31c626/psrr_dyn_ss_125c_rbcs_i1000ua_c2200nf_e0mohm.spice	7c542caaf53189087161336cb4f7da0be5cda1a183900e431279f319c4ef088d	klt sim --backend batch corners/20261010-091123-a31c626/_batch/g01_psrr_dyn_ss_125c_rbcs_i0ua_c330nf_e0mohm/request.json (batch_backend.py; corner mos_ss__res_bcs__cap_typ @ 125C)	a31c626	ihp-sg13cmos5l	ngspice-46 (EDA batch fleet runner, klt 0.5.0)
loopgain	loopgain_dyn_ss_125c_rbcs_i1000ua_c2200nf_e250mohm	mos_ss	res_bcs	125	1000e-6	2200n	250e-3	sim/ldo-cmos5l-pvt-sweep/netlist-snapshots/20261010-091123-a31c626/loopgain_dyn_ss_125c_rbcs_i1000ua_c2200nf_e250mohm.spice	203b9b1d57cdd74711fe1295c79a98ab452125773e6f965d14b36aae711e614f	klt sim --backend batch corners/20261010-091123-a31c626/_batch/g00_loopgain_dyn_ss_125c_rbcs_i0ua_c330nf_e0mohm/request.json (batch_backend.py; corner mos_ss__res_bcs__cap_typ @ 125C)	a31c626	ihp-sg13cmos5l	ngspice-46 (EDA batch fleet runner, klt 0.5.0)
psrr	psrr_dyn_ss_125c_rbcs_i1000ua_c2200nf_e250mohm	mos_ss	res_bcs	125	1000e-6	2200n	250e-3	sim/ldo-cmos5l-pvt-sweep/netlist-snapshots/20261010-091123-a31c626/psrr_dyn_ss_125c_rbcs_i1000ua_c2200nf_e250mohm.spice	eb2ac8881a008afa3f865d14a81154a5aa6001b90a10fa1b3d769a32eaafa210	klt sim --backend batch corners/20261010-091123-a31c626/_batch/g01_psrr_dyn_ss_125c_rbcs_i0ua_c330nf_e0mohm/request.json (batch_backend.py; corner mos_ss__res_bcs__cap_typ @ 125C)	a31c626	ihp-sg13cmos5l	ngspice-46 (EDA batch fleet runner, klt 0.5.0)
loopgain	loopgain_dyn_ss_125c_rbcs_i1000ua_c2200nf_e500mohm	mos_ss	res_bcs	125	1000e-6	2200n	500e-3	sim/ldo-cmos5l-pvt-sweep/netlist-snapshots/20261010-091123-a31c626/loopgain_dyn_ss_125c_rbcs_i1000ua_c2200nf_e500mohm.spice	a1eb0eed68be3424edc7250f22b7d67ccfa8b72603ffc67eb04ca55bef03ab28	klt sim --backend batch corners/20261010-091123-a31c626/_batch/g00_loopgain_dyn_ss_125c_rbcs_i0ua_c330nf_e0mohm/request.json (batch_backend.py; corner mos_ss__res_bcs__cap_typ @ 125C)	a31c626	ihp-sg13cmos5l	ngspice-46 (EDA batch fleet runner, klt 0.5.0)
psrr	psrr_dyn_ss_125c_rbcs_i1000ua_c2200nf_e500mohm	mos_ss	res_bcs	125	1000e-6	2200n	500e-3	sim/ldo-cmos5l-pvt-sweep/netlist-snapshots/20261010-091123-a31c626/psrr_dyn_ss_125c_rbcs_i1000ua_c2200nf_e500mohm.spice	d0dd4bf5af6bce106d508ee1893002594e7f1b8661de5ba6c22d20faa1724086	klt sim --backend batch corners/20261010-091123-a31c626/_batch/g01_psrr_dyn_ss_125c_rbcs_i0ua_c330nf_e0mohm/request.json (batch_backend.py; corner mos_ss__res_bcs__cap_typ @ 125C)	a31c626	ihp-sg13cmos5l	ngspice-46 (EDA batch fleet runner, klt 0.5.0)
loopgain	loopgain_dyn_ss_125c_rbcs_i1000ua_c4700nf_e0mohm	mos_ss	res_bcs	125	1000e-6	4700n	0	sim/ldo-cmos5l-pvt-sweep/netlist-snapshots/20261010-091123-a31c626/loopgain_dyn_ss_125c_rbcs_i1000ua_c4700nf_e0mohm.spice	91d8f1ca0d64467a496936750df000d2e782b757e04b95c692789e4b2c754b57	klt sim --backend batch corners/20261010-091123-a31c626/_batch/g00_loopgain_dyn_ss_125c_rbcs_i0ua_c330nf_e0mohm/request.json (batch_backend.py; corner mos_ss__res_bcs__cap_typ @ 125C)	a31c626	ihp-sg13cmos5l	ngspice-46 (EDA batch fleet runner, klt 0.5.0)
psrr	psrr_dyn_ss_125c_rbcs_i1000ua_c4700nf_e0mohm	mos_ss	res_bcs	125	1000e-6	4700n	0	sim/ldo-cmos5l-pvt-sweep/netlist-snapshots/20261010-091123-a31c626/psrr_dyn_ss_125c_rbcs_i1000ua_c4700nf_e0mohm.spice	e4b6af07245a239a61c819bedc7474ad999859e7d587622c154733b44ae527f0	klt sim --backend batch corners/20261010-091123-a31c626/_batch/g01_psrr_dyn_ss_125c_rbcs_i0ua_c330nf_e0mohm/request.json (batch_backend.py; corner mos_ss__res_bcs__cap_typ @ 125C)	a31c626	ihp-sg13cmos5l	ngspice-46 (EDA batch fleet runner, klt 0.5.0)
loopgain	loopgain_dyn_ss_125c_rbcs_i1000ua_c4700nf_e250mohm	mos_ss	res_bcs	125	1000e-6	4700n	250e-3	sim/ldo-cmos5l-pvt-sweep/netlist-snapshots/20261010-091123-a31c626/loopgain_dyn_ss_125c_rbcs_i1000ua_c4700nf_e250mohm.spice	4b849a6153bf9b9103c3b43f40e28a660ead62f457a494b9b57a1ea62d962265	klt sim --backend batch corners/20261010-091123-a31c626/_batch/g00_loopgain_dyn_ss_125c_rbcs_i0ua_c330nf_e0mohm/request.json (batch_backend.py; corner mos_ss__res_bcs__cap_typ @ 125C)	a31c626	ihp-sg13cmos5l	ngspice-46 (EDA batch fleet runner, klt 0.5.0)
psrr	psrr_dyn_ss_125c_rbcs_i1000ua_c4700nf_e250mohm	mos_ss	res_bcs	125	1000e-6	4700n	250e-3	sim/ldo-cmos5l-pvt-sweep/netlist-snapshots/20261010-091123-a31c626/psrr_dyn_ss_125c_rbcs_i1000ua_c4700nf_e250mohm.spice	c092eeb9dbc847073eda1a87037f66e37aa7ee7e4a61f514381f54aef61dd6ee	klt sim --backend batch corners/20261010-091123-a31c626/_batch/g01_psrr_dyn_ss_125c_rbcs_i0ua_c330nf_e0mohm/request.json (batch_backend.py; corner mos_ss__res_bcs__cap_typ @ 125C)	a31c626	ihp-sg13cmos5l	ngspice-46 (EDA batch fleet runner, klt 0.5.0)
loopgain	loopgain_dyn_ss_125c_rbcs_i1000ua_c4700nf_e500mohm	mos_ss	res_bcs	125	1000e-6	4700n	500e-3	sim/ldo-cmos5l-pvt-sweep/netlist-snapshots/20261010-091123-a31c626/loopgain_dyn_ss_125c_rbcs_i1000ua_c4700nf_e500mohm.spice	1f48d47aa75d065f8b3bbed778a179442be7f8ea572bfe37c2bdf740cced7b4a	klt sim --backend batch corners/20261010-091123-a31c626/_batch/g00_loopgain_dyn_ss_125c_rbcs_i0ua_c330nf_e0mohm/request.json (batch_backend.py; corner mos_ss__res_bcs__cap_typ @ 125C)	a31c626	ihp-sg13cmos5l	ngspice-46 (EDA batch fleet runner, klt 0.5.0)
psrr	psrr_dyn_ss_125c_rbcs_i1000ua_c4700nf_e500mohm	mos_ss	res_bcs	125	1000e-6	4700n	500e-3	sim/ldo-cmos5l-pvt-sweep/netlist-snapshots/20261010-091123-a31c626/psrr_dyn_ss_125c_rbcs_i1000ua_c4700nf_e500mohm.spice	993ba2c478139e97b3cd431fa195662f4bd2d4571846c004ac4b9049db667871	klt sim --backend batch corners/20261010-091123-a31c626/_batch/g01_psrr_dyn_ss_125c_rbcs_i0ua_c330nf_e0mohm/request.json (batch_backend.py; corner mos_ss__res_bcs__cap_typ @ 125C)	a31c626	ihp-sg13cmos5l	ngspice-46 (EDA batch fleet runner, klt 0.5.0)
loopgain	loopgain_dyn_ss_125c_rbcs_i25000ua_c330nf_e0mohm	mos_ss	res_bcs	125	25000e-6	330n	0	sim/ldo-cmos5l-pvt-sweep/netlist-snapshots/20261010-091123-a31c626/loopgain_dyn_ss_125c_rbcs_i25000ua_c330nf_e0mohm.spice	6160dcdf8ece77b6821f34bd91b765cb3e8936598c3aa3b024fb4208039154f4	klt sim --backend batch corners/20261010-091123-a31c626/_batch/g00_loopgain_dyn_ss_125c_rbcs_i0ua_c330nf_e0mohm/request.json (batch_backend.py; corner mos_ss__res_bcs__cap_typ @ 125C)	a31c626	ihp-sg13cmos5l	ngspice-46 (EDA batch fleet runner, klt 0.5.0)
psrr	psrr_dyn_ss_125c_rbcs_i25000ua_c330nf_e0mohm	mos_ss	res_bcs	125	25000e-6	330n	0	sim/ldo-cmos5l-pvt-sweep/netlist-snapshots/20261010-091123-a31c626/psrr_dyn_ss_125c_rbcs_i25000ua_c330nf_e0mohm.spice	e847a0c32b7c9c17f019d5c9deb27ca06040199eb08ea7f3ef36aab942bfc185	klt sim --backend batch corners/20261010-091123-a31c626/_batch/g01_psrr_dyn_ss_125c_rbcs_i0ua_c330nf_e0mohm/request.json (batch_backend.py; corner mos_ss__res_bcs__cap_typ @ 125C)	a31c626	ihp-sg13cmos5l	ngspice-46 (EDA batch fleet runner, klt 0.5.0)
loopgain	loopgain_dyn_ss_125c_rbcs_i25000ua_c330nf_e250mohm	mos_ss	res_bcs	125	25000e-6	330n	250e-3	sim/ldo-cmos5l-pvt-sweep/netlist-snapshots/20261010-091123-a31c626/loopgain_dyn_ss_125c_rbcs_i25000ua_c330nf_e250mohm.spice	1848fdb171c3a075417185796c98633c15d7d30202309555d998e0b045c743f1	klt sim --backend batch corners/20261010-091123-a31c626/_batch/g00_loopgain_dyn_ss_125c_rbcs_i0ua_c330nf_e0mohm/request.json (batch_backend.py; corner mos_ss__res_bcs__cap_typ @ 125C)	a31c626	ihp-sg13cmos5l	ngspice-46 (EDA batch fleet runner, klt 0.5.0)
psrr	psrr_dyn_ss_125c_rbcs_i25000ua_c330nf_e250mohm	mos_ss	res_bcs	125	25000e-6	330n	250e-3	sim/ldo-cmos5l-pvt-sweep/netlist-snapshots/20261010-091123-a31c626/psrr_dyn_ss_125c_rbcs_i25000ua_c330nf_e250mohm.spice	f813bc31470fc351e25361dfc9fe9d8515a2a35301cb8b91aba4cf5605cf4be5	klt sim --backend batch corners/20261010-091123-a31c626/_batch/g01_psrr_dyn_ss_125c_rbcs_i0ua_c330nf_e0mohm/request.json (batch_backend.py; corner mos_ss__res_bcs__cap_typ @ 125C)	a31c626	ihp-sg13cmos5l	ngspice-46 (EDA batch fleet runner, klt 0.5.0)
loopgain	loopgain_dyn_ss_125c_rbcs_i25000ua_c330nf_e500mohm	mos_ss	res_bcs	125	25000e-6	330n	500e-3	sim/ldo-cmos5l-pvt-sweep/netlist-snapshots/20261010-091123-a31c626/loopgain_dyn_ss_125c_rbcs_i25000ua_c330nf_e500mohm.spice	afd6623d262abf6905624ba8221290d96daae633f8d46dae061a763a30102584	klt sim --backend batch corners/20261010-091123-a31c626/_batch/g00_loopgain_dyn_ss_125c_rbcs_i0ua_c330nf_e0mohm/request.json (batch_backend.py; corner mos_ss__res_bcs__cap_typ @ 125C)	a31c626	ihp-sg13cmos5l	ngspice-46 (EDA batch fleet runner, klt 0.5.0)
psrr	psrr_dyn_ss_125c_rbcs_i25000ua_c330nf_e500mohm	mos_ss	res_bcs	125	25000e-6	330n	500e-3	sim/ldo-cmos5l-pvt-sweep/netlist-snapshots/20261010-091123-a31c626/psrr_dyn_ss_125c_rbcs_i25000ua_c330nf_e500mohm.spice	3beabab23e1094de2dfffae01943d2f87f5ba377548cb66a13d7a2ca2c890341	klt sim --backend batch corners/20261010-091123-a31c626/_batch/g01_psrr_dyn_ss_125c_rbcs_i0ua_c330nf_e0mohm/request.json (batch_backend.py; corner mos_ss__res_bcs__cap_typ @ 125C)	a31c626	ihp-sg13cmos5l	ngspice-46 (EDA batch fleet runner, klt 0.5.0)
loopgain	loopgain_dyn_ss_125c_rbcs_i25000ua_c1000nf_e0mohm	mos_ss	res_bcs	125	25000e-6	1000n	0	sim/ldo-cmos5l-pvt-sweep/netlist-snapshots/20261010-091123-a31c626/loopgain_dyn_ss_125c_rbcs_i25000ua_c1000nf_e0mohm.spice	f89b293266f78f9746e8770715f196e8531991f0d583211a2b368fe433cd5ace	klt sim --backend batch corners/20261010-091123-a31c626/_batch/g00_loopgain_dyn_ss_125c_rbcs_i0ua_c330nf_e0mohm/request.json (batch_backend.py; corner mos_ss__res_bcs__cap_typ @ 125C)	a31c626	ihp-sg13cmos5l	ngspice-46 (EDA batch fleet runner, klt 0.5.0)
psrr	psrr_dyn_ss_125c_rbcs_i25000ua_c1000nf_e0mohm	mos_ss	res_bcs	125	25000e-6	1000n	0	sim/ldo-cmos5l-pvt-sweep/netlist-snapshots/20261010-091123-a31c626/psrr_dyn_ss_125c_rbcs_i25000ua_c1000nf_e0mohm.spice	3968be3380ecd6c774cf81ae4c04cef6271346f15e4958306ada4f7362412731	klt sim --backend batch corners/20261010-091123-a31c626/_batch/g01_psrr_dyn_ss_125c_rbcs_i0ua_c330nf_e0mohm/request.json (batch_backend.py; corner mos_ss__res_bcs__cap_typ @ 125C)	a31c626	ihp-sg13cmos5l	ngspice-46 (EDA batch fleet runner, klt 0.5.0)
loopgain	loopgain_dyn_ss_125c_rbcs_i25000ua_c1000nf_e250mohm	mos_ss	res_bcs	125	25000e-6	1000n	250e-3	sim/ldo-cmos5l-pvt-sweep/netlist-snapshots/20261010-091123-a31c626/loopgain_dyn_ss_125c_rbcs_i25000ua_c1000nf_e250mohm.spice	0ed17ba76599e9852f0a6a35148657315c2f1a71025ed5fd0fab4d72e069aec2	klt sim --backend batch corners/20261010-091123-a31c626/_batch/g00_loopgain_dyn_ss_125c_rbcs_i0ua_c330nf_e0mohm/request.json (batch_backend.py; corner mos_ss__res_bcs__cap_typ @ 125C)	a31c626	ihp-sg13cmos5l	ngspice-46 (EDA batch fleet runner, klt 0.5.0)
psrr	psrr_dyn_ss_125c_rbcs_i25000ua_c1000nf_e250mohm	mos_ss	res_bcs	125	25000e-6	1000n	250e-3	sim/ldo-cmos5l-pvt-sweep/netlist-snapshots/20261010-091123-a31c626/psrr_dyn_ss_125c_rbcs_i25000ua_c1000nf_e250mohm.spice	1676315f77abc3f4b175ef76458076341dd0e8595e0fcdd09e48ec53234ea7c0	klt sim --backend batch corners/20261010-091123-a31c626/_batch/g01_psrr_dyn_ss_125c_rbcs_i0ua_c330nf_e0mohm/request.json (batch_backend.py; corner mos_ss__res_bcs__cap_typ @ 125C)	a31c626	ihp-sg13cmos5l	ngspice-46 (EDA batch fleet runner, klt 0.5.0)
loopgain	loopgain_dyn_ss_125c_rbcs_i25000ua_c1000nf_e500mohm	mos_ss	res_bcs	125	25000e-6	1000n	500e-3	sim/ldo-cmos5l-pvt-sweep/netlist-snapshots/20261010-091123-a31c626/loopgain_dyn_ss_125c_rbcs_i25000ua_c1000nf_e500mohm.spice	b26ff56118216f5c897d333f5178ccc18b9c96564332292fbd27eaf2f83b53ec	klt sim --backend batch corners/20261010-091123-a31c626/_batch/g00_loopgain_dyn_ss_125c_rbcs_i0ua_c330nf_e0mohm/request.json (batch_backend.py; corner mos_ss__res_bcs__cap_typ @ 125C)	a31c626	ihp-sg13cmos5l	ngspice-46 (EDA batch fleet runner, klt 0.5.0)
psrr	psrr_dyn_ss_125c_rbcs_i25000ua_c1000nf_e500mohm	mos_ss	res_bcs	125	25000e-6	1000n	500e-3	sim/ldo-cmos5l-pvt-sweep/netlist-snapshots/20261010-091123-a31c626/psrr_dyn_ss_125c_rbcs_i25000ua_c1000nf_e500mohm.spice	c8c979b0a5bb0d85966836ac3d94e8eba4e9ea489ef6ebb4ab0158065356ec18	klt sim --backend batch corners/20261010-091123-a31c626/_batch/g01_psrr_dyn_ss_125c_rbcs_i0ua_c330nf_e0mohm/request.json (batch_backend.py; corner mos_ss__res_bcs__cap_typ @ 125C)	a31c626	ihp-sg13cmos5l	ngspice-46 (EDA batch fleet runner, klt 0.5.0)
loopgain	loopgain_dyn_ss_125c_rbcs_i25000ua_c2200nf_e0mohm	mos_ss	res_bcs	125	25000e-6	2200n	0	sim/ldo-cmos5l-pvt-sweep/netlist-snapshots/20261010-091123-a31c626/loopgain_dyn_ss_125c_rbcs_i25000ua_c2200nf_e0mohm.spice	ef2907b2f57c7bb92e7bb699eaf2cc709736f859d4dee62f5999e21bdf16cc71	klt sim --backend batch corners/20261010-091123-a31c626/_batch/g00_loopgain_dyn_ss_125c_rbcs_i0ua_c330nf_e0mohm/request.json (batch_backend.py; corner mos_ss__res_bcs__cap_typ @ 125C)	a31c626	ihp-sg13cmos5l	ngspice-46 (EDA batch fleet runner, klt 0.5.0)
psrr	psrr_dyn_ss_125c_rbcs_i25000ua_c2200nf_e0mohm	mos_ss	res_bcs	125	25000e-6	2200n	0	sim/ldo-cmos5l-pvt-sweep/netlist-snapshots/20261010-091123-a31c626/psrr_dyn_ss_125c_rbcs_i25000ua_c2200nf_e0mohm.spice	a28f4f7a2e40dac4cd9ec230cdef1ba5caa996a1cbd180e0971e3c40f18dc86b	klt sim --backend batch corners/20261010-091123-a31c626/_batch/g01_psrr_dyn_ss_125c_rbcs_i0ua_c330nf_e0mohm/request.json (batch_backend.py; corner mos_ss__res_bcs__cap_typ @ 125C)	a31c626	ihp-sg13cmos5l	ngspice-46 (EDA batch fleet runner, klt 0.5.0)
loopgain	loopgain_dyn_ss_125c_rbcs_i25000ua_c2200nf_e250mohm	mos_ss	res_bcs	125	25000e-6	2200n	250e-3	sim/ldo-cmos5l-pvt-sweep/netlist-snapshots/20261010-091123-a31c626/loopgain_dyn_ss_125c_rbcs_i25000ua_c2200nf_e250mohm.spice	120bfdb781d44b00dd6c86bdf208eb5102aaa4bee96d8cf14ce09cd7d613cb62	klt sim --backend batch corners/20261010-091123-a31c626/_batch/g00_loopgain_dyn_ss_125c_rbcs_i0ua_c330nf_e0mohm/request.json (batch_backend.py; corner mos_ss__res_bcs__cap_typ @ 125C)	a31c626	ihp-sg13cmos5l	ngspice-46 (EDA batch fleet runner, klt 0.5.0)
psrr	psrr_dyn_ss_125c_rbcs_i25000ua_c2200nf_e250mohm	mos_ss	res_bcs	125	25000e-6	2200n	250e-3	sim/ldo-cmos5l-pvt-sweep/netlist-snapshots/20261010-091123-a31c626/psrr_dyn_ss_125c_rbcs_i25000ua_c2200nf_e250mohm.spice	c0c6a01d8125578d656024752c1b44f5f302a862198b3ea19516a547cd57448c	klt sim --backend batch corners/20261010-091123-a31c626/_batch/g01_psrr_dyn_ss_125c_rbcs_i0ua_c330nf_e0mohm/request.json (batch_backend.py; corner mos_ss__res_bcs__cap_typ @ 125C)	a31c626	ihp-sg13cmos5l	ngspice-46 (EDA batch fleet runner, klt 0.5.0)
loopgain	loopgain_dyn_ss_125c_rbcs_i25000ua_c2200nf_e500mohm	mos_ss	res_bcs	125	25000e-6	2200n	500e-3	sim/ldo-cmos5l-pvt-sweep/netlist-snapshots/20261010-091123-a31c626/loopgain_dyn_ss_125c_rbcs_i25000ua_c2200nf_e500mohm.spice	79e196659a096135c89a68496496ef795dc1ca10b7887063ab87d7d67ebbdf2e	klt sim --backend batch corners/20261010-091123-a31c626/_batch/g00_loopgain_dyn_ss_125c_rbcs_i0ua_c330nf_e0mohm/request.json (batch_backend.py; corner mos_ss__res_bcs__cap_typ @ 125C)	a31c626	ihp-sg13cmos5l	ngspice-46 (EDA batch fleet runner, klt 0.5.0)
psrr	psrr_dyn_ss_125c_rbcs_i25000ua_c2200nf_e500mohm	mos_ss	res_bcs	125	25000e-6	2200n	500e-3	sim/ldo-cmos5l-pvt-sweep/netlist-snapshots/20261010-091123-a31c626/psrr_dyn_ss_125c_rbcs_i25000ua_c2200nf_e500mohm.spice	da31a1c1af18bb6c8c49747db742d6897c4254d97d6b005b2e3f0b323d2a1194	klt sim --backend batch corners/20261010-091123-a31c626/_batch/g01_psrr_dyn_ss_125c_rbcs_i0ua_c330nf_e0mohm/request.json (batch_backend.py; corner mos_ss__res_bcs__cap_typ @ 125C)	a31c626	ihp-sg13cmos5l	ngspice-46 (EDA batch fleet runner, klt 0.5.0)
loopgain	loopgain_dyn_ss_125c_rbcs_i25000ua_c4700nf_e0mohm	mos_ss	res_bcs	125	25000e-6	4700n	0	sim/ldo-cmos5l-pvt-sweep/netlist-snapshots/20261010-091123-a31c626/loopgain_dyn_ss_125c_rbcs_i25000ua_c4700nf_e0mohm.spice	2a14a8f53a6ba49e005c532b20b4ecaf33977c9c34e4b7b00ddc25242347062f	klt sim --backend batch corners/20261010-091123-a31c626/_batch/g00_loopgain_dyn_ss_125c_rbcs_i0ua_c330nf_e0mohm/request.json (batch_backend.py; corner mos_ss__res_bcs__cap_typ @ 125C)	a31c626	ihp-sg13cmos5l	ngspice-46 (EDA batch fleet runner, klt 0.5.0)
psrr	psrr_dyn_ss_125c_rbcs_i25000ua_c4700nf_e0mohm	mos_ss	res_bcs	125	25000e-6	4700n	0	sim/ldo-cmos5l-pvt-sweep/netlist-snapshots/20261010-091123-a31c626/psrr_dyn_ss_125c_rbcs_i25000ua_c4700nf_e0mohm.spice	b1fd9bd6b5b8d3c11da50c5d9be3b75d41de2681e8546aa63715bc7b6699ce51	klt sim --backend batch corners/20261010-091123-a31c626/_batch/g01_psrr_dyn_ss_125c_rbcs_i0ua_c330nf_e0mohm/request.json (batch_backend.py; corner mos_ss__res_bcs__cap_typ @ 125C)	a31c626	ihp-sg13cmos5l	ngspice-46 (EDA batch fleet runner, klt 0.5.0)
loopgain	loopgain_dyn_ss_125c_rbcs_i25000ua_c4700nf_e250mohm	mos_ss	res_bcs	125	25000e-6	4700n	250e-3	sim/ldo-cmos5l-pvt-sweep/netlist-snapshots/20261010-091123-a31c626/loopgain_dyn_ss_125c_rbcs_i25000ua_c4700nf_e250mohm.spice	ec6eb5baf01aa1a6af00698dee0acb332f53d7e5094c9a6e81a574883b1d3b2d	klt sim --backend batch corners/20261010-091123-a31c626/_batch/g00_loopgain_dyn_ss_125c_rbcs_i0ua_c330nf_e0mohm/request.json (batch_backend.py; corner mos_ss__res_bcs__cap_typ @ 125C)	a31c626	ihp-sg13cmos5l	ngspice-46 (EDA batch fleet runner, klt 0.5.0)
psrr	psrr_dyn_ss_125c_rbcs_i25000ua_c4700nf_e250mohm	mos_ss	res_bcs	125	25000e-6	4700n	250e-3	sim/ldo-cmos5l-pvt-sweep/netlist-snapshots/20261010-091123-a31c626/psrr_dyn_ss_125c_rbcs_i25000ua_c4700nf_e250mohm.spice	39653ea41654127140b6d7dc5cea1e032cb4fe69664d7ade50b3ba9954926775	klt sim --backend batch corners/20261010-091123-a31c626/_batch/g01_psrr_dyn_ss_125c_rbcs_i0ua_c330nf_e0mohm/request.json (batch_backend.py; corner mos_ss__res_bcs__cap_typ @ 125C)	a31c626	ihp-sg13cmos5l	ngspice-46 (EDA batch fleet runner, klt 0.5.0)
loopgain	loopgain_dyn_ss_125c_rbcs_i25000ua_c4700nf_e500mohm	mos_ss	res_bcs	125	25000e-6	4700n	500e-3	sim/ldo-cmos5l-pvt-sweep/netlist-snapshots/20261010-091123-a31c626/loopgain_dyn_ss_125c_rbcs_i25000ua_c4700nf_e500mohm.spice	6f93239637d46a9f005085ef086737a074edd6da63f4b6b8e67022915bede0ff	klt sim --backend batch corners/20261010-091123-a31c626/_batch/g00_loopgain_dyn_ss_125c_rbcs_i0ua_c330nf_e0mohm/request.json (batch_backend.py; corner mos_ss__res_bcs__cap_typ @ 125C)	a31c626	ihp-sg13cmos5l	ngspice-46 (EDA batch fleet runner, klt 0.5.0)
psrr	psrr_dyn_ss_125c_rbcs_i25000ua_c4700nf_e500mohm	mos_ss	res_bcs	125	25000e-6	4700n	500e-3	sim/ldo-cmos5l-pvt-sweep/netlist-snapshots/20261010-091123-a31c626/psrr_dyn_ss_125c_rbcs_i25000ua_c4700nf_e500mohm.spice	2b76b78f1a76a4c82f50673e530de1e19790d5a273943130f78641d5dff54967	klt sim --backend batch corners/20261010-091123-a31c626/_batch/g01_psrr_dyn_ss_125c_rbcs_i0ua_c330nf_e0mohm/request.json (batch_backend.py; corner mos_ss__res_bcs__cap_typ @ 125C)	a31c626	ihp-sg13cmos5l	ngspice-46 (EDA batch fleet runner, klt 0.5.0)
loopgain	loopgain_dyn_ss_125c_rbcs_i50000ua_c330nf_e0mohm	mos_ss	res_bcs	125	50000e-6	330n	0	sim/ldo-cmos5l-pvt-sweep/netlist-snapshots/20261010-091123-a31c626/loopgain_dyn_ss_125c_rbcs_i50000ua_c330nf_e0mohm.spice	70b1baa6dc9d71a839040abf4905baf76406c920a81d53d032f52dd9114f779d	klt sim --backend batch corners/20261010-091123-a31c626/_batch/g00_loopgain_dyn_ss_125c_rbcs_i0ua_c330nf_e0mohm/request.json (batch_backend.py; corner mos_ss__res_bcs__cap_typ @ 125C)	a31c626	ihp-sg13cmos5l	ngspice-46 (EDA batch fleet runner, klt 0.5.0)
psrr	psrr_dyn_ss_125c_rbcs_i50000ua_c330nf_e0mohm	mos_ss	res_bcs	125	50000e-6	330n	0	sim/ldo-cmos5l-pvt-sweep/netlist-snapshots/20261010-091123-a31c626/psrr_dyn_ss_125c_rbcs_i50000ua_c330nf_e0mohm.spice	3228cd5110574ead33be92cf784ac6d0d1e39a307543a6acf3e65346b1969e60	klt sim --backend batch corners/20261010-091123-a31c626/_batch/g01_psrr_dyn_ss_125c_rbcs_i0ua_c330nf_e0mohm/request.json (batch_backend.py; corner mos_ss__res_bcs__cap_typ @ 125C)	a31c626	ihp-sg13cmos5l	ngspice-46 (EDA batch fleet runner, klt 0.5.0)
loopgain	loopgain_dyn_ss_125c_rbcs_i50000ua_c330nf_e250mohm	mos_ss	res_bcs	125	50000e-6	330n	250e-3	sim/ldo-cmos5l-pvt-sweep/netlist-snapshots/20261010-091123-a31c626/loopgain_dyn_ss_125c_rbcs_i50000ua_c330nf_e250mohm.spice	5f68133400d52792cb972f42b545d5ad46c938617734997679c6e74d1b81fc57	klt sim --backend batch corners/20261010-091123-a31c626/_batch/g00_loopgain_dyn_ss_125c_rbcs_i0ua_c330nf_e0mohm/request.json (batch_backend.py; corner mos_ss__res_bcs__cap_typ @ 125C)	a31c626	ihp-sg13cmos5l	ngspice-46 (EDA batch fleet runner, klt 0.5.0)
psrr	psrr_dyn_ss_125c_rbcs_i50000ua_c330nf_e250mohm	mos_ss	res_bcs	125	50000e-6	330n	250e-3	sim/ldo-cmos5l-pvt-sweep/netlist-snapshots/20261010-091123-a31c626/psrr_dyn_ss_125c_rbcs_i50000ua_c330nf_e250mohm.spice	e4f717cc4fe43ea0f9cc52907e1b022097be44a3c105a02a44d149900f99ba26	klt sim --backend batch corners/20261010-091123-a31c626/_batch/g01_psrr_dyn_ss_125c_rbcs_i0ua_c330nf_e0mohm/request.json (batch_backend.py; corner mos_ss__res_bcs__cap_typ @ 125C)	a31c626	ihp-sg13cmos5l	ngspice-46 (EDA batch fleet runner, klt 0.5.0)
loopgain	loopgain_dyn_ss_125c_rbcs_i50000ua_c330nf_e500mohm	mos_ss	res_bcs	125	50000e-6	330n	500e-3	sim/ldo-cmos5l-pvt-sweep/netlist-snapshots/20261010-091123-a31c626/loopgain_dyn_ss_125c_rbcs_i50000ua_c330nf_e500mohm.spice	36fb294eb4cc7555539f8160ca05787670b5408ad3e212079be3fd2699f2e288	klt sim --backend batch corners/20261010-091123-a31c626/_batch/g00_loopgain_dyn_ss_125c_rbcs_i0ua_c330nf_e0mohm/request.json (batch_backend.py; corner mos_ss__res_bcs__cap_typ @ 125C)	a31c626	ihp-sg13cmos5l	ngspice-46 (EDA batch fleet runner, klt 0.5.0)
psrr	psrr_dyn_ss_125c_rbcs_i50000ua_c330nf_e500mohm	mos_ss	res_bcs	125	50000e-6	330n	500e-3	sim/ldo-cmos5l-pvt-sweep/netlist-snapshots/20261010-091123-a31c626/psrr_dyn_ss_125c_rbcs_i50000ua_c330nf_e500mohm.spice	ca3296dabfcd04959cb883aabf94533bfa406a009575a1881e1e667fd8ad59b2	klt sim --backend batch corners/20261010-091123-a31c626/_batch/g01_psrr_dyn_ss_125c_rbcs_i0ua_c330nf_e0mohm/request.json (batch_backend.py; corner mos_ss__res_bcs__cap_typ @ 125C)	a31c626	ihp-sg13cmos5l	ngspice-46 (EDA batch fleet runner, klt 0.5.0)
loopgain	loopgain_dyn_ss_125c_rbcs_i50000ua_c1000nf_e0mohm	mos_ss	res_bcs	125	50000e-6	1000n	0	sim/ldo-cmos5l-pvt-sweep/netlist-snapshots/20261010-091123-a31c626/loopgain_dyn_ss_125c_rbcs_i50000ua_c1000nf_e0mohm.spice	8dd54fc4842f02d876c8eed7303425822f09e15123a0f8c09014e6f025e49acb	klt sim --backend batch corners/20261010-091123-a31c626/_batch/g00_loopgain_dyn_ss_125c_rbcs_i0ua_c330nf_e0mohm/request.json (batch_backend.py; corner mos_ss__res_bcs__cap_typ @ 125C)	a31c626	ihp-sg13cmos5l	ngspice-46 (EDA batch fleet runner, klt 0.5.0)
psrr	psrr_dyn_ss_125c_rbcs_i50000ua_c1000nf_e0mohm	mos_ss	res_bcs	125	50000e-6	1000n	0	sim/ldo-cmos5l-pvt-sweep/netlist-snapshots/20261010-091123-a31c626/psrr_dyn_ss_125c_rbcs_i50000ua_c1000nf_e0mohm.spice	b08f4dfa5ef31f9290e609016e39a9b573f5252cb839657eecb41f090425ab8e	klt sim --backend batch corners/20261010-091123-a31c626/_batch/g01_psrr_dyn_ss_125c_rbcs_i0ua_c330nf_e0mohm/request.json (batch_backend.py; corner mos_ss__res_bcs__cap_typ @ 125C)	a31c626	ihp-sg13cmos5l	ngspice-46 (EDA batch fleet runner, klt 0.5.0)
loopgain	loopgain_dyn_ss_125c_rbcs_i50000ua_c1000nf_e250mohm	mos_ss	res_bcs	125	50000e-6	1000n	250e-3	sim/ldo-cmos5l-pvt-sweep/netlist-snapshots/20261010-091123-a31c626/loopgain_dyn_ss_125c_rbcs_i50000ua_c1000nf_e250mohm.spice	0523a7d725b506216dfd1c2a06356ced6bc48b7e1bb8bc43b1610397437ca5a3	klt sim --backend batch corners/20261010-091123-a31c626/_batch/g00_loopgain_dyn_ss_125c_rbcs_i0ua_c330nf_e0mohm/request.json (batch_backend.py; corner mos_ss__res_bcs__cap_typ @ 125C)	a31c626	ihp-sg13cmos5l	ngspice-46 (EDA batch fleet runner, klt 0.5.0)
psrr	psrr_dyn_ss_125c_rbcs_i50000ua_c1000nf_e250mohm	mos_ss	res_bcs	125	50000e-6	1000n	250e-3	sim/ldo-cmos5l-pvt-sweep/netlist-snapshots/20261010-091123-a31c626/psrr_dyn_ss_125c_rbcs_i50000ua_c1000nf_e250mohm.spice	3f7a5e31ccd5bc2c5679412ca2aecdb0e9995a734129c8f7a87d146d4fe99fbf	klt sim --backend batch corners/20261010-091123-a31c626/_batch/g01_psrr_dyn_ss_125c_rbcs_i0ua_c330nf_e0mohm/request.json (batch_backend.py; corner mos_ss__res_bcs__cap_typ @ 125C)	a31c626	ihp-sg13cmos5l	ngspice-46 (EDA batch fleet runner, klt 0.5.0)
loopgain	loopgain_dyn_ss_125c_rbcs_i50000ua_c1000nf_e500mohm	mos_ss	res_bcs	125	50000e-6	1000n	500e-3	sim/ldo-cmos5l-pvt-sweep/netlist-snapshots/20261010-091123-a31c626/loopgain_dyn_ss_125c_rbcs_i50000ua_c1000nf_e500mohm.spice	a78011895a1b5c0bacfd48cb1c0909cb24d7b379e7d86c5c16ef37ac7dd8fb5f	klt sim --backend batch corners/20261010-091123-a31c626/_batch/g00_loopgain_dyn_ss_125c_rbcs_i0ua_c330nf_e0mohm/request.json (batch_backend.py; corner mos_ss__res_bcs__cap_typ @ 125C)	a31c626	ihp-sg13cmos5l	ngspice-46 (EDA batch fleet runner, klt 0.5.0)
psrr	psrr_dyn_ss_125c_rbcs_i50000ua_c1000nf_e500mohm	mos_ss	res_bcs	125	50000e-6	1000n	500e-3	sim/ldo-cmos5l-pvt-sweep/netlist-snapshots/20261010-091123-a31c626/psrr_dyn_ss_125c_rbcs_i50000ua_c1000nf_e500mohm.spice	c266c785f6262993aad8d6daf5c7a664b7a8f2a8b73c1455500b288b17aef190	klt sim --backend batch corners/20261010-091123-a31c626/_batch/g01_psrr_dyn_ss_125c_rbcs_i0ua_c330nf_e0mohm/request.json (batch_backend.py; corner mos_ss__res_bcs__cap_typ @ 125C)	a31c626	ihp-sg13cmos5l	ngspice-46 (EDA batch fleet runner, klt 0.5.0)
loopgain	loopgain_dyn_ss_125c_rbcs_i50000ua_c2200nf_e0mohm	mos_ss	res_bcs	125	50000e-6	2200n	0	sim/ldo-cmos5l-pvt-sweep/netlist-snapshots/20261010-091123-a31c626/loopgain_dyn_ss_125c_rbcs_i50000ua_c2200nf_e0mohm.spice	a5569ed7ac6f8f36941b58b4b01df1f7b9f23ecefc47664d84f7f1ca9b4dbc83	klt sim --backend batch corners/20261010-091123-a31c626/_batch/g00_loopgain_dyn_ss_125c_rbcs_i0ua_c330nf_e0mohm/request.json (batch_backend.py; corner mos_ss__res_bcs__cap_typ @ 125C)	a31c626	ihp-sg13cmos5l	ngspice-46 (EDA batch fleet runner, klt 0.5.0)
psrr	psrr_dyn_ss_125c_rbcs_i50000ua_c2200nf_e0mohm	mos_ss	res_bcs	125	50000e-6	2200n	0	sim/ldo-cmos5l-pvt-sweep/netlist-snapshots/20261010-091123-a31c626/psrr_dyn_ss_125c_rbcs_i50000ua_c2200nf_e0mohm.spice	6177c89a6dc02ed5a1c3e6ae24d74ec9d1f24b6b506a806345223df0fc041d79	klt sim --backend batch corners/20261010-091123-a31c626/_batch/g01_psrr_dyn_ss_125c_rbcs_i0ua_c330nf_e0mohm/request.json (batch_backend.py; corner mos_ss__res_bcs__cap_typ @ 125C)	a31c626	ihp-sg13cmos5l	ngspice-46 (EDA batch fleet runner, klt 0.5.0)
loopgain	loopgain_dyn_ss_125c_rbcs_i50000ua_c2200nf_e250mohm	mos_ss	res_bcs	125	50000e-6	2200n	250e-3	sim/ldo-cmos5l-pvt-sweep/netlist-snapshots/20261010-091123-a31c626/loopgain_dyn_ss_125c_rbcs_i50000ua_c2200nf_e250mohm.spice	1af58ee041c99c11c20b8a0c2d5af015ad30e9164dc6d1aee1b0cd5d4c41afe5	klt sim --backend batch corners/20261010-091123-a31c626/_batch/g00_loopgain_dyn_ss_125c_rbcs_i0ua_c330nf_e0mohm/request.json (batch_backend.py; corner mos_ss__res_bcs__cap_typ @ 125C)	a31c626	ihp-sg13cmos5l	ngspice-46 (EDA batch fleet runner, klt 0.5.0)
psrr	psrr_dyn_ss_125c_rbcs_i50000ua_c2200nf_e250mohm	mos_ss	res_bcs	125	50000e-6	2200n	250e-3	sim/ldo-cmos5l-pvt-sweep/netlist-snapshots/20261010-091123-a31c626/psrr_dyn_ss_125c_rbcs_i50000ua_c2200nf_e250mohm.spice	c42d64b80d772b228e9855dc6109e5c918ccfb8e33fcda9e71b2566199cc97ae	klt sim --backend batch corners/20261010-091123-a31c626/_batch/g01_psrr_dyn_ss_125c_rbcs_i0ua_c330nf_e0mohm/request.json (batch_backend.py; corner mos_ss__res_bcs__cap_typ @ 125C)	a31c626	ihp-sg13cmos5l	ngspice-46 (EDA batch fleet runner, klt 0.5.0)
loopgain	loopgain_dyn_ss_125c_rbcs_i50000ua_c2200nf_e500mohm	mos_ss	res_bcs	125	50000e-6	2200n	500e-3	sim/ldo-cmos5l-pvt-sweep/netlist-snapshots/20261010-091123-a31c626/loopgain_dyn_ss_125c_rbcs_i50000ua_c2200nf_e500mohm.spice	4978c7a38922d2bb72c33dab89921093149cfdd52a043e5a7d95d6e873a25bf0	klt sim --backend batch corners/20261010-091123-a31c626/_batch/g00_loopgain_dyn_ss_125c_rbcs_i0ua_c330nf_e0mohm/request.json (batch_backend.py; corner mos_ss__res_bcs__cap_typ @ 125C)	a31c626	ihp-sg13cmos5l	ngspice-46 (EDA batch fleet runner, klt 0.5.0)
psrr	psrr_dyn_ss_125c_rbcs_i50000ua_c2200nf_e500mohm	mos_ss	res_bcs	125	50000e-6	2200n	500e-3	sim/ldo-cmos5l-pvt-sweep/netlist-snapshots/20261010-091123-a31c626/psrr_dyn_ss_125c_rbcs_i50000ua_c2200nf_e500mohm.spice	2f8a75303ad0c4b5eb5dd8a2fc08cde8f510da979671fcaced5b991d747cced2	klt sim --backend batch corners/20261010-091123-a31c626/_batch/g01_psrr_dyn_ss_125c_rbcs_i0ua_c330nf_e0mohm/request.json (batch_backend.py; corner mos_ss__res_bcs__cap_typ @ 125C)	a31c626	ihp-sg13cmos5l	ngspice-46 (EDA batch fleet runner, klt 0.5.0)
loopgain	loopgain_dyn_ss_125c_rbcs_i50000ua_c4700nf_e0mohm	mos_ss	res_bcs	125	50000e-6	4700n	0	sim/ldo-cmos5l-pvt-sweep/netlist-snapshots/20261010-091123-a31c626/loopgain_dyn_ss_125c_rbcs_i50000ua_c4700nf_e0mohm.spice	e8999eb26396444627231f6cd4f279403f6ce8a7d5fa5ed7dc134af38bf2743a	klt sim --backend batch corners/20261010-091123-a31c626/_batch/g00_loopgain_dyn_ss_125c_rbcs_i0ua_c330nf_e0mohm/request.json (batch_backend.py; corner mos_ss__res_bcs__cap_typ @ 125C)	a31c626	ihp-sg13cmos5l	ngspice-46 (EDA batch fleet runner, klt 0.5.0)
psrr	psrr_dyn_ss_125c_rbcs_i50000ua_c4700nf_e0mohm	mos_ss	res_bcs	125	50000e-6	4700n	0	sim/ldo-cmos5l-pvt-sweep/netlist-snapshots/20261010-091123-a31c626/psrr_dyn_ss_125c_rbcs_i50000ua_c4700nf_e0mohm.spice	4a3f014877485e4dacc6c654e0288274860f18e3fd70d3949a132904b41ef63c	klt sim --backend batch corners/20261010-091123-a31c626/_batch/g01_psrr_dyn_ss_125c_rbcs_i0ua_c330nf_e0mohm/request.json (batch_backend.py; corner mos_ss__res_bcs__cap_typ @ 125C)	a31c626	ihp-sg13cmos5l	ngspice-46 (EDA batch fleet runner, klt 0.5.0)
loopgain	loopgain_dyn_ss_125c_rbcs_i50000ua_c4700nf_e250mohm	mos_ss	res_bcs	125	50000e-6	4700n	250e-3	sim/ldo-cmos5l-pvt-sweep/netlist-snapshots/20261010-091123-a31c626/loopgain_dyn_ss_125c_rbcs_i50000ua_c4700nf_e250mohm.spice	78a071ff4c76f41b1c8248e5c13ec54b8b7a8ded8fb4f5c066dac3c003693fbb	klt sim --backend batch corners/20261010-091123-a31c626/_batch/g00_loopgain_dyn_ss_125c_rbcs_i0ua_c330nf_e0mohm/request.json (batch_backend.py; corner mos_ss__res_bcs__cap_typ @ 125C)	a31c626	ihp-sg13cmos5l	ngspice-46 (EDA batch fleet runner, klt 0.5.0)
psrr	psrr_dyn_ss_125c_rbcs_i50000ua_c4700nf_e250mohm	mos_ss	res_bcs	125	50000e-6	4700n	250e-3	sim/ldo-cmos5l-pvt-sweep/netlist-snapshots/20261010-091123-a31c626/psrr_dyn_ss_125c_rbcs_i50000ua_c4700nf_e250mohm.spice	040146696dfc316dca9f8a502c30bb28bfa764630518dda236b421915a6449f1	klt sim --backend batch corners/20261010-091123-a31c626/_batch/g01_psrr_dyn_ss_125c_rbcs_i0ua_c330nf_e0mohm/request.json (batch_backend.py; corner mos_ss__res_bcs__cap_typ @ 125C)	a31c626	ihp-sg13cmos5l	ngspice-46 (EDA batch fleet runner, klt 0.5.0)
loopgain	loopgain_dyn_ss_125c_rbcs_i50000ua_c4700nf_e500mohm	mos_ss	res_bcs	125	50000e-6	4700n	500e-3	sim/ldo-cmos5l-pvt-sweep/netlist-snapshots/20261010-091123-a31c626/loopgain_dyn_ss_125c_rbcs_i50000ua_c4700nf_e500mohm.spice	e31788c4005fe0bfd1d707f4bf3dc740a4471d519c36149e69e335ac6cad0faf	klt sim --backend batch corners/20261010-091123-a31c626/_batch/g00_loopgain_dyn_ss_125c_rbcs_i0ua_c330nf_e0mohm/request.json (batch_backend.py; corner mos_ss__res_bcs__cap_typ @ 125C)	a31c626	ihp-sg13cmos5l	ngspice-46 (EDA batch fleet runner, klt 0.5.0)
psrr	psrr_dyn_ss_125c_rbcs_i50000ua_c4700nf_e500mohm	mos_ss	res_bcs	125	50000e-6	4700n	500e-3	sim/ldo-cmos5l-pvt-sweep/netlist-snapshots/20261010-091123-a31c626/psrr_dyn_ss_125c_rbcs_i50000ua_c4700nf_e500mohm.spice	3a4bff8ea727217a76e3db3b2acf0a59fe194a1a56ef11d877e99c3ec81fefde	klt sim --backend batch corners/20261010-091123-a31c626/_batch/g01_psrr_dyn_ss_125c_rbcs_i0ua_c330nf_e0mohm/request.json (batch_backend.py; corner mos_ss__res_bcs__cap_typ @ 125C)	a31c626	ihp-sg13cmos5l	ngspice-46 (EDA batch fleet runner, klt 0.5.0)
loopgain	loopgain_dyn_ff_-40c_rwcs_i0ua_c330nf_e0mohm	mos_ff	res_wcs	-40	0	330n	0	sim/ldo-cmos5l-pvt-sweep/netlist-snapshots/20261010-091123-a31c626/loopgain_dyn_ff_-40c_rwcs_i0ua_c330nf_e0mohm.spice	e1d02c5f7a74c302fa17844743aae8680e89298b866d3c17bdb7522449a22c1c	klt sim --backend batch corners/20261010-091123-a31c626/_batch/g00_loopgain_dyn_ss_125c_rbcs_i0ua_c330nf_e0mohm/request.json (batch_backend.py; corner mos_ff__res_wcs__cap_typ @ -40C)	a31c626	ihp-sg13cmos5l	ngspice-46 (EDA batch fleet runner, klt 0.5.0)
psrr	psrr_dyn_ff_-40c_rwcs_i0ua_c330nf_e0mohm	mos_ff	res_wcs	-40	0	330n	0	sim/ldo-cmos5l-pvt-sweep/netlist-snapshots/20261010-091123-a31c626/psrr_dyn_ff_-40c_rwcs_i0ua_c330nf_e0mohm.spice	177540a8a0188f4c535233f77843ec5bec9b7fd38429ae737ec74f73f54e6ff2	klt sim --backend batch corners/20261010-091123-a31c626/_batch/g01_psrr_dyn_ss_125c_rbcs_i0ua_c330nf_e0mohm/request.json (batch_backend.py; corner mos_ff__res_wcs__cap_typ @ -40C)	a31c626	ihp-sg13cmos5l	ngspice-46 (EDA batch fleet runner, klt 0.5.0)
loopgain	loopgain_dyn_ff_-40c_rwcs_i0ua_c330nf_e250mohm	mos_ff	res_wcs	-40	0	330n	250e-3	sim/ldo-cmos5l-pvt-sweep/netlist-snapshots/20261010-091123-a31c626/loopgain_dyn_ff_-40c_rwcs_i0ua_c330nf_e250mohm.spice	08a342a079fdbe97eb69eae585e0fc8f80f9ddb25e9bddeab18b7bee330c4ae9	klt sim --backend batch corners/20261010-091123-a31c626/_batch/g00_loopgain_dyn_ss_125c_rbcs_i0ua_c330nf_e0mohm/request.json (batch_backend.py; corner mos_ff__res_wcs__cap_typ @ -40C)	a31c626	ihp-sg13cmos5l	ngspice-46 (EDA batch fleet runner, klt 0.5.0)
psrr	psrr_dyn_ff_-40c_rwcs_i0ua_c330nf_e250mohm	mos_ff	res_wcs	-40	0	330n	250e-3	sim/ldo-cmos5l-pvt-sweep/netlist-snapshots/20261010-091123-a31c626/psrr_dyn_ff_-40c_rwcs_i0ua_c330nf_e250mohm.spice	24cd1165294f4812020a6018ec901d6622afa0914dff2bcedd537d4093c57a79	klt sim --backend batch corners/20261010-091123-a31c626/_batch/g01_psrr_dyn_ss_125c_rbcs_i0ua_c330nf_e0mohm/request.json (batch_backend.py; corner mos_ff__res_wcs__cap_typ @ -40C)	a31c626	ihp-sg13cmos5l	ngspice-46 (EDA batch fleet runner, klt 0.5.0)
loopgain	loopgain_dyn_ff_-40c_rwcs_i0ua_c330nf_e500mohm	mos_ff	res_wcs	-40	0	330n	500e-3	sim/ldo-cmos5l-pvt-sweep/netlist-snapshots/20261010-091123-a31c626/loopgain_dyn_ff_-40c_rwcs_i0ua_c330nf_e500mohm.spice	8aea79d745c069801edbb96b3553dbc36b4306cc0cca75858ebc0f9072092a99	klt sim --backend batch corners/20261010-091123-a31c626/_batch/g00_loopgain_dyn_ss_125c_rbcs_i0ua_c330nf_e0mohm/request.json (batch_backend.py; corner mos_ff__res_wcs__cap_typ @ -40C)	a31c626	ihp-sg13cmos5l	ngspice-46 (EDA batch fleet runner, klt 0.5.0)
psrr	psrr_dyn_ff_-40c_rwcs_i0ua_c330nf_e500mohm	mos_ff	res_wcs	-40	0	330n	500e-3	sim/ldo-cmos5l-pvt-sweep/netlist-snapshots/20261010-091123-a31c626/psrr_dyn_ff_-40c_rwcs_i0ua_c330nf_e500mohm.spice	f416d7d4baac2ac15ad3f0e512643da4b05f16b6367d4406e5d5000f77129196	klt sim --backend batch corners/20261010-091123-a31c626/_batch/g01_psrr_dyn_ss_125c_rbcs_i0ua_c330nf_e0mohm/request.json (batch_backend.py; corner mos_ff__res_wcs__cap_typ @ -40C)	a31c626	ihp-sg13cmos5l	ngspice-46 (EDA batch fleet runner, klt 0.5.0)
loopgain	loopgain_dyn_ff_-40c_rwcs_i0ua_c1000nf_e0mohm	mos_ff	res_wcs	-40	0	1000n	0	sim/ldo-cmos5l-pvt-sweep/netlist-snapshots/20261010-091123-a31c626/loopgain_dyn_ff_-40c_rwcs_i0ua_c1000nf_e0mohm.spice	cbe79669faa70649ab4c782a69e5328ca2eedac9c8c59389e25fd6d9f8d1020b	klt sim --backend batch corners/20261010-091123-a31c626/_batch/g00_loopgain_dyn_ss_125c_rbcs_i0ua_c330nf_e0mohm/request.json (batch_backend.py; corner mos_ff__res_wcs__cap_typ @ -40C)	a31c626	ihp-sg13cmos5l	ngspice-46 (EDA batch fleet runner, klt 0.5.0)
psrr	psrr_dyn_ff_-40c_rwcs_i0ua_c1000nf_e0mohm	mos_ff	res_wcs	-40	0	1000n	0	sim/ldo-cmos5l-pvt-sweep/netlist-snapshots/20261010-091123-a31c626/psrr_dyn_ff_-40c_rwcs_i0ua_c1000nf_e0mohm.spice	b6e072f11f559c13ab0eb9e05f6185d5924c3f524f27126b97bb21bd8b4a6eb9	klt sim --backend batch corners/20261010-091123-a31c626/_batch/g01_psrr_dyn_ss_125c_rbcs_i0ua_c330nf_e0mohm/request.json (batch_backend.py; corner mos_ff__res_wcs__cap_typ @ -40C)	a31c626	ihp-sg13cmos5l	ngspice-46 (EDA batch fleet runner, klt 0.5.0)
loopgain	loopgain_dyn_ff_-40c_rwcs_i0ua_c1000nf_e250mohm	mos_ff	res_wcs	-40	0	1000n	250e-3	sim/ldo-cmos5l-pvt-sweep/netlist-snapshots/20261010-091123-a31c626/loopgain_dyn_ff_-40c_rwcs_i0ua_c1000nf_e250mohm.spice	f68c11a99f6b317cb68d0260e0573d7669f0728594621db3598084bce2ced96b	klt sim --backend batch corners/20261010-091123-a31c626/_batch/g00_loopgain_dyn_ss_125c_rbcs_i0ua_c330nf_e0mohm/request.json (batch_backend.py; corner mos_ff__res_wcs__cap_typ @ -40C)	a31c626	ihp-sg13cmos5l	ngspice-46 (EDA batch fleet runner, klt 0.5.0)
psrr	psrr_dyn_ff_-40c_rwcs_i0ua_c1000nf_e250mohm	mos_ff	res_wcs	-40	0	1000n	250e-3	sim/ldo-cmos5l-pvt-sweep/netlist-snapshots/20261010-091123-a31c626/psrr_dyn_ff_-40c_rwcs_i0ua_c1000nf_e250mohm.spice	30a2deec595c08e8274156501b80d664b84fb53d140902999e4ff1d14568feb4	klt sim --backend batch corners/20261010-091123-a31c626/_batch/g01_psrr_dyn_ss_125c_rbcs_i0ua_c330nf_e0mohm/request.json (batch_backend.py; corner mos_ff__res_wcs__cap_typ @ -40C)	a31c626	ihp-sg13cmos5l	ngspice-46 (EDA batch fleet runner, klt 0.5.0)
loopgain	loopgain_dyn_ff_-40c_rwcs_i0ua_c1000nf_e500mohm	mos_ff	res_wcs	-40	0	1000n	500e-3	sim/ldo-cmos5l-pvt-sweep/netlist-snapshots/20261010-091123-a31c626/loopgain_dyn_ff_-40c_rwcs_i0ua_c1000nf_e500mohm.spice	8215d9011be3809e8f1906565ca262ca1b0e8c5ec08032447e211d22fbe969c6	klt sim --backend batch corners/20261010-091123-a31c626/_batch/g00_loopgain_dyn_ss_125c_rbcs_i0ua_c330nf_e0mohm/request.json (batch_backend.py; corner mos_ff__res_wcs__cap_typ @ -40C)	a31c626	ihp-sg13cmos5l	ngspice-46 (EDA batch fleet runner, klt 0.5.0)
psrr	psrr_dyn_ff_-40c_rwcs_i0ua_c1000nf_e500mohm	mos_ff	res_wcs	-40	0	1000n	500e-3	sim/ldo-cmos5l-pvt-sweep/netlist-snapshots/20261010-091123-a31c626/psrr_dyn_ff_-40c_rwcs_i0ua_c1000nf_e500mohm.spice	034eb8759e8f6cca6a226ab468b10017ee3eabb24a9c93aa0079cdf3cf6c7e3f	klt sim --backend batch corners/20261010-091123-a31c626/_batch/g01_psrr_dyn_ss_125c_rbcs_i0ua_c330nf_e0mohm/request.json (batch_backend.py; corner mos_ff__res_wcs__cap_typ @ -40C)	a31c626	ihp-sg13cmos5l	ngspice-46 (EDA batch fleet runner, klt 0.5.0)
loopgain	loopgain_dyn_ff_-40c_rwcs_i0ua_c2200nf_e0mohm	mos_ff	res_wcs	-40	0	2200n	0	sim/ldo-cmos5l-pvt-sweep/netlist-snapshots/20261010-091123-a31c626/loopgain_dyn_ff_-40c_rwcs_i0ua_c2200nf_e0mohm.spice	90994640555f9d03ac7c197a19d2199ffc2b4ab4c5fbe979968397c8f9859d1a	klt sim --backend batch corners/20261010-091123-a31c626/_batch/g00_loopgain_dyn_ss_125c_rbcs_i0ua_c330nf_e0mohm/request.json (batch_backend.py; corner mos_ff__res_wcs__cap_typ @ -40C)	a31c626	ihp-sg13cmos5l	ngspice-46 (EDA batch fleet runner, klt 0.5.0)
psrr	psrr_dyn_ff_-40c_rwcs_i0ua_c2200nf_e0mohm	mos_ff	res_wcs	-40	0	2200n	0	sim/ldo-cmos5l-pvt-sweep/netlist-snapshots/20261010-091123-a31c626/psrr_dyn_ff_-40c_rwcs_i0ua_c2200nf_e0mohm.spice	3b4872f1a9cea94cadae050d91944e80560d98ec77d10b37f7a49e8fb60b8773	klt sim --backend batch corners/20261010-091123-a31c626/_batch/g01_psrr_dyn_ss_125c_rbcs_i0ua_c330nf_e0mohm/request.json (batch_backend.py; corner mos_ff__res_wcs__cap_typ @ -40C)	a31c626	ihp-sg13cmos5l	ngspice-46 (EDA batch fleet runner, klt 0.5.0)
loopgain	loopgain_dyn_ff_-40c_rwcs_i0ua_c2200nf_e250mohm	mos_ff	res_wcs	-40	0	2200n	250e-3	sim/ldo-cmos5l-pvt-sweep/netlist-snapshots/20261010-091123-a31c626/loopgain_dyn_ff_-40c_rwcs_i0ua_c2200nf_e250mohm.spice	053801af79e80dc988033442b96b9e5580ee7acf5c8e22742ad901acb098ac4d	klt sim --backend batch corners/20261010-091123-a31c626/_batch/g00_loopgain_dyn_ss_125c_rbcs_i0ua_c330nf_e0mohm/request.json (batch_backend.py; corner mos_ff__res_wcs__cap_typ @ -40C)	a31c626	ihp-sg13cmos5l	ngspice-46 (EDA batch fleet runner, klt 0.5.0)
psrr	psrr_dyn_ff_-40c_rwcs_i0ua_c2200nf_e250mohm	mos_ff	res_wcs	-40	0	2200n	250e-3	sim/ldo-cmos5l-pvt-sweep/netlist-snapshots/20261010-091123-a31c626/psrr_dyn_ff_-40c_rwcs_i0ua_c2200nf_e250mohm.spice	1d8dab4ab0dc269fcd3202407cdc70d1ea619ccdca9cf75e0b36ecfa18e3ff4d	klt sim --backend batch corners/20261010-091123-a31c626/_batch/g01_psrr_dyn_ss_125c_rbcs_i0ua_c330nf_e0mohm/request.json (batch_backend.py; corner mos_ff__res_wcs__cap_typ @ -40C)	a31c626	ihp-sg13cmos5l	ngspice-46 (EDA batch fleet runner, klt 0.5.0)
loopgain	loopgain_dyn_ff_-40c_rwcs_i0ua_c2200nf_e500mohm	mos_ff	res_wcs	-40	0	2200n	500e-3	sim/ldo-cmos5l-pvt-sweep/netlist-snapshots/20261010-091123-a31c626/loopgain_dyn_ff_-40c_rwcs_i0ua_c2200nf_e500mohm.spice	817e9fe46a87cd47660b76119a22d0fb3fe79b29b6737dde8e099aafd8d34bf5	klt sim --backend batch corners/20261010-091123-a31c626/_batch/g00_loopgain_dyn_ss_125c_rbcs_i0ua_c330nf_e0mohm/request.json (batch_backend.py; corner mos_ff__res_wcs__cap_typ @ -40C)	a31c626	ihp-sg13cmos5l	ngspice-46 (EDA batch fleet runner, klt 0.5.0)
psrr	psrr_dyn_ff_-40c_rwcs_i0ua_c2200nf_e500mohm	mos_ff	res_wcs	-40	0	2200n	500e-3	sim/ldo-cmos5l-pvt-sweep/netlist-snapshots/20261010-091123-a31c626/psrr_dyn_ff_-40c_rwcs_i0ua_c2200nf_e500mohm.spice	f93dac8a715438cfc6f07a2b38207eb63a2444608afeaa9691e81a72fc8b107c	klt sim --backend batch corners/20261010-091123-a31c626/_batch/g01_psrr_dyn_ss_125c_rbcs_i0ua_c330nf_e0mohm/request.json (batch_backend.py; corner mos_ff__res_wcs__cap_typ @ -40C)	a31c626	ihp-sg13cmos5l	ngspice-46 (EDA batch fleet runner, klt 0.5.0)
loopgain	loopgain_dyn_ff_-40c_rwcs_i0ua_c4700nf_e0mohm	mos_ff	res_wcs	-40	0	4700n	0	sim/ldo-cmos5l-pvt-sweep/netlist-snapshots/20261010-091123-a31c626/loopgain_dyn_ff_-40c_rwcs_i0ua_c4700nf_e0mohm.spice	ad102556f57584b703a4af64ca5877804a605afad685397f0ed3b421984d884d	klt sim --backend batch corners/20261010-091123-a31c626/_batch/g00_loopgain_dyn_ss_125c_rbcs_i0ua_c330nf_e0mohm/request.json (batch_backend.py; corner mos_ff__res_wcs__cap_typ @ -40C)	a31c626	ihp-sg13cmos5l	ngspice-46 (EDA batch fleet runner, klt 0.5.0)
psrr	psrr_dyn_ff_-40c_rwcs_i0ua_c4700nf_e0mohm	mos_ff	res_wcs	-40	0	4700n	0	sim/ldo-cmos5l-pvt-sweep/netlist-snapshots/20261010-091123-a31c626/psrr_dyn_ff_-40c_rwcs_i0ua_c4700nf_e0mohm.spice	b58980690bc97c4d6c946e9bd11316d978ba1e455cb1f1b19f8b98f5683024a5	klt sim --backend batch corners/20261010-091123-a31c626/_batch/g01_psrr_dyn_ss_125c_rbcs_i0ua_c330nf_e0mohm/request.json (batch_backend.py; corner mos_ff__res_wcs__cap_typ @ -40C)	a31c626	ihp-sg13cmos5l	ngspice-46 (EDA batch fleet runner, klt 0.5.0)
loopgain	loopgain_dyn_ff_-40c_rwcs_i0ua_c4700nf_e250mohm	mos_ff	res_wcs	-40	0	4700n	250e-3	sim/ldo-cmos5l-pvt-sweep/netlist-snapshots/20261010-091123-a31c626/loopgain_dyn_ff_-40c_rwcs_i0ua_c4700nf_e250mohm.spice	4d586a9f45be1173f4a45208c45bc557c7540484f94192fa1f6aebd18a0918a3	klt sim --backend batch corners/20261010-091123-a31c626/_batch/g00_loopgain_dyn_ss_125c_rbcs_i0ua_c330nf_e0mohm/request.json (batch_backend.py; corner mos_ff__res_wcs__cap_typ @ -40C)	a31c626	ihp-sg13cmos5l	ngspice-46 (EDA batch fleet runner, klt 0.5.0)
psrr	psrr_dyn_ff_-40c_rwcs_i0ua_c4700nf_e250mohm	mos_ff	res_wcs	-40	0	4700n	250e-3	sim/ldo-cmos5l-pvt-sweep/netlist-snapshots/20261010-091123-a31c626/psrr_dyn_ff_-40c_rwcs_i0ua_c4700nf_e250mohm.spice	9f5ed4ed857bd108c0ea111f9bfb5877a0b0844b00b3ed891d1ba4304959706d	klt sim --backend batch corners/20261010-091123-a31c626/_batch/g01_psrr_dyn_ss_125c_rbcs_i0ua_c330nf_e0mohm/request.json (batch_backend.py; corner mos_ff__res_wcs__cap_typ @ -40C)	a31c626	ihp-sg13cmos5l	ngspice-46 (EDA batch fleet runner, klt 0.5.0)
loopgain	loopgain_dyn_ff_-40c_rwcs_i0ua_c4700nf_e500mohm	mos_ff	res_wcs	-40	0	4700n	500e-3	sim/ldo-cmos5l-pvt-sweep/netlist-snapshots/20261010-091123-a31c626/loopgain_dyn_ff_-40c_rwcs_i0ua_c4700nf_e500mohm.spice	11dd50409504165fe9162ccd4210dda159f9f0cdc5ee095d3a260b1f0f5688dd	klt sim --backend batch corners/20261010-091123-a31c626/_batch/g00_loopgain_dyn_ss_125c_rbcs_i0ua_c330nf_e0mohm/request.json (batch_backend.py; corner mos_ff__res_wcs__cap_typ @ -40C)	a31c626	ihp-sg13cmos5l	ngspice-46 (EDA batch fleet runner, klt 0.5.0)
psrr	psrr_dyn_ff_-40c_rwcs_i0ua_c4700nf_e500mohm	mos_ff	res_wcs	-40	0	4700n	500e-3	sim/ldo-cmos5l-pvt-sweep/netlist-snapshots/20261010-091123-a31c626/psrr_dyn_ff_-40c_rwcs_i0ua_c4700nf_e500mohm.spice	8024200a6d82f6f6ffda72741bfac3a06f7e2ad4817079107214b35e19add37e	klt sim --backend batch corners/20261010-091123-a31c626/_batch/g01_psrr_dyn_ss_125c_rbcs_i0ua_c330nf_e0mohm/request.json (batch_backend.py; corner mos_ff__res_wcs__cap_typ @ -40C)	a31c626	ihp-sg13cmos5l	ngspice-46 (EDA batch fleet runner, klt 0.5.0)
loopgain	loopgain_dyn_ff_-40c_rwcs_i1000ua_c330nf_e0mohm	mos_ff	res_wcs	-40	1000e-6	330n	0	sim/ldo-cmos5l-pvt-sweep/netlist-snapshots/20261010-091123-a31c626/loopgain_dyn_ff_-40c_rwcs_i1000ua_c330nf_e0mohm.spice	4f4b1fa2f3225772b42b8836b7768d543ea8a5f4dae55e13772e7664e98d255b	klt sim --backend batch corners/20261010-091123-a31c626/_batch/g00_loopgain_dyn_ss_125c_rbcs_i0ua_c330nf_e0mohm/request.json (batch_backend.py; corner mos_ff__res_wcs__cap_typ @ -40C)	a31c626	ihp-sg13cmos5l	ngspice-46 (EDA batch fleet runner, klt 0.5.0)
psrr	psrr_dyn_ff_-40c_rwcs_i1000ua_c330nf_e0mohm	mos_ff	res_wcs	-40	1000e-6	330n	0	sim/ldo-cmos5l-pvt-sweep/netlist-snapshots/20261010-091123-a31c626/psrr_dyn_ff_-40c_rwcs_i1000ua_c330nf_e0mohm.spice	2d41d879576d7f5234255db5d304bf8066c0b4cd714040f626bfd99a61d5b602	klt sim --backend batch corners/20261010-091123-a31c626/_batch/g01_psrr_dyn_ss_125c_rbcs_i0ua_c330nf_e0mohm/request.json (batch_backend.py; corner mos_ff__res_wcs__cap_typ @ -40C)	a31c626	ihp-sg13cmos5l	ngspice-46 (EDA batch fleet runner, klt 0.5.0)
loopgain	loopgain_dyn_ff_-40c_rwcs_i1000ua_c330nf_e250mohm	mos_ff	res_wcs	-40	1000e-6	330n	250e-3	sim/ldo-cmos5l-pvt-sweep/netlist-snapshots/20261010-091123-a31c626/loopgain_dyn_ff_-40c_rwcs_i1000ua_c330nf_e250mohm.spice	c4a6519529022be8de8de8ef53e4bc37b36d07b02a1a0e80c67adbfd8d1e4e0a	klt sim --backend batch corners/20261010-091123-a31c626/_batch/g00_loopgain_dyn_ss_125c_rbcs_i0ua_c330nf_e0mohm/request.json (batch_backend.py; corner mos_ff__res_wcs__cap_typ @ -40C)	a31c626	ihp-sg13cmos5l	ngspice-46 (EDA batch fleet runner, klt 0.5.0)
psrr	psrr_dyn_ff_-40c_rwcs_i1000ua_c330nf_e250mohm	mos_ff	res_wcs	-40	1000e-6	330n	250e-3	sim/ldo-cmos5l-pvt-sweep/netlist-snapshots/20261010-091123-a31c626/psrr_dyn_ff_-40c_rwcs_i1000ua_c330nf_e250mohm.spice	fecdaa4cf13826dc0a7abefd719bf44cbf6c18acd8d603631563f7121440da8a	klt sim --backend batch corners/20261010-091123-a31c626/_batch/g01_psrr_dyn_ss_125c_rbcs_i0ua_c330nf_e0mohm/request.json (batch_backend.py; corner mos_ff__res_wcs__cap_typ @ -40C)	a31c626	ihp-sg13cmos5l	ngspice-46 (EDA batch fleet runner, klt 0.5.0)
loopgain	loopgain_dyn_ff_-40c_rwcs_i1000ua_c330nf_e500mohm	mos_ff	res_wcs	-40	1000e-6	330n	500e-3	sim/ldo-cmos5l-pvt-sweep/netlist-snapshots/20261010-091123-a31c626/loopgain_dyn_ff_-40c_rwcs_i1000ua_c330nf_e500mohm.spice	2f18bf29fbac28cee9543100c74b7f96a385ed16f5a80151978012b02ae592b1	klt sim --backend batch corners/20261010-091123-a31c626/_batch/g00_loopgain_dyn_ss_125c_rbcs_i0ua_c330nf_e0mohm/request.json (batch_backend.py; corner mos_ff__res_wcs__cap_typ @ -40C)	a31c626	ihp-sg13cmos5l	ngspice-46 (EDA batch fleet runner, klt 0.5.0)
psrr	psrr_dyn_ff_-40c_rwcs_i1000ua_c330nf_e500mohm	mos_ff	res_wcs	-40	1000e-6	330n	500e-3	sim/ldo-cmos5l-pvt-sweep/netlist-snapshots/20261010-091123-a31c626/psrr_dyn_ff_-40c_rwcs_i1000ua_c330nf_e500mohm.spice	9929bcae2cfeea2a53e556d8cbc1ebf5882602ca5b89456dd8c67916ce277820	klt sim --backend batch corners/20261010-091123-a31c626/_batch/g01_psrr_dyn_ss_125c_rbcs_i0ua_c330nf_e0mohm/request.json (batch_backend.py; corner mos_ff__res_wcs__cap_typ @ -40C)	a31c626	ihp-sg13cmos5l	ngspice-46 (EDA batch fleet runner, klt 0.5.0)
loopgain	loopgain_dyn_ff_-40c_rwcs_i1000ua_c1000nf_e0mohm	mos_ff	res_wcs	-40	1000e-6	1000n	0	sim/ldo-cmos5l-pvt-sweep/netlist-snapshots/20261010-091123-a31c626/loopgain_dyn_ff_-40c_rwcs_i1000ua_c1000nf_e0mohm.spice	905e4fdbee4ebe286a8fcdf3d3b9bb0983cd8efee63ed86953d4a4430f3be882	klt sim --backend batch corners/20261010-091123-a31c626/_batch/g00_loopgain_dyn_ss_125c_rbcs_i0ua_c330nf_e0mohm/request.json (batch_backend.py; corner mos_ff__res_wcs__cap_typ @ -40C)	a31c626	ihp-sg13cmos5l	ngspice-46 (EDA batch fleet runner, klt 0.5.0)
psrr	psrr_dyn_ff_-40c_rwcs_i1000ua_c1000nf_e0mohm	mos_ff	res_wcs	-40	1000e-6	1000n	0	sim/ldo-cmos5l-pvt-sweep/netlist-snapshots/20261010-091123-a31c626/psrr_dyn_ff_-40c_rwcs_i1000ua_c1000nf_e0mohm.spice	c8d63ba9ca62336c2db1db259c7e9fd7d7078fba4d456d4d433a92d07eed93d8	klt sim --backend batch corners/20261010-091123-a31c626/_batch/g01_psrr_dyn_ss_125c_rbcs_i0ua_c330nf_e0mohm/request.json (batch_backend.py; corner mos_ff__res_wcs__cap_typ @ -40C)	a31c626	ihp-sg13cmos5l	ngspice-46 (EDA batch fleet runner, klt 0.5.0)
loopgain	loopgain_dyn_ff_-40c_rwcs_i1000ua_c1000nf_e250mohm	mos_ff	res_wcs	-40	1000e-6	1000n	250e-3	sim/ldo-cmos5l-pvt-sweep/netlist-snapshots/20261010-091123-a31c626/loopgain_dyn_ff_-40c_rwcs_i1000ua_c1000nf_e250mohm.spice	507250e46be48d8b851f4e3ac0a487c6611162d404fa63f480f487eb491dcc63	klt sim --backend batch corners/20261010-091123-a31c626/_batch/g00_loopgain_dyn_ss_125c_rbcs_i0ua_c330nf_e0mohm/request.json (batch_backend.py; corner mos_ff__res_wcs__cap_typ @ -40C)	a31c626	ihp-sg13cmos5l	ngspice-46 (EDA batch fleet runner, klt 0.5.0)
psrr	psrr_dyn_ff_-40c_rwcs_i1000ua_c1000nf_e250mohm	mos_ff	res_wcs	-40	1000e-6	1000n	250e-3	sim/ldo-cmos5l-pvt-sweep/netlist-snapshots/20261010-091123-a31c626/psrr_dyn_ff_-40c_rwcs_i1000ua_c1000nf_e250mohm.spice	7eeb2faa6d500a837da598cfbb0ccb290139913e661c6512c519e1c21c33b609	klt sim --backend batch corners/20261010-091123-a31c626/_batch/g01_psrr_dyn_ss_125c_rbcs_i0ua_c330nf_e0mohm/request.json (batch_backend.py; corner mos_ff__res_wcs__cap_typ @ -40C)	a31c626	ihp-sg13cmos5l	ngspice-46 (EDA batch fleet runner, klt 0.5.0)
loopgain	loopgain_dyn_ff_-40c_rwcs_i1000ua_c1000nf_e500mohm	mos_ff	res_wcs	-40	1000e-6	1000n	500e-3	sim/ldo-cmos5l-pvt-sweep/netlist-snapshots/20261010-091123-a31c626/loopgain_dyn_ff_-40c_rwcs_i1000ua_c1000nf_e500mohm.spice	455b247d21831189eb82383d43b519779a1f6124fd167347c6b7c2da2ed2b665	klt sim --backend batch corners/20261010-091123-a31c626/_batch/g00_loopgain_dyn_ss_125c_rbcs_i0ua_c330nf_e0mohm/request.json (batch_backend.py; corner mos_ff__res_wcs__cap_typ @ -40C)	a31c626	ihp-sg13cmos5l	ngspice-46 (EDA batch fleet runner, klt 0.5.0)
psrr	psrr_dyn_ff_-40c_rwcs_i1000ua_c1000nf_e500mohm	mos_ff	res_wcs	-40	1000e-6	1000n	500e-3	sim/ldo-cmos5l-pvt-sweep/netlist-snapshots/20261010-091123-a31c626/psrr_dyn_ff_-40c_rwcs_i1000ua_c1000nf_e500mohm.spice	c0b1bedd5b775a1e2531fa964b9ad8973afcb780058a4d1b3bb659a2105e52b9	klt sim --backend batch corners/20261010-091123-a31c626/_batch/g01_psrr_dyn_ss_125c_rbcs_i0ua_c330nf_e0mohm/request.json (batch_backend.py; corner mos_ff__res_wcs__cap_typ @ -40C)	a31c626	ihp-sg13cmos5l	ngspice-46 (EDA batch fleet runner, klt 0.5.0)
loopgain	loopgain_dyn_ff_-40c_rwcs_i1000ua_c2200nf_e0mohm	mos_ff	res_wcs	-40	1000e-6	2200n	0	sim/ldo-cmos5l-pvt-sweep/netlist-snapshots/20261010-091123-a31c626/loopgain_dyn_ff_-40c_rwcs_i1000ua_c2200nf_e0mohm.spice	d789a07144c0614ceaeb3405ca7a969973abec6d46dd80d771fa1eb4f493a933	klt sim --backend batch corners/20261010-091123-a31c626/_batch/g00_loopgain_dyn_ss_125c_rbcs_i0ua_c330nf_e0mohm/request.json (batch_backend.py; corner mos_ff__res_wcs__cap_typ @ -40C)	a31c626	ihp-sg13cmos5l	ngspice-46 (EDA batch fleet runner, klt 0.5.0)
psrr	psrr_dyn_ff_-40c_rwcs_i1000ua_c2200nf_e0mohm	mos_ff	res_wcs	-40	1000e-6	2200n	0	sim/ldo-cmos5l-pvt-sweep/netlist-snapshots/20261010-091123-a31c626/psrr_dyn_ff_-40c_rwcs_i1000ua_c2200nf_e0mohm.spice	1f0b62197ea2dc0e9534261a8e0c23a2da71626a02284d8963f4eee48fb759c1	klt sim --backend batch corners/20261010-091123-a31c626/_batch/g01_psrr_dyn_ss_125c_rbcs_i0ua_c330nf_e0mohm/request.json (batch_backend.py; corner mos_ff__res_wcs__cap_typ @ -40C)	a31c626	ihp-sg13cmos5l	ngspice-46 (EDA batch fleet runner, klt 0.5.0)
loopgain	loopgain_dyn_ff_-40c_rwcs_i1000ua_c2200nf_e250mohm	mos_ff	res_wcs	-40	1000e-6	2200n	250e-3	sim/ldo-cmos5l-pvt-sweep/netlist-snapshots/20261010-091123-a31c626/loopgain_dyn_ff_-40c_rwcs_i1000ua_c2200nf_e250mohm.spice	bbc9b4b26c82fbb6d59de01ad64d70ee1217c37d5260f465d30aabb68ca8629e	klt sim --backend batch corners/20261010-091123-a31c626/_batch/g00_loopgain_dyn_ss_125c_rbcs_i0ua_c330nf_e0mohm/request.json (batch_backend.py; corner mos_ff__res_wcs__cap_typ @ -40C)	a31c626	ihp-sg13cmos5l	ngspice-46 (EDA batch fleet runner, klt 0.5.0)
psrr	psrr_dyn_ff_-40c_rwcs_i1000ua_c2200nf_e250mohm	mos_ff	res_wcs	-40	1000e-6	2200n	250e-3	sim/ldo-cmos5l-pvt-sweep/netlist-snapshots/20261010-091123-a31c626/psrr_dyn_ff_-40c_rwcs_i1000ua_c2200nf_e250mohm.spice	0ef4cfd5ca0c4dc9b54a09d5f4b6a2f88a6045f8713a03fbd2d90a1ffe97faa5	klt sim --backend batch corners/20261010-091123-a31c626/_batch/g01_psrr_dyn_ss_125c_rbcs_i0ua_c330nf_e0mohm/request.json (batch_backend.py; corner mos_ff__res_wcs__cap_typ @ -40C)	a31c626	ihp-sg13cmos5l	ngspice-46 (EDA batch fleet runner, klt 0.5.0)
loopgain	loopgain_dyn_ff_-40c_rwcs_i1000ua_c2200nf_e500mohm	mos_ff	res_wcs	-40	1000e-6	2200n	500e-3	sim/ldo-cmos5l-pvt-sweep/netlist-snapshots/20261010-091123-a31c626/loopgain_dyn_ff_-40c_rwcs_i1000ua_c2200nf_e500mohm.spice	fdd0e47aaff340fd6e4d3ca8e2113ce44c6ce066286a68dca805f583ff47a46b	klt sim --backend batch corners/20261010-091123-a31c626/_batch/g00_loopgain_dyn_ss_125c_rbcs_i0ua_c330nf_e0mohm/request.json (batch_backend.py; corner mos_ff__res_wcs__cap_typ @ -40C)	a31c626	ihp-sg13cmos5l	ngspice-46 (EDA batch fleet runner, klt 0.5.0)
psrr	psrr_dyn_ff_-40c_rwcs_i1000ua_c2200nf_e500mohm	mos_ff	res_wcs	-40	1000e-6	2200n	500e-3	sim/ldo-cmos5l-pvt-sweep/netlist-snapshots/20261010-091123-a31c626/psrr_dyn_ff_-40c_rwcs_i1000ua_c2200nf_e500mohm.spice	f52daf65a5d133a25341ac9542bbf2089a9ac60704cfcd15ddbc0aadde519057	klt sim --backend batch corners/20261010-091123-a31c626/_batch/g01_psrr_dyn_ss_125c_rbcs_i0ua_c330nf_e0mohm/request.json (batch_backend.py; corner mos_ff__res_wcs__cap_typ @ -40C)	a31c626	ihp-sg13cmos5l	ngspice-46 (EDA batch fleet runner, klt 0.5.0)
loopgain	loopgain_dyn_ff_-40c_rwcs_i1000ua_c4700nf_e0mohm	mos_ff	res_wcs	-40	1000e-6	4700n	0	sim/ldo-cmos5l-pvt-sweep/netlist-snapshots/20261010-091123-a31c626/loopgain_dyn_ff_-40c_rwcs_i1000ua_c4700nf_e0mohm.spice	fcac2f8a7eb68d29de2c78dde434ef39229e217caceb41c9dfc6e1b8e44e2b40	klt sim --backend batch corners/20261010-091123-a31c626/_batch/g00_loopgain_dyn_ss_125c_rbcs_i0ua_c330nf_e0mohm/request.json (batch_backend.py; corner mos_ff__res_wcs__cap_typ @ -40C)	a31c626	ihp-sg13cmos5l	ngspice-46 (EDA batch fleet runner, klt 0.5.0)
psrr	psrr_dyn_ff_-40c_rwcs_i1000ua_c4700nf_e0mohm	mos_ff	res_wcs	-40	1000e-6	4700n	0	sim/ldo-cmos5l-pvt-sweep/netlist-snapshots/20261010-091123-a31c626/psrr_dyn_ff_-40c_rwcs_i1000ua_c4700nf_e0mohm.spice	8cad73e45660d82fb9c4cca6ccd910ce4c02143ed324a11037b0b293321c09cf	klt sim --backend batch corners/20261010-091123-a31c626/_batch/g01_psrr_dyn_ss_125c_rbcs_i0ua_c330nf_e0mohm/request.json (batch_backend.py; corner mos_ff__res_wcs__cap_typ @ -40C)	a31c626	ihp-sg13cmos5l	ngspice-46 (EDA batch fleet runner, klt 0.5.0)
loopgain	loopgain_dyn_ff_-40c_rwcs_i1000ua_c4700nf_e250mohm	mos_ff	res_wcs	-40	1000e-6	4700n	250e-3	sim/ldo-cmos5l-pvt-sweep/netlist-snapshots/20261010-091123-a31c626/loopgain_dyn_ff_-40c_rwcs_i1000ua_c4700nf_e250mohm.spice	4d77b560cfb734e58f378c18026212acad8a2c74a810adcc71ae54291485415b	klt sim --backend batch corners/20261010-091123-a31c626/_batch/g00_loopgain_dyn_ss_125c_rbcs_i0ua_c330nf_e0mohm/request.json (batch_backend.py; corner mos_ff__res_wcs__cap_typ @ -40C)	a31c626	ihp-sg13cmos5l	ngspice-46 (EDA batch fleet runner, klt 0.5.0)
psrr	psrr_dyn_ff_-40c_rwcs_i1000ua_c4700nf_e250mohm	mos_ff	res_wcs	-40	1000e-6	4700n	250e-3	sim/ldo-cmos5l-pvt-sweep/netlist-snapshots/20261010-091123-a31c626/psrr_dyn_ff_-40c_rwcs_i1000ua_c4700nf_e250mohm.spice	b0ed9e48ca5d6d49ad40fb23e87efe862a42a35dce187160a2f0a0a317ba67ac	klt sim --backend batch corners/20261010-091123-a31c626/_batch/g01_psrr_dyn_ss_125c_rbcs_i0ua_c330nf_e0mohm/request.json (batch_backend.py; corner mos_ff__res_wcs__cap_typ @ -40C)	a31c626	ihp-sg13cmos5l	ngspice-46 (EDA batch fleet runner, klt 0.5.0)
loopgain	loopgain_dyn_ff_-40c_rwcs_i1000ua_c4700nf_e500mohm	mos_ff	res_wcs	-40	1000e-6	4700n	500e-3	sim/ldo-cmos5l-pvt-sweep/netlist-snapshots/20261010-091123-a31c626/loopgain_dyn_ff_-40c_rwcs_i1000ua_c4700nf_e500mohm.spice	6c02d16b85027a42f021e9915b9943aaae177a3f656f86d641571babfcdee0df	klt sim --backend batch corners/20261010-091123-a31c626/_batch/g00_loopgain_dyn_ss_125c_rbcs_i0ua_c330nf_e0mohm/request.json (batch_backend.py; corner mos_ff__res_wcs__cap_typ @ -40C)	a31c626	ihp-sg13cmos5l	ngspice-46 (EDA batch fleet runner, klt 0.5.0)
psrr	psrr_dyn_ff_-40c_rwcs_i1000ua_c4700nf_e500mohm	mos_ff	res_wcs	-40	1000e-6	4700n	500e-3	sim/ldo-cmos5l-pvt-sweep/netlist-snapshots/20261010-091123-a31c626/psrr_dyn_ff_-40c_rwcs_i1000ua_c4700nf_e500mohm.spice	33165922abc9a20a9f965a0f374e6b59c1d660a3dfda77022c6518c678a7a69f	klt sim --backend batch corners/20261010-091123-a31c626/_batch/g01_psrr_dyn_ss_125c_rbcs_i0ua_c330nf_e0mohm/request.json (batch_backend.py; corner mos_ff__res_wcs__cap_typ @ -40C)	a31c626	ihp-sg13cmos5l	ngspice-46 (EDA batch fleet runner, klt 0.5.0)
loopgain	loopgain_dyn_ff_-40c_rwcs_i25000ua_c330nf_e0mohm	mos_ff	res_wcs	-40	25000e-6	330n	0	sim/ldo-cmos5l-pvt-sweep/netlist-snapshots/20261010-091123-a31c626/loopgain_dyn_ff_-40c_rwcs_i25000ua_c330nf_e0mohm.spice	b522f96dcc5b01474a53150b17f4255943be07a1589320c423722b334a25fed6	klt sim --backend batch corners/20261010-091123-a31c626/_batch/g00_loopgain_dyn_ss_125c_rbcs_i0ua_c330nf_e0mohm/request.json (batch_backend.py; corner mos_ff__res_wcs__cap_typ @ -40C)	a31c626	ihp-sg13cmos5l	ngspice-46 (EDA batch fleet runner, klt 0.5.0)
psrr	psrr_dyn_ff_-40c_rwcs_i25000ua_c330nf_e0mohm	mos_ff	res_wcs	-40	25000e-6	330n	0	sim/ldo-cmos5l-pvt-sweep/netlist-snapshots/20261010-091123-a31c626/psrr_dyn_ff_-40c_rwcs_i25000ua_c330nf_e0mohm.spice	79c4803b677d740a23ae194584c68f222384e8c755987f46fcb3af2a70e9ed74	klt sim --backend batch corners/20261010-091123-a31c626/_batch/g01_psrr_dyn_ss_125c_rbcs_i0ua_c330nf_e0mohm/request.json (batch_backend.py; corner mos_ff__res_wcs__cap_typ @ -40C)	a31c626	ihp-sg13cmos5l	ngspice-46 (EDA batch fleet runner, klt 0.5.0)
loopgain	loopgain_dyn_ff_-40c_rwcs_i25000ua_c330nf_e250mohm	mos_ff	res_wcs	-40	25000e-6	330n	250e-3	sim/ldo-cmos5l-pvt-sweep/netlist-snapshots/20261010-091123-a31c626/loopgain_dyn_ff_-40c_rwcs_i25000ua_c330nf_e250mohm.spice	a8c169dd37ef78280931e0859bbe81ab3e9334c05d3acbe8cbb139f991d5c351	klt sim --backend batch corners/20261010-091123-a31c626/_batch/g00_loopgain_dyn_ss_125c_rbcs_i0ua_c330nf_e0mohm/request.json (batch_backend.py; corner mos_ff__res_wcs__cap_typ @ -40C)	a31c626	ihp-sg13cmos5l	ngspice-46 (EDA batch fleet runner, klt 0.5.0)
psrr	psrr_dyn_ff_-40c_rwcs_i25000ua_c330nf_e250mohm	mos_ff	res_wcs	-40	25000e-6	330n	250e-3	sim/ldo-cmos5l-pvt-sweep/netlist-snapshots/20261010-091123-a31c626/psrr_dyn_ff_-40c_rwcs_i25000ua_c330nf_e250mohm.spice	6007299835c4340f4e71b15c3842f0d115ce805e1be34f86102539397cb027cc	klt sim --backend batch corners/20261010-091123-a31c626/_batch/g01_psrr_dyn_ss_125c_rbcs_i0ua_c330nf_e0mohm/request.json (batch_backend.py; corner mos_ff__res_wcs__cap_typ @ -40C)	a31c626	ihp-sg13cmos5l	ngspice-46 (EDA batch fleet runner, klt 0.5.0)
loopgain	loopgain_dyn_ff_-40c_rwcs_i25000ua_c330nf_e500mohm	mos_ff	res_wcs	-40	25000e-6	330n	500e-3	sim/ldo-cmos5l-pvt-sweep/netlist-snapshots/20261010-091123-a31c626/loopgain_dyn_ff_-40c_rwcs_i25000ua_c330nf_e500mohm.spice	c53e11c9133d28a979bc6993aba48db314df09d00db0fe448036ccbc3fa2c784	klt sim --backend batch corners/20261010-091123-a31c626/_batch/g00_loopgain_dyn_ss_125c_rbcs_i0ua_c330nf_e0mohm/request.json (batch_backend.py; corner mos_ff__res_wcs__cap_typ @ -40C)	a31c626	ihp-sg13cmos5l	ngspice-46 (EDA batch fleet runner, klt 0.5.0)
psrr	psrr_dyn_ff_-40c_rwcs_i25000ua_c330nf_e500mohm	mos_ff	res_wcs	-40	25000e-6	330n	500e-3	sim/ldo-cmos5l-pvt-sweep/netlist-snapshots/20261010-091123-a31c626/psrr_dyn_ff_-40c_rwcs_i25000ua_c330nf_e500mohm.spice	ee025593bc3d9da95ba3aff3e7d5efb60e4aa07ac9be7de8b4a1b9e2ed359434	klt sim --backend batch corners/20261010-091123-a31c626/_batch/g01_psrr_dyn_ss_125c_rbcs_i0ua_c330nf_e0mohm/request.json (batch_backend.py; corner mos_ff__res_wcs__cap_typ @ -40C)	a31c626	ihp-sg13cmos5l	ngspice-46 (EDA batch fleet runner, klt 0.5.0)
loopgain	loopgain_dyn_ff_-40c_rwcs_i25000ua_c1000nf_e0mohm	mos_ff	res_wcs	-40	25000e-6	1000n	0	sim/ldo-cmos5l-pvt-sweep/netlist-snapshots/20261010-091123-a31c626/loopgain_dyn_ff_-40c_rwcs_i25000ua_c1000nf_e0mohm.spice	87d40343ba97f571f1322ffa2981f11a960dba602d937ad112b5df21c45cbb92	klt sim --backend batch corners/20261010-091123-a31c626/_batch/g00_loopgain_dyn_ss_125c_rbcs_i0ua_c330nf_e0mohm/request.json (batch_backend.py; corner mos_ff__res_wcs__cap_typ @ -40C)	a31c626	ihp-sg13cmos5l	ngspice-46 (EDA batch fleet runner, klt 0.5.0)
psrr	psrr_dyn_ff_-40c_rwcs_i25000ua_c1000nf_e0mohm	mos_ff	res_wcs	-40	25000e-6	1000n	0	sim/ldo-cmos5l-pvt-sweep/netlist-snapshots/20261010-091123-a31c626/psrr_dyn_ff_-40c_rwcs_i25000ua_c1000nf_e0mohm.spice	7bad51eb3ac1dc3426964bdca713bff65988e698f7fe93fa99b33291e7f0c9b7	klt sim --backend batch corners/20261010-091123-a31c626/_batch/g01_psrr_dyn_ss_125c_rbcs_i0ua_c330nf_e0mohm/request.json (batch_backend.py; corner mos_ff__res_wcs__cap_typ @ -40C)	a31c626	ihp-sg13cmos5l	ngspice-46 (EDA batch fleet runner, klt 0.5.0)
loopgain	loopgain_dyn_ff_-40c_rwcs_i25000ua_c1000nf_e250mohm	mos_ff	res_wcs	-40	25000e-6	1000n	250e-3	sim/ldo-cmos5l-pvt-sweep/netlist-snapshots/20261010-091123-a31c626/loopgain_dyn_ff_-40c_rwcs_i25000ua_c1000nf_e250mohm.spice	cf691b7a4a71710bb9d445467524d7313291ba5db2eae4866e41f6f1974f5a7d	klt sim --backend batch corners/20261010-091123-a31c626/_batch/g00_loopgain_dyn_ss_125c_rbcs_i0ua_c330nf_e0mohm/request.json (batch_backend.py; corner mos_ff__res_wcs__cap_typ @ -40C)	a31c626	ihp-sg13cmos5l	ngspice-46 (EDA batch fleet runner, klt 0.5.0)
psrr	psrr_dyn_ff_-40c_rwcs_i25000ua_c1000nf_e250mohm	mos_ff	res_wcs	-40	25000e-6	1000n	250e-3	sim/ldo-cmos5l-pvt-sweep/netlist-snapshots/20261010-091123-a31c626/psrr_dyn_ff_-40c_rwcs_i25000ua_c1000nf_e250mohm.spice	d0e149040e6e8a3e4b56c884f11570836daf31597b07ca0ce55a26d6ab957ade	klt sim --backend batch corners/20261010-091123-a31c626/_batch/g01_psrr_dyn_ss_125c_rbcs_i0ua_c330nf_e0mohm/request.json (batch_backend.py; corner mos_ff__res_wcs__cap_typ @ -40C)	a31c626	ihp-sg13cmos5l	ngspice-46 (EDA batch fleet runner, klt 0.5.0)
loopgain	loopgain_dyn_ff_-40c_rwcs_i25000ua_c1000nf_e500mohm	mos_ff	res_wcs	-40	25000e-6	1000n	500e-3	sim/ldo-cmos5l-pvt-sweep/netlist-snapshots/20261010-091123-a31c626/loopgain_dyn_ff_-40c_rwcs_i25000ua_c1000nf_e500mohm.spice	b5710e0908cbfe0d2201851402d4e0e63f535cb209c84836e952413f39271cf6	klt sim --backend batch corners/20261010-091123-a31c626/_batch/g00_loopgain_dyn_ss_125c_rbcs_i0ua_c330nf_e0mohm/request.json (batch_backend.py; corner mos_ff__res_wcs__cap_typ @ -40C)	a31c626	ihp-sg13cmos5l	ngspice-46 (EDA batch fleet runner, klt 0.5.0)
psrr	psrr_dyn_ff_-40c_rwcs_i25000ua_c1000nf_e500mohm	mos_ff	res_wcs	-40	25000e-6	1000n	500e-3	sim/ldo-cmos5l-pvt-sweep/netlist-snapshots/20261010-091123-a31c626/psrr_dyn_ff_-40c_rwcs_i25000ua_c1000nf_e500mohm.spice	7105440e2f2bc96d7a1dcb64372f70d1456e3dc27f029e6cc1e68bc997ffcc85	klt sim --backend batch corners/20261010-091123-a31c626/_batch/g01_psrr_dyn_ss_125c_rbcs_i0ua_c330nf_e0mohm/request.json (batch_backend.py; corner mos_ff__res_wcs__cap_typ @ -40C)	a31c626	ihp-sg13cmos5l	ngspice-46 (EDA batch fleet runner, klt 0.5.0)
loopgain	loopgain_dyn_ff_-40c_rwcs_i25000ua_c2200nf_e0mohm	mos_ff	res_wcs	-40	25000e-6	2200n	0	sim/ldo-cmos5l-pvt-sweep/netlist-snapshots/20261010-091123-a31c626/loopgain_dyn_ff_-40c_rwcs_i25000ua_c2200nf_e0mohm.spice	0c6afaac7ebb05887021810b5bbe0ef14c8a168fcfc0c796be048f7572448429	klt sim --backend batch corners/20261010-091123-a31c626/_batch/g00_loopgain_dyn_ss_125c_rbcs_i0ua_c330nf_e0mohm/request.json (batch_backend.py; corner mos_ff__res_wcs__cap_typ @ -40C)	a31c626	ihp-sg13cmos5l	ngspice-46 (EDA batch fleet runner, klt 0.5.0)
psrr	psrr_dyn_ff_-40c_rwcs_i25000ua_c2200nf_e0mohm	mos_ff	res_wcs	-40	25000e-6	2200n	0	sim/ldo-cmos5l-pvt-sweep/netlist-snapshots/20261010-091123-a31c626/psrr_dyn_ff_-40c_rwcs_i25000ua_c2200nf_e0mohm.spice	6bf39fa12a177057049c1f9bb0c8babb1c1366a8b0cd17d8e59083f774d3fd56	klt sim --backend batch corners/20261010-091123-a31c626/_batch/g01_psrr_dyn_ss_125c_rbcs_i0ua_c330nf_e0mohm/request.json (batch_backend.py; corner mos_ff__res_wcs__cap_typ @ -40C)	a31c626	ihp-sg13cmos5l	ngspice-46 (EDA batch fleet runner, klt 0.5.0)
loopgain	loopgain_dyn_ff_-40c_rwcs_i25000ua_c2200nf_e250mohm	mos_ff	res_wcs	-40	25000e-6	2200n	250e-3	sim/ldo-cmos5l-pvt-sweep/netlist-snapshots/20261010-091123-a31c626/loopgain_dyn_ff_-40c_rwcs_i25000ua_c2200nf_e250mohm.spice	7312b021bb943336aa91e9dc8d00a3279413bae30534d40eaa12e151b02fd13c	klt sim --backend batch corners/20261010-091123-a31c626/_batch/g00_loopgain_dyn_ss_125c_rbcs_i0ua_c330nf_e0mohm/request.json (batch_backend.py; corner mos_ff__res_wcs__cap_typ @ -40C)	a31c626	ihp-sg13cmos5l	ngspice-46 (EDA batch fleet runner, klt 0.5.0)
psrr	psrr_dyn_ff_-40c_rwcs_i25000ua_c2200nf_e250mohm	mos_ff	res_wcs	-40	25000e-6	2200n	250e-3	sim/ldo-cmos5l-pvt-sweep/netlist-snapshots/20261010-091123-a31c626/psrr_dyn_ff_-40c_rwcs_i25000ua_c2200nf_e250mohm.spice	8e1f270e4b3b3c6e1f06f550263124f77f0e9ce08919a98c713e8995dfe0119a	klt sim --backend batch corners/20261010-091123-a31c626/_batch/g01_psrr_dyn_ss_125c_rbcs_i0ua_c330nf_e0mohm/request.json (batch_backend.py; corner mos_ff__res_wcs__cap_typ @ -40C)	a31c626	ihp-sg13cmos5l	ngspice-46 (EDA batch fleet runner, klt 0.5.0)
loopgain	loopgain_dyn_ff_-40c_rwcs_i25000ua_c2200nf_e500mohm	mos_ff	res_wcs	-40	25000e-6	2200n	500e-3	sim/ldo-cmos5l-pvt-sweep/netlist-snapshots/20261010-091123-a31c626/loopgain_dyn_ff_-40c_rwcs_i25000ua_c2200nf_e500mohm.spice	1b3709cee1be3cf1ff5409496bbd9c76d8cc69018ae38f8f60332dffb56cda5c	klt sim --backend batch corners/20261010-091123-a31c626/_batch/g00_loopgain_dyn_ss_125c_rbcs_i0ua_c330nf_e0mohm/request.json (batch_backend.py; corner mos_ff__res_wcs__cap_typ @ -40C)	a31c626	ihp-sg13cmos5l	ngspice-46 (EDA batch fleet runner, klt 0.5.0)
psrr	psrr_dyn_ff_-40c_rwcs_i25000ua_c2200nf_e500mohm	mos_ff	res_wcs	-40	25000e-6	2200n	500e-3	sim/ldo-cmos5l-pvt-sweep/netlist-snapshots/20261010-091123-a31c626/psrr_dyn_ff_-40c_rwcs_i25000ua_c2200nf_e500mohm.spice	6e41158fd465d86c66610c40040eb79973decb8088aa66c2d6a6fd89378e6968	klt sim --backend batch corners/20261010-091123-a31c626/_batch/g01_psrr_dyn_ss_125c_rbcs_i0ua_c330nf_e0mohm/request.json (batch_backend.py; corner mos_ff__res_wcs__cap_typ @ -40C)	a31c626	ihp-sg13cmos5l	ngspice-46 (EDA batch fleet runner, klt 0.5.0)
loopgain	loopgain_dyn_ff_-40c_rwcs_i25000ua_c4700nf_e0mohm	mos_ff	res_wcs	-40	25000e-6	4700n	0	sim/ldo-cmos5l-pvt-sweep/netlist-snapshots/20261010-091123-a31c626/loopgain_dyn_ff_-40c_rwcs_i25000ua_c4700nf_e0mohm.spice	c0ae97ae6eb083937e2371c5bd6f30a110073d22f5e2fadd73b54583c8f5e449	klt sim --backend batch corners/20261010-091123-a31c626/_batch/g00_loopgain_dyn_ss_125c_rbcs_i0ua_c330nf_e0mohm/request.json (batch_backend.py; corner mos_ff__res_wcs__cap_typ @ -40C)	a31c626	ihp-sg13cmos5l	ngspice-46 (EDA batch fleet runner, klt 0.5.0)
psrr	psrr_dyn_ff_-40c_rwcs_i25000ua_c4700nf_e0mohm	mos_ff	res_wcs	-40	25000e-6	4700n	0	sim/ldo-cmos5l-pvt-sweep/netlist-snapshots/20261010-091123-a31c626/psrr_dyn_ff_-40c_rwcs_i25000ua_c4700nf_e0mohm.spice	848976e88236b8cbb9002d2e3cba923d9cc7407718f46a537a89b12a9bfd69c9	klt sim --backend batch corners/20261010-091123-a31c626/_batch/g01_psrr_dyn_ss_125c_rbcs_i0ua_c330nf_e0mohm/request.json (batch_backend.py; corner mos_ff__res_wcs__cap_typ @ -40C)	a31c626	ihp-sg13cmos5l	ngspice-46 (EDA batch fleet runner, klt 0.5.0)
loopgain	loopgain_dyn_ff_-40c_rwcs_i25000ua_c4700nf_e250mohm	mos_ff	res_wcs	-40	25000e-6	4700n	250e-3	sim/ldo-cmos5l-pvt-sweep/netlist-snapshots/20261010-091123-a31c626/loopgain_dyn_ff_-40c_rwcs_i25000ua_c4700nf_e250mohm.spice	92aae1ef97de4ef9a492aff1f4a5794b4d5ee0b5acb48d7ba92eb82fdef86f43	klt sim --backend batch corners/20261010-091123-a31c626/_batch/g00_loopgain_dyn_ss_125c_rbcs_i0ua_c330nf_e0mohm/request.json (batch_backend.py; corner mos_ff__res_wcs__cap_typ @ -40C)	a31c626	ihp-sg13cmos5l	ngspice-46 (EDA batch fleet runner, klt 0.5.0)
psrr	psrr_dyn_ff_-40c_rwcs_i25000ua_c4700nf_e250mohm	mos_ff	res_wcs	-40	25000e-6	4700n	250e-3	sim/ldo-cmos5l-pvt-sweep/netlist-snapshots/20261010-091123-a31c626/psrr_dyn_ff_-40c_rwcs_i25000ua_c4700nf_e250mohm.spice	f7fdd1b88f65d715a09d7e1eb5402b49981fa319db5323be783540294336389a	klt sim --backend batch corners/20261010-091123-a31c626/_batch/g01_psrr_dyn_ss_125c_rbcs_i0ua_c330nf_e0mohm/request.json (batch_backend.py; corner mos_ff__res_wcs__cap_typ @ -40C)	a31c626	ihp-sg13cmos5l	ngspice-46 (EDA batch fleet runner, klt 0.5.0)
loopgain	loopgain_dyn_ff_-40c_rwcs_i25000ua_c4700nf_e500mohm	mos_ff	res_wcs	-40	25000e-6	4700n	500e-3	sim/ldo-cmos5l-pvt-sweep/netlist-snapshots/20261010-091123-a31c626/loopgain_dyn_ff_-40c_rwcs_i25000ua_c4700nf_e500mohm.spice	5964914a5724f9b68e598aa1aa73c3a6f0871920816217b3203b0d252f514ab1	klt sim --backend batch corners/20261010-091123-a31c626/_batch/g00_loopgain_dyn_ss_125c_rbcs_i0ua_c330nf_e0mohm/request.json (batch_backend.py; corner mos_ff__res_wcs__cap_typ @ -40C)	a31c626	ihp-sg13cmos5l	ngspice-46 (EDA batch fleet runner, klt 0.5.0)
psrr	psrr_dyn_ff_-40c_rwcs_i25000ua_c4700nf_e500mohm	mos_ff	res_wcs	-40	25000e-6	4700n	500e-3	sim/ldo-cmos5l-pvt-sweep/netlist-snapshots/20261010-091123-a31c626/psrr_dyn_ff_-40c_rwcs_i25000ua_c4700nf_e500mohm.spice	796c7d90c6dfc31ae3d3d945f92bd7059cfd0ba3478e245fa3d84f4b04b83bd7	klt sim --backend batch corners/20261010-091123-a31c626/_batch/g01_psrr_dyn_ss_125c_rbcs_i0ua_c330nf_e0mohm/request.json (batch_backend.py; corner mos_ff__res_wcs__cap_typ @ -40C)	a31c626	ihp-sg13cmos5l	ngspice-46 (EDA batch fleet runner, klt 0.5.0)
loopgain	loopgain_dyn_ff_-40c_rwcs_i50000ua_c330nf_e0mohm	mos_ff	res_wcs	-40	50000e-6	330n	0	sim/ldo-cmos5l-pvt-sweep/netlist-snapshots/20261010-091123-a31c626/loopgain_dyn_ff_-40c_rwcs_i50000ua_c330nf_e0mohm.spice	8c3cb8ac286764aabfd8dbd6ee1cc00b3c3375a9e4b6b4f192ac074ce1d4ec8d	klt sim --backend batch corners/20261010-091123-a31c626/_batch/g00_loopgain_dyn_ss_125c_rbcs_i0ua_c330nf_e0mohm/request.json (batch_backend.py; corner mos_ff__res_wcs__cap_typ @ -40C)	a31c626	ihp-sg13cmos5l	ngspice-46 (EDA batch fleet runner, klt 0.5.0)
psrr	psrr_dyn_ff_-40c_rwcs_i50000ua_c330nf_e0mohm	mos_ff	res_wcs	-40	50000e-6	330n	0	sim/ldo-cmos5l-pvt-sweep/netlist-snapshots/20261010-091123-a31c626/psrr_dyn_ff_-40c_rwcs_i50000ua_c330nf_e0mohm.spice	17d444ae0d84e3e8f638991895bd109afd92befd44c4313f18b6d2a1687e67ca	klt sim --backend batch corners/20261010-091123-a31c626/_batch/g01_psrr_dyn_ss_125c_rbcs_i0ua_c330nf_e0mohm/request.json (batch_backend.py; corner mos_ff__res_wcs__cap_typ @ -40C)	a31c626	ihp-sg13cmos5l	ngspice-46 (EDA batch fleet runner, klt 0.5.0)
loopgain	loopgain_dyn_ff_-40c_rwcs_i50000ua_c330nf_e250mohm	mos_ff	res_wcs	-40	50000e-6	330n	250e-3	sim/ldo-cmos5l-pvt-sweep/netlist-snapshots/20261010-091123-a31c626/loopgain_dyn_ff_-40c_rwcs_i50000ua_c330nf_e250mohm.spice	246a76a8d9a8b8cd83c1522adbbca4e399178372edd09cac68f2c5dcce7e1f04	klt sim --backend batch corners/20261010-091123-a31c626/_batch/g00_loopgain_dyn_ss_125c_rbcs_i0ua_c330nf_e0mohm/request.json (batch_backend.py; corner mos_ff__res_wcs__cap_typ @ -40C)	a31c626	ihp-sg13cmos5l	ngspice-46 (EDA batch fleet runner, klt 0.5.0)
psrr	psrr_dyn_ff_-40c_rwcs_i50000ua_c330nf_e250mohm	mos_ff	res_wcs	-40	50000e-6	330n	250e-3	sim/ldo-cmos5l-pvt-sweep/netlist-snapshots/20261010-091123-a31c626/psrr_dyn_ff_-40c_rwcs_i50000ua_c330nf_e250mohm.spice	b1f840d7756874f3373097836e06e8f87ed59da41921fd850678ecf09c29c5ca	klt sim --backend batch corners/20261010-091123-a31c626/_batch/g01_psrr_dyn_ss_125c_rbcs_i0ua_c330nf_e0mohm/request.json (batch_backend.py; corner mos_ff__res_wcs__cap_typ @ -40C)	a31c626	ihp-sg13cmos5l	ngspice-46 (EDA batch fleet runner, klt 0.5.0)
loopgain	loopgain_dyn_ff_-40c_rwcs_i50000ua_c330nf_e500mohm	mos_ff	res_wcs	-40	50000e-6	330n	500e-3	sim/ldo-cmos5l-pvt-sweep/netlist-snapshots/20261010-091123-a31c626/loopgain_dyn_ff_-40c_rwcs_i50000ua_c330nf_e500mohm.spice	62106689102577ed054ac80558b7d8b49488e15c61dccdc62b37e58164861a27	klt sim --backend batch corners/20261010-091123-a31c626/_batch/g00_loopgain_dyn_ss_125c_rbcs_i0ua_c330nf_e0mohm/request.json (batch_backend.py; corner mos_ff__res_wcs__cap_typ @ -40C)	a31c626	ihp-sg13cmos5l	ngspice-46 (EDA batch fleet runner, klt 0.5.0)
psrr	psrr_dyn_ff_-40c_rwcs_i50000ua_c330nf_e500mohm	mos_ff	res_wcs	-40	50000e-6	330n	500e-3	sim/ldo-cmos5l-pvt-sweep/netlist-snapshots/20261010-091123-a31c626/psrr_dyn_ff_-40c_rwcs_i50000ua_c330nf_e500mohm.spice	61268830a2e6188d51448cfe541fa21e999e5930d5021a9e7fea48fc4bd67e31	klt sim --backend batch corners/20261010-091123-a31c626/_batch/g01_psrr_dyn_ss_125c_rbcs_i0ua_c330nf_e0mohm/request.json (batch_backend.py; corner mos_ff__res_wcs__cap_typ @ -40C)	a31c626	ihp-sg13cmos5l	ngspice-46 (EDA batch fleet runner, klt 0.5.0)
loopgain	loopgain_dyn_ff_-40c_rwcs_i50000ua_c1000nf_e0mohm	mos_ff	res_wcs	-40	50000e-6	1000n	0	sim/ldo-cmos5l-pvt-sweep/netlist-snapshots/20261010-091123-a31c626/loopgain_dyn_ff_-40c_rwcs_i50000ua_c1000nf_e0mohm.spice	e3c5f97ffefd6bd3427972202366c83faf668f7da1e4fd7a9c3028e15179128f	klt sim --backend batch corners/20261010-091123-a31c626/_batch/g00_loopgain_dyn_ss_125c_rbcs_i0ua_c330nf_e0mohm/request.json (batch_backend.py; corner mos_ff__res_wcs__cap_typ @ -40C)	a31c626	ihp-sg13cmos5l	ngspice-46 (EDA batch fleet runner, klt 0.5.0)
psrr	psrr_dyn_ff_-40c_rwcs_i50000ua_c1000nf_e0mohm	mos_ff	res_wcs	-40	50000e-6	1000n	0	sim/ldo-cmos5l-pvt-sweep/netlist-snapshots/20261010-091123-a31c626/psrr_dyn_ff_-40c_rwcs_i50000ua_c1000nf_e0mohm.spice	f194afb70c62bf17049cb9f024088f4810720dd1edd70452fcbb36505c50b169	klt sim --backend batch corners/20261010-091123-a31c626/_batch/g01_psrr_dyn_ss_125c_rbcs_i0ua_c330nf_e0mohm/request.json (batch_backend.py; corner mos_ff__res_wcs__cap_typ @ -40C)	a31c626	ihp-sg13cmos5l	ngspice-46 (EDA batch fleet runner, klt 0.5.0)
loopgain	loopgain_dyn_ff_-40c_rwcs_i50000ua_c1000nf_e250mohm	mos_ff	res_wcs	-40	50000e-6	1000n	250e-3	sim/ldo-cmos5l-pvt-sweep/netlist-snapshots/20261010-091123-a31c626/loopgain_dyn_ff_-40c_rwcs_i50000ua_c1000nf_e250mohm.spice	e9ac2e15804620e1c09a7ebfd62c190de79de8be226d21a08a2064a20e197761	klt sim --backend batch corners/20261010-091123-a31c626/_batch/g00_loopgain_dyn_ss_125c_rbcs_i0ua_c330nf_e0mohm/request.json (batch_backend.py; corner mos_ff__res_wcs__cap_typ @ -40C)	a31c626	ihp-sg13cmos5l	ngspice-46 (EDA batch fleet runner, klt 0.5.0)
psrr	psrr_dyn_ff_-40c_rwcs_i50000ua_c1000nf_e250mohm	mos_ff	res_wcs	-40	50000e-6	1000n	250e-3	sim/ldo-cmos5l-pvt-sweep/netlist-snapshots/20261010-091123-a31c626/psrr_dyn_ff_-40c_rwcs_i50000ua_c1000nf_e250mohm.spice	4c7cd64c915526cffd4f81155923d721c7c2db9e76974c31b75efa36c43f9e66	klt sim --backend batch corners/20261010-091123-a31c626/_batch/g01_psrr_dyn_ss_125c_rbcs_i0ua_c330nf_e0mohm/request.json (batch_backend.py; corner mos_ff__res_wcs__cap_typ @ -40C)	a31c626	ihp-sg13cmos5l	ngspice-46 (EDA batch fleet runner, klt 0.5.0)
loopgain	loopgain_dyn_ff_-40c_rwcs_i50000ua_c1000nf_e500mohm	mos_ff	res_wcs	-40	50000e-6	1000n	500e-3	sim/ldo-cmos5l-pvt-sweep/netlist-snapshots/20261010-091123-a31c626/loopgain_dyn_ff_-40c_rwcs_i50000ua_c1000nf_e500mohm.spice	266796445c51347ae8fa49eb483793109d9163d597391c8e067e98fcd2f36134	klt sim --backend batch corners/20261010-091123-a31c626/_batch/g00_loopgain_dyn_ss_125c_rbcs_i0ua_c330nf_e0mohm/request.json (batch_backend.py; corner mos_ff__res_wcs__cap_typ @ -40C)	a31c626	ihp-sg13cmos5l	ngspice-46 (EDA batch fleet runner, klt 0.5.0)
psrr	psrr_dyn_ff_-40c_rwcs_i50000ua_c1000nf_e500mohm	mos_ff	res_wcs	-40	50000e-6	1000n	500e-3	sim/ldo-cmos5l-pvt-sweep/netlist-snapshots/20261010-091123-a31c626/psrr_dyn_ff_-40c_rwcs_i50000ua_c1000nf_e500mohm.spice	85b86b4efe3bb8648870de4f9bbf2cb61b97f13ef833e639dba6b75e67dcea9f	klt sim --backend batch corners/20261010-091123-a31c626/_batch/g01_psrr_dyn_ss_125c_rbcs_i0ua_c330nf_e0mohm/request.json (batch_backend.py; corner mos_ff__res_wcs__cap_typ @ -40C)	a31c626	ihp-sg13cmos5l	ngspice-46 (EDA batch fleet runner, klt 0.5.0)
loopgain	loopgain_dyn_ff_-40c_rwcs_i50000ua_c2200nf_e0mohm	mos_ff	res_wcs	-40	50000e-6	2200n	0	sim/ldo-cmos5l-pvt-sweep/netlist-snapshots/20261010-091123-a31c626/loopgain_dyn_ff_-40c_rwcs_i50000ua_c2200nf_e0mohm.spice	33f0a4a647c3efa8243bc5992752d3067bdbfb25757a7c9b6d98d223754db64b	klt sim --backend batch corners/20261010-091123-a31c626/_batch/g00_loopgain_dyn_ss_125c_rbcs_i0ua_c330nf_e0mohm/request.json (batch_backend.py; corner mos_ff__res_wcs__cap_typ @ -40C)	a31c626	ihp-sg13cmos5l	ngspice-46 (EDA batch fleet runner, klt 0.5.0)
psrr	psrr_dyn_ff_-40c_rwcs_i50000ua_c2200nf_e0mohm	mos_ff	res_wcs	-40	50000e-6	2200n	0	sim/ldo-cmos5l-pvt-sweep/netlist-snapshots/20261010-091123-a31c626/psrr_dyn_ff_-40c_rwcs_i50000ua_c2200nf_e0mohm.spice	5243d4870a1cbef6c3dddc9b6edf73cea3c4792bbcbe363e3ba2eeaa697ef730	klt sim --backend batch corners/20261010-091123-a31c626/_batch/g01_psrr_dyn_ss_125c_rbcs_i0ua_c330nf_e0mohm/request.json (batch_backend.py; corner mos_ff__res_wcs__cap_typ @ -40C)	a31c626	ihp-sg13cmos5l	ngspice-46 (EDA batch fleet runner, klt 0.5.0)
loopgain	loopgain_dyn_ff_-40c_rwcs_i50000ua_c2200nf_e250mohm	mos_ff	res_wcs	-40	50000e-6	2200n	250e-3	sim/ldo-cmos5l-pvt-sweep/netlist-snapshots/20261010-091123-a31c626/loopgain_dyn_ff_-40c_rwcs_i50000ua_c2200nf_e250mohm.spice	edcf3d6546ac0bf794ad248a29ea0d8ea85f05f366e99bc102ead558f0cb5281	klt sim --backend batch corners/20261010-091123-a31c626/_batch/g00_loopgain_dyn_ss_125c_rbcs_i0ua_c330nf_e0mohm/request.json (batch_backend.py; corner mos_ff__res_wcs__cap_typ @ -40C)	a31c626	ihp-sg13cmos5l	ngspice-46 (EDA batch fleet runner, klt 0.5.0)
psrr	psrr_dyn_ff_-40c_rwcs_i50000ua_c2200nf_e250mohm	mos_ff	res_wcs	-40	50000e-6	2200n	250e-3	sim/ldo-cmos5l-pvt-sweep/netlist-snapshots/20261010-091123-a31c626/psrr_dyn_ff_-40c_rwcs_i50000ua_c2200nf_e250mohm.spice	31abd443dc8e6a89bad02c3551ca2d98b2ab5e9298001eb9fdeafd2131949c2c	klt sim --backend batch corners/20261010-091123-a31c626/_batch/g01_psrr_dyn_ss_125c_rbcs_i0ua_c330nf_e0mohm/request.json (batch_backend.py; corner mos_ff__res_wcs__cap_typ @ -40C)	a31c626	ihp-sg13cmos5l	ngspice-46 (EDA batch fleet runner, klt 0.5.0)
loopgain	loopgain_dyn_ff_-40c_rwcs_i50000ua_c2200nf_e500mohm	mos_ff	res_wcs	-40	50000e-6	2200n	500e-3	sim/ldo-cmos5l-pvt-sweep/netlist-snapshots/20261010-091123-a31c626/loopgain_dyn_ff_-40c_rwcs_i50000ua_c2200nf_e500mohm.spice	140a46692f3455f203da3edcb9e5302a118892120576868b51cd7b33a7972a35	klt sim --backend batch corners/20261010-091123-a31c626/_batch/g00_loopgain_dyn_ss_125c_rbcs_i0ua_c330nf_e0mohm/request.json (batch_backend.py; corner mos_ff__res_wcs__cap_typ @ -40C)	a31c626	ihp-sg13cmos5l	ngspice-46 (EDA batch fleet runner, klt 0.5.0)
psrr	psrr_dyn_ff_-40c_rwcs_i50000ua_c2200nf_e500mohm	mos_ff	res_wcs	-40	50000e-6	2200n	500e-3	sim/ldo-cmos5l-pvt-sweep/netlist-snapshots/20261010-091123-a31c626/psrr_dyn_ff_-40c_rwcs_i50000ua_c2200nf_e500mohm.spice	bf8fd342d5f3170ac117c36a66d9e327ec72c6375a7b27ff8246e5aff810f23e	klt sim --backend batch corners/20261010-091123-a31c626/_batch/g01_psrr_dyn_ss_125c_rbcs_i0ua_c330nf_e0mohm/request.json (batch_backend.py; corner mos_ff__res_wcs__cap_typ @ -40C)	a31c626	ihp-sg13cmos5l	ngspice-46 (EDA batch fleet runner, klt 0.5.0)
loopgain	loopgain_dyn_ff_-40c_rwcs_i50000ua_c4700nf_e0mohm	mos_ff	res_wcs	-40	50000e-6	4700n	0	sim/ldo-cmos5l-pvt-sweep/netlist-snapshots/20261010-091123-a31c626/loopgain_dyn_ff_-40c_rwcs_i50000ua_c4700nf_e0mohm.spice	41add7b9edc8c37e41125b3b2fc1eaa1533394bf138f0354357142f6efceee4f	klt sim --backend batch corners/20261010-091123-a31c626/_batch/g00_loopgain_dyn_ss_125c_rbcs_i0ua_c330nf_e0mohm/request.json (batch_backend.py; corner mos_ff__res_wcs__cap_typ @ -40C)	a31c626	ihp-sg13cmos5l	ngspice-46 (EDA batch fleet runner, klt 0.5.0)
psrr	psrr_dyn_ff_-40c_rwcs_i50000ua_c4700nf_e0mohm	mos_ff	res_wcs	-40	50000e-6	4700n	0	sim/ldo-cmos5l-pvt-sweep/netlist-snapshots/20261010-091123-a31c626/psrr_dyn_ff_-40c_rwcs_i50000ua_c4700nf_e0mohm.spice	e0caf12c3a1f5e3d15eac8f1069b18df4d5da4df4c7e2eb8d3d93a44b7e0015c	klt sim --backend batch corners/20261010-091123-a31c626/_batch/g01_psrr_dyn_ss_125c_rbcs_i0ua_c330nf_e0mohm/request.json (batch_backend.py; corner mos_ff__res_wcs__cap_typ @ -40C)	a31c626	ihp-sg13cmos5l	ngspice-46 (EDA batch fleet runner, klt 0.5.0)
loopgain	loopgain_dyn_ff_-40c_rwcs_i50000ua_c4700nf_e250mohm	mos_ff	res_wcs	-40	50000e-6	4700n	250e-3	sim/ldo-cmos5l-pvt-sweep/netlist-snapshots/20261010-091123-a31c626/loopgain_dyn_ff_-40c_rwcs_i50000ua_c4700nf_e250mohm.spice	15c049e66dea92cf43c5371bd0c15cf521f460bd60b64aee2333d1923d76fda6	klt sim --backend batch corners/20261010-091123-a31c626/_batch/g00_loopgain_dyn_ss_125c_rbcs_i0ua_c330nf_e0mohm/request.json (batch_backend.py; corner mos_ff__res_wcs__cap_typ @ -40C)	a31c626	ihp-sg13cmos5l	ngspice-46 (EDA batch fleet runner, klt 0.5.0)
psrr	psrr_dyn_ff_-40c_rwcs_i50000ua_c4700nf_e250mohm	mos_ff	res_wcs	-40	50000e-6	4700n	250e-3	sim/ldo-cmos5l-pvt-sweep/netlist-snapshots/20261010-091123-a31c626/psrr_dyn_ff_-40c_rwcs_i50000ua_c4700nf_e250mohm.spice	3b3b5b71b12ca66b508bc643863edc11a8aaed19648f87583e53ed85fad2aa73	klt sim --backend batch corners/20261010-091123-a31c626/_batch/g01_psrr_dyn_ss_125c_rbcs_i0ua_c330nf_e0mohm/request.json (batch_backend.py; corner mos_ff__res_wcs__cap_typ @ -40C)	a31c626	ihp-sg13cmos5l	ngspice-46 (EDA batch fleet runner, klt 0.5.0)
loopgain	loopgain_dyn_ff_-40c_rwcs_i50000ua_c4700nf_e500mohm	mos_ff	res_wcs	-40	50000e-6	4700n	500e-3	sim/ldo-cmos5l-pvt-sweep/netlist-snapshots/20261010-091123-a31c626/loopgain_dyn_ff_-40c_rwcs_i50000ua_c4700nf_e500mohm.spice	fd3d1a276b2bf41ae4da6f4e2e877e706c2d3297c9c2769e7497e1e84067f621	klt sim --backend batch corners/20261010-091123-a31c626/_batch/g00_loopgain_dyn_ss_125c_rbcs_i0ua_c330nf_e0mohm/request.json (batch_backend.py; corner mos_ff__res_wcs__cap_typ @ -40C)	a31c626	ihp-sg13cmos5l	ngspice-46 (EDA batch fleet runner, klt 0.5.0)
psrr	psrr_dyn_ff_-40c_rwcs_i50000ua_c4700nf_e500mohm	mos_ff	res_wcs	-40	50000e-6	4700n	500e-3	sim/ldo-cmos5l-pvt-sweep/netlist-snapshots/20261010-091123-a31c626/psrr_dyn_ff_-40c_rwcs_i50000ua_c4700nf_e500mohm.spice	306af2fdfec49d36b6dc563351391ab6268cea11a961e3b3694fd5ec14efeb56	klt sim --backend batch corners/20261010-091123-a31c626/_batch/g01_psrr_dyn_ss_125c_rbcs_i0ua_c330nf_e0mohm/request.json (batch_backend.py; corner mos_ff__res_wcs__cap_typ @ -40C)	a31c626	ihp-sg13cmos5l	ngspice-46 (EDA batch fleet runner, klt 0.5.0)
loopgain	loopgain_dyn_ss_125c_rwcs_i0ua_c330nf_e0mohm	mos_ss	res_wcs	125	0	330n	0	sim/ldo-cmos5l-pvt-sweep/netlist-snapshots/20261010-091123-a31c626/loopgain_dyn_ss_125c_rwcs_i0ua_c330nf_e0mohm.spice	1f1637c4e3345c64de955a9eef8666cf74c71fc34a7e5bcd47b9f236dcf6f7f7	klt sim --backend batch corners/20261010-091123-a31c626/_batch/g00_loopgain_dyn_ss_125c_rbcs_i0ua_c330nf_e0mohm/request.json (batch_backend.py; corner mos_ss__res_wcs__cap_typ @ 125C)	a31c626	ihp-sg13cmos5l	ngspice-46 (EDA batch fleet runner, klt 0.5.0)
psrr	psrr_dyn_ss_125c_rwcs_i0ua_c330nf_e0mohm	mos_ss	res_wcs	125	0	330n	0	sim/ldo-cmos5l-pvt-sweep/netlist-snapshots/20261010-091123-a31c626/psrr_dyn_ss_125c_rwcs_i0ua_c330nf_e0mohm.spice	3a56445dc6b3c042d21fc518c4082f28032c765d96226687a11bf6243083a3a5	klt sim --backend batch corners/20261010-091123-a31c626/_batch/g01_psrr_dyn_ss_125c_rbcs_i0ua_c330nf_e0mohm/request.json (batch_backend.py; corner mos_ss__res_wcs__cap_typ @ 125C)	a31c626	ihp-sg13cmos5l	ngspice-46 (EDA batch fleet runner, klt 0.5.0)
loopgain	loopgain_dyn_ss_125c_rwcs_i0ua_c330nf_e250mohm	mos_ss	res_wcs	125	0	330n	250e-3	sim/ldo-cmos5l-pvt-sweep/netlist-snapshots/20261010-091123-a31c626/loopgain_dyn_ss_125c_rwcs_i0ua_c330nf_e250mohm.spice	a51bc772dc56e3af3769a88dc6be21162a32e76f41a1cb59973a1e80d883ec53	klt sim --backend batch corners/20261010-091123-a31c626/_batch/g00_loopgain_dyn_ss_125c_rbcs_i0ua_c330nf_e0mohm/request.json (batch_backend.py; corner mos_ss__res_wcs__cap_typ @ 125C)	a31c626	ihp-sg13cmos5l	ngspice-46 (EDA batch fleet runner, klt 0.5.0)
psrr	psrr_dyn_ss_125c_rwcs_i0ua_c330nf_e250mohm	mos_ss	res_wcs	125	0	330n	250e-3	sim/ldo-cmos5l-pvt-sweep/netlist-snapshots/20261010-091123-a31c626/psrr_dyn_ss_125c_rwcs_i0ua_c330nf_e250mohm.spice	26ddd06f23f05cf73d658dbcb1cb126638ec9fe7a87c40590f00e2461be1e3b7	klt sim --backend batch corners/20261010-091123-a31c626/_batch/g01_psrr_dyn_ss_125c_rbcs_i0ua_c330nf_e0mohm/request.json (batch_backend.py; corner mos_ss__res_wcs__cap_typ @ 125C)	a31c626	ihp-sg13cmos5l	ngspice-46 (EDA batch fleet runner, klt 0.5.0)
loopgain	loopgain_dyn_ss_125c_rwcs_i0ua_c330nf_e500mohm	mos_ss	res_wcs	125	0	330n	500e-3	sim/ldo-cmos5l-pvt-sweep/netlist-snapshots/20261010-091123-a31c626/loopgain_dyn_ss_125c_rwcs_i0ua_c330nf_e500mohm.spice	7349b1eba0d4a324da838db521d69d89c7e50c46a93d50acdcf039dd41ef51ae	klt sim --backend batch corners/20261010-091123-a31c626/_batch/g00_loopgain_dyn_ss_125c_rbcs_i0ua_c330nf_e0mohm/request.json (batch_backend.py; corner mos_ss__res_wcs__cap_typ @ 125C)	a31c626	ihp-sg13cmos5l	ngspice-46 (EDA batch fleet runner, klt 0.5.0)
psrr	psrr_dyn_ss_125c_rwcs_i0ua_c330nf_e500mohm	mos_ss	res_wcs	125	0	330n	500e-3	sim/ldo-cmos5l-pvt-sweep/netlist-snapshots/20261010-091123-a31c626/psrr_dyn_ss_125c_rwcs_i0ua_c330nf_e500mohm.spice	d283229d17d06ab8963d25c1fc04c13aef86a6dcf0ba0e297401c62d42fcc863	klt sim --backend batch corners/20261010-091123-a31c626/_batch/g01_psrr_dyn_ss_125c_rbcs_i0ua_c330nf_e0mohm/request.json (batch_backend.py; corner mos_ss__res_wcs__cap_typ @ 125C)	a31c626	ihp-sg13cmos5l	ngspice-46 (EDA batch fleet runner, klt 0.5.0)
loopgain	loopgain_dyn_ss_125c_rwcs_i0ua_c1000nf_e0mohm	mos_ss	res_wcs	125	0	1000n	0	sim/ldo-cmos5l-pvt-sweep/netlist-snapshots/20261010-091123-a31c626/loopgain_dyn_ss_125c_rwcs_i0ua_c1000nf_e0mohm.spice	9438ce720057af9617ad03740f5631fc91f4d93fa5990529703f9dd6bedf34ac	klt sim --backend batch corners/20261010-091123-a31c626/_batch/g00_loopgain_dyn_ss_125c_rbcs_i0ua_c330nf_e0mohm/request.json (batch_backend.py; corner mos_ss__res_wcs__cap_typ @ 125C)	a31c626	ihp-sg13cmos5l	ngspice-46 (EDA batch fleet runner, klt 0.5.0)
psrr	psrr_dyn_ss_125c_rwcs_i0ua_c1000nf_e0mohm	mos_ss	res_wcs	125	0	1000n	0	sim/ldo-cmos5l-pvt-sweep/netlist-snapshots/20261010-091123-a31c626/psrr_dyn_ss_125c_rwcs_i0ua_c1000nf_e0mohm.spice	59fdccc19ba17829b8d926e7bed7ddb1d7977163a1fda443c139bef5552a2d33	klt sim --backend batch corners/20261010-091123-a31c626/_batch/g01_psrr_dyn_ss_125c_rbcs_i0ua_c330nf_e0mohm/request.json (batch_backend.py; corner mos_ss__res_wcs__cap_typ @ 125C)	a31c626	ihp-sg13cmos5l	ngspice-46 (EDA batch fleet runner, klt 0.5.0)
loopgain	loopgain_dyn_ss_125c_rwcs_i0ua_c1000nf_e250mohm	mos_ss	res_wcs	125	0	1000n	250e-3	sim/ldo-cmos5l-pvt-sweep/netlist-snapshots/20261010-091123-a31c626/loopgain_dyn_ss_125c_rwcs_i0ua_c1000nf_e250mohm.spice	b6b5d9b902a70021d93b0eccf2269807d391220f047f5efd9b21282ad0cadaea	klt sim --backend batch corners/20261010-091123-a31c626/_batch/g00_loopgain_dyn_ss_125c_rbcs_i0ua_c330nf_e0mohm/request.json (batch_backend.py; corner mos_ss__res_wcs__cap_typ @ 125C)	a31c626	ihp-sg13cmos5l	ngspice-46 (EDA batch fleet runner, klt 0.5.0)
psrr	psrr_dyn_ss_125c_rwcs_i0ua_c1000nf_e250mohm	mos_ss	res_wcs	125	0	1000n	250e-3	sim/ldo-cmos5l-pvt-sweep/netlist-snapshots/20261010-091123-a31c626/psrr_dyn_ss_125c_rwcs_i0ua_c1000nf_e250mohm.spice	8c4c453a8ad9da285c1a7899e690ea54e5bfaff421489b03550dd5974774a0c1	klt sim --backend batch corners/20261010-091123-a31c626/_batch/g01_psrr_dyn_ss_125c_rbcs_i0ua_c330nf_e0mohm/request.json (batch_backend.py; corner mos_ss__res_wcs__cap_typ @ 125C)	a31c626	ihp-sg13cmos5l	ngspice-46 (EDA batch fleet runner, klt 0.5.0)
loopgain	loopgain_dyn_ss_125c_rwcs_i0ua_c1000nf_e500mohm	mos_ss	res_wcs	125	0	1000n	500e-3	sim/ldo-cmos5l-pvt-sweep/netlist-snapshots/20261010-091123-a31c626/loopgain_dyn_ss_125c_rwcs_i0ua_c1000nf_e500mohm.spice	e41c58f5fcc6e364ec3e515bf623f26b7d98a2ae71146571ab729fc00c99717e	klt sim --backend batch corners/20261010-091123-a31c626/_batch/g00_loopgain_dyn_ss_125c_rbcs_i0ua_c330nf_e0mohm/request.json (batch_backend.py; corner mos_ss__res_wcs__cap_typ @ 125C)	a31c626	ihp-sg13cmos5l	ngspice-46 (EDA batch fleet runner, klt 0.5.0)
psrr	psrr_dyn_ss_125c_rwcs_i0ua_c1000nf_e500mohm	mos_ss	res_wcs	125	0	1000n	500e-3	sim/ldo-cmos5l-pvt-sweep/netlist-snapshots/20261010-091123-a31c626/psrr_dyn_ss_125c_rwcs_i0ua_c1000nf_e500mohm.spice	2b884d63f1051830b13f73e96c7debe7228f7a61fcab738a3f01b621937d7a3f	klt sim --backend batch corners/20261010-091123-a31c626/_batch/g01_psrr_dyn_ss_125c_rbcs_i0ua_c330nf_e0mohm/request.json (batch_backend.py; corner mos_ss__res_wcs__cap_typ @ 125C)	a31c626	ihp-sg13cmos5l	ngspice-46 (EDA batch fleet runner, klt 0.5.0)
loopgain	loopgain_dyn_ss_125c_rwcs_i0ua_c2200nf_e0mohm	mos_ss	res_wcs	125	0	2200n	0	sim/ldo-cmos5l-pvt-sweep/netlist-snapshots/20261010-091123-a31c626/loopgain_dyn_ss_125c_rwcs_i0ua_c2200nf_e0mohm.spice	f7a491dcc3329861113547c38ac895f0b3c0fcf3c2cb6286ec4dbea84e378442	klt sim --backend batch corners/20261010-091123-a31c626/_batch/g00_loopgain_dyn_ss_125c_rbcs_i0ua_c330nf_e0mohm/request.json (batch_backend.py; corner mos_ss__res_wcs__cap_typ @ 125C)	a31c626	ihp-sg13cmos5l	ngspice-46 (EDA batch fleet runner, klt 0.5.0)
psrr	psrr_dyn_ss_125c_rwcs_i0ua_c2200nf_e0mohm	mos_ss	res_wcs	125	0	2200n	0	sim/ldo-cmos5l-pvt-sweep/netlist-snapshots/20261010-091123-a31c626/psrr_dyn_ss_125c_rwcs_i0ua_c2200nf_e0mohm.spice	6810e1e917b13af5f7e4c53c7cb7755c296e23bed9092da4005e165317592772	klt sim --backend batch corners/20261010-091123-a31c626/_batch/g01_psrr_dyn_ss_125c_rbcs_i0ua_c330nf_e0mohm/request.json (batch_backend.py; corner mos_ss__res_wcs__cap_typ @ 125C)	a31c626	ihp-sg13cmos5l	ngspice-46 (EDA batch fleet runner, klt 0.5.0)
loopgain	loopgain_dyn_ss_125c_rwcs_i0ua_c2200nf_e250mohm	mos_ss	res_wcs	125	0	2200n	250e-3	sim/ldo-cmos5l-pvt-sweep/netlist-snapshots/20261010-091123-a31c626/loopgain_dyn_ss_125c_rwcs_i0ua_c2200nf_e250mohm.spice	c833e5525e2622f83dd952d339987c5f2f039509ed8f964c8b475f8be7d83da9	klt sim --backend batch corners/20261010-091123-a31c626/_batch/g00_loopgain_dyn_ss_125c_rbcs_i0ua_c330nf_e0mohm/request.json (batch_backend.py; corner mos_ss__res_wcs__cap_typ @ 125C)	a31c626	ihp-sg13cmos5l	ngspice-46 (EDA batch fleet runner, klt 0.5.0)
psrr	psrr_dyn_ss_125c_rwcs_i0ua_c2200nf_e250mohm	mos_ss	res_wcs	125	0	2200n	250e-3	sim/ldo-cmos5l-pvt-sweep/netlist-snapshots/20261010-091123-a31c626/psrr_dyn_ss_125c_rwcs_i0ua_c2200nf_e250mohm.spice	66ddc2a44c8c887eb40d0cc6bdc65b20f6494236b2424b213e7926b18fa8615f	klt sim --backend batch corners/20261010-091123-a31c626/_batch/g01_psrr_dyn_ss_125c_rbcs_i0ua_c330nf_e0mohm/request.json (batch_backend.py; corner mos_ss__res_wcs__cap_typ @ 125C)	a31c626	ihp-sg13cmos5l	ngspice-46 (EDA batch fleet runner, klt 0.5.0)
loopgain	loopgain_dyn_ss_125c_rwcs_i0ua_c2200nf_e500mohm	mos_ss	res_wcs	125	0	2200n	500e-3	sim/ldo-cmos5l-pvt-sweep/netlist-snapshots/20261010-091123-a31c626/loopgain_dyn_ss_125c_rwcs_i0ua_c2200nf_e500mohm.spice	ba26bcf6923816f90ad8bdd2bc0ba635cf4ab95a775f482c1031bb3b9e425571	klt sim --backend batch corners/20261010-091123-a31c626/_batch/g00_loopgain_dyn_ss_125c_rbcs_i0ua_c330nf_e0mohm/request.json (batch_backend.py; corner mos_ss__res_wcs__cap_typ @ 125C)	a31c626	ihp-sg13cmos5l	ngspice-46 (EDA batch fleet runner, klt 0.5.0)
psrr	psrr_dyn_ss_125c_rwcs_i0ua_c2200nf_e500mohm	mos_ss	res_wcs	125	0	2200n	500e-3	sim/ldo-cmos5l-pvt-sweep/netlist-snapshots/20261010-091123-a31c626/psrr_dyn_ss_125c_rwcs_i0ua_c2200nf_e500mohm.spice	293b4a135ce1991fd33bf57f394492ce30918f035783892956698f42e11cef68	klt sim --backend batch corners/20261010-091123-a31c626/_batch/g01_psrr_dyn_ss_125c_rbcs_i0ua_c330nf_e0mohm/request.json (batch_backend.py; corner mos_ss__res_wcs__cap_typ @ 125C)	a31c626	ihp-sg13cmos5l	ngspice-46 (EDA batch fleet runner, klt 0.5.0)
loopgain	loopgain_dyn_ss_125c_rwcs_i0ua_c4700nf_e0mohm	mos_ss	res_wcs	125	0	4700n	0	sim/ldo-cmos5l-pvt-sweep/netlist-snapshots/20261010-091123-a31c626/loopgain_dyn_ss_125c_rwcs_i0ua_c4700nf_e0mohm.spice	83789d74411a8329efad68dadfff90180f4892b837df263602ed524bea195257	klt sim --backend batch corners/20261010-091123-a31c626/_batch/g00_loopgain_dyn_ss_125c_rbcs_i0ua_c330nf_e0mohm/request.json (batch_backend.py; corner mos_ss__res_wcs__cap_typ @ 125C)	a31c626	ihp-sg13cmos5l	ngspice-46 (EDA batch fleet runner, klt 0.5.0)
psrr	psrr_dyn_ss_125c_rwcs_i0ua_c4700nf_e0mohm	mos_ss	res_wcs	125	0	4700n	0	sim/ldo-cmos5l-pvt-sweep/netlist-snapshots/20261010-091123-a31c626/psrr_dyn_ss_125c_rwcs_i0ua_c4700nf_e0mohm.spice	501c8d538a9dff6f7c19488de7d40ff6c2d9838098565b7118101af1c2f74868	klt sim --backend batch corners/20261010-091123-a31c626/_batch/g01_psrr_dyn_ss_125c_rbcs_i0ua_c330nf_e0mohm/request.json (batch_backend.py; corner mos_ss__res_wcs__cap_typ @ 125C)	a31c626	ihp-sg13cmos5l	ngspice-46 (EDA batch fleet runner, klt 0.5.0)
loopgain	loopgain_dyn_ss_125c_rwcs_i0ua_c4700nf_e250mohm	mos_ss	res_wcs	125	0	4700n	250e-3	sim/ldo-cmos5l-pvt-sweep/netlist-snapshots/20261010-091123-a31c626/loopgain_dyn_ss_125c_rwcs_i0ua_c4700nf_e250mohm.spice	5ff35d396df9af4c4c68386e98dc1da868f0440e2125a2840daa75a2451d2721	klt sim --backend batch corners/20261010-091123-a31c626/_batch/g00_loopgain_dyn_ss_125c_rbcs_i0ua_c330nf_e0mohm/request.json (batch_backend.py; corner mos_ss__res_wcs__cap_typ @ 125C)	a31c626	ihp-sg13cmos5l	ngspice-46 (EDA batch fleet runner, klt 0.5.0)
psrr	psrr_dyn_ss_125c_rwcs_i0ua_c4700nf_e250mohm	mos_ss	res_wcs	125	0	4700n	250e-3	sim/ldo-cmos5l-pvt-sweep/netlist-snapshots/20261010-091123-a31c626/psrr_dyn_ss_125c_rwcs_i0ua_c4700nf_e250mohm.spice	ea36f8e91c4e7caf7c2a3dddc69b32d586c5b9b569bbbddad6ab3c69da39c414	klt sim --backend batch corners/20261010-091123-a31c626/_batch/g01_psrr_dyn_ss_125c_rbcs_i0ua_c330nf_e0mohm/request.json (batch_backend.py; corner mos_ss__res_wcs__cap_typ @ 125C)	a31c626	ihp-sg13cmos5l	ngspice-46 (EDA batch fleet runner, klt 0.5.0)
loopgain	loopgain_dyn_ss_125c_rwcs_i0ua_c4700nf_e500mohm	mos_ss	res_wcs	125	0	4700n	500e-3	sim/ldo-cmos5l-pvt-sweep/netlist-snapshots/20261010-091123-a31c626/loopgain_dyn_ss_125c_rwcs_i0ua_c4700nf_e500mohm.spice	dedf591800b9ebfb2f7a49e5fa608dbcdbd3b725fc06d618cc31460afdb5e4da	klt sim --backend batch corners/20261010-091123-a31c626/_batch/g00_loopgain_dyn_ss_125c_rbcs_i0ua_c330nf_e0mohm/request.json (batch_backend.py; corner mos_ss__res_wcs__cap_typ @ 125C)	a31c626	ihp-sg13cmos5l	ngspice-46 (EDA batch fleet runner, klt 0.5.0)
psrr	psrr_dyn_ss_125c_rwcs_i0ua_c4700nf_e500mohm	mos_ss	res_wcs	125	0	4700n	500e-3	sim/ldo-cmos5l-pvt-sweep/netlist-snapshots/20261010-091123-a31c626/psrr_dyn_ss_125c_rwcs_i0ua_c4700nf_e500mohm.spice	05640e750be0680bc8800dff5521b297a71e140b5c8618e7e06784ff96873d73	klt sim --backend batch corners/20261010-091123-a31c626/_batch/g01_psrr_dyn_ss_125c_rbcs_i0ua_c330nf_e0mohm/request.json (batch_backend.py; corner mos_ss__res_wcs__cap_typ @ 125C)	a31c626	ihp-sg13cmos5l	ngspice-46 (EDA batch fleet runner, klt 0.5.0)
loopgain	loopgain_dyn_ss_125c_rwcs_i1000ua_c330nf_e0mohm	mos_ss	res_wcs	125	1000e-6	330n	0	sim/ldo-cmos5l-pvt-sweep/netlist-snapshots/20261010-091123-a31c626/loopgain_dyn_ss_125c_rwcs_i1000ua_c330nf_e0mohm.spice	592b19232db0f224f10c9cba7e60ee3cba6ba9089ebca5920a85e08b9d380e26	klt sim --backend batch corners/20261010-091123-a31c626/_batch/g00_loopgain_dyn_ss_125c_rbcs_i0ua_c330nf_e0mohm/request.json (batch_backend.py; corner mos_ss__res_wcs__cap_typ @ 125C)	a31c626	ihp-sg13cmos5l	ngspice-46 (EDA batch fleet runner, klt 0.5.0)
psrr	psrr_dyn_ss_125c_rwcs_i1000ua_c330nf_e0mohm	mos_ss	res_wcs	125	1000e-6	330n	0	sim/ldo-cmos5l-pvt-sweep/netlist-snapshots/20261010-091123-a31c626/psrr_dyn_ss_125c_rwcs_i1000ua_c330nf_e0mohm.spice	eb65bc5797de4ee5d8431767c676818ec9304d31fff5f0d3399054c54a8d34d8	klt sim --backend batch corners/20261010-091123-a31c626/_batch/g01_psrr_dyn_ss_125c_rbcs_i0ua_c330nf_e0mohm/request.json (batch_backend.py; corner mos_ss__res_wcs__cap_typ @ 125C)	a31c626	ihp-sg13cmos5l	ngspice-46 (EDA batch fleet runner, klt 0.5.0)
loopgain	loopgain_dyn_ss_125c_rwcs_i1000ua_c330nf_e250mohm	mos_ss	res_wcs	125	1000e-6	330n	250e-3	sim/ldo-cmos5l-pvt-sweep/netlist-snapshots/20261010-091123-a31c626/loopgain_dyn_ss_125c_rwcs_i1000ua_c330nf_e250mohm.spice	c74af9659cd67bc42ed0b6ce6c5bd1d8a50aa2576873a09a26c577060a955aba	klt sim --backend batch corners/20261010-091123-a31c626/_batch/g00_loopgain_dyn_ss_125c_rbcs_i0ua_c330nf_e0mohm/request.json (batch_backend.py; corner mos_ss__res_wcs__cap_typ @ 125C)	a31c626	ihp-sg13cmos5l	ngspice-46 (EDA batch fleet runner, klt 0.5.0)
psrr	psrr_dyn_ss_125c_rwcs_i1000ua_c330nf_e250mohm	mos_ss	res_wcs	125	1000e-6	330n	250e-3	sim/ldo-cmos5l-pvt-sweep/netlist-snapshots/20261010-091123-a31c626/psrr_dyn_ss_125c_rwcs_i1000ua_c330nf_e250mohm.spice	8914cbc7fe794563cc6429ff95105d0b139b506a7ee451057675746aabf683d3	klt sim --backend batch corners/20261010-091123-a31c626/_batch/g01_psrr_dyn_ss_125c_rbcs_i0ua_c330nf_e0mohm/request.json (batch_backend.py; corner mos_ss__res_wcs__cap_typ @ 125C)	a31c626	ihp-sg13cmos5l	ngspice-46 (EDA batch fleet runner, klt 0.5.0)
loopgain	loopgain_dyn_ss_125c_rwcs_i1000ua_c330nf_e500mohm	mos_ss	res_wcs	125	1000e-6	330n	500e-3	sim/ldo-cmos5l-pvt-sweep/netlist-snapshots/20261010-091123-a31c626/loopgain_dyn_ss_125c_rwcs_i1000ua_c330nf_e500mohm.spice	e3b9718e634bcf9a9e1ff98d8c2ec95b8cce152f9b90068c41c0bfac7516aaf1	klt sim --backend batch corners/20261010-091123-a31c626/_batch/g00_loopgain_dyn_ss_125c_rbcs_i0ua_c330nf_e0mohm/request.json (batch_backend.py; corner mos_ss__res_wcs__cap_typ @ 125C)	a31c626	ihp-sg13cmos5l	ngspice-46 (EDA batch fleet runner, klt 0.5.0)
psrr	psrr_dyn_ss_125c_rwcs_i1000ua_c330nf_e500mohm	mos_ss	res_wcs	125	1000e-6	330n	500e-3	sim/ldo-cmos5l-pvt-sweep/netlist-snapshots/20261010-091123-a31c626/psrr_dyn_ss_125c_rwcs_i1000ua_c330nf_e500mohm.spice	ce2a01d98e6e58c32713f5cdf6f2b5307d59e909cbab345549ab3745abf1dc43	klt sim --backend batch corners/20261010-091123-a31c626/_batch/g01_psrr_dyn_ss_125c_rbcs_i0ua_c330nf_e0mohm/request.json (batch_backend.py; corner mos_ss__res_wcs__cap_typ @ 125C)	a31c626	ihp-sg13cmos5l	ngspice-46 (EDA batch fleet runner, klt 0.5.0)
loopgain	loopgain_dyn_ss_125c_rwcs_i1000ua_c1000nf_e0mohm	mos_ss	res_wcs	125	1000e-6	1000n	0	sim/ldo-cmos5l-pvt-sweep/netlist-snapshots/20261010-091123-a31c626/loopgain_dyn_ss_125c_rwcs_i1000ua_c1000nf_e0mohm.spice	640242b7f06a0dfbd80ef5a91f1915699cbabb15dc71b88e643a8e62472c83ea	klt sim --backend batch corners/20261010-091123-a31c626/_batch/g00_loopgain_dyn_ss_125c_rbcs_i0ua_c330nf_e0mohm/request.json (batch_backend.py; corner mos_ss__res_wcs__cap_typ @ 125C)	a31c626	ihp-sg13cmos5l	ngspice-46 (EDA batch fleet runner, klt 0.5.0)
psrr	psrr_dyn_ss_125c_rwcs_i1000ua_c1000nf_e0mohm	mos_ss	res_wcs	125	1000e-6	1000n	0	sim/ldo-cmos5l-pvt-sweep/netlist-snapshots/20261010-091123-a31c626/psrr_dyn_ss_125c_rwcs_i1000ua_c1000nf_e0mohm.spice	caf1d9bead92cd8219aa7f605880195ff9d6faf67af89e2039a43400b186bddd	klt sim --backend batch corners/20261010-091123-a31c626/_batch/g01_psrr_dyn_ss_125c_rbcs_i0ua_c330nf_e0mohm/request.json (batch_backend.py; corner mos_ss__res_wcs__cap_typ @ 125C)	a31c626	ihp-sg13cmos5l	ngspice-46 (EDA batch fleet runner, klt 0.5.0)
loopgain	loopgain_dyn_ss_125c_rwcs_i1000ua_c1000nf_e250mohm	mos_ss	res_wcs	125	1000e-6	1000n	250e-3	sim/ldo-cmos5l-pvt-sweep/netlist-snapshots/20261010-091123-a31c626/loopgain_dyn_ss_125c_rwcs_i1000ua_c1000nf_e250mohm.spice	026dc44e8f630bb46dd26e3eb9d2bf04961560c1ebdcadf7db164a227bbce150	klt sim --backend batch corners/20261010-091123-a31c626/_batch/g00_loopgain_dyn_ss_125c_rbcs_i0ua_c330nf_e0mohm/request.json (batch_backend.py; corner mos_ss__res_wcs__cap_typ @ 125C)	a31c626	ihp-sg13cmos5l	ngspice-46 (EDA batch fleet runner, klt 0.5.0)
psrr	psrr_dyn_ss_125c_rwcs_i1000ua_c1000nf_e250mohm	mos_ss	res_wcs	125	1000e-6	1000n	250e-3	sim/ldo-cmos5l-pvt-sweep/netlist-snapshots/20261010-091123-a31c626/psrr_dyn_ss_125c_rwcs_i1000ua_c1000nf_e250mohm.spice	a5b6b0780a173badcc56c18c0490aa1f0e55228c907ff8a46c41f41d029b6903	klt sim --backend batch corners/20261010-091123-a31c626/_batch/g01_psrr_dyn_ss_125c_rbcs_i0ua_c330nf_e0mohm/request.json (batch_backend.py; corner mos_ss__res_wcs__cap_typ @ 125C)	a31c626	ihp-sg13cmos5l	ngspice-46 (EDA batch fleet runner, klt 0.5.0)
loopgain	loopgain_dyn_ss_125c_rwcs_i1000ua_c1000nf_e500mohm	mos_ss	res_wcs	125	1000e-6	1000n	500e-3	sim/ldo-cmos5l-pvt-sweep/netlist-snapshots/20261010-091123-a31c626/loopgain_dyn_ss_125c_rwcs_i1000ua_c1000nf_e500mohm.spice	6b498a212eddbbd1606fbed73b5ef6cbcca51e235e778896930833cb51e05023	klt sim --backend batch corners/20261010-091123-a31c626/_batch/g00_loopgain_dyn_ss_125c_rbcs_i0ua_c330nf_e0mohm/request.json (batch_backend.py; corner mos_ss__res_wcs__cap_typ @ 125C)	a31c626	ihp-sg13cmos5l	ngspice-46 (EDA batch fleet runner, klt 0.5.0)
psrr	psrr_dyn_ss_125c_rwcs_i1000ua_c1000nf_e500mohm	mos_ss	res_wcs	125	1000e-6	1000n	500e-3	sim/ldo-cmos5l-pvt-sweep/netlist-snapshots/20261010-091123-a31c626/psrr_dyn_ss_125c_rwcs_i1000ua_c1000nf_e500mohm.spice	99dd82e77d9f3009dde69f60d6bc49deb4205d2176dd2466416d3853da4088b3	klt sim --backend batch corners/20261010-091123-a31c626/_batch/g01_psrr_dyn_ss_125c_rbcs_i0ua_c330nf_e0mohm/request.json (batch_backend.py; corner mos_ss__res_wcs__cap_typ @ 125C)	a31c626	ihp-sg13cmos5l	ngspice-46 (EDA batch fleet runner, klt 0.5.0)
loopgain	loopgain_dyn_ss_125c_rwcs_i1000ua_c2200nf_e0mohm	mos_ss	res_wcs	125	1000e-6	2200n	0	sim/ldo-cmos5l-pvt-sweep/netlist-snapshots/20261010-091123-a31c626/loopgain_dyn_ss_125c_rwcs_i1000ua_c2200nf_e0mohm.spice	c692e329fe31593d5835ffdce76abb7095a8f5bdcf91084845058a23571d6acc	klt sim --backend batch corners/20261010-091123-a31c626/_batch/g00_loopgain_dyn_ss_125c_rbcs_i0ua_c330nf_e0mohm/request.json (batch_backend.py; corner mos_ss__res_wcs__cap_typ @ 125C)	a31c626	ihp-sg13cmos5l	ngspice-46 (EDA batch fleet runner, klt 0.5.0)
psrr	psrr_dyn_ss_125c_rwcs_i1000ua_c2200nf_e0mohm	mos_ss	res_wcs	125	1000e-6	2200n	0	sim/ldo-cmos5l-pvt-sweep/netlist-snapshots/20261010-091123-a31c626/psrr_dyn_ss_125c_rwcs_i1000ua_c2200nf_e0mohm.spice	e51c33d497b21d9e09c4c0d29bc9454e8caee2ce6282fad75538b2a077b709ba	klt sim --backend batch corners/20261010-091123-a31c626/_batch/g01_psrr_dyn_ss_125c_rbcs_i0ua_c330nf_e0mohm/request.json (batch_backend.py; corner mos_ss__res_wcs__cap_typ @ 125C)	a31c626	ihp-sg13cmos5l	ngspice-46 (EDA batch fleet runner, klt 0.5.0)
loopgain	loopgain_dyn_ss_125c_rwcs_i1000ua_c2200nf_e250mohm	mos_ss	res_wcs	125	1000e-6	2200n	250e-3	sim/ldo-cmos5l-pvt-sweep/netlist-snapshots/20261010-091123-a31c626/loopgain_dyn_ss_125c_rwcs_i1000ua_c2200nf_e250mohm.spice	2433c771afdf17f0d7a7d3a441c352a6add32170e5b9f74501eb2eb3f018d15f	klt sim --backend batch corners/20261010-091123-a31c626/_batch/g00_loopgain_dyn_ss_125c_rbcs_i0ua_c330nf_e0mohm/request.json (batch_backend.py; corner mos_ss__res_wcs__cap_typ @ 125C)	a31c626	ihp-sg13cmos5l	ngspice-46 (EDA batch fleet runner, klt 0.5.0)
psrr	psrr_dyn_ss_125c_rwcs_i1000ua_c2200nf_e250mohm	mos_ss	res_wcs	125	1000e-6	2200n	250e-3	sim/ldo-cmos5l-pvt-sweep/netlist-snapshots/20261010-091123-a31c626/psrr_dyn_ss_125c_rwcs_i1000ua_c2200nf_e250mohm.spice	3baddebef0cae4cb1a9abac120cebb351f5925ee3679e21463f5c33a2bb3e49e	klt sim --backend batch corners/20261010-091123-a31c626/_batch/g01_psrr_dyn_ss_125c_rbcs_i0ua_c330nf_e0mohm/request.json (batch_backend.py; corner mos_ss__res_wcs__cap_typ @ 125C)	a31c626	ihp-sg13cmos5l	ngspice-46 (EDA batch fleet runner, klt 0.5.0)
loopgain	loopgain_dyn_ss_125c_rwcs_i1000ua_c2200nf_e500mohm	mos_ss	res_wcs	125	1000e-6	2200n	500e-3	sim/ldo-cmos5l-pvt-sweep/netlist-snapshots/20261010-091123-a31c626/loopgain_dyn_ss_125c_rwcs_i1000ua_c2200nf_e500mohm.spice	66acd388819efc64cd0bddd8668cb9616d687be8998b5fc91bc2ef9dcf03c625	klt sim --backend batch corners/20261010-091123-a31c626/_batch/g00_loopgain_dyn_ss_125c_rbcs_i0ua_c330nf_e0mohm/request.json (batch_backend.py; corner mos_ss__res_wcs__cap_typ @ 125C)	a31c626	ihp-sg13cmos5l	ngspice-46 (EDA batch fleet runner, klt 0.5.0)
psrr	psrr_dyn_ss_125c_rwcs_i1000ua_c2200nf_e500mohm	mos_ss	res_wcs	125	1000e-6	2200n	500e-3	sim/ldo-cmos5l-pvt-sweep/netlist-snapshots/20261010-091123-a31c626/psrr_dyn_ss_125c_rwcs_i1000ua_c2200nf_e500mohm.spice	3b6f552409af323d0ee09421432329d2cddf3a515b430874ce2b586672136a42	klt sim --backend batch corners/20261010-091123-a31c626/_batch/g01_psrr_dyn_ss_125c_rbcs_i0ua_c330nf_e0mohm/request.json (batch_backend.py; corner mos_ss__res_wcs__cap_typ @ 125C)	a31c626	ihp-sg13cmos5l	ngspice-46 (EDA batch fleet runner, klt 0.5.0)
loopgain	loopgain_dyn_ss_125c_rwcs_i1000ua_c4700nf_e0mohm	mos_ss	res_wcs	125	1000e-6	4700n	0	sim/ldo-cmos5l-pvt-sweep/netlist-snapshots/20261010-091123-a31c626/loopgain_dyn_ss_125c_rwcs_i1000ua_c4700nf_e0mohm.spice	2d5b55952db03188f5ce459c6cdfbc1a4ac76121cad1df3e7a9a24444956821d	klt sim --backend batch corners/20261010-091123-a31c626/_batch/g00_loopgain_dyn_ss_125c_rbcs_i0ua_c330nf_e0mohm/request.json (batch_backend.py; corner mos_ss__res_wcs__cap_typ @ 125C)	a31c626	ihp-sg13cmos5l	ngspice-46 (EDA batch fleet runner, klt 0.5.0)
psrr	psrr_dyn_ss_125c_rwcs_i1000ua_c4700nf_e0mohm	mos_ss	res_wcs	125	1000e-6	4700n	0	sim/ldo-cmos5l-pvt-sweep/netlist-snapshots/20261010-091123-a31c626/psrr_dyn_ss_125c_rwcs_i1000ua_c4700nf_e0mohm.spice	d30a1569aaa42a8209a64bee100d6290b50a6775267eda3ad9a7cc6a049bf9c7	klt sim --backend batch corners/20261010-091123-a31c626/_batch/g01_psrr_dyn_ss_125c_rbcs_i0ua_c330nf_e0mohm/request.json (batch_backend.py; corner mos_ss__res_wcs__cap_typ @ 125C)	a31c626	ihp-sg13cmos5l	ngspice-46 (EDA batch fleet runner, klt 0.5.0)
loopgain	loopgain_dyn_ss_125c_rwcs_i1000ua_c4700nf_e250mohm	mos_ss	res_wcs	125	1000e-6	4700n	250e-3	sim/ldo-cmos5l-pvt-sweep/netlist-snapshots/20261010-091123-a31c626/loopgain_dyn_ss_125c_rwcs_i1000ua_c4700nf_e250mohm.spice	7848df47f9e803557f2e2f21ab2645647842f8f77fac54545629121cb0581d94	klt sim --backend batch corners/20261010-091123-a31c626/_batch/g00_loopgain_dyn_ss_125c_rbcs_i0ua_c330nf_e0mohm/request.json (batch_backend.py; corner mos_ss__res_wcs__cap_typ @ 125C)	a31c626	ihp-sg13cmos5l	ngspice-46 (EDA batch fleet runner, klt 0.5.0)
psrr	psrr_dyn_ss_125c_rwcs_i1000ua_c4700nf_e250mohm	mos_ss	res_wcs	125	1000e-6	4700n	250e-3	sim/ldo-cmos5l-pvt-sweep/netlist-snapshots/20261010-091123-a31c626/psrr_dyn_ss_125c_rwcs_i1000ua_c4700nf_e250mohm.spice	578dc1a6c3747f3b7527ff81447703b3144fb5e9c413be6b33ba0c09bbf3fa21	klt sim --backend batch corners/20261010-091123-a31c626/_batch/g01_psrr_dyn_ss_125c_rbcs_i0ua_c330nf_e0mohm/request.json (batch_backend.py; corner mos_ss__res_wcs__cap_typ @ 125C)	a31c626	ihp-sg13cmos5l	ngspice-46 (EDA batch fleet runner, klt 0.5.0)
loopgain	loopgain_dyn_ss_125c_rwcs_i1000ua_c4700nf_e500mohm	mos_ss	res_wcs	125	1000e-6	4700n	500e-3	sim/ldo-cmos5l-pvt-sweep/netlist-snapshots/20261010-091123-a31c626/loopgain_dyn_ss_125c_rwcs_i1000ua_c4700nf_e500mohm.spice	f1b3e1cefb42a009bcdcd4b6657f9b76233cad2987343254f6fc764a21456c70	klt sim --backend batch corners/20261010-091123-a31c626/_batch/g00_loopgain_dyn_ss_125c_rbcs_i0ua_c330nf_e0mohm/request.json (batch_backend.py; corner mos_ss__res_wcs__cap_typ @ 125C)	a31c626	ihp-sg13cmos5l	ngspice-46 (EDA batch fleet runner, klt 0.5.0)
psrr	psrr_dyn_ss_125c_rwcs_i1000ua_c4700nf_e500mohm	mos_ss	res_wcs	125	1000e-6	4700n	500e-3	sim/ldo-cmos5l-pvt-sweep/netlist-snapshots/20261010-091123-a31c626/psrr_dyn_ss_125c_rwcs_i1000ua_c4700nf_e500mohm.spice	b297b8f757d5aa5ded14a34a5e50b32b52f3e62c65699328105adb36ecdd1f6a	klt sim --backend batch corners/20261010-091123-a31c626/_batch/g01_psrr_dyn_ss_125c_rbcs_i0ua_c330nf_e0mohm/request.json (batch_backend.py; corner mos_ss__res_wcs__cap_typ @ 125C)	a31c626	ihp-sg13cmos5l	ngspice-46 (EDA batch fleet runner, klt 0.5.0)
loopgain	loopgain_dyn_ss_125c_rwcs_i25000ua_c330nf_e0mohm	mos_ss	res_wcs	125	25000e-6	330n	0	sim/ldo-cmos5l-pvt-sweep/netlist-snapshots/20261010-091123-a31c626/loopgain_dyn_ss_125c_rwcs_i25000ua_c330nf_e0mohm.spice	e83d791b9973cd7b7898ab6e4ff86dce1f50db89514fa63ce2471c3fbba9e405	klt sim --backend batch corners/20261010-091123-a31c626/_batch/g00_loopgain_dyn_ss_125c_rbcs_i0ua_c330nf_e0mohm/request.json (batch_backend.py; corner mos_ss__res_wcs__cap_typ @ 125C)	a31c626	ihp-sg13cmos5l	ngspice-46 (EDA batch fleet runner, klt 0.5.0)
psrr	psrr_dyn_ss_125c_rwcs_i25000ua_c330nf_e0mohm	mos_ss	res_wcs	125	25000e-6	330n	0	sim/ldo-cmos5l-pvt-sweep/netlist-snapshots/20261010-091123-a31c626/psrr_dyn_ss_125c_rwcs_i25000ua_c330nf_e0mohm.spice	7c82630b41947743538c3e8317d7619d7b19203df9d825801ef1e964f7f2d039	klt sim --backend batch corners/20261010-091123-a31c626/_batch/g01_psrr_dyn_ss_125c_rbcs_i0ua_c330nf_e0mohm/request.json (batch_backend.py; corner mos_ss__res_wcs__cap_typ @ 125C)	a31c626	ihp-sg13cmos5l	ngspice-46 (EDA batch fleet runner, klt 0.5.0)
loopgain	loopgain_dyn_ss_125c_rwcs_i25000ua_c330nf_e250mohm	mos_ss	res_wcs	125	25000e-6	330n	250e-3	sim/ldo-cmos5l-pvt-sweep/netlist-snapshots/20261010-091123-a31c626/loopgain_dyn_ss_125c_rwcs_i25000ua_c330nf_e250mohm.spice	2c95518e22e00714387acc669533b3083d3ea72fc3d352fac1c522ba5e6fd417	klt sim --backend batch corners/20261010-091123-a31c626/_batch/g00_loopgain_dyn_ss_125c_rbcs_i0ua_c330nf_e0mohm/request.json (batch_backend.py; corner mos_ss__res_wcs__cap_typ @ 125C)	a31c626	ihp-sg13cmos5l	ngspice-46 (EDA batch fleet runner, klt 0.5.0)
psrr	psrr_dyn_ss_125c_rwcs_i25000ua_c330nf_e250mohm	mos_ss	res_wcs	125	25000e-6	330n	250e-3	sim/ldo-cmos5l-pvt-sweep/netlist-snapshots/20261010-091123-a31c626/psrr_dyn_ss_125c_rwcs_i25000ua_c330nf_e250mohm.spice	d653af0d66f679305778865f79309daca0a285843fa4dafc536f4293283c6d5e	klt sim --backend batch corners/20261010-091123-a31c626/_batch/g01_psrr_dyn_ss_125c_rbcs_i0ua_c330nf_e0mohm/request.json (batch_backend.py; corner mos_ss__res_wcs__cap_typ @ 125C)	a31c626	ihp-sg13cmos5l	ngspice-46 (EDA batch fleet runner, klt 0.5.0)
loopgain	loopgain_dyn_ss_125c_rwcs_i25000ua_c330nf_e500mohm	mos_ss	res_wcs	125	25000e-6	330n	500e-3	sim/ldo-cmos5l-pvt-sweep/netlist-snapshots/20261010-091123-a31c626/loopgain_dyn_ss_125c_rwcs_i25000ua_c330nf_e500mohm.spice	a65e4e10740fb877cb1010770da339efcb5265e42a61d38ecb0c71d5881fbaec	klt sim --backend batch corners/20261010-091123-a31c626/_batch/g00_loopgain_dyn_ss_125c_rbcs_i0ua_c330nf_e0mohm/request.json (batch_backend.py; corner mos_ss__res_wcs__cap_typ @ 125C)	a31c626	ihp-sg13cmos5l	ngspice-46 (EDA batch fleet runner, klt 0.5.0)
psrr	psrr_dyn_ss_125c_rwcs_i25000ua_c330nf_e500mohm	mos_ss	res_wcs	125	25000e-6	330n	500e-3	sim/ldo-cmos5l-pvt-sweep/netlist-snapshots/20261010-091123-a31c626/psrr_dyn_ss_125c_rwcs_i25000ua_c330nf_e500mohm.spice	eaa61ebe96d0d30d20123da080265314a6e0f06e783ec07f1973b0f93a0df2ab	klt sim --backend batch corners/20261010-091123-a31c626/_batch/g01_psrr_dyn_ss_125c_rbcs_i0ua_c330nf_e0mohm/request.json (batch_backend.py; corner mos_ss__res_wcs__cap_typ @ 125C)	a31c626	ihp-sg13cmos5l	ngspice-46 (EDA batch fleet runner, klt 0.5.0)
loopgain	loopgain_dyn_ss_125c_rwcs_i25000ua_c1000nf_e0mohm	mos_ss	res_wcs	125	25000e-6	1000n	0	sim/ldo-cmos5l-pvt-sweep/netlist-snapshots/20261010-091123-a31c626/loopgain_dyn_ss_125c_rwcs_i25000ua_c1000nf_e0mohm.spice	dbd77f268c2876ca147e0f5451db66522e358ede41cf58af54884d8960385041	klt sim --backend batch corners/20261010-091123-a31c626/_batch/g00_loopgain_dyn_ss_125c_rbcs_i0ua_c330nf_e0mohm/request.json (batch_backend.py; corner mos_ss__res_wcs__cap_typ @ 125C)	a31c626	ihp-sg13cmos5l	ngspice-46 (EDA batch fleet runner, klt 0.5.0)
psrr	psrr_dyn_ss_125c_rwcs_i25000ua_c1000nf_e0mohm	mos_ss	res_wcs	125	25000e-6	1000n	0	sim/ldo-cmos5l-pvt-sweep/netlist-snapshots/20261010-091123-a31c626/psrr_dyn_ss_125c_rwcs_i25000ua_c1000nf_e0mohm.spice	76706f16a86449a6b24949cdb9558c7c588cdb1e059d6e3904d5319105ebffd8	klt sim --backend batch corners/20261010-091123-a31c626/_batch/g01_psrr_dyn_ss_125c_rbcs_i0ua_c330nf_e0mohm/request.json (batch_backend.py; corner mos_ss__res_wcs__cap_typ @ 125C)	a31c626	ihp-sg13cmos5l	ngspice-46 (EDA batch fleet runner, klt 0.5.0)
loopgain	loopgain_dyn_ss_125c_rwcs_i25000ua_c1000nf_e250mohm	mos_ss	res_wcs	125	25000e-6	1000n	250e-3	sim/ldo-cmos5l-pvt-sweep/netlist-snapshots/20261010-091123-a31c626/loopgain_dyn_ss_125c_rwcs_i25000ua_c1000nf_e250mohm.spice	b958d9dae26b205f143e5cd283e9c1f56af247e64be8900e5dfaec5eac888f3a	klt sim --backend batch corners/20261010-091123-a31c626/_batch/g00_loopgain_dyn_ss_125c_rbcs_i0ua_c330nf_e0mohm/request.json (batch_backend.py; corner mos_ss__res_wcs__cap_typ @ 125C)	a31c626	ihp-sg13cmos5l	ngspice-46 (EDA batch fleet runner, klt 0.5.0)
psrr	psrr_dyn_ss_125c_rwcs_i25000ua_c1000nf_e250mohm	mos_ss	res_wcs	125	25000e-6	1000n	250e-3	sim/ldo-cmos5l-pvt-sweep/netlist-snapshots/20261010-091123-a31c626/psrr_dyn_ss_125c_rwcs_i25000ua_c1000nf_e250mohm.spice	054795847a69288fa7c1cf12a926265bcb29bdce3e17022d7910869bd791b1b7	klt sim --backend batch corners/20261010-091123-a31c626/_batch/g01_psrr_dyn_ss_125c_rbcs_i0ua_c330nf_e0mohm/request.json (batch_backend.py; corner mos_ss__res_wcs__cap_typ @ 125C)	a31c626	ihp-sg13cmos5l	ngspice-46 (EDA batch fleet runner, klt 0.5.0)
loopgain	loopgain_dyn_ss_125c_rwcs_i25000ua_c1000nf_e500mohm	mos_ss	res_wcs	125	25000e-6	1000n	500e-3	sim/ldo-cmos5l-pvt-sweep/netlist-snapshots/20261010-091123-a31c626/loopgain_dyn_ss_125c_rwcs_i25000ua_c1000nf_e500mohm.spice	e6325c1dc3e2eaf6754fd34bed2aa4d7f0d6a4fca50bb0884ae67b88ea9923fd	klt sim --backend batch corners/20261010-091123-a31c626/_batch/g00_loopgain_dyn_ss_125c_rbcs_i0ua_c330nf_e0mohm/request.json (batch_backend.py; corner mos_ss__res_wcs__cap_typ @ 125C)	a31c626	ihp-sg13cmos5l	ngspice-46 (EDA batch fleet runner, klt 0.5.0)
psrr	psrr_dyn_ss_125c_rwcs_i25000ua_c1000nf_e500mohm	mos_ss	res_wcs	125	25000e-6	1000n	500e-3	sim/ldo-cmos5l-pvt-sweep/netlist-snapshots/20261010-091123-a31c626/psrr_dyn_ss_125c_rwcs_i25000ua_c1000nf_e500mohm.spice	0acf7978a59dac8cbfc31573d817fc48aac024c32050790bbb69b08d4d7498d1	klt sim --backend batch corners/20261010-091123-a31c626/_batch/g01_psrr_dyn_ss_125c_rbcs_i0ua_c330nf_e0mohm/request.json (batch_backend.py; corner mos_ss__res_wcs__cap_typ @ 125C)	a31c626	ihp-sg13cmos5l	ngspice-46 (EDA batch fleet runner, klt 0.5.0)
loopgain	loopgain_dyn_ss_125c_rwcs_i25000ua_c2200nf_e0mohm	mos_ss	res_wcs	125	25000e-6	2200n	0	sim/ldo-cmos5l-pvt-sweep/netlist-snapshots/20261010-091123-a31c626/loopgain_dyn_ss_125c_rwcs_i25000ua_c2200nf_e0mohm.spice	96f5e2b8f99bf52871c74dfa550e5739904373e90839d9abc8defb19eab10f9a	klt sim --backend batch corners/20261010-091123-a31c626/_batch/g00_loopgain_dyn_ss_125c_rbcs_i0ua_c330nf_e0mohm/request.json (batch_backend.py; corner mos_ss__res_wcs__cap_typ @ 125C)	a31c626	ihp-sg13cmos5l	ngspice-46 (EDA batch fleet runner, klt 0.5.0)
psrr	psrr_dyn_ss_125c_rwcs_i25000ua_c2200nf_e0mohm	mos_ss	res_wcs	125	25000e-6	2200n	0	sim/ldo-cmos5l-pvt-sweep/netlist-snapshots/20261010-091123-a31c626/psrr_dyn_ss_125c_rwcs_i25000ua_c2200nf_e0mohm.spice	42ee049dad99d2359d056eee8c3aa94b445b14e9833789e91f79f5ec421c3a0c	klt sim --backend batch corners/20261010-091123-a31c626/_batch/g01_psrr_dyn_ss_125c_rbcs_i0ua_c330nf_e0mohm/request.json (batch_backend.py; corner mos_ss__res_wcs__cap_typ @ 125C)	a31c626	ihp-sg13cmos5l	ngspice-46 (EDA batch fleet runner, klt 0.5.0)
loopgain	loopgain_dyn_ss_125c_rwcs_i25000ua_c2200nf_e250mohm	mos_ss	res_wcs	125	25000e-6	2200n	250e-3	sim/ldo-cmos5l-pvt-sweep/netlist-snapshots/20261010-091123-a31c626/loopgain_dyn_ss_125c_rwcs_i25000ua_c2200nf_e250mohm.spice	d403f5ee013402ee6604f314bb0f111d7604dcd62867e3f8f0126c7167ac772c	klt sim --backend batch corners/20261010-091123-a31c626/_batch/g00_loopgain_dyn_ss_125c_rbcs_i0ua_c330nf_e0mohm/request.json (batch_backend.py; corner mos_ss__res_wcs__cap_typ @ 125C)	a31c626	ihp-sg13cmos5l	ngspice-46 (EDA batch fleet runner, klt 0.5.0)
psrr	psrr_dyn_ss_125c_rwcs_i25000ua_c2200nf_e250mohm	mos_ss	res_wcs	125	25000e-6	2200n	250e-3	sim/ldo-cmos5l-pvt-sweep/netlist-snapshots/20261010-091123-a31c626/psrr_dyn_ss_125c_rwcs_i25000ua_c2200nf_e250mohm.spice	7ad593549134ddc9994fbaa9e0e5845766c92f6198c803973ddfab92263481d9	klt sim --backend batch corners/20261010-091123-a31c626/_batch/g01_psrr_dyn_ss_125c_rbcs_i0ua_c330nf_e0mohm/request.json (batch_backend.py; corner mos_ss__res_wcs__cap_typ @ 125C)	a31c626	ihp-sg13cmos5l	ngspice-46 (EDA batch fleet runner, klt 0.5.0)
loopgain	loopgain_dyn_ss_125c_rwcs_i25000ua_c2200nf_e500mohm	mos_ss	res_wcs	125	25000e-6	2200n	500e-3	sim/ldo-cmos5l-pvt-sweep/netlist-snapshots/20261010-091123-a31c626/loopgain_dyn_ss_125c_rwcs_i25000ua_c2200nf_e500mohm.spice	622c54f91a7b21f6ec3899278fc3deb038f226d4411c2ac17280659add8a7e40	klt sim --backend batch corners/20261010-091123-a31c626/_batch/g00_loopgain_dyn_ss_125c_rbcs_i0ua_c330nf_e0mohm/request.json (batch_backend.py; corner mos_ss__res_wcs__cap_typ @ 125C)	a31c626	ihp-sg13cmos5l	ngspice-46 (EDA batch fleet runner, klt 0.5.0)
psrr	psrr_dyn_ss_125c_rwcs_i25000ua_c2200nf_e500mohm	mos_ss	res_wcs	125	25000e-6	2200n	500e-3	sim/ldo-cmos5l-pvt-sweep/netlist-snapshots/20261010-091123-a31c626/psrr_dyn_ss_125c_rwcs_i25000ua_c2200nf_e500mohm.spice	cdd5fc9cb9032c820dd98d39b0d2f015e34f8ab9e90787a9b5ad57b349d54395	klt sim --backend batch corners/20261010-091123-a31c626/_batch/g01_psrr_dyn_ss_125c_rbcs_i0ua_c330nf_e0mohm/request.json (batch_backend.py; corner mos_ss__res_wcs__cap_typ @ 125C)	a31c626	ihp-sg13cmos5l	ngspice-46 (EDA batch fleet runner, klt 0.5.0)
loopgain	loopgain_dyn_ss_125c_rwcs_i25000ua_c4700nf_e0mohm	mos_ss	res_wcs	125	25000e-6	4700n	0	sim/ldo-cmos5l-pvt-sweep/netlist-snapshots/20261010-091123-a31c626/loopgain_dyn_ss_125c_rwcs_i25000ua_c4700nf_e0mohm.spice	ee096ba89a366b2edc57e5507764de15cd6bb9cff1202d97f1375763ad6c3c76	klt sim --backend batch corners/20261010-091123-a31c626/_batch/g00_loopgain_dyn_ss_125c_rbcs_i0ua_c330nf_e0mohm/request.json (batch_backend.py; corner mos_ss__res_wcs__cap_typ @ 125C)	a31c626	ihp-sg13cmos5l	ngspice-46 (EDA batch fleet runner, klt 0.5.0)
psrr	psrr_dyn_ss_125c_rwcs_i25000ua_c4700nf_e0mohm	mos_ss	res_wcs	125	25000e-6	4700n	0	sim/ldo-cmos5l-pvt-sweep/netlist-snapshots/20261010-091123-a31c626/psrr_dyn_ss_125c_rwcs_i25000ua_c4700nf_e0mohm.spice	e0a64288147b34c0195ed55c8085c54813690c9df5f9532c44e50d3d7b15ee7d	klt sim --backend batch corners/20261010-091123-a31c626/_batch/g01_psrr_dyn_ss_125c_rbcs_i0ua_c330nf_e0mohm/request.json (batch_backend.py; corner mos_ss__res_wcs__cap_typ @ 125C)	a31c626	ihp-sg13cmos5l	ngspice-46 (EDA batch fleet runner, klt 0.5.0)
loopgain	loopgain_dyn_ss_125c_rwcs_i25000ua_c4700nf_e250mohm	mos_ss	res_wcs	125	25000e-6	4700n	250e-3	sim/ldo-cmos5l-pvt-sweep/netlist-snapshots/20261010-091123-a31c626/loopgain_dyn_ss_125c_rwcs_i25000ua_c4700nf_e250mohm.spice	5d1f399a947a3ebda8f6da2535e66c9b736fa433eb53d68191e792ed0d410253	klt sim --backend batch corners/20261010-091123-a31c626/_batch/g00_loopgain_dyn_ss_125c_rbcs_i0ua_c330nf_e0mohm/request.json (batch_backend.py; corner mos_ss__res_wcs__cap_typ @ 125C)	a31c626	ihp-sg13cmos5l	ngspice-46 (EDA batch fleet runner, klt 0.5.0)
psrr	psrr_dyn_ss_125c_rwcs_i25000ua_c4700nf_e250mohm	mos_ss	res_wcs	125	25000e-6	4700n	250e-3	sim/ldo-cmos5l-pvt-sweep/netlist-snapshots/20261010-091123-a31c626/psrr_dyn_ss_125c_rwcs_i25000ua_c4700nf_e250mohm.spice	56529ba4a6e97f86b8445aab8cabf2b80703d084803b16cc64673f1db02a89db	klt sim --backend batch corners/20261010-091123-a31c626/_batch/g01_psrr_dyn_ss_125c_rbcs_i0ua_c330nf_e0mohm/request.json (batch_backend.py; corner mos_ss__res_wcs__cap_typ @ 125C)	a31c626	ihp-sg13cmos5l	ngspice-46 (EDA batch fleet runner, klt 0.5.0)
loopgain	loopgain_dyn_ss_125c_rwcs_i25000ua_c4700nf_e500mohm	mos_ss	res_wcs	125	25000e-6	4700n	500e-3	sim/ldo-cmos5l-pvt-sweep/netlist-snapshots/20261010-091123-a31c626/loopgain_dyn_ss_125c_rwcs_i25000ua_c4700nf_e500mohm.spice	86c2e2cae115817b26471f5bd2eb2747ee419dfa72f9bb8151da1e50f9b286b2	klt sim --backend batch corners/20261010-091123-a31c626/_batch/g00_loopgain_dyn_ss_125c_rbcs_i0ua_c330nf_e0mohm/request.json (batch_backend.py; corner mos_ss__res_wcs__cap_typ @ 125C)	a31c626	ihp-sg13cmos5l	ngspice-46 (EDA batch fleet runner, klt 0.5.0)
psrr	psrr_dyn_ss_125c_rwcs_i25000ua_c4700nf_e500mohm	mos_ss	res_wcs	125	25000e-6	4700n	500e-3	sim/ldo-cmos5l-pvt-sweep/netlist-snapshots/20261010-091123-a31c626/psrr_dyn_ss_125c_rwcs_i25000ua_c4700nf_e500mohm.spice	0cae958d85c65a5c300f651e0a16bd5d1e8c4ef7fdfe2a5584514667d8bd97cb	klt sim --backend batch corners/20261010-091123-a31c626/_batch/g01_psrr_dyn_ss_125c_rbcs_i0ua_c330nf_e0mohm/request.json (batch_backend.py; corner mos_ss__res_wcs__cap_typ @ 125C)	a31c626	ihp-sg13cmos5l	ngspice-46 (EDA batch fleet runner, klt 0.5.0)
loopgain	loopgain_dyn_ss_125c_rwcs_i50000ua_c330nf_e0mohm	mos_ss	res_wcs	125	50000e-6	330n	0	sim/ldo-cmos5l-pvt-sweep/netlist-snapshots/20261010-091123-a31c626/loopgain_dyn_ss_125c_rwcs_i50000ua_c330nf_e0mohm.spice	1fcbf64c51e3b4fc2a248990f9c277df9d90c6d83dac56d1187cf6b4e0ba4084	klt sim --backend batch corners/20261010-091123-a31c626/_batch/g00_loopgain_dyn_ss_125c_rbcs_i0ua_c330nf_e0mohm/request.json (batch_backend.py; corner mos_ss__res_wcs__cap_typ @ 125C)	a31c626	ihp-sg13cmos5l	ngspice-46 (EDA batch fleet runner, klt 0.5.0)
psrr	psrr_dyn_ss_125c_rwcs_i50000ua_c330nf_e0mohm	mos_ss	res_wcs	125	50000e-6	330n	0	sim/ldo-cmos5l-pvt-sweep/netlist-snapshots/20261010-091123-a31c626/psrr_dyn_ss_125c_rwcs_i50000ua_c330nf_e0mohm.spice	19416b09002c0a55a32b049dbcd7b56147d713891571c508f0ceebdba310b132	klt sim --backend batch corners/20261010-091123-a31c626/_batch/g01_psrr_dyn_ss_125c_rbcs_i0ua_c330nf_e0mohm/request.json (batch_backend.py; corner mos_ss__res_wcs__cap_typ @ 125C)	a31c626	ihp-sg13cmos5l	ngspice-46 (EDA batch fleet runner, klt 0.5.0)
loopgain	loopgain_dyn_ss_125c_rwcs_i50000ua_c330nf_e250mohm	mos_ss	res_wcs	125	50000e-6	330n	250e-3	sim/ldo-cmos5l-pvt-sweep/netlist-snapshots/20261010-091123-a31c626/loopgain_dyn_ss_125c_rwcs_i50000ua_c330nf_e250mohm.spice	2a65a2c1dfc977a9adc08b62923ea3da090f64c66280344062ccbea05fac7f96	klt sim --backend batch corners/20261010-091123-a31c626/_batch/g00_loopgain_dyn_ss_125c_rbcs_i0ua_c330nf_e0mohm/request.json (batch_backend.py; corner mos_ss__res_wcs__cap_typ @ 125C)	a31c626	ihp-sg13cmos5l	ngspice-46 (EDA batch fleet runner, klt 0.5.0)
psrr	psrr_dyn_ss_125c_rwcs_i50000ua_c330nf_e250mohm	mos_ss	res_wcs	125	50000e-6	330n	250e-3	sim/ldo-cmos5l-pvt-sweep/netlist-snapshots/20261010-091123-a31c626/psrr_dyn_ss_125c_rwcs_i50000ua_c330nf_e250mohm.spice	ea0d700001fe2ad6dd2f81262d82232999082a82e612520310f8f66a9a864f91	klt sim --backend batch corners/20261010-091123-a31c626/_batch/g01_psrr_dyn_ss_125c_rbcs_i0ua_c330nf_e0mohm/request.json (batch_backend.py; corner mos_ss__res_wcs__cap_typ @ 125C)	a31c626	ihp-sg13cmos5l	ngspice-46 (EDA batch fleet runner, klt 0.5.0)
loopgain	loopgain_dyn_ss_125c_rwcs_i50000ua_c330nf_e500mohm	mos_ss	res_wcs	125	50000e-6	330n	500e-3	sim/ldo-cmos5l-pvt-sweep/netlist-snapshots/20261010-091123-a31c626/loopgain_dyn_ss_125c_rwcs_i50000ua_c330nf_e500mohm.spice	b70d4110d7e582c2e07c26f2858d5dc019f89722ac00d691e39309987117a1eb	klt sim --backend batch corners/20261010-091123-a31c626/_batch/g00_loopgain_dyn_ss_125c_rbcs_i0ua_c330nf_e0mohm/request.json (batch_backend.py; corner mos_ss__res_wcs__cap_typ @ 125C)	a31c626	ihp-sg13cmos5l	ngspice-46 (EDA batch fleet runner, klt 0.5.0)
psrr	psrr_dyn_ss_125c_rwcs_i50000ua_c330nf_e500mohm	mos_ss	res_wcs	125	50000e-6	330n	500e-3	sim/ldo-cmos5l-pvt-sweep/netlist-snapshots/20261010-091123-a31c626/psrr_dyn_ss_125c_rwcs_i50000ua_c330nf_e500mohm.spice	06b9dbf2dd59c8474b58be57d5ae2026e81689a2bba011a0af31a0ab78061117	klt sim --backend batch corners/20261010-091123-a31c626/_batch/g01_psrr_dyn_ss_125c_rbcs_i0ua_c330nf_e0mohm/request.json (batch_backend.py; corner mos_ss__res_wcs__cap_typ @ 125C)	a31c626	ihp-sg13cmos5l	ngspice-46 (EDA batch fleet runner, klt 0.5.0)
loopgain	loopgain_dyn_ss_125c_rwcs_i50000ua_c1000nf_e0mohm	mos_ss	res_wcs	125	50000e-6	1000n	0	sim/ldo-cmos5l-pvt-sweep/netlist-snapshots/20261010-091123-a31c626/loopgain_dyn_ss_125c_rwcs_i50000ua_c1000nf_e0mohm.spice	81b68c2f0f4fe0e5bdcc08538df6c27264c02a74596a4c7b954a95a860c8a810	klt sim --backend batch corners/20261010-091123-a31c626/_batch/g00_loopgain_dyn_ss_125c_rbcs_i0ua_c330nf_e0mohm/request.json (batch_backend.py; corner mos_ss__res_wcs__cap_typ @ 125C)	a31c626	ihp-sg13cmos5l	ngspice-46 (EDA batch fleet runner, klt 0.5.0)
psrr	psrr_dyn_ss_125c_rwcs_i50000ua_c1000nf_e0mohm	mos_ss	res_wcs	125	50000e-6	1000n	0	sim/ldo-cmos5l-pvt-sweep/netlist-snapshots/20261010-091123-a31c626/psrr_dyn_ss_125c_rwcs_i50000ua_c1000nf_e0mohm.spice	4a6f859dcbd984389cbd7dc35be2c6c8a30e04bfc061a026991637031046338b	klt sim --backend batch corners/20261010-091123-a31c626/_batch/g01_psrr_dyn_ss_125c_rbcs_i0ua_c330nf_e0mohm/request.json (batch_backend.py; corner mos_ss__res_wcs__cap_typ @ 125C)	a31c626	ihp-sg13cmos5l	ngspice-46 (EDA batch fleet runner, klt 0.5.0)
loopgain	loopgain_dyn_ss_125c_rwcs_i50000ua_c1000nf_e250mohm	mos_ss	res_wcs	125	50000e-6	1000n	250e-3	sim/ldo-cmos5l-pvt-sweep/netlist-snapshots/20261010-091123-a31c626/loopgain_dyn_ss_125c_rwcs_i50000ua_c1000nf_e250mohm.spice	ce8efa688a5ea8f5f4498f0e0ec581ec114061c9cd96487d68a2ee7ae9669627	klt sim --backend batch corners/20261010-091123-a31c626/_batch/g00_loopgain_dyn_ss_125c_rbcs_i0ua_c330nf_e0mohm/request.json (batch_backend.py; corner mos_ss__res_wcs__cap_typ @ 125C)	a31c626	ihp-sg13cmos5l	ngspice-46 (EDA batch fleet runner, klt 0.5.0)
psrr	psrr_dyn_ss_125c_rwcs_i50000ua_c1000nf_e250mohm	mos_ss	res_wcs	125	50000e-6	1000n	250e-3	sim/ldo-cmos5l-pvt-sweep/netlist-snapshots/20261010-091123-a31c626/psrr_dyn_ss_125c_rwcs_i50000ua_c1000nf_e250mohm.spice	e0207a825bdf820c07976ef61e61378f900ae8007dcb89e95293fe33996c2e90	klt sim --backend batch corners/20261010-091123-a31c626/_batch/g01_psrr_dyn_ss_125c_rbcs_i0ua_c330nf_e0mohm/request.json (batch_backend.py; corner mos_ss__res_wcs__cap_typ @ 125C)	a31c626	ihp-sg13cmos5l	ngspice-46 (EDA batch fleet runner, klt 0.5.0)
loopgain	loopgain_dyn_ss_125c_rwcs_i50000ua_c1000nf_e500mohm	mos_ss	res_wcs	125	50000e-6	1000n	500e-3	sim/ldo-cmos5l-pvt-sweep/netlist-snapshots/20261010-091123-a31c626/loopgain_dyn_ss_125c_rwcs_i50000ua_c1000nf_e500mohm.spice	3bb480f9772e2329f31670e315eac36d98e423cbde50ad24894606d057311618	klt sim --backend batch corners/20261010-091123-a31c626/_batch/g00_loopgain_dyn_ss_125c_rbcs_i0ua_c330nf_e0mohm/request.json (batch_backend.py; corner mos_ss__res_wcs__cap_typ @ 125C)	a31c626	ihp-sg13cmos5l	ngspice-46 (EDA batch fleet runner, klt 0.5.0)
psrr	psrr_dyn_ss_125c_rwcs_i50000ua_c1000nf_e500mohm	mos_ss	res_wcs	125	50000e-6	1000n	500e-3	sim/ldo-cmos5l-pvt-sweep/netlist-snapshots/20261010-091123-a31c626/psrr_dyn_ss_125c_rwcs_i50000ua_c1000nf_e500mohm.spice	91e5b5f501eb152dee9b6a806ebafdc6e8b539b395abf8b73cf2924a8279510c	klt sim --backend batch corners/20261010-091123-a31c626/_batch/g01_psrr_dyn_ss_125c_rbcs_i0ua_c330nf_e0mohm/request.json (batch_backend.py; corner mos_ss__res_wcs__cap_typ @ 125C)	a31c626	ihp-sg13cmos5l	ngspice-46 (EDA batch fleet runner, klt 0.5.0)
loopgain	loopgain_dyn_ss_125c_rwcs_i50000ua_c2200nf_e0mohm	mos_ss	res_wcs	125	50000e-6	2200n	0	sim/ldo-cmos5l-pvt-sweep/netlist-snapshots/20261010-091123-a31c626/loopgain_dyn_ss_125c_rwcs_i50000ua_c2200nf_e0mohm.spice	875aaa773ce17477b75edf3f1ece375c395096bc497aae14b7602e378f0a9303	klt sim --backend batch corners/20261010-091123-a31c626/_batch/g00_loopgain_dyn_ss_125c_rbcs_i0ua_c330nf_e0mohm/request.json (batch_backend.py; corner mos_ss__res_wcs__cap_typ @ 125C)	a31c626	ihp-sg13cmos5l	ngspice-46 (EDA batch fleet runner, klt 0.5.0)
psrr	psrr_dyn_ss_125c_rwcs_i50000ua_c2200nf_e0mohm	mos_ss	res_wcs	125	50000e-6	2200n	0	sim/ldo-cmos5l-pvt-sweep/netlist-snapshots/20261010-091123-a31c626/psrr_dyn_ss_125c_rwcs_i50000ua_c2200nf_e0mohm.spice	8f114eea8854dc385be2f800f05f9b9c1a2a2e7d6bd10dbc96c92153240235be	klt sim --backend batch corners/20261010-091123-a31c626/_batch/g01_psrr_dyn_ss_125c_rbcs_i0ua_c330nf_e0mohm/request.json (batch_backend.py; corner mos_ss__res_wcs__cap_typ @ 125C)	a31c626	ihp-sg13cmos5l	ngspice-46 (EDA batch fleet runner, klt 0.5.0)
loopgain	loopgain_dyn_ss_125c_rwcs_i50000ua_c2200nf_e250mohm	mos_ss	res_wcs	125	50000e-6	2200n	250e-3	sim/ldo-cmos5l-pvt-sweep/netlist-snapshots/20261010-091123-a31c626/loopgain_dyn_ss_125c_rwcs_i50000ua_c2200nf_e250mohm.spice	7de70d02e66c3abbd58bf1a59afd092fba7bf9b00a1ba7d05a0c96476e86a6e4	klt sim --backend batch corners/20261010-091123-a31c626/_batch/g00_loopgain_dyn_ss_125c_rbcs_i0ua_c330nf_e0mohm/request.json (batch_backend.py; corner mos_ss__res_wcs__cap_typ @ 125C)	a31c626	ihp-sg13cmos5l	ngspice-46 (EDA batch fleet runner, klt 0.5.0)
psrr	psrr_dyn_ss_125c_rwcs_i50000ua_c2200nf_e250mohm	mos_ss	res_wcs	125	50000e-6	2200n	250e-3	sim/ldo-cmos5l-pvt-sweep/netlist-snapshots/20261010-091123-a31c626/psrr_dyn_ss_125c_rwcs_i50000ua_c2200nf_e250mohm.spice	5a439e5da2941c142f9684b3027a5aeabb9b8bf4e193e88d69a4d077e8de0ed5	klt sim --backend batch corners/20261010-091123-a31c626/_batch/g01_psrr_dyn_ss_125c_rbcs_i0ua_c330nf_e0mohm/request.json (batch_backend.py; corner mos_ss__res_wcs__cap_typ @ 125C)	a31c626	ihp-sg13cmos5l	ngspice-46 (EDA batch fleet runner, klt 0.5.0)
loopgain	loopgain_dyn_ss_125c_rwcs_i50000ua_c2200nf_e500mohm	mos_ss	res_wcs	125	50000e-6	2200n	500e-3	sim/ldo-cmos5l-pvt-sweep/netlist-snapshots/20261010-091123-a31c626/loopgain_dyn_ss_125c_rwcs_i50000ua_c2200nf_e500mohm.spice	e2f8198bf99d55df1b7aa61f52c06b3dc59380fc03af66eb999fdfafdde22933	klt sim --backend batch corners/20261010-091123-a31c626/_batch/g00_loopgain_dyn_ss_125c_rbcs_i0ua_c330nf_e0mohm/request.json (batch_backend.py; corner mos_ss__res_wcs__cap_typ @ 125C)	a31c626	ihp-sg13cmos5l	ngspice-46 (EDA batch fleet runner, klt 0.5.0)
psrr	psrr_dyn_ss_125c_rwcs_i50000ua_c2200nf_e500mohm	mos_ss	res_wcs	125	50000e-6	2200n	500e-3	sim/ldo-cmos5l-pvt-sweep/netlist-snapshots/20261010-091123-a31c626/psrr_dyn_ss_125c_rwcs_i50000ua_c2200nf_e500mohm.spice	ffeada14f0fccab6e3b74044aa674d65f9fe77c8eef4ccedf50856d712d0bff9	klt sim --backend batch corners/20261010-091123-a31c626/_batch/g01_psrr_dyn_ss_125c_rbcs_i0ua_c330nf_e0mohm/request.json (batch_backend.py; corner mos_ss__res_wcs__cap_typ @ 125C)	a31c626	ihp-sg13cmos5l	ngspice-46 (EDA batch fleet runner, klt 0.5.0)
loopgain	loopgain_dyn_ss_125c_rwcs_i50000ua_c4700nf_e0mohm	mos_ss	res_wcs	125	50000e-6	4700n	0	sim/ldo-cmos5l-pvt-sweep/netlist-snapshots/20261010-091123-a31c626/loopgain_dyn_ss_125c_rwcs_i50000ua_c4700nf_e0mohm.spice	7fc062867f5e3b9b549bc9078906eda4dd19a1ef3e4aa46b8f48d68095a5fb96	klt sim --backend batch corners/20261010-091123-a31c626/_batch/g00_loopgain_dyn_ss_125c_rbcs_i0ua_c330nf_e0mohm/request.json (batch_backend.py; corner mos_ss__res_wcs__cap_typ @ 125C)	a31c626	ihp-sg13cmos5l	ngspice-46 (EDA batch fleet runner, klt 0.5.0)
psrr	psrr_dyn_ss_125c_rwcs_i50000ua_c4700nf_e0mohm	mos_ss	res_wcs	125	50000e-6	4700n	0	sim/ldo-cmos5l-pvt-sweep/netlist-snapshots/20261010-091123-a31c626/psrr_dyn_ss_125c_rwcs_i50000ua_c4700nf_e0mohm.spice	4c860782aede1c051f4945987774e30f919b9de3b6240d8309ec0d1924839a2a	klt sim --backend batch corners/20261010-091123-a31c626/_batch/g01_psrr_dyn_ss_125c_rbcs_i0ua_c330nf_e0mohm/request.json (batch_backend.py; corner mos_ss__res_wcs__cap_typ @ 125C)	a31c626	ihp-sg13cmos5l	ngspice-46 (EDA batch fleet runner, klt 0.5.0)
loopgain	loopgain_dyn_ss_125c_rwcs_i50000ua_c4700nf_e250mohm	mos_ss	res_wcs	125	50000e-6	4700n	250e-3	sim/ldo-cmos5l-pvt-sweep/netlist-snapshots/20261010-091123-a31c626/loopgain_dyn_ss_125c_rwcs_i50000ua_c4700nf_e250mohm.spice	04467dcafd1b6f417436cdfc32211761a0b97d2c26b225723b802fd8ad6b86c8	klt sim --backend batch corners/20261010-091123-a31c626/_batch/g00_loopgain_dyn_ss_125c_rbcs_i0ua_c330nf_e0mohm/request.json (batch_backend.py; corner mos_ss__res_wcs__cap_typ @ 125C)	a31c626	ihp-sg13cmos5l	ngspice-46 (EDA batch fleet runner, klt 0.5.0)
psrr	psrr_dyn_ss_125c_rwcs_i50000ua_c4700nf_e250mohm	mos_ss	res_wcs	125	50000e-6	4700n	250e-3	sim/ldo-cmos5l-pvt-sweep/netlist-snapshots/20261010-091123-a31c626/psrr_dyn_ss_125c_rwcs_i50000ua_c4700nf_e250mohm.spice	586e4415f2fa70b1dc0bc4fa681145ee4280f0aa4c7c4ace462df8fe043b29cc	klt sim --backend batch corners/20261010-091123-a31c626/_batch/g01_psrr_dyn_ss_125c_rbcs_i0ua_c330nf_e0mohm/request.json (batch_backend.py; corner mos_ss__res_wcs__cap_typ @ 125C)	a31c626	ihp-sg13cmos5l	ngspice-46 (EDA batch fleet runner, klt 0.5.0)
loopgain	loopgain_dyn_ss_125c_rwcs_i50000ua_c4700nf_e500mohm	mos_ss	res_wcs	125	50000e-6	4700n	500e-3	sim/ldo-cmos5l-pvt-sweep/netlist-snapshots/20261010-091123-a31c626/loopgain_dyn_ss_125c_rwcs_i50000ua_c4700nf_e500mohm.spice	a4881fd80c0b14c90ca3cf5d999695eac41865952bf286dd0f2323a18c9b52ed	klt sim --backend batch corners/20261010-091123-a31c626/_batch/g00_loopgain_dyn_ss_125c_rbcs_i0ua_c330nf_e0mohm/request.json (batch_backend.py; corner mos_ss__res_wcs__cap_typ @ 125C)	a31c626	ihp-sg13cmos5l	ngspice-46 (EDA batch fleet runner, klt 0.5.0)
psrr	psrr_dyn_ss_125c_rwcs_i50000ua_c4700nf_e500mohm	mos_ss	res_wcs	125	50000e-6	4700n	500e-3	sim/ldo-cmos5l-pvt-sweep/netlist-snapshots/20261010-091123-a31c626/psrr_dyn_ss_125c_rwcs_i50000ua_c4700nf_e500mohm.spice	c6ab5bf1c07e1cb20160976b3b257b7381fb99c8caf00872380f83e266c913b0	klt sim --backend batch corners/20261010-091123-a31c626/_batch/g01_psrr_dyn_ss_125c_rbcs_i0ua_c330nf_e0mohm/request.json (batch_backend.py; corner mos_ss__res_wcs__cap_typ @ 125C)	a31c626	ihp-sg13cmos5l	ngspice-46 (EDA batch fleet runner, klt 0.5.0)
loopgain	loopgain_dyn_ff_27c_rbcs_i0ua_c330nf_e0mohm	mos_ff	res_bcs	27	0	330n	0	sim/ldo-cmos5l-pvt-sweep/netlist-snapshots/20261010-091123-a31c626/loopgain_dyn_ff_27c_rbcs_i0ua_c330nf_e0mohm.spice	fc5658cc60355a126e3368af85b653b4390f028d75a19bb31395d6b0c9cbf917	klt sim --backend batch corners/20261010-091123-a31c626/_batch/g00_loopgain_dyn_ss_125c_rbcs_i0ua_c330nf_e0mohm/request.json (batch_backend.py; corner mos_ff__res_bcs__cap_typ @ 27C)	a31c626	ihp-sg13cmos5l	ngspice-46 (EDA batch fleet runner, klt 0.5.0)
psrr	psrr_dyn_ff_27c_rbcs_i0ua_c330nf_e0mohm	mos_ff	res_bcs	27	0	330n	0	sim/ldo-cmos5l-pvt-sweep/netlist-snapshots/20261010-091123-a31c626/psrr_dyn_ff_27c_rbcs_i0ua_c330nf_e0mohm.spice	d76912db5d86b3c1eeaa27f518f1cd225e5c032cde0e33e677de44cc53f81c8a	klt sim --backend batch corners/20261010-091123-a31c626/_batch/g01_psrr_dyn_ss_125c_rbcs_i0ua_c330nf_e0mohm/request.json (batch_backend.py; corner mos_ff__res_bcs__cap_typ @ 27C)	a31c626	ihp-sg13cmos5l	ngspice-46 (EDA batch fleet runner, klt 0.5.0)
loopgain	loopgain_dyn_ff_27c_rbcs_i0ua_c330nf_e250mohm	mos_ff	res_bcs	27	0	330n	250e-3	sim/ldo-cmos5l-pvt-sweep/netlist-snapshots/20261010-091123-a31c626/loopgain_dyn_ff_27c_rbcs_i0ua_c330nf_e250mohm.spice	b70a68e0f328db22cee8b7b253dc2e3256734e406a0b021112f3d3e12fb0a30d	klt sim --backend batch corners/20261010-091123-a31c626/_batch/g00_loopgain_dyn_ss_125c_rbcs_i0ua_c330nf_e0mohm/request.json (batch_backend.py; corner mos_ff__res_bcs__cap_typ @ 27C)	a31c626	ihp-sg13cmos5l	ngspice-46 (EDA batch fleet runner, klt 0.5.0)
psrr	psrr_dyn_ff_27c_rbcs_i0ua_c330nf_e250mohm	mos_ff	res_bcs	27	0	330n	250e-3	sim/ldo-cmos5l-pvt-sweep/netlist-snapshots/20261010-091123-a31c626/psrr_dyn_ff_27c_rbcs_i0ua_c330nf_e250mohm.spice	3b827fb65e74d52496d0f8021073b8c787001bb07f43b519a4ce3c2c0b00f3b3	klt sim --backend batch corners/20261010-091123-a31c626/_batch/g01_psrr_dyn_ss_125c_rbcs_i0ua_c330nf_e0mohm/request.json (batch_backend.py; corner mos_ff__res_bcs__cap_typ @ 27C)	a31c626	ihp-sg13cmos5l	ngspice-46 (EDA batch fleet runner, klt 0.5.0)
loopgain	loopgain_dyn_ff_27c_rbcs_i0ua_c330nf_e500mohm	mos_ff	res_bcs	27	0	330n	500e-3	sim/ldo-cmos5l-pvt-sweep/netlist-snapshots/20261010-091123-a31c626/loopgain_dyn_ff_27c_rbcs_i0ua_c330nf_e500mohm.spice	cab6c942d1a7349bc975eb51278ff6da817f684d692c0c93d59b8eed75bd823b	klt sim --backend batch corners/20261010-091123-a31c626/_batch/g00_loopgain_dyn_ss_125c_rbcs_i0ua_c330nf_e0mohm/request.json (batch_backend.py; corner mos_ff__res_bcs__cap_typ @ 27C)	a31c626	ihp-sg13cmos5l	ngspice-46 (EDA batch fleet runner, klt 0.5.0)
psrr	psrr_dyn_ff_27c_rbcs_i0ua_c330nf_e500mohm	mos_ff	res_bcs	27	0	330n	500e-3	sim/ldo-cmos5l-pvt-sweep/netlist-snapshots/20261010-091123-a31c626/psrr_dyn_ff_27c_rbcs_i0ua_c330nf_e500mohm.spice	d68e25880f663706116fb45e463958a7c3d62281b0ca0d278e6835d7da00fb08	klt sim --backend batch corners/20261010-091123-a31c626/_batch/g01_psrr_dyn_ss_125c_rbcs_i0ua_c330nf_e0mohm/request.json (batch_backend.py; corner mos_ff__res_bcs__cap_typ @ 27C)	a31c626	ihp-sg13cmos5l	ngspice-46 (EDA batch fleet runner, klt 0.5.0)
loopgain	loopgain_dyn_ff_27c_rbcs_i0ua_c1000nf_e0mohm	mos_ff	res_bcs	27	0	1000n	0	sim/ldo-cmos5l-pvt-sweep/netlist-snapshots/20261010-091123-a31c626/loopgain_dyn_ff_27c_rbcs_i0ua_c1000nf_e0mohm.spice	85f9992d3c70e62b6d80a319ccd09c2b6516d56a37b02df240c16cc2df0e3312	klt sim --backend batch corners/20261010-091123-a31c626/_batch/g00_loopgain_dyn_ss_125c_rbcs_i0ua_c330nf_e0mohm/request.json (batch_backend.py; corner mos_ff__res_bcs__cap_typ @ 27C)	a31c626	ihp-sg13cmos5l	ngspice-46 (EDA batch fleet runner, klt 0.5.0)
psrr	psrr_dyn_ff_27c_rbcs_i0ua_c1000nf_e0mohm	mos_ff	res_bcs	27	0	1000n	0	sim/ldo-cmos5l-pvt-sweep/netlist-snapshots/20261010-091123-a31c626/psrr_dyn_ff_27c_rbcs_i0ua_c1000nf_e0mohm.spice	991bd53958a7b643b07226f578356e35971c04ab22c75b8428ea044e57e6ae26	klt sim --backend batch corners/20261010-091123-a31c626/_batch/g01_psrr_dyn_ss_125c_rbcs_i0ua_c330nf_e0mohm/request.json (batch_backend.py; corner mos_ff__res_bcs__cap_typ @ 27C)	a31c626	ihp-sg13cmos5l	ngspice-46 (EDA batch fleet runner, klt 0.5.0)
loopgain	loopgain_dyn_ff_27c_rbcs_i0ua_c1000nf_e250mohm	mos_ff	res_bcs	27	0	1000n	250e-3	sim/ldo-cmos5l-pvt-sweep/netlist-snapshots/20261010-091123-a31c626/loopgain_dyn_ff_27c_rbcs_i0ua_c1000nf_e250mohm.spice	4509ae1e50bf65cb0ee9f49610f56fcead315d2743a6b5a4bedf962db18951d4	klt sim --backend batch corners/20261010-091123-a31c626/_batch/g00_loopgain_dyn_ss_125c_rbcs_i0ua_c330nf_e0mohm/request.json (batch_backend.py; corner mos_ff__res_bcs__cap_typ @ 27C)	a31c626	ihp-sg13cmos5l	ngspice-46 (EDA batch fleet runner, klt 0.5.0)
psrr	psrr_dyn_ff_27c_rbcs_i0ua_c1000nf_e250mohm	mos_ff	res_bcs	27	0	1000n	250e-3	sim/ldo-cmos5l-pvt-sweep/netlist-snapshots/20261010-091123-a31c626/psrr_dyn_ff_27c_rbcs_i0ua_c1000nf_e250mohm.spice	e87935ff659eba3e03fa6aee6fb6dce07fa9088e01afcbbf7d0d70a051a95a38	klt sim --backend batch corners/20261010-091123-a31c626/_batch/g01_psrr_dyn_ss_125c_rbcs_i0ua_c330nf_e0mohm/request.json (batch_backend.py; corner mos_ff__res_bcs__cap_typ @ 27C)	a31c626	ihp-sg13cmos5l	ngspice-46 (EDA batch fleet runner, klt 0.5.0)
loopgain	loopgain_dyn_ff_27c_rbcs_i0ua_c1000nf_e500mohm	mos_ff	res_bcs	27	0	1000n	500e-3	sim/ldo-cmos5l-pvt-sweep/netlist-snapshots/20261010-091123-a31c626/loopgain_dyn_ff_27c_rbcs_i0ua_c1000nf_e500mohm.spice	aeb8e2da00ecdee9eeea1fe90e78c30d2fb9867e9ac58b335d5571d0dee2855f	klt sim --backend batch corners/20261010-091123-a31c626/_batch/g00_loopgain_dyn_ss_125c_rbcs_i0ua_c330nf_e0mohm/request.json (batch_backend.py; corner mos_ff__res_bcs__cap_typ @ 27C)	a31c626	ihp-sg13cmos5l	ngspice-46 (EDA batch fleet runner, klt 0.5.0)
psrr	psrr_dyn_ff_27c_rbcs_i0ua_c1000nf_e500mohm	mos_ff	res_bcs	27	0	1000n	500e-3	sim/ldo-cmos5l-pvt-sweep/netlist-snapshots/20261010-091123-a31c626/psrr_dyn_ff_27c_rbcs_i0ua_c1000nf_e500mohm.spice	dd4028bff06081761a76acbba768b4dd46094e640076ead79e59300ae435851f	klt sim --backend batch corners/20261010-091123-a31c626/_batch/g01_psrr_dyn_ss_125c_rbcs_i0ua_c330nf_e0mohm/request.json (batch_backend.py; corner mos_ff__res_bcs__cap_typ @ 27C)	a31c626	ihp-sg13cmos5l	ngspice-46 (EDA batch fleet runner, klt 0.5.0)
loopgain	loopgain_dyn_ff_27c_rbcs_i0ua_c2200nf_e0mohm	mos_ff	res_bcs	27	0	2200n	0	sim/ldo-cmos5l-pvt-sweep/netlist-snapshots/20261010-091123-a31c626/loopgain_dyn_ff_27c_rbcs_i0ua_c2200nf_e0mohm.spice	3c33506c7a9840a8c7c4ad769935e503dba06d3957c9b8fefdb3312437e2e9fd	klt sim --backend batch corners/20261010-091123-a31c626/_batch/g00_loopgain_dyn_ss_125c_rbcs_i0ua_c330nf_e0mohm/request.json (batch_backend.py; corner mos_ff__res_bcs__cap_typ @ 27C)	a31c626	ihp-sg13cmos5l	ngspice-46 (EDA batch fleet runner, klt 0.5.0)
psrr	psrr_dyn_ff_27c_rbcs_i0ua_c2200nf_e0mohm	mos_ff	res_bcs	27	0	2200n	0	sim/ldo-cmos5l-pvt-sweep/netlist-snapshots/20261010-091123-a31c626/psrr_dyn_ff_27c_rbcs_i0ua_c2200nf_e0mohm.spice	be278fb73a5d2d44ff0cee1101778d9edacd9eff3acd56248bb583c93641ea5d	klt sim --backend batch corners/20261010-091123-a31c626/_batch/g01_psrr_dyn_ss_125c_rbcs_i0ua_c330nf_e0mohm/request.json (batch_backend.py; corner mos_ff__res_bcs__cap_typ @ 27C)	a31c626	ihp-sg13cmos5l	ngspice-46 (EDA batch fleet runner, klt 0.5.0)
loopgain	loopgain_dyn_ff_27c_rbcs_i0ua_c2200nf_e250mohm	mos_ff	res_bcs	27	0	2200n	250e-3	sim/ldo-cmos5l-pvt-sweep/netlist-snapshots/20261010-091123-a31c626/loopgain_dyn_ff_27c_rbcs_i0ua_c2200nf_e250mohm.spice	eddbcd0732ad74b5acc963e04bc16ea47de02922a963354d6d5cc6ae899dbee2	klt sim --backend batch corners/20261010-091123-a31c626/_batch/g00_loopgain_dyn_ss_125c_rbcs_i0ua_c330nf_e0mohm/request.json (batch_backend.py; corner mos_ff__res_bcs__cap_typ @ 27C)	a31c626	ihp-sg13cmos5l	ngspice-46 (EDA batch fleet runner, klt 0.5.0)
psrr	psrr_dyn_ff_27c_rbcs_i0ua_c2200nf_e250mohm	mos_ff	res_bcs	27	0	2200n	250e-3	sim/ldo-cmos5l-pvt-sweep/netlist-snapshots/20261010-091123-a31c626/psrr_dyn_ff_27c_rbcs_i0ua_c2200nf_e250mohm.spice	38237f5097cf30ed0cb437ef95ce83cf5509bf6d41ce3bb3ff21c810f4d27a1a	klt sim --backend batch corners/20261010-091123-a31c626/_batch/g01_psrr_dyn_ss_125c_rbcs_i0ua_c330nf_e0mohm/request.json (batch_backend.py; corner mos_ff__res_bcs__cap_typ @ 27C)	a31c626	ihp-sg13cmos5l	ngspice-46 (EDA batch fleet runner, klt 0.5.0)
loopgain	loopgain_dyn_ff_27c_rbcs_i0ua_c2200nf_e500mohm	mos_ff	res_bcs	27	0	2200n	500e-3	sim/ldo-cmos5l-pvt-sweep/netlist-snapshots/20261010-091123-a31c626/loopgain_dyn_ff_27c_rbcs_i0ua_c2200nf_e500mohm.spice	67352955310f1cffe1b84ec32920de56b68a44f2febcaaac030d66357fa01634	klt sim --backend batch corners/20261010-091123-a31c626/_batch/g00_loopgain_dyn_ss_125c_rbcs_i0ua_c330nf_e0mohm/request.json (batch_backend.py; corner mos_ff__res_bcs__cap_typ @ 27C)	a31c626	ihp-sg13cmos5l	ngspice-46 (EDA batch fleet runner, klt 0.5.0)
psrr	psrr_dyn_ff_27c_rbcs_i0ua_c2200nf_e500mohm	mos_ff	res_bcs	27	0	2200n	500e-3	sim/ldo-cmos5l-pvt-sweep/netlist-snapshots/20261010-091123-a31c626/psrr_dyn_ff_27c_rbcs_i0ua_c2200nf_e500mohm.spice	f21d09b6c17c1155c3dd3e01208014d793ce1b30d67ca89ff3f8f47488bcbe1c	klt sim --backend batch corners/20261010-091123-a31c626/_batch/g01_psrr_dyn_ss_125c_rbcs_i0ua_c330nf_e0mohm/request.json (batch_backend.py; corner mos_ff__res_bcs__cap_typ @ 27C)	a31c626	ihp-sg13cmos5l	ngspice-46 (EDA batch fleet runner, klt 0.5.0)
loopgain	loopgain_dyn_ff_27c_rbcs_i0ua_c4700nf_e0mohm	mos_ff	res_bcs	27	0	4700n	0	sim/ldo-cmos5l-pvt-sweep/netlist-snapshots/20261010-091123-a31c626/loopgain_dyn_ff_27c_rbcs_i0ua_c4700nf_e0mohm.spice	5ab393379163505699e22edc9b513326c12843a8f1b58cf7dd03736755c51513	klt sim --backend batch corners/20261010-091123-a31c626/_batch/g00_loopgain_dyn_ss_125c_rbcs_i0ua_c330nf_e0mohm/request.json (batch_backend.py; corner mos_ff__res_bcs__cap_typ @ 27C)	a31c626	ihp-sg13cmos5l	ngspice-46 (EDA batch fleet runner, klt 0.5.0)
psrr	psrr_dyn_ff_27c_rbcs_i0ua_c4700nf_e0mohm	mos_ff	res_bcs	27	0	4700n	0	sim/ldo-cmos5l-pvt-sweep/netlist-snapshots/20261010-091123-a31c626/psrr_dyn_ff_27c_rbcs_i0ua_c4700nf_e0mohm.spice	80151ec6595913055dcb0c2dc8c77edbf8bea18c5dd986ee85b346b6fbc713ff	klt sim --backend batch corners/20261010-091123-a31c626/_batch/g01_psrr_dyn_ss_125c_rbcs_i0ua_c330nf_e0mohm/request.json (batch_backend.py; corner mos_ff__res_bcs__cap_typ @ 27C)	a31c626	ihp-sg13cmos5l	ngspice-46 (EDA batch fleet runner, klt 0.5.0)
loopgain	loopgain_dyn_ff_27c_rbcs_i0ua_c4700nf_e250mohm	mos_ff	res_bcs	27	0	4700n	250e-3	sim/ldo-cmos5l-pvt-sweep/netlist-snapshots/20261010-091123-a31c626/loopgain_dyn_ff_27c_rbcs_i0ua_c4700nf_e250mohm.spice	64b0fb16dd5febbbed4f2bf70afe0e8834ee155dd6523df0c9afbfd9cccdee8a	klt sim --backend batch corners/20261010-091123-a31c626/_batch/g00_loopgain_dyn_ss_125c_rbcs_i0ua_c330nf_e0mohm/request.json (batch_backend.py; corner mos_ff__res_bcs__cap_typ @ 27C)	a31c626	ihp-sg13cmos5l	ngspice-46 (EDA batch fleet runner, klt 0.5.0)
psrr	psrr_dyn_ff_27c_rbcs_i0ua_c4700nf_e250mohm	mos_ff	res_bcs	27	0	4700n	250e-3	sim/ldo-cmos5l-pvt-sweep/netlist-snapshots/20261010-091123-a31c626/psrr_dyn_ff_27c_rbcs_i0ua_c4700nf_e250mohm.spice	f06fe2fe6c5fe05fbce44265618bd4d547e8b5f69211f590e9f3273c023089e3	klt sim --backend batch corners/20261010-091123-a31c626/_batch/g01_psrr_dyn_ss_125c_rbcs_i0ua_c330nf_e0mohm/request.json (batch_backend.py; corner mos_ff__res_bcs__cap_typ @ 27C)	a31c626	ihp-sg13cmos5l	ngspice-46 (EDA batch fleet runner, klt 0.5.0)
loopgain	loopgain_dyn_ff_27c_rbcs_i0ua_c4700nf_e500mohm	mos_ff	res_bcs	27	0	4700n	500e-3	sim/ldo-cmos5l-pvt-sweep/netlist-snapshots/20261010-091123-a31c626/loopgain_dyn_ff_27c_rbcs_i0ua_c4700nf_e500mohm.spice	04243bd585324fee60a17ca4053860f0382a9593fd40dee2c7c593f71f418224	klt sim --backend batch corners/20261010-091123-a31c626/_batch/g00_loopgain_dyn_ss_125c_rbcs_i0ua_c330nf_e0mohm/request.json (batch_backend.py; corner mos_ff__res_bcs__cap_typ @ 27C)	a31c626	ihp-sg13cmos5l	ngspice-46 (EDA batch fleet runner, klt 0.5.0)
psrr	psrr_dyn_ff_27c_rbcs_i0ua_c4700nf_e500mohm	mos_ff	res_bcs	27	0	4700n	500e-3	sim/ldo-cmos5l-pvt-sweep/netlist-snapshots/20261010-091123-a31c626/psrr_dyn_ff_27c_rbcs_i0ua_c4700nf_e500mohm.spice	ba456f544bb0c6d364ad70c38580fab0436283caeda92ab9e27277eb1e20072e	klt sim --backend batch corners/20261010-091123-a31c626/_batch/g01_psrr_dyn_ss_125c_rbcs_i0ua_c330nf_e0mohm/request.json (batch_backend.py; corner mos_ff__res_bcs__cap_typ @ 27C)	a31c626	ihp-sg13cmos5l	ngspice-46 (EDA batch fleet runner, klt 0.5.0)
loopgain	loopgain_dyn_ff_27c_rbcs_i1000ua_c330nf_e0mohm	mos_ff	res_bcs	27	1000e-6	330n	0	sim/ldo-cmos5l-pvt-sweep/netlist-snapshots/20261010-091123-a31c626/loopgain_dyn_ff_27c_rbcs_i1000ua_c330nf_e0mohm.spice	70667e2780fa305868085788214006c480ce3262846a6015fd57aeceb797b7b5	klt sim --backend batch corners/20261010-091123-a31c626/_batch/g00_loopgain_dyn_ss_125c_rbcs_i0ua_c330nf_e0mohm/request.json (batch_backend.py; corner mos_ff__res_bcs__cap_typ @ 27C)	a31c626	ihp-sg13cmos5l	ngspice-46 (EDA batch fleet runner, klt 0.5.0)
psrr	psrr_dyn_ff_27c_rbcs_i1000ua_c330nf_e0mohm	mos_ff	res_bcs	27	1000e-6	330n	0	sim/ldo-cmos5l-pvt-sweep/netlist-snapshots/20261010-091123-a31c626/psrr_dyn_ff_27c_rbcs_i1000ua_c330nf_e0mohm.spice	3c63d00e9cb6df2b66b799493d33dff4fbe61b087b68f96c98a6f9182ec5f74b	klt sim --backend batch corners/20261010-091123-a31c626/_batch/g01_psrr_dyn_ss_125c_rbcs_i0ua_c330nf_e0mohm/request.json (batch_backend.py; corner mos_ff__res_bcs__cap_typ @ 27C)	a31c626	ihp-sg13cmos5l	ngspice-46 (EDA batch fleet runner, klt 0.5.0)
loopgain	loopgain_dyn_ff_27c_rbcs_i1000ua_c330nf_e250mohm	mos_ff	res_bcs	27	1000e-6	330n	250e-3	sim/ldo-cmos5l-pvt-sweep/netlist-snapshots/20261010-091123-a31c626/loopgain_dyn_ff_27c_rbcs_i1000ua_c330nf_e250mohm.spice	983e4abd2d41f23f82a200e8ed4897d63c46abd4c81331f7cd02997dd56376bc	klt sim --backend batch corners/20261010-091123-a31c626/_batch/g00_loopgain_dyn_ss_125c_rbcs_i0ua_c330nf_e0mohm/request.json (batch_backend.py; corner mos_ff__res_bcs__cap_typ @ 27C)	a31c626	ihp-sg13cmos5l	ngspice-46 (EDA batch fleet runner, klt 0.5.0)
psrr	psrr_dyn_ff_27c_rbcs_i1000ua_c330nf_e250mohm	mos_ff	res_bcs	27	1000e-6	330n	250e-3	sim/ldo-cmos5l-pvt-sweep/netlist-snapshots/20261010-091123-a31c626/psrr_dyn_ff_27c_rbcs_i1000ua_c330nf_e250mohm.spice	9f19b4b852cb962dc76b3fe0098142b2f8a09d5d45adcdedf4ff6af45a91aaef	klt sim --backend batch corners/20261010-091123-a31c626/_batch/g01_psrr_dyn_ss_125c_rbcs_i0ua_c330nf_e0mohm/request.json (batch_backend.py; corner mos_ff__res_bcs__cap_typ @ 27C)	a31c626	ihp-sg13cmos5l	ngspice-46 (EDA batch fleet runner, klt 0.5.0)
loopgain	loopgain_dyn_ff_27c_rbcs_i1000ua_c330nf_e500mohm	mos_ff	res_bcs	27	1000e-6	330n	500e-3	sim/ldo-cmos5l-pvt-sweep/netlist-snapshots/20261010-091123-a31c626/loopgain_dyn_ff_27c_rbcs_i1000ua_c330nf_e500mohm.spice	6348438da04985df0b2e7468e845ec1701bd9ccc3c4dd82bde892dd48ad2fd6d	klt sim --backend batch corners/20261010-091123-a31c626/_batch/g00_loopgain_dyn_ss_125c_rbcs_i0ua_c330nf_e0mohm/request.json (batch_backend.py; corner mos_ff__res_bcs__cap_typ @ 27C)	a31c626	ihp-sg13cmos5l	ngspice-46 (EDA batch fleet runner, klt 0.5.0)
psrr	psrr_dyn_ff_27c_rbcs_i1000ua_c330nf_e500mohm	mos_ff	res_bcs	27	1000e-6	330n	500e-3	sim/ldo-cmos5l-pvt-sweep/netlist-snapshots/20261010-091123-a31c626/psrr_dyn_ff_27c_rbcs_i1000ua_c330nf_e500mohm.spice	395a8054967a6b1c38fb07618081c7375acc1d2a297ff96198c67d87c3adffb1	klt sim --backend batch corners/20261010-091123-a31c626/_batch/g01_psrr_dyn_ss_125c_rbcs_i0ua_c330nf_e0mohm/request.json (batch_backend.py; corner mos_ff__res_bcs__cap_typ @ 27C)	a31c626	ihp-sg13cmos5l	ngspice-46 (EDA batch fleet runner, klt 0.5.0)
loopgain	loopgain_dyn_ff_27c_rbcs_i1000ua_c1000nf_e0mohm	mos_ff	res_bcs	27	1000e-6	1000n	0	sim/ldo-cmos5l-pvt-sweep/netlist-snapshots/20261010-091123-a31c626/loopgain_dyn_ff_27c_rbcs_i1000ua_c1000nf_e0mohm.spice	da009ab84c0209dd10da578affded6305f48d8eb183cf0f6c25957a4dcb6f34e	klt sim --backend batch corners/20261010-091123-a31c626/_batch/g00_loopgain_dyn_ss_125c_rbcs_i0ua_c330nf_e0mohm/request.json (batch_backend.py; corner mos_ff__res_bcs__cap_typ @ 27C)	a31c626	ihp-sg13cmos5l	ngspice-46 (EDA batch fleet runner, klt 0.5.0)
psrr	psrr_dyn_ff_27c_rbcs_i1000ua_c1000nf_e0mohm	mos_ff	res_bcs	27	1000e-6	1000n	0	sim/ldo-cmos5l-pvt-sweep/netlist-snapshots/20261010-091123-a31c626/psrr_dyn_ff_27c_rbcs_i1000ua_c1000nf_e0mohm.spice	5a6ce2cd3b60fa3094550f88f6a7cb91fc43f10b7bd02ad4b5a53687e86a1731	klt sim --backend batch corners/20261010-091123-a31c626/_batch/g01_psrr_dyn_ss_125c_rbcs_i0ua_c330nf_e0mohm/request.json (batch_backend.py; corner mos_ff__res_bcs__cap_typ @ 27C)	a31c626	ihp-sg13cmos5l	ngspice-46 (EDA batch fleet runner, klt 0.5.0)
loopgain	loopgain_dyn_ff_27c_rbcs_i1000ua_c1000nf_e250mohm	mos_ff	res_bcs	27	1000e-6	1000n	250e-3	sim/ldo-cmos5l-pvt-sweep/netlist-snapshots/20261010-091123-a31c626/loopgain_dyn_ff_27c_rbcs_i1000ua_c1000nf_e250mohm.spice	d75a541cb48af4fc1a3a60abff0c1043784387d928364ace8c512bf5fc02a150	klt sim --backend batch corners/20261010-091123-a31c626/_batch/g00_loopgain_dyn_ss_125c_rbcs_i0ua_c330nf_e0mohm/request.json (batch_backend.py; corner mos_ff__res_bcs__cap_typ @ 27C)	a31c626	ihp-sg13cmos5l	ngspice-46 (EDA batch fleet runner, klt 0.5.0)
psrr	psrr_dyn_ff_27c_rbcs_i1000ua_c1000nf_e250mohm	mos_ff	res_bcs	27	1000e-6	1000n	250e-3	sim/ldo-cmos5l-pvt-sweep/netlist-snapshots/20261010-091123-a31c626/psrr_dyn_ff_27c_rbcs_i1000ua_c1000nf_e250mohm.spice	0afb3005bee44f21bb0d79f25f0c19866823f83c91841a5ea5eb306db70a1709	klt sim --backend batch corners/20261010-091123-a31c626/_batch/g01_psrr_dyn_ss_125c_rbcs_i0ua_c330nf_e0mohm/request.json (batch_backend.py; corner mos_ff__res_bcs__cap_typ @ 27C)	a31c626	ihp-sg13cmos5l	ngspice-46 (EDA batch fleet runner, klt 0.5.0)
loopgain	loopgain_dyn_ff_27c_rbcs_i1000ua_c1000nf_e500mohm	mos_ff	res_bcs	27	1000e-6	1000n	500e-3	sim/ldo-cmos5l-pvt-sweep/netlist-snapshots/20261010-091123-a31c626/loopgain_dyn_ff_27c_rbcs_i1000ua_c1000nf_e500mohm.spice	f3716f279b73b4ddbbc1869edbb6f7acab109100405e83a4d3612030abfb4160	klt sim --backend batch corners/20261010-091123-a31c626/_batch/g00_loopgain_dyn_ss_125c_rbcs_i0ua_c330nf_e0mohm/request.json (batch_backend.py; corner mos_ff__res_bcs__cap_typ @ 27C)	a31c626	ihp-sg13cmos5l	ngspice-46 (EDA batch fleet runner, klt 0.5.0)
psrr	psrr_dyn_ff_27c_rbcs_i1000ua_c1000nf_e500mohm	mos_ff	res_bcs	27	1000e-6	1000n	500e-3	sim/ldo-cmos5l-pvt-sweep/netlist-snapshots/20261010-091123-a31c626/psrr_dyn_ff_27c_rbcs_i1000ua_c1000nf_e500mohm.spice	0be97c03a92567149b68cdd0f04136066ad36cb188e3d60fc516419c5690c204	klt sim --backend batch corners/20261010-091123-a31c626/_batch/g01_psrr_dyn_ss_125c_rbcs_i0ua_c330nf_e0mohm/request.json (batch_backend.py; corner mos_ff__res_bcs__cap_typ @ 27C)	a31c626	ihp-sg13cmos5l	ngspice-46 (EDA batch fleet runner, klt 0.5.0)
loopgain	loopgain_dyn_ff_27c_rbcs_i1000ua_c2200nf_e0mohm	mos_ff	res_bcs	27	1000e-6	2200n	0	sim/ldo-cmos5l-pvt-sweep/netlist-snapshots/20261010-091123-a31c626/loopgain_dyn_ff_27c_rbcs_i1000ua_c2200nf_e0mohm.spice	e934d8e672868699824d6b7cc8572ad4125f266beaf6983c9e3fa29dda8789c5	klt sim --backend batch corners/20261010-091123-a31c626/_batch/g00_loopgain_dyn_ss_125c_rbcs_i0ua_c330nf_e0mohm/request.json (batch_backend.py; corner mos_ff__res_bcs__cap_typ @ 27C)	a31c626	ihp-sg13cmos5l	ngspice-46 (EDA batch fleet runner, klt 0.5.0)
psrr	psrr_dyn_ff_27c_rbcs_i1000ua_c2200nf_e0mohm	mos_ff	res_bcs	27	1000e-6	2200n	0	sim/ldo-cmos5l-pvt-sweep/netlist-snapshots/20261010-091123-a31c626/psrr_dyn_ff_27c_rbcs_i1000ua_c2200nf_e0mohm.spice	73e5295b23bdadf2e707967e7154fb1524170d9ad428ac6cd2505e794d676665	klt sim --backend batch corners/20261010-091123-a31c626/_batch/g01_psrr_dyn_ss_125c_rbcs_i0ua_c330nf_e0mohm/request.json (batch_backend.py; corner mos_ff__res_bcs__cap_typ @ 27C)	a31c626	ihp-sg13cmos5l	ngspice-46 (EDA batch fleet runner, klt 0.5.0)
loopgain	loopgain_dyn_ff_27c_rbcs_i1000ua_c2200nf_e250mohm	mos_ff	res_bcs	27	1000e-6	2200n	250e-3	sim/ldo-cmos5l-pvt-sweep/netlist-snapshots/20261010-091123-a31c626/loopgain_dyn_ff_27c_rbcs_i1000ua_c2200nf_e250mohm.spice	85bc4829bcb21ddef14ce861ddc8c41fbd3a4aa8b570d1d43a7b5194afc28b9c	klt sim --backend batch corners/20261010-091123-a31c626/_batch/g00_loopgain_dyn_ss_125c_rbcs_i0ua_c330nf_e0mohm/request.json (batch_backend.py; corner mos_ff__res_bcs__cap_typ @ 27C)	a31c626	ihp-sg13cmos5l	ngspice-46 (EDA batch fleet runner, klt 0.5.0)
psrr	psrr_dyn_ff_27c_rbcs_i1000ua_c2200nf_e250mohm	mos_ff	res_bcs	27	1000e-6	2200n	250e-3	sim/ldo-cmos5l-pvt-sweep/netlist-snapshots/20261010-091123-a31c626/psrr_dyn_ff_27c_rbcs_i1000ua_c2200nf_e250mohm.spice	c00c97199faefa6bf4def3906c9b573a9dd26d38fbb067c4295f15afe343c474	klt sim --backend batch corners/20261010-091123-a31c626/_batch/g01_psrr_dyn_ss_125c_rbcs_i0ua_c330nf_e0mohm/request.json (batch_backend.py; corner mos_ff__res_bcs__cap_typ @ 27C)	a31c626	ihp-sg13cmos5l	ngspice-46 (EDA batch fleet runner, klt 0.5.0)
loopgain	loopgain_dyn_ff_27c_rbcs_i1000ua_c2200nf_e500mohm	mos_ff	res_bcs	27	1000e-6	2200n	500e-3	sim/ldo-cmos5l-pvt-sweep/netlist-snapshots/20261010-091123-a31c626/loopgain_dyn_ff_27c_rbcs_i1000ua_c2200nf_e500mohm.spice	41a294f57f303d8157efe57e7babbbcf959249ec4aa09982a5a2e6fefcc02a96	klt sim --backend batch corners/20261010-091123-a31c626/_batch/g00_loopgain_dyn_ss_125c_rbcs_i0ua_c330nf_e0mohm/request.json (batch_backend.py; corner mos_ff__res_bcs__cap_typ @ 27C)	a31c626	ihp-sg13cmos5l	ngspice-46 (EDA batch fleet runner, klt 0.5.0)
psrr	psrr_dyn_ff_27c_rbcs_i1000ua_c2200nf_e500mohm	mos_ff	res_bcs	27	1000e-6	2200n	500e-3	sim/ldo-cmos5l-pvt-sweep/netlist-snapshots/20261010-091123-a31c626/psrr_dyn_ff_27c_rbcs_i1000ua_c2200nf_e500mohm.spice	503de87697a3c921d370e16a80a6c5a59007566d2ac4b2d5c81cb8b78c677a3a	klt sim --backend batch corners/20261010-091123-a31c626/_batch/g01_psrr_dyn_ss_125c_rbcs_i0ua_c330nf_e0mohm/request.json (batch_backend.py; corner mos_ff__res_bcs__cap_typ @ 27C)	a31c626	ihp-sg13cmos5l	ngspice-46 (EDA batch fleet runner, klt 0.5.0)
loopgain	loopgain_dyn_ff_27c_rbcs_i1000ua_c4700nf_e0mohm	mos_ff	res_bcs	27	1000e-6	4700n	0	sim/ldo-cmos5l-pvt-sweep/netlist-snapshots/20261010-091123-a31c626/loopgain_dyn_ff_27c_rbcs_i1000ua_c4700nf_e0mohm.spice	20af4e5dbe39b093f7967a57afc78a4ce286c231fd23c50cf465b5d4555e0bfa	klt sim --backend batch corners/20261010-091123-a31c626/_batch/g00_loopgain_dyn_ss_125c_rbcs_i0ua_c330nf_e0mohm/request.json (batch_backend.py; corner mos_ff__res_bcs__cap_typ @ 27C)	a31c626	ihp-sg13cmos5l	ngspice-46 (EDA batch fleet runner, klt 0.5.0)
psrr	psrr_dyn_ff_27c_rbcs_i1000ua_c4700nf_e0mohm	mos_ff	res_bcs	27	1000e-6	4700n	0	sim/ldo-cmos5l-pvt-sweep/netlist-snapshots/20261010-091123-a31c626/psrr_dyn_ff_27c_rbcs_i1000ua_c4700nf_e0mohm.spice	0823660a1fdf2917807af1e9e206c45881bdadbc9dbd30dfcfc780fcc3b1ca6a	klt sim --backend batch corners/20261010-091123-a31c626/_batch/g01_psrr_dyn_ss_125c_rbcs_i0ua_c330nf_e0mohm/request.json (batch_backend.py; corner mos_ff__res_bcs__cap_typ @ 27C)	a31c626	ihp-sg13cmos5l	ngspice-46 (EDA batch fleet runner, klt 0.5.0)
loopgain	loopgain_dyn_ff_27c_rbcs_i1000ua_c4700nf_e250mohm	mos_ff	res_bcs	27	1000e-6	4700n	250e-3	sim/ldo-cmos5l-pvt-sweep/netlist-snapshots/20261010-091123-a31c626/loopgain_dyn_ff_27c_rbcs_i1000ua_c4700nf_e250mohm.spice	abfb0a8d33d56e0f29ca5289a8c5f894e5cc7c91e6d0a4e4e9aaecb0fee29929	klt sim --backend batch corners/20261010-091123-a31c626/_batch/g00_loopgain_dyn_ss_125c_rbcs_i0ua_c330nf_e0mohm/request.json (batch_backend.py; corner mos_ff__res_bcs__cap_typ @ 27C)	a31c626	ihp-sg13cmos5l	ngspice-46 (EDA batch fleet runner, klt 0.5.0)
psrr	psrr_dyn_ff_27c_rbcs_i1000ua_c4700nf_e250mohm	mos_ff	res_bcs	27	1000e-6	4700n	250e-3	sim/ldo-cmos5l-pvt-sweep/netlist-snapshots/20261010-091123-a31c626/psrr_dyn_ff_27c_rbcs_i1000ua_c4700nf_e250mohm.spice	e09db4ff966a9c2b33a7b89d4d27a0fd7e5be4a16ec6e2f54c4ca32b613442b5	klt sim --backend batch corners/20261010-091123-a31c626/_batch/g01_psrr_dyn_ss_125c_rbcs_i0ua_c330nf_e0mohm/request.json (batch_backend.py; corner mos_ff__res_bcs__cap_typ @ 27C)	a31c626	ihp-sg13cmos5l	ngspice-46 (EDA batch fleet runner, klt 0.5.0)
loopgain	loopgain_dyn_ff_27c_rbcs_i1000ua_c4700nf_e500mohm	mos_ff	res_bcs	27	1000e-6	4700n	500e-3	sim/ldo-cmos5l-pvt-sweep/netlist-snapshots/20261010-091123-a31c626/loopgain_dyn_ff_27c_rbcs_i1000ua_c4700nf_e500mohm.spice	06798570dd6c3311b3acf94e42e59fd15616fe9cc3e70584835e7ebbbc5a6343	klt sim --backend batch corners/20261010-091123-a31c626/_batch/g00_loopgain_dyn_ss_125c_rbcs_i0ua_c330nf_e0mohm/request.json (batch_backend.py; corner mos_ff__res_bcs__cap_typ @ 27C)	a31c626	ihp-sg13cmos5l	ngspice-46 (EDA batch fleet runner, klt 0.5.0)
psrr	psrr_dyn_ff_27c_rbcs_i1000ua_c4700nf_e500mohm	mos_ff	res_bcs	27	1000e-6	4700n	500e-3	sim/ldo-cmos5l-pvt-sweep/netlist-snapshots/20261010-091123-a31c626/psrr_dyn_ff_27c_rbcs_i1000ua_c4700nf_e500mohm.spice	ad792e5e970a1ca68afa52b4cb97c75b6ead9670f3728a420a7e179e84df003e	klt sim --backend batch corners/20261010-091123-a31c626/_batch/g01_psrr_dyn_ss_125c_rbcs_i0ua_c330nf_e0mohm/request.json (batch_backend.py; corner mos_ff__res_bcs__cap_typ @ 27C)	a31c626	ihp-sg13cmos5l	ngspice-46 (EDA batch fleet runner, klt 0.5.0)
loopgain	loopgain_dyn_ff_27c_rbcs_i25000ua_c330nf_e0mohm	mos_ff	res_bcs	27	25000e-6	330n	0	sim/ldo-cmos5l-pvt-sweep/netlist-snapshots/20261010-091123-a31c626/loopgain_dyn_ff_27c_rbcs_i25000ua_c330nf_e0mohm.spice	beed25ba369ab30265230330d8ba2581298e892eb9d43d1da502ce1ac57279b5	klt sim --backend batch corners/20261010-091123-a31c626/_batch/g00_loopgain_dyn_ss_125c_rbcs_i0ua_c330nf_e0mohm/request.json (batch_backend.py; corner mos_ff__res_bcs__cap_typ @ 27C)	a31c626	ihp-sg13cmos5l	ngspice-46 (EDA batch fleet runner, klt 0.5.0)
psrr	psrr_dyn_ff_27c_rbcs_i25000ua_c330nf_e0mohm	mos_ff	res_bcs	27	25000e-6	330n	0	sim/ldo-cmos5l-pvt-sweep/netlist-snapshots/20261010-091123-a31c626/psrr_dyn_ff_27c_rbcs_i25000ua_c330nf_e0mohm.spice	ed6f3dab7cf5fedbd680889ae56e0e751e5c14b6a6f48f8ab1250d574c26a162	klt sim --backend batch corners/20261010-091123-a31c626/_batch/g01_psrr_dyn_ss_125c_rbcs_i0ua_c330nf_e0mohm/request.json (batch_backend.py; corner mos_ff__res_bcs__cap_typ @ 27C)	a31c626	ihp-sg13cmos5l	ngspice-46 (EDA batch fleet runner, klt 0.5.0)
loopgain	loopgain_dyn_ff_27c_rbcs_i25000ua_c330nf_e250mohm	mos_ff	res_bcs	27	25000e-6	330n	250e-3	sim/ldo-cmos5l-pvt-sweep/netlist-snapshots/20261010-091123-a31c626/loopgain_dyn_ff_27c_rbcs_i25000ua_c330nf_e250mohm.spice	304d58f86ae48fab1c4d8d3352a82342ae67634be46fd23ec3b6b43b961404a5	klt sim --backend batch corners/20261010-091123-a31c626/_batch/g00_loopgain_dyn_ss_125c_rbcs_i0ua_c330nf_e0mohm/request.json (batch_backend.py; corner mos_ff__res_bcs__cap_typ @ 27C)	a31c626	ihp-sg13cmos5l	ngspice-46 (EDA batch fleet runner, klt 0.5.0)
psrr	psrr_dyn_ff_27c_rbcs_i25000ua_c330nf_e250mohm	mos_ff	res_bcs	27	25000e-6	330n	250e-3	sim/ldo-cmos5l-pvt-sweep/netlist-snapshots/20261010-091123-a31c626/psrr_dyn_ff_27c_rbcs_i25000ua_c330nf_e250mohm.spice	63d97b4f3b35261b9ef849c73e931d9e166804d4ae5818c66fdfff14c1820a1d	klt sim --backend batch corners/20261010-091123-a31c626/_batch/g01_psrr_dyn_ss_125c_rbcs_i0ua_c330nf_e0mohm/request.json (batch_backend.py; corner mos_ff__res_bcs__cap_typ @ 27C)	a31c626	ihp-sg13cmos5l	ngspice-46 (EDA batch fleet runner, klt 0.5.0)
loopgain	loopgain_dyn_ff_27c_rbcs_i25000ua_c330nf_e500mohm	mos_ff	res_bcs	27	25000e-6	330n	500e-3	sim/ldo-cmos5l-pvt-sweep/netlist-snapshots/20261010-091123-a31c626/loopgain_dyn_ff_27c_rbcs_i25000ua_c330nf_e500mohm.spice	ff0ecc55fc3c9282db8f34d113c26ef8b115b9713db564b0f661cddff9c41a54	klt sim --backend batch corners/20261010-091123-a31c626/_batch/g00_loopgain_dyn_ss_125c_rbcs_i0ua_c330nf_e0mohm/request.json (batch_backend.py; corner mos_ff__res_bcs__cap_typ @ 27C)	a31c626	ihp-sg13cmos5l	ngspice-46 (EDA batch fleet runner, klt 0.5.0)
psrr	psrr_dyn_ff_27c_rbcs_i25000ua_c330nf_e500mohm	mos_ff	res_bcs	27	25000e-6	330n	500e-3	sim/ldo-cmos5l-pvt-sweep/netlist-snapshots/20261010-091123-a31c626/psrr_dyn_ff_27c_rbcs_i25000ua_c330nf_e500mohm.spice	a3f40c1bc23c6e85f08691e107d625f34c66422c4de55a1ca5784e0417708551	klt sim --backend batch corners/20261010-091123-a31c626/_batch/g01_psrr_dyn_ss_125c_rbcs_i0ua_c330nf_e0mohm/request.json (batch_backend.py; corner mos_ff__res_bcs__cap_typ @ 27C)	a31c626	ihp-sg13cmos5l	ngspice-46 (EDA batch fleet runner, klt 0.5.0)
loopgain	loopgain_dyn_ff_27c_rbcs_i25000ua_c1000nf_e0mohm	mos_ff	res_bcs	27	25000e-6	1000n	0	sim/ldo-cmos5l-pvt-sweep/netlist-snapshots/20261010-091123-a31c626/loopgain_dyn_ff_27c_rbcs_i25000ua_c1000nf_e0mohm.spice	62dc6225ea6d2976773fb9dd4f1c5e57ff4e49247455fe854401ebe4d09eba96	klt sim --backend batch corners/20261010-091123-a31c626/_batch/g00_loopgain_dyn_ss_125c_rbcs_i0ua_c330nf_e0mohm/request.json (batch_backend.py; corner mos_ff__res_bcs__cap_typ @ 27C)	a31c626	ihp-sg13cmos5l	ngspice-46 (EDA batch fleet runner, klt 0.5.0)
psrr	psrr_dyn_ff_27c_rbcs_i25000ua_c1000nf_e0mohm	mos_ff	res_bcs	27	25000e-6	1000n	0	sim/ldo-cmos5l-pvt-sweep/netlist-snapshots/20261010-091123-a31c626/psrr_dyn_ff_27c_rbcs_i25000ua_c1000nf_e0mohm.spice	ffc1b8e9fc702773f135134b8a720b0f93ce53ffbcafeaaa6b335147c8c99df4	klt sim --backend batch corners/20261010-091123-a31c626/_batch/g01_psrr_dyn_ss_125c_rbcs_i0ua_c330nf_e0mohm/request.json (batch_backend.py; corner mos_ff__res_bcs__cap_typ @ 27C)	a31c626	ihp-sg13cmos5l	ngspice-46 (EDA batch fleet runner, klt 0.5.0)
loopgain	loopgain_dyn_ff_27c_rbcs_i25000ua_c1000nf_e250mohm	mos_ff	res_bcs	27	25000e-6	1000n	250e-3	sim/ldo-cmos5l-pvt-sweep/netlist-snapshots/20261010-091123-a31c626/loopgain_dyn_ff_27c_rbcs_i25000ua_c1000nf_e250mohm.spice	3ec3103f2631f315efcb0215f845eae127ee826dcbe4793cdc1eafadb8c8eaf0	klt sim --backend batch corners/20261010-091123-a31c626/_batch/g00_loopgain_dyn_ss_125c_rbcs_i0ua_c330nf_e0mohm/request.json (batch_backend.py; corner mos_ff__res_bcs__cap_typ @ 27C)	a31c626	ihp-sg13cmos5l	ngspice-46 (EDA batch fleet runner, klt 0.5.0)
psrr	psrr_dyn_ff_27c_rbcs_i25000ua_c1000nf_e250mohm	mos_ff	res_bcs	27	25000e-6	1000n	250e-3	sim/ldo-cmos5l-pvt-sweep/netlist-snapshots/20261010-091123-a31c626/psrr_dyn_ff_27c_rbcs_i25000ua_c1000nf_e250mohm.spice	00876bf9a1e46bcaec9df7887b894123bd2e6aa74c3622f3551cef1f106134a2	klt sim --backend batch corners/20261010-091123-a31c626/_batch/g01_psrr_dyn_ss_125c_rbcs_i0ua_c330nf_e0mohm/request.json (batch_backend.py; corner mos_ff__res_bcs__cap_typ @ 27C)	a31c626	ihp-sg13cmos5l	ngspice-46 (EDA batch fleet runner, klt 0.5.0)
loopgain	loopgain_dyn_ff_27c_rbcs_i25000ua_c1000nf_e500mohm	mos_ff	res_bcs	27	25000e-6	1000n	500e-3	sim/ldo-cmos5l-pvt-sweep/netlist-snapshots/20261010-091123-a31c626/loopgain_dyn_ff_27c_rbcs_i25000ua_c1000nf_e500mohm.spice	55feb35e6e79a74b6b5bea57e19c3ae51e1ad74ff02984122dbdde9c1c5d2b92	klt sim --backend batch corners/20261010-091123-a31c626/_batch/g00_loopgain_dyn_ss_125c_rbcs_i0ua_c330nf_e0mohm/request.json (batch_backend.py; corner mos_ff__res_bcs__cap_typ @ 27C)	a31c626	ihp-sg13cmos5l	ngspice-46 (EDA batch fleet runner, klt 0.5.0)
psrr	psrr_dyn_ff_27c_rbcs_i25000ua_c1000nf_e500mohm	mos_ff	res_bcs	27	25000e-6	1000n	500e-3	sim/ldo-cmos5l-pvt-sweep/netlist-snapshots/20261010-091123-a31c626/psrr_dyn_ff_27c_rbcs_i25000ua_c1000nf_e500mohm.spice	1b839724193931011c334dbfebf824d27dc92b496038931521a1eebc89786888	klt sim --backend batch corners/20261010-091123-a31c626/_batch/g01_psrr_dyn_ss_125c_rbcs_i0ua_c330nf_e0mohm/request.json (batch_backend.py; corner mos_ff__res_bcs__cap_typ @ 27C)	a31c626	ihp-sg13cmos5l	ngspice-46 (EDA batch fleet runner, klt 0.5.0)
loopgain	loopgain_dyn_ff_27c_rbcs_i25000ua_c2200nf_e0mohm	mos_ff	res_bcs	27	25000e-6	2200n	0	sim/ldo-cmos5l-pvt-sweep/netlist-snapshots/20261010-091123-a31c626/loopgain_dyn_ff_27c_rbcs_i25000ua_c2200nf_e0mohm.spice	7730a5953e53b56a0cf4a8e6b05dd409f8533bc0df77e9b881eb4333cfffd417	klt sim --backend batch corners/20261010-091123-a31c626/_batch/g00_loopgain_dyn_ss_125c_rbcs_i0ua_c330nf_e0mohm/request.json (batch_backend.py; corner mos_ff__res_bcs__cap_typ @ 27C)	a31c626	ihp-sg13cmos5l	ngspice-46 (EDA batch fleet runner, klt 0.5.0)
psrr	psrr_dyn_ff_27c_rbcs_i25000ua_c2200nf_e0mohm	mos_ff	res_bcs	27	25000e-6	2200n	0	sim/ldo-cmos5l-pvt-sweep/netlist-snapshots/20261010-091123-a31c626/psrr_dyn_ff_27c_rbcs_i25000ua_c2200nf_e0mohm.spice	e4d88922a070f2701e9dfcffb4e5f7c4ac894bf06e3a7a76fc1e816bde05f94d	klt sim --backend batch corners/20261010-091123-a31c626/_batch/g01_psrr_dyn_ss_125c_rbcs_i0ua_c330nf_e0mohm/request.json (batch_backend.py; corner mos_ff__res_bcs__cap_typ @ 27C)	a31c626	ihp-sg13cmos5l	ngspice-46 (EDA batch fleet runner, klt 0.5.0)
loopgain	loopgain_dyn_ff_27c_rbcs_i25000ua_c2200nf_e250mohm	mos_ff	res_bcs	27	25000e-6	2200n	250e-3	sim/ldo-cmos5l-pvt-sweep/netlist-snapshots/20261010-091123-a31c626/loopgain_dyn_ff_27c_rbcs_i25000ua_c2200nf_e250mohm.spice	d41017f5d835201252cc578330489ed29025b6f13e3364003572beaf4deb4a97	klt sim --backend batch corners/20261010-091123-a31c626/_batch/g00_loopgain_dyn_ss_125c_rbcs_i0ua_c330nf_e0mohm/request.json (batch_backend.py; corner mos_ff__res_bcs__cap_typ @ 27C)	a31c626	ihp-sg13cmos5l	ngspice-46 (EDA batch fleet runner, klt 0.5.0)
psrr	psrr_dyn_ff_27c_rbcs_i25000ua_c2200nf_e250mohm	mos_ff	res_bcs	27	25000e-6	2200n	250e-3	sim/ldo-cmos5l-pvt-sweep/netlist-snapshots/20261010-091123-a31c626/psrr_dyn_ff_27c_rbcs_i25000ua_c2200nf_e250mohm.spice	a2e85986f7aa97b0d090b193fbc467c5e89203d34d8b0c15f4ac7d72abc663bb	klt sim --backend batch corners/20261010-091123-a31c626/_batch/g01_psrr_dyn_ss_125c_rbcs_i0ua_c330nf_e0mohm/request.json (batch_backend.py; corner mos_ff__res_bcs__cap_typ @ 27C)	a31c626	ihp-sg13cmos5l	ngspice-46 (EDA batch fleet runner, klt 0.5.0)
loopgain	loopgain_dyn_ff_27c_rbcs_i25000ua_c2200nf_e500mohm	mos_ff	res_bcs	27	25000e-6	2200n	500e-3	sim/ldo-cmos5l-pvt-sweep/netlist-snapshots/20261010-091123-a31c626/loopgain_dyn_ff_27c_rbcs_i25000ua_c2200nf_e500mohm.spice	450c6abd44bc77f89725e38e6187e6f166c0a7b879cba71bb83d44b8c95adf2f	klt sim --backend batch corners/20261010-091123-a31c626/_batch/g00_loopgain_dyn_ss_125c_rbcs_i0ua_c330nf_e0mohm/request.json (batch_backend.py; corner mos_ff__res_bcs__cap_typ @ 27C)	a31c626	ihp-sg13cmos5l	ngspice-46 (EDA batch fleet runner, klt 0.5.0)
psrr	psrr_dyn_ff_27c_rbcs_i25000ua_c2200nf_e500mohm	mos_ff	res_bcs	27	25000e-6	2200n	500e-3	sim/ldo-cmos5l-pvt-sweep/netlist-snapshots/20261010-091123-a31c626/psrr_dyn_ff_27c_rbcs_i25000ua_c2200nf_e500mohm.spice	90fd31d37ec50b2584bf3ab660be02da00c8b89b73201e46603d9595e2dce4e1	klt sim --backend batch corners/20261010-091123-a31c626/_batch/g01_psrr_dyn_ss_125c_rbcs_i0ua_c330nf_e0mohm/request.json (batch_backend.py; corner mos_ff__res_bcs__cap_typ @ 27C)	a31c626	ihp-sg13cmos5l	ngspice-46 (EDA batch fleet runner, klt 0.5.0)
loopgain	loopgain_dyn_ff_27c_rbcs_i25000ua_c4700nf_e0mohm	mos_ff	res_bcs	27	25000e-6	4700n	0	sim/ldo-cmos5l-pvt-sweep/netlist-snapshots/20261010-091123-a31c626/loopgain_dyn_ff_27c_rbcs_i25000ua_c4700nf_e0mohm.spice	8d9f2b0b31f14f88996af8f48915853e204419a11563fbd753379140487b6897	klt sim --backend batch corners/20261010-091123-a31c626/_batch/g00_loopgain_dyn_ss_125c_rbcs_i0ua_c330nf_e0mohm/request.json (batch_backend.py; corner mos_ff__res_bcs__cap_typ @ 27C)	a31c626	ihp-sg13cmos5l	ngspice-46 (EDA batch fleet runner, klt 0.5.0)
psrr	psrr_dyn_ff_27c_rbcs_i25000ua_c4700nf_e0mohm	mos_ff	res_bcs	27	25000e-6	4700n	0	sim/ldo-cmos5l-pvt-sweep/netlist-snapshots/20261010-091123-a31c626/psrr_dyn_ff_27c_rbcs_i25000ua_c4700nf_e0mohm.spice	1b3dfccd7b7bcbc28445b7c3780d204673b782fd3e7704deb00e48621684b7c7	klt sim --backend batch corners/20261010-091123-a31c626/_batch/g01_psrr_dyn_ss_125c_rbcs_i0ua_c330nf_e0mohm/request.json (batch_backend.py; corner mos_ff__res_bcs__cap_typ @ 27C)	a31c626	ihp-sg13cmos5l	ngspice-46 (EDA batch fleet runner, klt 0.5.0)
loopgain	loopgain_dyn_ff_27c_rbcs_i25000ua_c4700nf_e250mohm	mos_ff	res_bcs	27	25000e-6	4700n	250e-3	sim/ldo-cmos5l-pvt-sweep/netlist-snapshots/20261010-091123-a31c626/loopgain_dyn_ff_27c_rbcs_i25000ua_c4700nf_e250mohm.spice	e84148cd4304f505e838c9cb36355598362a5acc65d435436907081632525897	klt sim --backend batch corners/20261010-091123-a31c626/_batch/g00_loopgain_dyn_ss_125c_rbcs_i0ua_c330nf_e0mohm/request.json (batch_backend.py; corner mos_ff__res_bcs__cap_typ @ 27C)	a31c626	ihp-sg13cmos5l	ngspice-46 (EDA batch fleet runner, klt 0.5.0)
psrr	psrr_dyn_ff_27c_rbcs_i25000ua_c4700nf_e250mohm	mos_ff	res_bcs	27	25000e-6	4700n	250e-3	sim/ldo-cmos5l-pvt-sweep/netlist-snapshots/20261010-091123-a31c626/psrr_dyn_ff_27c_rbcs_i25000ua_c4700nf_e250mohm.spice	ee18c6a2841d8a1164595c417864fa82b55b96c73edf3bd3e2bb88d44d8c7435	klt sim --backend batch corners/20261010-091123-a31c626/_batch/g01_psrr_dyn_ss_125c_rbcs_i0ua_c330nf_e0mohm/request.json (batch_backend.py; corner mos_ff__res_bcs__cap_typ @ 27C)	a31c626	ihp-sg13cmos5l	ngspice-46 (EDA batch fleet runner, klt 0.5.0)
loopgain	loopgain_dyn_ff_27c_rbcs_i25000ua_c4700nf_e500mohm	mos_ff	res_bcs	27	25000e-6	4700n	500e-3	sim/ldo-cmos5l-pvt-sweep/netlist-snapshots/20261010-091123-a31c626/loopgain_dyn_ff_27c_rbcs_i25000ua_c4700nf_e500mohm.spice	dc283917a05a3afd5fb752b4ee213477d6973b8b58aef176f0aaacb762ee78af	klt sim --backend batch corners/20261010-091123-a31c626/_batch/g00_loopgain_dyn_ss_125c_rbcs_i0ua_c330nf_e0mohm/request.json (batch_backend.py; corner mos_ff__res_bcs__cap_typ @ 27C)	a31c626	ihp-sg13cmos5l	ngspice-46 (EDA batch fleet runner, klt 0.5.0)
psrr	psrr_dyn_ff_27c_rbcs_i25000ua_c4700nf_e500mohm	mos_ff	res_bcs	27	25000e-6	4700n	500e-3	sim/ldo-cmos5l-pvt-sweep/netlist-snapshots/20261010-091123-a31c626/psrr_dyn_ff_27c_rbcs_i25000ua_c4700nf_e500mohm.spice	a36c921677cce75f5ed4405ca3dab6ef8323f01e034a636fc693e6580e0a443e	klt sim --backend batch corners/20261010-091123-a31c626/_batch/g01_psrr_dyn_ss_125c_rbcs_i0ua_c330nf_e0mohm/request.json (batch_backend.py; corner mos_ff__res_bcs__cap_typ @ 27C)	a31c626	ihp-sg13cmos5l	ngspice-46 (EDA batch fleet runner, klt 0.5.0)
loopgain	loopgain_dyn_ff_27c_rbcs_i50000ua_c330nf_e0mohm	mos_ff	res_bcs	27	50000e-6	330n	0	sim/ldo-cmos5l-pvt-sweep/netlist-snapshots/20261010-091123-a31c626/loopgain_dyn_ff_27c_rbcs_i50000ua_c330nf_e0mohm.spice	0aecd5322a4fb2e5000ea65575a3c51cfaad5dd48737eb51947cc3fb1f3398c9	klt sim --backend batch corners/20261010-091123-a31c626/_batch/g00_loopgain_dyn_ss_125c_rbcs_i0ua_c330nf_e0mohm/request.json (batch_backend.py; corner mos_ff__res_bcs__cap_typ @ 27C)	a31c626	ihp-sg13cmos5l	ngspice-46 (EDA batch fleet runner, klt 0.5.0)
psrr	psrr_dyn_ff_27c_rbcs_i50000ua_c330nf_e0mohm	mos_ff	res_bcs	27	50000e-6	330n	0	sim/ldo-cmos5l-pvt-sweep/netlist-snapshots/20261010-091123-a31c626/psrr_dyn_ff_27c_rbcs_i50000ua_c330nf_e0mohm.spice	2d15e83ca08d5bcec6cbb84160c95a458256d452a544009faee623b85a66de77	klt sim --backend batch corners/20261010-091123-a31c626/_batch/g01_psrr_dyn_ss_125c_rbcs_i0ua_c330nf_e0mohm/request.json (batch_backend.py; corner mos_ff__res_bcs__cap_typ @ 27C)	a31c626	ihp-sg13cmos5l	ngspice-46 (EDA batch fleet runner, klt 0.5.0)
loopgain	loopgain_dyn_ff_27c_rbcs_i50000ua_c330nf_e250mohm	mos_ff	res_bcs	27	50000e-6	330n	250e-3	sim/ldo-cmos5l-pvt-sweep/netlist-snapshots/20261010-091123-a31c626/loopgain_dyn_ff_27c_rbcs_i50000ua_c330nf_e250mohm.spice	bdf0aa4842e297c841468bdf59bae7711a9be01ce5458965cac66d2345180d51	klt sim --backend batch corners/20261010-091123-a31c626/_batch/g00_loopgain_dyn_ss_125c_rbcs_i0ua_c330nf_e0mohm/request.json (batch_backend.py; corner mos_ff__res_bcs__cap_typ @ 27C)	a31c626	ihp-sg13cmos5l	ngspice-46 (EDA batch fleet runner, klt 0.5.0)
psrr	psrr_dyn_ff_27c_rbcs_i50000ua_c330nf_e250mohm	mos_ff	res_bcs	27	50000e-6	330n	250e-3	sim/ldo-cmos5l-pvt-sweep/netlist-snapshots/20261010-091123-a31c626/psrr_dyn_ff_27c_rbcs_i50000ua_c330nf_e250mohm.spice	940e5c849dc19a524d8de4278f9cd03aff8b4edc8fedae5565c7f821b68cb878	klt sim --backend batch corners/20261010-091123-a31c626/_batch/g01_psrr_dyn_ss_125c_rbcs_i0ua_c330nf_e0mohm/request.json (batch_backend.py; corner mos_ff__res_bcs__cap_typ @ 27C)	a31c626	ihp-sg13cmos5l	ngspice-46 (EDA batch fleet runner, klt 0.5.0)
loopgain	loopgain_dyn_ff_27c_rbcs_i50000ua_c330nf_e500mohm	mos_ff	res_bcs	27	50000e-6	330n	500e-3	sim/ldo-cmos5l-pvt-sweep/netlist-snapshots/20261010-091123-a31c626/loopgain_dyn_ff_27c_rbcs_i50000ua_c330nf_e500mohm.spice	fbb0e0e9935b3465ea3d025a53e61ce95ae2d3b43d31db772206af298660f619	klt sim --backend batch corners/20261010-091123-a31c626/_batch/g00_loopgain_dyn_ss_125c_rbcs_i0ua_c330nf_e0mohm/request.json (batch_backend.py; corner mos_ff__res_bcs__cap_typ @ 27C)	a31c626	ihp-sg13cmos5l	ngspice-46 (EDA batch fleet runner, klt 0.5.0)
psrr	psrr_dyn_ff_27c_rbcs_i50000ua_c330nf_e500mohm	mos_ff	res_bcs	27	50000e-6	330n	500e-3	sim/ldo-cmos5l-pvt-sweep/netlist-snapshots/20261010-091123-a31c626/psrr_dyn_ff_27c_rbcs_i50000ua_c330nf_e500mohm.spice	ebc65310fc98a9f597ac666955eb8d5cfd4ef4095ce2146bc8a57caa4311f83c	klt sim --backend batch corners/20261010-091123-a31c626/_batch/g01_psrr_dyn_ss_125c_rbcs_i0ua_c330nf_e0mohm/request.json (batch_backend.py; corner mos_ff__res_bcs__cap_typ @ 27C)	a31c626	ihp-sg13cmos5l	ngspice-46 (EDA batch fleet runner, klt 0.5.0)
loopgain	loopgain_dyn_ff_27c_rbcs_i50000ua_c1000nf_e0mohm	mos_ff	res_bcs	27	50000e-6	1000n	0	sim/ldo-cmos5l-pvt-sweep/netlist-snapshots/20261010-091123-a31c626/loopgain_dyn_ff_27c_rbcs_i50000ua_c1000nf_e0mohm.spice	3382dedd2c5e141d671ff45d159817f3fb6ae83e205905d4c59b8728776b68fd	klt sim --backend batch corners/20261010-091123-a31c626/_batch/g00_loopgain_dyn_ss_125c_rbcs_i0ua_c330nf_e0mohm/request.json (batch_backend.py; corner mos_ff__res_bcs__cap_typ @ 27C)	a31c626	ihp-sg13cmos5l	ngspice-46 (EDA batch fleet runner, klt 0.5.0)
psrr	psrr_dyn_ff_27c_rbcs_i50000ua_c1000nf_e0mohm	mos_ff	res_bcs	27	50000e-6	1000n	0	sim/ldo-cmos5l-pvt-sweep/netlist-snapshots/20261010-091123-a31c626/psrr_dyn_ff_27c_rbcs_i50000ua_c1000nf_e0mohm.spice	ed24089204ba08dd207a7406a9d4ecfcff93e7ff72e9610f42054e668187c144	klt sim --backend batch corners/20261010-091123-a31c626/_batch/g01_psrr_dyn_ss_125c_rbcs_i0ua_c330nf_e0mohm/request.json (batch_backend.py; corner mos_ff__res_bcs__cap_typ @ 27C)	a31c626	ihp-sg13cmos5l	ngspice-46 (EDA batch fleet runner, klt 0.5.0)
loopgain	loopgain_dyn_ff_27c_rbcs_i50000ua_c1000nf_e250mohm	mos_ff	res_bcs	27	50000e-6	1000n	250e-3	sim/ldo-cmos5l-pvt-sweep/netlist-snapshots/20261010-091123-a31c626/loopgain_dyn_ff_27c_rbcs_i50000ua_c1000nf_e250mohm.spice	22c909b53a166d627a1a9f08de7a3aafbb967fb6ea9cc53bf4a3fe6195bb9784	klt sim --backend batch corners/20261010-091123-a31c626/_batch/g00_loopgain_dyn_ss_125c_rbcs_i0ua_c330nf_e0mohm/request.json (batch_backend.py; corner mos_ff__res_bcs__cap_typ @ 27C)	a31c626	ihp-sg13cmos5l	ngspice-46 (EDA batch fleet runner, klt 0.5.0)
psrr	psrr_dyn_ff_27c_rbcs_i50000ua_c1000nf_e250mohm	mos_ff	res_bcs	27	50000e-6	1000n	250e-3	sim/ldo-cmos5l-pvt-sweep/netlist-snapshots/20261010-091123-a31c626/psrr_dyn_ff_27c_rbcs_i50000ua_c1000nf_e250mohm.spice	d13a30a0d45f4dd123792accf4d7080899e3d9ee2c73c1a6a04eea50729cc4a7	klt sim --backend batch corners/20261010-091123-a31c626/_batch/g01_psrr_dyn_ss_125c_rbcs_i0ua_c330nf_e0mohm/request.json (batch_backend.py; corner mos_ff__res_bcs__cap_typ @ 27C)	a31c626	ihp-sg13cmos5l	ngspice-46 (EDA batch fleet runner, klt 0.5.0)
loopgain	loopgain_dyn_ff_27c_rbcs_i50000ua_c1000nf_e500mohm	mos_ff	res_bcs	27	50000e-6	1000n	500e-3	sim/ldo-cmos5l-pvt-sweep/netlist-snapshots/20261010-091123-a31c626/loopgain_dyn_ff_27c_rbcs_i50000ua_c1000nf_e500mohm.spice	61df6b973de5246f6dff736fff7b999deacaa071daf4b8331e9ef847334badd8	klt sim --backend batch corners/20261010-091123-a31c626/_batch/g00_loopgain_dyn_ss_125c_rbcs_i0ua_c330nf_e0mohm/request.json (batch_backend.py; corner mos_ff__res_bcs__cap_typ @ 27C)	a31c626	ihp-sg13cmos5l	ngspice-46 (EDA batch fleet runner, klt 0.5.0)
psrr	psrr_dyn_ff_27c_rbcs_i50000ua_c1000nf_e500mohm	mos_ff	res_bcs	27	50000e-6	1000n	500e-3	sim/ldo-cmos5l-pvt-sweep/netlist-snapshots/20261010-091123-a31c626/psrr_dyn_ff_27c_rbcs_i50000ua_c1000nf_e500mohm.spice	1d0417a810b32b401dc6ffcc9d2122bf77750c7632ef083a3eb59506b763a3dd	klt sim --backend batch corners/20261010-091123-a31c626/_batch/g01_psrr_dyn_ss_125c_rbcs_i0ua_c330nf_e0mohm/request.json (batch_backend.py; corner mos_ff__res_bcs__cap_typ @ 27C)	a31c626	ihp-sg13cmos5l	ngspice-46 (EDA batch fleet runner, klt 0.5.0)
loopgain	loopgain_dyn_ff_27c_rbcs_i50000ua_c2200nf_e0mohm	mos_ff	res_bcs	27	50000e-6	2200n	0	sim/ldo-cmos5l-pvt-sweep/netlist-snapshots/20261010-091123-a31c626/loopgain_dyn_ff_27c_rbcs_i50000ua_c2200nf_e0mohm.spice	1d9d630fb7a53d5054f09cbf2b09a4fb0e5dc5a63b0773822a6691b2dce2667c	klt sim --backend batch corners/20261010-091123-a31c626/_batch/g00_loopgain_dyn_ss_125c_rbcs_i0ua_c330nf_e0mohm/request.json (batch_backend.py; corner mos_ff__res_bcs__cap_typ @ 27C)	a31c626	ihp-sg13cmos5l	ngspice-46 (EDA batch fleet runner, klt 0.5.0)
psrr	psrr_dyn_ff_27c_rbcs_i50000ua_c2200nf_e0mohm	mos_ff	res_bcs	27	50000e-6	2200n	0	sim/ldo-cmos5l-pvt-sweep/netlist-snapshots/20261010-091123-a31c626/psrr_dyn_ff_27c_rbcs_i50000ua_c2200nf_e0mohm.spice	5659a5f3413e282e101af48f6161e5e942d6ed8b29145b0831ccc13d9a1c538b	klt sim --backend batch corners/20261010-091123-a31c626/_batch/g01_psrr_dyn_ss_125c_rbcs_i0ua_c330nf_e0mohm/request.json (batch_backend.py; corner mos_ff__res_bcs__cap_typ @ 27C)	a31c626	ihp-sg13cmos5l	ngspice-46 (EDA batch fleet runner, klt 0.5.0)
loopgain	loopgain_dyn_ff_27c_rbcs_i50000ua_c2200nf_e250mohm	mos_ff	res_bcs	27	50000e-6	2200n	250e-3	sim/ldo-cmos5l-pvt-sweep/netlist-snapshots/20261010-091123-a31c626/loopgain_dyn_ff_27c_rbcs_i50000ua_c2200nf_e250mohm.spice	6e179167763ebcb571341e434ebff2610229980b150baed703d3b0280e737cfa	klt sim --backend batch corners/20261010-091123-a31c626/_batch/g00_loopgain_dyn_ss_125c_rbcs_i0ua_c330nf_e0mohm/request.json (batch_backend.py; corner mos_ff__res_bcs__cap_typ @ 27C)	a31c626	ihp-sg13cmos5l	ngspice-46 (EDA batch fleet runner, klt 0.5.0)
psrr	psrr_dyn_ff_27c_rbcs_i50000ua_c2200nf_e250mohm	mos_ff	res_bcs	27	50000e-6	2200n	250e-3	sim/ldo-cmos5l-pvt-sweep/netlist-snapshots/20261010-091123-a31c626/psrr_dyn_ff_27c_rbcs_i50000ua_c2200nf_e250mohm.spice	d4d0b2a311ba2888fc7da12caaf2081e20b546f066f6ea0e4f600d0d597dd78a	klt sim --backend batch corners/20261010-091123-a31c626/_batch/g01_psrr_dyn_ss_125c_rbcs_i0ua_c330nf_e0mohm/request.json (batch_backend.py; corner mos_ff__res_bcs__cap_typ @ 27C)	a31c626	ihp-sg13cmos5l	ngspice-46 (EDA batch fleet runner, klt 0.5.0)
loopgain	loopgain_dyn_ff_27c_rbcs_i50000ua_c2200nf_e500mohm	mos_ff	res_bcs	27	50000e-6	2200n	500e-3	sim/ldo-cmos5l-pvt-sweep/netlist-snapshots/20261010-091123-a31c626/loopgain_dyn_ff_27c_rbcs_i50000ua_c2200nf_e500mohm.spice	89b4c82a28dca4e9c491335d780c5897fa42ec4a3c4807a21c31c18d7e59899c	klt sim --backend batch corners/20261010-091123-a31c626/_batch/g00_loopgain_dyn_ss_125c_rbcs_i0ua_c330nf_e0mohm/request.json (batch_backend.py; corner mos_ff__res_bcs__cap_typ @ 27C)	a31c626	ihp-sg13cmos5l	ngspice-46 (EDA batch fleet runner, klt 0.5.0)
psrr	psrr_dyn_ff_27c_rbcs_i50000ua_c2200nf_e500mohm	mos_ff	res_bcs	27	50000e-6	2200n	500e-3	sim/ldo-cmos5l-pvt-sweep/netlist-snapshots/20261010-091123-a31c626/psrr_dyn_ff_27c_rbcs_i50000ua_c2200nf_e500mohm.spice	c110c467203b85bc87a476c1f9f9253ce5abea9cbc5c4f6e9d91eeafc15ee859	klt sim --backend batch corners/20261010-091123-a31c626/_batch/g01_psrr_dyn_ss_125c_rbcs_i0ua_c330nf_e0mohm/request.json (batch_backend.py; corner mos_ff__res_bcs__cap_typ @ 27C)	a31c626	ihp-sg13cmos5l	ngspice-46 (EDA batch fleet runner, klt 0.5.0)
loopgain	loopgain_dyn_ff_27c_rbcs_i50000ua_c4700nf_e0mohm	mos_ff	res_bcs	27	50000e-6	4700n	0	sim/ldo-cmos5l-pvt-sweep/netlist-snapshots/20261010-091123-a31c626/loopgain_dyn_ff_27c_rbcs_i50000ua_c4700nf_e0mohm.spice	2438d48814626251c869428bd8cbbdd2bdeb5b8e527da620e8949794e693d2d4	klt sim --backend batch corners/20261010-091123-a31c626/_batch/g00_loopgain_dyn_ss_125c_rbcs_i0ua_c330nf_e0mohm/request.json (batch_backend.py; corner mos_ff__res_bcs__cap_typ @ 27C)	a31c626	ihp-sg13cmos5l	ngspice-46 (EDA batch fleet runner, klt 0.5.0)
psrr	psrr_dyn_ff_27c_rbcs_i50000ua_c4700nf_e0mohm	mos_ff	res_bcs	27	50000e-6	4700n	0	sim/ldo-cmos5l-pvt-sweep/netlist-snapshots/20261010-091123-a31c626/psrr_dyn_ff_27c_rbcs_i50000ua_c4700nf_e0mohm.spice	61f4315b868a5e47521d8294b73948d42b7349f4bf77eabf1de0d949772ed962	klt sim --backend batch corners/20261010-091123-a31c626/_batch/g01_psrr_dyn_ss_125c_rbcs_i0ua_c330nf_e0mohm/request.json (batch_backend.py; corner mos_ff__res_bcs__cap_typ @ 27C)	a31c626	ihp-sg13cmos5l	ngspice-46 (EDA batch fleet runner, klt 0.5.0)
loopgain	loopgain_dyn_ff_27c_rbcs_i50000ua_c4700nf_e250mohm	mos_ff	res_bcs	27	50000e-6	4700n	250e-3	sim/ldo-cmos5l-pvt-sweep/netlist-snapshots/20261010-091123-a31c626/loopgain_dyn_ff_27c_rbcs_i50000ua_c4700nf_e250mohm.spice	3b7ebfe42df294b35eb7f8993b325594068d610608d555f32c94ae30d0c27121	klt sim --backend batch corners/20261010-091123-a31c626/_batch/g00_loopgain_dyn_ss_125c_rbcs_i0ua_c330nf_e0mohm/request.json (batch_backend.py; corner mos_ff__res_bcs__cap_typ @ 27C)	a31c626	ihp-sg13cmos5l	ngspice-46 (EDA batch fleet runner, klt 0.5.0)
psrr	psrr_dyn_ff_27c_rbcs_i50000ua_c4700nf_e250mohm	mos_ff	res_bcs	27	50000e-6	4700n	250e-3	sim/ldo-cmos5l-pvt-sweep/netlist-snapshots/20261010-091123-a31c626/psrr_dyn_ff_27c_rbcs_i50000ua_c4700nf_e250mohm.spice	473d32db2e5908d9c15f9f90a390e96354774b19e995a5dc67744b58c1ea9df7	klt sim --backend batch corners/20261010-091123-a31c626/_batch/g01_psrr_dyn_ss_125c_rbcs_i0ua_c330nf_e0mohm/request.json (batch_backend.py; corner mos_ff__res_bcs__cap_typ @ 27C)	a31c626	ihp-sg13cmos5l	ngspice-46 (EDA batch fleet runner, klt 0.5.0)
loopgain	loopgain_dyn_ff_27c_rbcs_i50000ua_c4700nf_e500mohm	mos_ff	res_bcs	27	50000e-6	4700n	500e-3	sim/ldo-cmos5l-pvt-sweep/netlist-snapshots/20261010-091123-a31c626/loopgain_dyn_ff_27c_rbcs_i50000ua_c4700nf_e500mohm.spice	947db59ce54060de92cc821e49c9e4ce4fffb7b3ebcfe8208033e72ca59cf122	klt sim --backend batch corners/20261010-091123-a31c626/_batch/g00_loopgain_dyn_ss_125c_rbcs_i0ua_c330nf_e0mohm/request.json (batch_backend.py; corner mos_ff__res_bcs__cap_typ @ 27C)	a31c626	ihp-sg13cmos5l	ngspice-46 (EDA batch fleet runner, klt 0.5.0)
psrr	psrr_dyn_ff_27c_rbcs_i50000ua_c4700nf_e500mohm	mos_ff	res_bcs	27	50000e-6	4700n	500e-3	sim/ldo-cmos5l-pvt-sweep/netlist-snapshots/20261010-091123-a31c626/psrr_dyn_ff_27c_rbcs_i50000ua_c4700nf_e500mohm.spice	510d0d7bba0be05a17731131d5ad0de195e5bbc51026f1dd565c7757ada2e8c3	klt sim --backend batch corners/20261010-091123-a31c626/_batch/g01_psrr_dyn_ss_125c_rbcs_i0ua_c330nf_e0mohm/request.json (batch_backend.py; corner mos_ff__res_bcs__cap_typ @ 27C)	a31c626	ihp-sg13cmos5l	ngspice-46 (EDA batch fleet runner, klt 0.5.0)
