corner,temp_c,res_section,load_ua,cout_nf,esr_mohm,origin,source,phase_margin_deg,gain_margin_db,unity_gain_freq_hz,n_0db_crossings,phase_margin_worst_deg,psrr_db_1khz,psrr_db_100khz,status,failures
ff,-40,res_wcs,0,330,0,base,20261010-091123-a31c626,26.634870172966828,45.338445158006095,5155.389820626819,2,-162.51333311097244,56.9795935,69.7228743,ok,
ff,-40,res_wcs,0,330,125,"refine: target failure (phase_margin_deg along esr_mohm @ {'load_ua': 0, 'cout_nf': 330}) | target failure (phase_margin_deg along esr_mohm @ {'load_ua': 0, 'cout_nf': 330})",20261010-101245-6df50fd,26.711542746614754,46.276173850595455,5155.391034650545,2,-162.51333032168753,56.9796164,69.7249103,ok,
ff,-40,res_wcs,0,330,250,base,20261010-091123-a31c626,26.78823519419481,47.34147694231119,5155.397369106757,2,-162.51332748585878,56.9796394,69.7211224,ok,
ff,-40,res_wcs,0,330,375,"refine: target failure (phase_margin_deg along esr_mohm @ {'load_ua': 0, 'cout_nf': 330}) | target failure (phase_margin_deg along esr_mohm @ {'load_ua': 0, 'cout_nf': 330})",20261010-101245-6df50fd,26.864947997506505,48.57826620804904,5155.408824340207,2,-162.513324651998,56.9796624,69.7115457,ok,
ff,-40,res_wcs,0,330,500,base,20261010-091123-a31c626,26.941681900842923,49.986341201764915,5155.425400279796,2,-162.51332186901732,56.9796855,69.6962382,ok,
ff,-40,res_wcs,0,665,0,"refine: target failure (phase_margin_deg along cout_nf @ {'load_ua': 0, 'esr_mohm': 0}) | target failure (phase_margin_deg along cout_nf @ {'load_ua': 0, 'esr_mohm': 0})",20261010-101245-6df50fd,20.048870182704206,50.47409770648253,3539.0270675999827,2,-162.51333200501477,56.5978546,75.8263618,ok,
ff,-40,res_wcs,0,665,250,"refine: target failure (phase_margin_deg along cout_nf @ {'load_ua': 0, 'esr_mohm': 250}) | target failure (phase_margin_deg along cout_nf @ {'load_ua': 0, 'esr_mohm': 250})",20261010-101245-6df50fd,20.260778143653084,54.68162512171248,3539.038000371626,2,-162.51332637988241,56.5980586,75.789093,ok,
ff,-40,res_wcs,0,665,500,"refine: target failure (phase_margin_deg along cout_nf @ {'load_ua': 0, 'esr_mohm': 500}) | target failure (phase_margin_deg along cout_nf @ {'load_ua': 0, 'esr_mohm': 500})",20261010-101245-6df50fd,20.472781664916283,60.593997581903714,3539.074250378758,2,-162.5133207136709,56.5982644,75.6605444,ok,
ff,-40,res_wcs,0,1000,0,base,20261010-091123-a31c626,17.325613183473166,53.11504945647806,2861.3401819808064,2,-162.51333163890098,56.1997233,79.3758738,ok,
ff,-40,res_wcs,0,1000,125,"refine: target failure (phase_margin_deg along esr_mohm @ {'load_ua': 0, 'cout_nf': 1000}) | target failure (phase_margin_deg along esr_mohm @ {'load_ua': 0, 'cout_nf': 1000})",20261010-101245-6df50fd,17.454500072267535,55.37780158893558,2861.343246489082,2,-162.51332880025933,56.1999758,79.3540925,ok,
ff,-40,res_wcs,0,1000,250,base,20261010-091123-a31c626,17.583417380965386,58.19423786326693,2861.3538315870805,2,-162.5133259644195,56.2002299,79.2798656,ok,
ff,-40,res_wcs,0,1000,375,"refine: target failure (phase_margin_deg along esr_mohm @ {'load_ua': 0, 'cout_nf': 1000}) | target failure (phase_margin_deg along esr_mohm @ {'load_ua': 0, 'cout_nf': 1000})",20261010-101245-6df50fd,17.712365512363277,61.320232434620415,2861.3719372721503,2,-162.51332317946105,56.2004856,79.1559929,ok,
ff,-40,res_wcs,0,1000,500,base,20261010-091123-a31c626,17.84134478969517,,2861.3975637826416,2,17.84134478969517,56.2007429,78.9867854,failed,loopgain: no -180 degree crossing (gain margin unmeasured)
ff,-40,res_wcs,0,1600,0,"refine: target failure (phase_margin_deg along cout_nf @ {'load_ua': 0, 'esr_mohm': 0}) | target failure (phase_margin_deg along cout_nf @ {'load_ua': 0, 'esr_mohm': 0})",20261010-101245-6df50fd,15.021921464650006,55.950268010495336,2247.0758083049263,2,-162.51333137846973,55.4413515,83.4627709,ok,
ff,-40,res_wcs,0,1600,250,"refine: target failure (phase_margin_deg along cout_nf @ {'load_ua': 0, 'esr_mohm': 250}) | target failure (phase_margin_deg along cout_nf @ {'load_ua': 0, 'esr_mohm': 250})",20261010-101245-6df50fd,15.345664860922767,63.30869045626964,2247.0931184274095,2,-162.51332570224338,55.442901,83.206601,ok,
ff,-40,res_wcs,0,1600,500,"refine: target failure (phase_margin_deg along cout_nf @ {'load_ua': 0, 'esr_mohm': 500}) | target failure (phase_margin_deg along cout_nf @ {'load_ua': 0, 'esr_mohm': 500})",20261010-101245-6df50fd,15.669543872814444,,2247.1471942194885,2,15.669543872814444,55.4444799,82.5040992,failed,loopgain: no -180 degree crossing (gain margin unmeasured)
ff,-40,res_wcs,0,2200,0,base,20261010-091123-a31c626,13.95169423890431,57.51652246627082,1910.2462389206073,2,-162.5133312545908,54.6170706,86.2308894,ok,
ff,-40,res_wcs,0,2200,125,"refine: target failure (phase_margin_deg along esr_mohm @ {'load_ua': 0, 'cout_nf': 2200}) | target failure (phase_margin_deg along esr_mohm @ {'load_ua': 0, 'cout_nf': 2200})",20261010-101245-6df50fd,14.141130872162535,62.47441218423598,1910.2511082292137,2,-162.51332841593478,54.6188356,86.1080446,ok,
ff,-40,res_wcs,0,2200,250,base,20261010-091123-a31c626,14.33059714666362,76.95355786338006,1910.266629961492,2,-162.5133255796747,54.6206223,85.7507843,ok,
ff,-40,res_wcs,0,2200,375,"refine: target failure (phase_margin_deg along esr_mohm @ {'load_ua': 0, 'cout_nf': 2200}) | target failure (phase_margin_deg along esr_mohm @ {'load_ua': 0, 'cout_nf': 2200})",20261010-101245-6df50fd,14.520090943905359,,1910.2928055303983,2,14.520090943905359,54.6224309,85.2120472,failed,loopgain: no -180 degree crossing (gain margin unmeasured)
ff,-40,res_wcs,0,2200,500,base,20261010-091123-a31c626,14.709612381915832,,1910.3296344759378,2,14.709612381915832,54.6242612,84.5547169,failed,loopgain: no -180 degree crossing (gain margin unmeasured)
ff,-40,res_wcs,0,3450,0,"refine: target failure (phase_margin_deg along cout_nf @ {'load_ua': 0, 'esr_mohm': 0}) | target failure (phase_margin_deg along cout_nf @ {'load_ua': 0, 'esr_mohm': 0})",20261010-101245-6df50fd,13.002475221664042,59.66281667496584,1520.093625092508,2,-162.5133310843184,52.6390956,90.1408244,ok,
ff,-40,res_wcs,0,3450,250,"refine: target failure (phase_margin_deg along cout_nf @ {'load_ua': 0, 'esr_mohm': 250}) | target failure (phase_margin_deg along cout_nf @ {'load_ua': 0, 'esr_mohm': 250})",20261010-101245-6df50fd,13.475257509722042,,1520.1191992778133,2,13.475257509722042,52.6529254,89.0323772,failed,loopgain: no -180 degree crossing (gain margin unmeasured)
ff,-40,res_wcs,0,3450,500,"refine: target failure (phase_margin_deg along cout_nf @ {'load_ua': 0, 'esr_mohm': 500}) | target failure (phase_margin_deg along cout_nf @ {'load_ua': 0, 'esr_mohm': 500})",20261010-101245-6df50fd,13.948110579808542,,1520.1973713127304,2,13.948110579808542,52.6672037,86.7864201,failed,loopgain: no -180 degree crossing (gain margin unmeasured)
ff,-40,res_wcs,0,4700,0,base,20261010-091123-a31c626,12.72816498622339,60.538040089937795,1299.7233815178352,2,-162.5133310508778,50.2086461,92.827343,ok,
ff,-40,res_wcs,0,4700,125,"refine: target failure (phase_margin_deg along esr_mohm @ {'load_ua': 0, 'cout_nf': 4700}) | target failure (phase_margin_deg along esr_mohm @ {'load_ua': 0, 'cout_nf': 4700})",20261010-101245-6df50fd,13.003454879326426,67.50142156179699,1299.730689843045,2,-162.51332821264901,50.2309261,92.2774723,ok,
ff,-40,res_wcs,0,4700,250,base,20261010-091123-a31c626,13.2787547477688,,1299.7532318617473,2,13.2787547477688,50.2535786,90.9477481,failed,loopgain: no -180 degree crossing (gain margin unmeasured)
ff,-40,res_wcs,0,4700,375,"refine: target failure (phase_margin_deg along esr_mohm @ {'load_ua': 0, 'cout_nf': 4700}) | target failure (phase_margin_deg along esr_mohm @ {'load_ua': 0, 'cout_nf': 4700})",20261010-101245-6df50fd,13.554061403102565,,1299.7910086090724,2,13.554061403102565,50.2765954,89.3661262,failed,loopgain: no -180 degree crossing (gain margin unmeasured)
ff,-40,res_wcs,0,4700,500,base,20261010-091123-a31c626,13.829372092702272,,1299.8440216463434,2,13.829372092702272,50.2999681,87.8224489,failed,loopgain: no -180 degree crossing (gain margin unmeasured)
ff,-40,res_wcs,500,330,0,"refine: target failure (phase_margin_deg along load_ua @ {'cout_nf': 330, 'esr_mohm': 0}) | non-monotonic (phase_margin_deg along load_ua @ {'cout_nf': 330, 'esr_mohm': 0}) | target failure (gain_margin_db along load_ua @ {'cout_nf': 330, 'esr_mohm': 0}) | non-monotonic (psrr_db_1khz along load_ua @ {'cout_nf': 330, 'esr_mohm': 0}) | non-monotonic (psrr_db_100khz along load_ua @ {'cout_nf': 330, 'esr_mohm': 0}) | interior worst (psrr_db_100khz along load_ua @ {'cout_nf': 330, 'esr_mohm': 0})",20261010-101245-6df50fd,66.98903409353369,9.979323212522264,323009.82159209845,2,-162.49244348710937,57.3510573,36.5244982,ok,
ff,-40,res_wcs,500,330,250,"refine: target failure (phase_margin_deg along load_ua @ {'cout_nf': 330, 'esr_mohm': 250}) | non-monotonic (phase_margin_deg along load_ua @ {'cout_nf': 330, 'esr_mohm': 250}) | non-monotonic (psrr_db_1khz along load_ua @ {'cout_nf': 330, 'esr_mohm': 250}) | non-monotonic (psrr_db_100khz along load_ua @ {'cout_nf': 330, 'esr_mohm': 250}) | interior worst (psrr_db_100khz along load_ua @ {'cout_nf': 330, 'esr_mohm': 250})",20261010-101245-6df50fd,76.53550015037375,12.918517172111404,326576.8841023584,2,-162.49045481147772,57.3510575,36.660414,ok,
ff,-40,res_wcs,500,330,500,"refine: target failure (phase_margin_deg along load_ua @ {'cout_nf': 330, 'esr_mohm': 500}) | non-monotonic (phase_margin_deg along load_ua @ {'cout_nf': 330, 'esr_mohm': 500}) | non-monotonic (psrr_db_1khz along load_ua @ {'cout_nf': 330, 'esr_mohm': 500}) | non-monotonic (psrr_db_100khz along load_ua @ {'cout_nf': 330, 'esr_mohm': 500})",20261010-101245-6df50fd,85.69198872045692,15.176646381318395,340130.79530530097,2,-162.48846548292556,57.3510578,36.7910529,ok,
ff,-40,res_wcs,500,1000,0,"refine: target failure (phase_margin_deg along load_ua @ {'cout_nf': 1000, 'esr_mohm': 0}) | non-monotonic (phase_margin_deg along load_ua @ {'cout_nf': 1000, 'esr_mohm': 0}) | non-monotonic (psrr_db_1khz along load_ua @ {'cout_nf': 1000, 'esr_mohm': 0})",20261010-101245-6df50fd,77.51376019248015,16.813904815968947,108718.44526024563,2,-162.49243167003578,57.3462365,38.2731453,ok,
ff,-40,res_wcs,500,1000,250,"refine: target failure (phase_margin_deg along load_ua @ {'cout_nf': 1000, 'esr_mohm': 250}) | non-monotonic (phase_margin_deg along load_ua @ {'cout_nf': 1000, 'esr_mohm': 250}) | non-monotonic (psrr_db_1khz along load_ua @ {'cout_nf': 1000, 'esr_mohm': 250})",20261010-101245-6df50fd,87.39185269797615,22.433060493141376,110276.84928232887,2,-162.49044308678043,57.346239,39.0029854,ok,
ff,-40,res_wcs,500,1000,500,"refine: target failure (phase_margin_deg along load_ua @ {'cout_nf': 1000, 'esr_mohm': 500}) | non-monotonic (phase_margin_deg along load_ua @ {'cout_nf': 1000, 'esr_mohm': 500}) | non-monotonic (psrr_db_1khz along load_ua @ {'cout_nf': 1000, 'esr_mohm': 500})",20261010-101245-6df50fd,97.49710287379342,23.822519032030414,115501.4812260848,2,-162.48845370306992,57.3462416,39.5042154,ok,
ff,-40,res_wcs,500,2200,0,"refine: target failure (phase_margin_deg along load_ua @ {'cout_nf': 2200, 'esr_mohm': 0}) | non-monotonic (phase_margin_deg along load_ua @ {'cout_nf': 2200, 'esr_mohm': 0})",20261010-101245-6df50fd,74.82739309722763,21.68996070175042,50479.4904025435,2,-162.4924284963417,57.337596,42.8913098,ok,
ff,-40,res_wcs,500,2200,250,"refine: target failure (phase_margin_deg along load_ua @ {'cout_nf': 2200, 'esr_mohm': 250}) | non-monotonic (phase_margin_deg along load_ua @ {'cout_nf': 2200, 'esr_mohm': 250})",20261010-101245-6df50fd,85.01769807779372,30.25015275638243,51227.72111175373,2,-162.49043991168395,57.3376082,43.7195064,ok,
ff,-40,res_wcs,500,2200,500,"refine: target failure (phase_margin_deg along load_ua @ {'cout_nf': 2200, 'esr_mohm': 500}) | non-monotonic (phase_margin_deg along load_ua @ {'cout_nf': 2200, 'esr_mohm': 500})",20261010-101245-6df50fd,95.75704354412308,28.670409678969925,53707.66566940901,2,-162.48845057323086,57.3376208,43.6670701,ok,
ff,-40,res_wcs,500,4700,0,"refine: target failure (phase_margin_deg along load_ua @ {'cout_nf': 4700, 'esr_mohm': 0}) | non-monotonic (phase_margin_deg along load_ua @ {'cout_nf': 4700, 'esr_mohm': 0})",20261010-101245-6df50fd,65.35618215903223,26.516263597893914,25196.487212795484,2,-162.49242707530408,57.3195686,49.1421976,ok,
ff,-40,res_wcs,500,4700,250,"refine: target failure (phase_margin_deg along load_ua @ {'cout_nf': 4700, 'esr_mohm': 250}) | non-monotonic (phase_margin_deg along load_ua @ {'cout_nf': 4700, 'esr_mohm': 250})",20261010-101245-6df50fd,76.35205731837411,37.42235581081748,25584.35218480303,2,-162.49043848977203,57.3196256,48.6632449,ok,
ff,-40,res_wcs,500,4700,500,"refine: target failure (phase_margin_deg along load_ua @ {'cout_nf': 4700, 'esr_mohm': 500}) | non-monotonic (phase_margin_deg along load_ua @ {'cout_nf': 4700, 'esr_mohm': 500})",20261010-101245-6df50fd,88.20515509099555,31.791513132675135,26861.808539324444,2,-162.48844915044066,57.3196863,46.7412643,ok,
ff,-40,res_wcs,1000,330,0,base,20261010-091123-a31c626,52.67014139178494,6.9175612033003775,504437.16804351244,2,-162.4889860514088,57.353322,36.4870741,ok,
ff,-40,res_wcs,1000,330,125,"refine: target failure (gain_margin_db along esr_mohm @ {'load_ua': 1000, 'cout_nf': 330})",20261010-101245-6df50fd,60.21051319822077,8.717053583817375,505761.71457262547,2,-162.48749273356373,57.353322,36.5303267,ok,
ff,-40,res_wcs,1000,330,250,base,20261010-091123-a31c626,67.15963037126487,10.393067131003178,515324.14286775945,2,-162.48599893690374,57.3533221,36.5732751,ok,
ff,-40,res_wcs,1000,330,500,base,20261010-091123-a31c626,79.43014623598071,12.723631434143668,564864.9217902881,2,-162.48301012085642,57.3533223,36.6576057,ok,
ff,-40,res_wcs,1000,665,0,"refine: target failure (gain_margin_db along cout_nf @ {'load_ua': 1000, 'esr_mohm': 0})",20261010-101245-6df50fd,70.01205322529957,11.377703042792595,257813.89730237698,2,-162.4889734950337,57.3518187,36.5888389,ok,
ff,-40,res_wcs,1000,1000,0,base,20261010-091123-a31c626,74.8177303002829,13.852552535669732,172879.65061978454,2,-162.4889693397821,57.3503152,36.9945074,ok,
ff,-40,res_wcs,1000,1000,125,"refine: non-monotonic (gain_margin_db along esr_mohm @ {'load_ua': 1000, 'cout_nf': 1000})",20261010-101245-6df50fd,82.62628743657744,17.39076290715169,174346.75401841203,2,-162.4874760157653,57.3503159,37.3313673,ok,
ff,-40,res_wcs,1000,1000,250,base,20261010-091123-a31c626,90.40015251476973,19.827308227420144,179260.2574404909,2,-162.48598221761955,57.3503167,37.6301493,ok,
ff,-40,res_wcs,1000,1000,375,"refine: non-monotonic (gain_margin_db along esr_mohm @ {'load_ua': 1000, 'cout_nf': 1000})",20261010-101245-6df50fd,98.25145779295347,20.08480955441464,188593.11501569086,2,-162.48448803925345,57.3503175,37.8878481,ok,
ff,-40,res_wcs,1000,1000,500,base,20261010-091123-a31c626,106.27470965838242,19.617190632378016,204358.5474181962,2,-162.48299343801978,57.3503183,38.1040927,ok,
ff,-40,res_wcs,1000,1600,0,"refine: non-monotonic (phase_margin_deg along cout_nf @ {'load_ua': 1000, 'esr_mohm': 0})",20261010-101245-6df50fd,77.1094177033583,16.70173411756799,108890.39483122765,2,-162.48896624450418,57.3476217,38.2326842,ok,
ff,-40,res_wcs,1000,1600,250,"refine: non-monotonic (phase_margin_deg along cout_nf @ {'load_ua': 1000, 'esr_mohm': 250})",20261010-101245-6df50fd,93.01115149634191,23.91039334932893,113073.39435228113,2,-162.48597911963304,57.3476257,39.2969074,ok,
ff,-40,res_wcs,1000,1600,500,"refine: non-monotonic (phase_margin_deg along cout_nf @ {'load_ua': 1000, 'esr_mohm': 500})",20261010-101245-6df50fd,109.91978815248756,21.486011064873463,129512.8503690339,2,-162.48299033816232,57.3476297,39.8206556,ok,
ff,-40,res_wcs,1000,2200,0,base,20261010-091123-a31c626,77.03974166475824,18.643858530755267,79689.09953046542,2,-162.48896486981505,57.3449274,39.7319158,ok,
ff,-40,res_wcs,1000,2200,125,"refine: non-monotonic (gain_margin_db along esr_mohm @ {'load_ua': 1000, 'cout_nf': 2200})",20261010-101245-6df50fd,85.00334436928833,24.427294365329765,80424.26862862703,2,-162.48747149274845,57.3449312,40.485564,ok,
ff,-40,res_wcs,1000,2200,250,base,20261010-091123-a31c626,93.15905351036216,26.601626054892034,82807.38328303814,2,-162.48597774438252,57.344935,40.9439191,ok,
ff,-40,res_wcs,1000,2200,375,"refine: non-monotonic (gain_margin_db along esr_mohm @ {'load_ua': 1000, 'cout_nf': 2200})",20261010-101245-6df50fd,101.65400302158488,24.200835015632475,87279.75900609503,2,-162.48448356498523,57.3449388,41.1639712,ok,
ff,-40,res_wcs,1000,2200,500,base,20261010-091123-a31c626,110.70260336661126,22.442759673159443,95010.50232949464,2,-162.48298890999462,57.3449428,41.2136003,ok,
ff,-40,res_wcs,1000,3450,0,"refine: non-monotonic (phase_margin_deg along cout_nf @ {'load_ua': 1000, 'esr_mohm': 0})",20261010-101245-6df50fd,74.80166608185279,21.38457089926881,51554.309157731754,2,-162.48896348246825,57.3393117,42.7022208,ok,
ff,-40,res_wcs,1000,3450,250,"refine: non-monotonic (phase_margin_deg along cout_nf @ {'load_ua': 1000, 'esr_mohm': 250})",20261010-101245-6df50fd,91.3601526426415,30.273006579789264,53596.004520561924,2,-162.48597635613288,57.3393305,43.6125903,ok,
ff,-40,res_wcs,1000,3450,500,"refine: non-monotonic (phase_margin_deg along cout_nf @ {'load_ua': 1000, 'esr_mohm': 500})",20261010-101245-6df50fd,109.84640624766583,23.44741189812435,61561.22321450983,2,-162.48298757233823,57.3393503,43.017352,ok,
ff,-40,res_wcs,1000,4700,0,base,20261010-091123-a31c626,71.8474894570951,23.34409093441388,38511.07588150707,2,-162.48896288719192,57.3336926,45.1327521,ok,
ff,-40,res_wcs,1000,4700,125,"refine: non-monotonic (gain_margin_db along esr_mohm @ {'load_ua': 1000, 'cout_nf': 4700}) | non-monotonic (psrr_db_100khz along esr_mohm @ {'load_ua': 1000, 'cout_nf': 4700})",20261010-101245-6df50fd,80.15685975572515,33.77004295615293,38874.3930854264,2,-162.48746950904552,57.33371,45.704439,ok,
ff,-40,res_wcs,1000,4700,250,base,20261010-091123-a31c626,88.83140953400728,32.62063578681847,40033.402596083106,2,-162.4859757600039,57.3337279,45.3689163,ok,
ff,-40,res_wcs,1000,4700,375,"refine: non-monotonic (gain_margin_db along esr_mohm @ {'load_ua': 1000, 'cout_nf': 4700}) | non-monotonic (psrr_db_100khz along esr_mohm @ {'load_ua': 1000, 'cout_nf': 4700})",20261010-101245-6df50fd,98.07380700564333,26.5246780978811,42256.33202437539,2,-162.48448157996637,57.3337464,44.6796772,ok,
ff,-40,res_wcs,1000,4700,500,base,20261010-091123-a31c626,108.11016625398028,23.949524793380917,46046.20746793374,2,-162.4829869242962,57.3337654,43.9452014,ok,
ff,-40,res_wcs,13000,330,0,"refine: target failure (phase_margin_deg along load_ua @ {'cout_nf': 330, 'esr_mohm': 0}) | non-monotonic (phase_margin_deg along load_ua @ {'cout_nf': 330, 'esr_mohm': 0}) | target failure (gain_margin_db along load_ua @ {'cout_nf': 330, 'esr_mohm': 0}) | target failure (gain_margin_db along load_ua @ {'cout_nf': 330, 'esr_mohm': 0}) | non-monotonic (psrr_db_1khz along load_ua @ {'cout_nf': 330, 'esr_mohm': 0}) | non-monotonic (psrr_db_100khz along load_ua @ {'cout_nf': 330, 'esr_mohm': 0}) | non-monotonic (psrr_db_100khz along load_ua @ {'cout_nf': 330, 'esr_mohm': 0}) | interior worst (psrr_db_100khz along load_ua @ {'cout_nf': 330, 'esr_mohm': 0})",20261010-101245-6df50fd,-26.674929388626083,-3.870303412059248,1461810.9862592814,2,-162.46126293287062,57.3541347,36.6239688,ok,
ff,-40,res_wcs,13000,330,250,"refine: target failure (phase_margin_deg along load_ua @ {'cout_nf': 330, 'esr_mohm': 250}) | non-monotonic (phase_margin_deg along load_ua @ {'cout_nf': 330, 'esr_mohm': 250}) | target failure (gain_margin_db along load_ua @ {'cout_nf': 330, 'esr_mohm': 250}) | non-monotonic (psrr_db_1khz along load_ua @ {'cout_nf': 330, 'esr_mohm': 250}) | non-monotonic (psrr_db_100khz along load_ua @ {'cout_nf': 330, 'esr_mohm': 250}) | non-monotonic (psrr_db_100khz along load_ua @ {'cout_nf': 330, 'esr_mohm': 250}) | interior worst (psrr_db_100khz along load_ua @ {'cout_nf': 330, 'esr_mohm': 250})",20261010-101245-6df50fd,10.296409896509488,2.0819732152193597,1516749.2419452392,2,-162.44898377098247,57.3541348,36.6422346,ok,
ff,-40,res_wcs,13000,330,500,"refine: target failure (phase_margin_deg along load_ua @ {'cout_nf': 330, 'esr_mohm': 500}) | non-monotonic (phase_margin_deg along load_ua @ {'cout_nf': 330, 'esr_mohm': 500}) | target failure (gain_margin_db along load_ua @ {'cout_nf': 330, 'esr_mohm': 500}) | non-monotonic (psrr_db_1khz along load_ua @ {'cout_nf': 330, 'esr_mohm': 500}) | non-monotonic (psrr_db_100khz along load_ua @ {'cout_nf': 330, 'esr_mohm': 500}) | non-monotonic (psrr_db_100khz along load_ua @ {'cout_nf': 330, 'esr_mohm': 500})",20261010-101245-6df50fd,22.12546331573074,4.690676076602025,1829582.0336441202,2,-162.43667712202358,57.3541348,36.6605461,ok,
ff,-40,res_wcs,13000,1000,0,"refine: target failure (phase_margin_deg along load_ua @ {'cout_nf': 1000, 'esr_mohm': 0}) | non-monotonic (phase_margin_deg along load_ua @ {'cout_nf': 1000, 'esr_mohm': 0}) | target failure (gain_margin_db along load_ua @ {'cout_nf': 1000, 'esr_mohm': 0}) | non-monotonic (psrr_db_1khz along load_ua @ {'cout_nf': 1000, 'esr_mohm': 0}) | non-monotonic (psrr_db_100khz along load_ua @ {'cout_nf': 1000, 'esr_mohm': 0}) | interior worst (psrr_db_100khz along load_ua @ {'cout_nf': 1000, 'esr_mohm': 0})",20261010-101245-6df50fd,31.232736414726418,4.037529892480084,710863.3374115488,2,-162.46120247122053,57.353483,36.5090566,ok,
ff,-40,res_wcs,13000,1000,250,"refine: non-monotonic (phase_margin_deg along load_ua @ {'cout_nf': 1000, 'esr_mohm': 250}) | target failure (gain_margin_db along load_ua @ {'cout_nf': 1000, 'esr_mohm': 250}) | non-monotonic (psrr_db_1khz along load_ua @ {'cout_nf': 1000, 'esr_mohm': 250})",20261010-101245-6df50fd,67.168012414061,11.217663802458652,1031318.2154536009,2,-162.44892385579578,57.3534833,36.6774399,ok,
ff,-40,res_wcs,13000,1000,500,"refine: target failure (phase_margin_deg along load_ua @ {'cout_nf': 1000, 'esr_mohm': 500}) | non-monotonic (phase_margin_deg along load_ua @ {'cout_nf': 1000, 'esr_mohm': 500}) | target failure (gain_margin_db along load_ua @ {'cout_nf': 1000, 'esr_mohm': 500}) | non-monotonic (psrr_db_1khz along load_ua @ {'cout_nf': 1000, 'esr_mohm': 500})",20261010-101245-6df50fd,51.62932748302413,9.425021697184572,1654953.523813897,2,-162.43661765526326,57.3534836,36.8262631,ok,
ff,-40,res_wcs,13000,2200,0,"refine: non-monotonic (phase_margin_deg along load_ua @ {'cout_nf': 2200, 'esr_mohm': 0}) | target failure (gain_margin_db along load_ua @ {'cout_nf': 2200, 'esr_mohm': 0}) | non-monotonic (psrr_db_1khz along load_ua @ {'cout_nf': 2200, 'esr_mohm': 0}) | non-monotonic (psrr_db_100khz along load_ua @ {'cout_nf': 2200, 'esr_mohm': 0}) | interior worst (psrr_db_100khz along load_ua @ {'cout_nf': 2200, 'esr_mohm': 0})",20261010-101245-6df50fd,61.021545913581306,9.181727203476557,352598.3821493256,2,-162.46118622406948,57.3523155,36.4554829,ok,
ff,-40,res_wcs,13000,2200,250,"refine: non-monotonic (phase_margin_deg along load_ua @ {'cout_nf': 2200, 'esr_mohm': 250}) | non-monotonic (psrr_db_1khz along load_ua @ {'cout_nf': 2200, 'esr_mohm': 250})",20261010-101245-6df50fd,95.37562836718311,14.395319535217217,860864.9519266719,2,-162.44890774568773,57.3523171,37.1693069,ok,
ff,-40,res_wcs,13000,2200,500,"refine: target failure (phase_margin_deg along load_ua @ {'cout_nf': 2200, 'esr_mohm': 500}) | non-monotonic (phase_margin_deg along load_ua @ {'cout_nf': 2200, 'esr_mohm': 500}) | target failure (gain_margin_db along load_ua @ {'cout_nf': 2200, 'esr_mohm': 500}) | non-monotonic (psrr_db_1khz along load_ua @ {'cout_nf': 2200, 'esr_mohm': 500})",20261010-101245-6df50fd,60.19165493959652,10.725632648817982,1630489.0702084156,2,-162.43660168329797,57.3523188,37.5278466,ok,
ff,-40,res_wcs,13000,4700,0,"refine: non-monotonic (phase_margin_deg along load_ua @ {'cout_nf': 4700, 'esr_mohm': 0}) | non-monotonic (psrr_db_1khz along load_ua @ {'cout_nf': 4700, 'esr_mohm': 0})",20261010-101245-6df50fd,73.65985856214603,13.84526919956939,169411.45267732814,2,-162.46117901547484,57.3498829,36.9607829,ok,
ff,-40,res_wcs,13000,4700,250,"refine: non-monotonic (phase_margin_deg along load_ua @ {'cout_nf': 4700, 'esr_mohm': 250}) | non-monotonic (psrr_db_1khz along load_ua @ {'cout_nf': 4700, 'esr_mohm': 250})",20261010-101245-6df50fd,110.24971590150503,16.09969878706391,799263.7310692638,2,-162.44890052981805,57.3498903,38.6841826,ok,
ff,-40,res_wcs,13000,4700,500,"refine: non-monotonic (phase_margin_deg along load_ua @ {'cout_nf': 4700, 'esr_mohm': 500}) | target failure (gain_margin_db along load_ua @ {'cout_nf': 4700, 'esr_mohm': 500}) | non-monotonic (psrr_db_1khz along load_ua @ {'cout_nf': 4700, 'esr_mohm': 500})",20261010-101245-6df50fd,63.88160375103186,11.336750314363794,1624383.438610555,2,-162.436594560598,57.3498982,38.5847076,ok,
ff,-40,res_wcs,25000,330,0,base,20261010-091123-a31c626,-40.975735268192636,-6.522412259271606,1716219.966141073,2,-162.44798169309007,57.3468926,36.6372852,ok,
ff,-40,res_wcs,25000,330,125,"refine: target failure (phase_margin_deg along esr_mohm @ {'load_ua': 25000, 'cout_nf': 330}) | target failure (phase_margin_deg along esr_mohm @ {'load_ua': 25000, 'cout_nf': 330}) | target failure (gain_margin_db along esr_mohm @ {'load_ua': 25000, 'cout_nf': 330}) | target failure (gain_margin_db along esr_mohm @ {'load_ua': 25000, 'cout_nf': 330})",20261010-101245-6df50fd,-15.898357400257225,-3.164670003599943,1692266.5001914192,2,-162.43940751230224,57.3468926,36.6436987,ok,
ff,-40,res_wcs,25000,330,250,base,20261010-091123-a31c626,0.5150191679448426,0.11342695780020123,1794301.3211055913,2,-162.4308204307618,57.3468926,36.650153,ok,
ff,-40,res_wcs,25000,330,375,"refine: target failure (phase_margin_deg along esr_mohm @ {'load_ua': 25000, 'cout_nf': 330}) | target failure (phase_margin_deg along esr_mohm @ {'load_ua': 25000, 'cout_nf': 330}) | target failure (gain_margin_db along esr_mohm @ {'load_ua': 25000, 'cout_nf': 330}) | target failure (gain_margin_db along esr_mohm @ {'load_ua': 25000, 'cout_nf': 330})",20261010-101245-6df50fd,9.003346969361758,2.0968990250190664,1975232.4560158423,2,-162.42222048681708,57.3468926,36.6566219,ok,
ff,-40,res_wcs,25000,330,500,base,20261010-091123-a31c626,12.089391034316833,2.809748516578996,2190492.300092596,2,-162.4136075575118,57.3468926,36.6630794,ok,
ff,-40,res_wcs,25000,665,0,"refine: target failure (phase_margin_deg along cout_nf @ {'load_ua': 25000, 'esr_mohm': 0}) | target failure (phase_margin_deg along cout_nf @ {'load_ua': 25000, 'esr_mohm': 0}) | target failure (gain_margin_db along cout_nf @ {'load_ua': 25000, 'esr_mohm': 0}) | target failure (gain_margin_db along cout_nf @ {'load_ua': 25000, 'esr_mohm': 0})",20261010-101245-6df50fd,-9.317489717500223,-1.2682437968815823,1193820.6261132231,2,-162.44791965489094,57.346662,36.5866614,ok,
ff,-40,res_wcs,25000,665,250,"refine: target failure (phase_margin_deg along cout_nf @ {'load_ua': 25000, 'esr_mohm': 250}) | target failure (gain_margin_db along cout_nf @ {'load_ua': 25000, 'esr_mohm': 250}) | target failure (gain_margin_db along cout_nf @ {'load_ua': 25000, 'esr_mohm': 250})",20261010-101245-6df50fd,34.27714770991369,6.694232696745567,1471400.2769722526,2,-162.43075907637285,57.3466621,36.6394037,ok,
ff,-40,res_wcs,25000,665,500,"refine: target failure (phase_margin_deg along cout_nf @ {'load_ua': 25000, 'esr_mohm': 500}) | target failure (phase_margin_deg along cout_nf @ {'load_ua': 25000, 'esr_mohm': 500}) | target failure (gain_margin_db along cout_nf @ {'load_ua': 25000, 'esr_mohm': 500}) | target failure (gain_margin_db along cout_nf @ {'load_ua': 25000, 'esr_mohm': 500})",20261010-101245-6df50fd,30.127709467118876,6.20172166589095,2065429.2546703403,2,-162.41354694711902,57.3466622,36.6904791,ok,
ff,-40,res_wcs,25000,1000,0,base,20261010-091123-a31c626,12.588334182068621,1.6341174730198131,918453.5718195484,2,-162.44789914760412,57.3464315,36.5431481,ok,
ff,-40,res_wcs,25000,1000,125,"refine: target failure (phase_margin_deg along esr_mohm @ {'load_ua': 25000, 'cout_nf': 1000}) | non-monotonic (phase_margin_deg along esr_mohm @ {'load_ua': 25000, 'cout_nf': 1000}) | target failure (gain_margin_db along esr_mohm @ {'load_ua': 25000, 'cout_nf': 1000}) | target failure (gain_margin_db along esr_mohm @ {'load_ua': 25000, 'cout_nf': 1000}) | non-monotonic (gain_margin_db along esr_mohm @ {'load_ua': 25000, 'cout_nf': 1000})",20261010-101245-6df50fd,45.55240166149025,7.950845113538014,1014880.5937687355,2,-162.43932542129926,57.3464316,36.6032131,ok,
ff,-40,res_wcs,25000,1000,250,base,20261010-091123-a31c626,50.84098780865176,9.310923390490043,1357428.1698752786,2,-162.43073880472383,57.3464317,36.6621298,ok,
ff,-40,res_wcs,25000,1000,375,"refine: target failure (phase_margin_deg along esr_mohm @ {'load_ua': 25000, 'cout_nf': 1000}) | non-monotonic (phase_margin_deg along esr_mohm @ {'load_ua': 25000, 'cout_nf': 1000}) | target failure (gain_margin_db along esr_mohm @ {'load_ua': 25000, 'cout_nf': 1000}) | target failure (gain_margin_db along esr_mohm @ {'load_ua': 25000, 'cout_nf': 1000}) | non-monotonic (gain_margin_db along esr_mohm @ {'load_ua': 25000, 'cout_nf': 1000})",20261010-101245-6df50fd,44.02193720339386,8.351695430471898,1723165.674423335,2,-162.42213932041608,57.3464318,36.7179249,ok,
ff,-40,res_wcs,25000,1000,500,base,20261010-091123-a31c626,36.56662993100099,7.2341594172533314,2036456.7565272741,2,-162.41352695072737,57.346432,36.7690566,ok,
ff,-40,res_wcs,25000,1600,0,"refine: target failure (phase_margin_deg along cout_nf @ {'load_ua': 25000, 'esr_mohm': 0}) | target failure (gain_margin_db along cout_nf @ {'load_ua': 25000, 'esr_mohm': 0}) | target failure (gain_margin_db along cout_nf @ {'load_ua': 25000, 'esr_mohm': 0}) | non-monotonic (psrr_db_100khz along cout_nf @ {'load_ua': 25000, 'esr_mohm': 0}) | interior worst (psrr_db_100khz along cout_nf @ {'load_ua': 25000, 'esr_mohm': 0})",20261010-101245-6df50fd,36.754221497434116,4.859398134969153,639220.3346410504,2,-162.44788389595607,57.3460186,36.4836645,ok,
ff,-40,res_wcs,25000,1600,250,"refine: target failure (gain_margin_db along cout_nf @ {'load_ua': 25000, 'esr_mohm': 250})",20261010-101245-6df50fd,65.29649684242658,11.162113899968011,1281254.1343013032,2,-162.43072373458267,57.3460192,36.7786987,ok,
ff,-40,res_wcs,25000,1600,500,"refine: target failure (phase_margin_deg along cout_nf @ {'load_ua': 25000, 'esr_mohm': 500}) | target failure (phase_margin_deg along cout_nf @ {'load_ua': 25000, 'esr_mohm': 500}) | target failure (gain_margin_db along cout_nf @ {'load_ua': 25000, 'esr_mohm': 500}) | target failure (gain_margin_db along cout_nf @ {'load_ua': 25000, 'esr_mohm': 500})",20261010-101245-6df50fd,41.380122366400315,7.979027411486106,2020311.0033283993,2,-162.4135121170088,57.3460198,36.9925759,ok,
ff,-40,res_wcs,25000,2200,0,base,20261010-091123-a31c626,49.910504356312714,6.930929477487207,484498.46707426314,2,-162.44787691844465,57.3456056,36.4486747,ok,
ff,-40,res_wcs,25000,2200,125,"refine: non-monotonic (phase_margin_deg along esr_mohm @ {'load_ua': 25000, 'cout_nf': 2200}) | target failure (gain_margin_db along esr_mohm @ {'load_ua': 25000, 'cout_nf': 2200}) | non-monotonic (gain_margin_db along esr_mohm @ {'load_ua': 25000, 'cout_nf': 2200})",20261010-101245-6df50fd,85.90432138616748,13.794238652136437,665094.8818960785,2,-162.43930337802925,57.3456062,36.7341435,ok,
ff,-40,res_wcs,25000,2200,250,base,20261010-091123-a31c626,72.25736659335011,12.067188997137514,1253945.74803172,2,-162.43071690218966,57.3456067,36.9721746,ok,
ff,-40,res_wcs,25000,2200,375,"refine: target failure (phase_margin_deg along esr_mohm @ {'load_ua': 25000, 'cout_nf': 2200}) | non-monotonic (phase_margin_deg along esr_mohm @ {'load_ua': 25000, 'cout_nf': 2200}) | target failure (gain_margin_db along esr_mohm @ {'load_ua': 25000, 'cout_nf': 2200}) | non-monotonic (gain_margin_db along esr_mohm @ {'load_ua': 25000, 'cout_nf': 2200})",20261010-101245-6df50fd,55.1744174333887,10.048624862429246,1682137.188828693,2,-162.42211755949535,57.3456073,37.14406,ok,
ff,-40,res_wcs,25000,2200,500,base,20261010-091123-a31c626,43.55165560333111,8.324144360781993,2014633.7032218617,2,-162.4135052762823,57.3456079,37.2530683,ok,
ff,-40,res_wcs,25000,3450,0,"refine: target failure (gain_margin_db along cout_nf @ {'load_ua': 25000, 'esr_mohm': 0}) | non-monotonic (psrr_db_100khz along cout_nf @ {'load_ua': 25000, 'esr_mohm': 0}) | interior worst (psrr_db_100khz along cout_nf @ {'load_ua': 25000, 'esr_mohm': 0})",20261010-101245-6df50fd,63.21682154970033,9.814033429589392,319197.71359014226,2,-162.44787022836704,57.3447453,36.4565641,ok,
ff,-40,res_wcs,25000,3450,500,"refine: target failure (phase_margin_deg along cout_nf @ {'load_ua': 25000, 'esr_mohm': 500}) | target failure (gain_margin_db along cout_nf @ {'load_ua': 25000, 'esr_mohm': 500}) | target failure (gain_margin_db along cout_nf @ {'load_ua': 25000, 'esr_mohm': 500})",20261010-101245-6df50fd,45.630767845670164,8.66230063233822,2010170.8637679538,2,-162.41349872372786,57.344751,37.7224726,ok,
ff,-40,res_wcs,25000,4700,0,base,20261010-091123-a31c626,69.15855204532588,11.705582768307579,237217.43833934847,2,-162.4478671270195,57.3438848,36.5722684,ok,
ff,-40,res_wcs,25000,4700,125,"refine: non-monotonic (phase_margin_deg along esr_mohm @ {'load_ua': 25000, 'cout_nf': 4700}) | non-monotonic (gain_margin_db along esr_mohm @ {'load_ua': 25000, 'cout_nf': 4700}) | non-monotonic (psrr_db_100khz along esr_mohm @ {'load_ua': 25000, 'cout_nf': 4700})",20261010-101245-6df50fd,114.27810905678827,17.096824570628694,410181.95139142266,2,-162.43929358848385,57.3438874,37.6096003,ok,
ff,-40,res_wcs,25000,4700,250,base,20261010-091123-a31c626,82.25805444353011,13.455995586599615,1223322.673520196,2,-162.43070719778513,57.34389,38.0392296,ok,
ff,-40,res_wcs,25000,4700,375,"refine: non-monotonic (phase_margin_deg along esr_mohm @ {'load_ua': 25000, 'cout_nf': 4700}) | target failure (gain_margin_db along esr_mohm @ {'load_ua': 25000, 'cout_nf': 4700}) | non-monotonic (gain_margin_db along esr_mohm @ {'load_ua': 25000, 'cout_nf': 4700}) | non-monotonic (psrr_db_100khz along esr_mohm @ {'load_ua': 25000, 'cout_nf': 4700})",20261010-101245-6df50fd,60.0299966647448,10.853924002031185,1671840.7907921819,2,-162.4221079029162,57.3438928,38.1058701,ok,
ff,-40,res_wcs,25000,4700,500,base,20261010-091123-a31c626,46.595764821050494,8.822362917301534,2008431.6809262664,2,-162.41349566957774,57.3438956,38.0341098,ok,
ff,-40,res_wcs,37500,330,0,"refine: target failure (phase_margin_deg along load_ua @ {'cout_nf': 330, 'esr_mohm': 0}) | target failure (phase_margin_deg along load_ua @ {'cout_nf': 330, 'esr_mohm': 0}) | target failure (gain_margin_db along load_ua @ {'cout_nf': 330, 'esr_mohm': 0}) | target failure (gain_margin_db along load_ua @ {'cout_nf': 330, 'esr_mohm': 0}) | non-monotonic (psrr_db_100khz along load_ua @ {'cout_nf': 330, 'esr_mohm': 0})",20261010-101245-6df50fd,-48.31579473764518,-8.11335365765868,1873594.2031390665,2,-162.4373810383567,57.3361635,36.6366558,ok,
ff,-40,res_wcs,37500,330,250,"refine: target failure (phase_margin_deg along load_ua @ {'cout_nf': 330, 'esr_mohm': 250}) | target failure (phase_margin_deg along load_ua @ {'cout_nf': 330, 'esr_mohm': 250}) | target failure (gain_margin_db along load_ua @ {'cout_nf': 330, 'esr_mohm': 250}) | target failure (gain_margin_db along load_ua @ {'cout_nf': 330, 'esr_mohm': 250}) | non-monotonic (psrr_db_100khz along load_ua @ {'cout_nf': 330, 'esr_mohm': 250})",20261010-101245-6df50fd,-4.395777798763589,-1.0852200763331317,1969404.8597101348,2,-162.41647213758534,57.3361635,36.6471321,ok,
ff,-40,res_wcs,37500,330,500,"refine: target failure (phase_margin_deg along load_ua @ {'cout_nf': 330, 'esr_mohm': 500}) | target failure (phase_margin_deg along load_ua @ {'cout_nf': 330, 'esr_mohm': 500}) | target failure (gain_margin_db along load_ua @ {'cout_nf': 330, 'esr_mohm': 500}) | target failure (gain_margin_db along load_ua @ {'cout_nf': 330, 'esr_mohm': 500}) | non-monotonic (psrr_db_100khz along load_ua @ {'cout_nf': 330, 'esr_mohm': 500})",20261010-101245-6df50fd,6.759716859397287,1.61033373359056,2424277.7804048536,2,-162.3954905020782,57.3361635,36.6576661,ok,
ff,-40,res_wcs,37500,1000,0,"refine: target failure (phase_margin_deg along load_ua @ {'cout_nf': 1000, 'esr_mohm': 0}) | target failure (phase_margin_deg along load_ua @ {'cout_nf': 1000, 'esr_mohm': 0}) | target failure (gain_margin_db along load_ua @ {'cout_nf': 1000, 'esr_mohm': 0}) | target failure (gain_margin_db along load_ua @ {'cout_nf': 1000, 'esr_mohm': 0}) | non-monotonic (psrr_db_100khz along load_ua @ {'cout_nf': 1000, 'esr_mohm': 0}) | interior worst (psrr_db_100khz along load_ua @ {'cout_nf': 1000, 'esr_mohm': 0})",20261010-101245-6df50fd,1.4215971104138134,0.18951618629489386,1048633.279678862,2,-162.43728186153976,57.3357873,36.5551655,ok,
ff,-40,res_wcs,37500,1000,250,"refine: target failure (phase_margin_deg along load_ua @ {'cout_nf': 1000, 'esr_mohm': 250}) | target failure (gain_margin_db along load_ua @ {'cout_nf': 1000, 'esr_mohm': 250}) | target failure (gain_margin_db along load_ua @ {'cout_nf': 1000, 'esr_mohm': 250})",20261010-101245-6df50fd,42.161562102359,8.039373175922043,1553693.336622353,2,-162.41637438027448,57.3357875,36.6520924,ok,
ff,-40,res_wcs,37500,1000,500,"refine: target failure (phase_margin_deg along load_ua @ {'cout_nf': 1000, 'esr_mohm': 500}) | target failure (phase_margin_deg along load_ua @ {'cout_nf': 1000, 'esr_mohm': 500}) | target failure (gain_margin_db along load_ua @ {'cout_nf': 1000, 'esr_mohm': 500}) | target failure (gain_margin_db along load_ua @ {'cout_nf': 1000, 'esr_mohm': 500})",20261010-101245-6df50fd,28.869903495321864,5.903444755757569,2277590.983221551,2,-162.39539423494745,57.3357877,36.739859,ok,
ff,-40,res_wcs,37500,2200,0,"refine: target failure (phase_margin_deg along load_ua @ {'cout_nf': 2200, 'esr_mohm': 0}) | target failure (gain_margin_db along load_ua @ {'cout_nf': 2200, 'esr_mohm': 0}) | target failure (gain_margin_db along load_ua @ {'cout_nf': 2200, 'esr_mohm': 0}) | non-monotonic (psrr_db_1khz along load_ua @ {'cout_nf': 2200, 'esr_mohm': 0}) | non-monotonic (psrr_db_100khz along load_ua @ {'cout_nf': 2200, 'esr_mohm': 0}) | interior worst (psrr_db_100khz along load_ua @ {'cout_nf': 2200, 'esr_mohm': 0})",20261010-101245-6df50fd,41.59240907333444,5.599867724377692,578586.1171774328,2,-162.43725514372233,57.3351136,36.4577272,ok,
ff,-40,res_wcs,37500,2200,250,"refine: target failure (gain_margin_db along load_ua @ {'cout_nf': 2200, 'esr_mohm': 250}) | non-monotonic (psrr_db_1khz along load_ua @ {'cout_nf': 2200, 'esr_mohm': 250})",20261010-101245-6df50fd,60.866204493931704,10.882317436200484,1463556.1016794313,2,-162.41634812842415,57.3351145,36.8900853,ok,
ff,-40,res_wcs,37500,2200,500,"refine: target failure (phase_margin_deg along load_ua @ {'cout_nf': 2200, 'esr_mohm': 500}) | target failure (phase_margin_deg along load_ua @ {'cout_nf': 2200, 'esr_mohm': 500}) | target failure (gain_margin_db along load_ua @ {'cout_nf': 2200, 'esr_mohm': 500}) | target failure (gain_margin_db along load_ua @ {'cout_nf': 2200, 'esr_mohm': 500}) | non-monotonic (psrr_db_1khz along load_ua @ {'cout_nf': 2200, 'esr_mohm': 500})",20261010-101245-6df50fd,35.139292149425444,7.029333092616847,2255930.7911190502,2,-162.39536835234452,57.3351155,37.1292683,ok,
ff,-40,res_wcs,37500,4700,0,"refine: target failure (gain_margin_db along load_ua @ {'cout_nf': 4700, 'esr_mohm': 0}) | non-monotonic (psrr_db_1khz along load_ua @ {'cout_nf': 4700, 'esr_mohm': 0})",20261010-101245-6df50fd,65.32091779016757,10.44420246194553,288442.408803009,2,-162.43724335784304,57.3337099,36.4673273,ok,
ff,-40,res_wcs,37500,4700,250,"refine: non-monotonic (psrr_db_1khz along load_ua @ {'cout_nf': 4700, 'esr_mohm': 250})",20261010-101245-6df50fd,69.33041385583203,11.985863584450405,1441416.1035972657,2,-162.41633647878245,57.3337141,37.7532654,ok,
ff,-40,res_wcs,37500,4700,500,"refine: target failure (phase_margin_deg along load_ua @ {'cout_nf': 4700, 'esr_mohm': 500}) | target failure (gain_margin_db along load_ua @ {'cout_nf': 4700, 'esr_mohm': 500}) | target failure (gain_margin_db along load_ua @ {'cout_nf': 4700, 'esr_mohm': 500}) | non-monotonic (psrr_db_1khz along load_ua @ {'cout_nf': 4700, 'esr_mohm': 500})",20261010-101245-6df50fd,37.88345927728446,7.5324091653919165,2249358.9790717084,2,-162.39535688396688,57.3337187,37.7781696,ok,
ff,-40,res_wcs,50000,330,0,base,20261010-091123-a31c626,-52.69869348071677,-9.203674065403295,1981119.5059338838,2,-162.42834270736796,57.3223758,36.6292389,ok,
ff,-40,res_wcs,50000,330,125,"refine: target failure (phase_margin_deg along esr_mohm @ {'load_ua': 50000, 'cout_nf': 330}) | target failure (phase_margin_deg along esr_mohm @ {'load_ua': 50000, 'cout_nf': 330}) | target failure (gain_margin_db along esr_mohm @ {'load_ua': 50000, 'cout_nf': 330}) | target failure (gain_margin_db along esr_mohm @ {'load_ua': 50000, 'cout_nf': 330})",20261010-101245-6df50fd,-24.851550863663363,-5.560093997129102,1954050.285284547,2,-162.41640574326698,57.3223758,36.6337801,ok,
ff,-40,res_wcs,50000,330,250,base,20261010-091123-a31c626,-7.510078255842842,-1.9007772278245594,2093893.3319850452,2,-162.4044465000121,57.3223758,36.6383537,ok,
ff,-40,res_wcs,50000,330,375,"refine: target failure (phase_margin_deg along esr_mohm @ {'load_ua': 50000, 'cout_nf': 330}) | target failure (phase_margin_deg along esr_mohm @ {'load_ua': 50000, 'cout_nf': 330}) | target failure (gain_margin_db along esr_mohm @ {'load_ua': 50000, 'cout_nf': 330}) | target failure (gain_margin_db along esr_mohm @ {'load_ua': 50000, 'cout_nf': 330})",20261010-101245-6df50fd,0.7364910737238972,0.18474860641115454,2327597.313721512,2,-162.39246488732715,57.3223758,36.642941,ok,
ff,-40,res_wcs,50000,330,500,base,20261010-091123-a31c626,3.349446569265524,0.8244157374221108,2593214.776418026,2,-162.3804610504202,57.3223758,36.6475237,ok,
ff,-40,res_wcs,50000,665,0,"refine: target failure (phase_margin_deg along cout_nf @ {'load_ua': 50000, 'esr_mohm': 0}) | target failure (phase_margin_deg along cout_nf @ {'load_ua': 50000, 'esr_mohm': 0}) | target failure (gain_margin_db along cout_nf @ {'load_ua': 50000, 'esr_mohm': 0}) | target failure (gain_margin_db along cout_nf @ {'load_ua': 50000, 'esr_mohm': 0})",20261010-101245-6df50fd,-25.699331071836184,-3.8034449572085594,1428483.2923442202,2,-162.4282583212319,57.3222119,36.5907963,ok,
ff,-40,res_wcs,50000,665,250,"refine: target failure (phase_margin_deg along cout_nf @ {'load_ua': 50000, 'esr_mohm': 250}) | target failure (phase_margin_deg along cout_nf @ {'load_ua': 50000, 'esr_mohm': 250}) | target failure (gain_margin_db along cout_nf @ {'load_ua': 50000, 'esr_mohm': 250}) | target failure (gain_margin_db along cout_nf @ {'load_ua': 50000, 'esr_mohm': 250})",20261010-101245-6df50fd,22.81296353142261,4.881737261389585,1786961.1975123885,2,-162.40436357696785,57.322212,36.6281298,ok,
ff,-40,res_wcs,50000,665,500,"refine: target failure (phase_margin_deg along cout_nf @ {'load_ua': 50000, 'esr_mohm': 500}) | target failure (phase_margin_deg along cout_nf @ {'load_ua': 50000, 'esr_mohm': 500}) | target failure (gain_margin_db along cout_nf @ {'load_ua': 50000, 'esr_mohm': 500}) | target failure (gain_margin_db along cout_nf @ {'load_ua': 50000, 'esr_mohm': 500})",20261010-101245-6df50fd,18.705584816475692,4.041465378732287,2477557.1447083238,2,-162.3803795938091,57.3222121,36.6644855,ok,
ff,-40,res_wcs,50000,1000,0,base,20261010-091123-a31c626,-5.8483251595687875,-0.8060281057896864,1139043.8077442208,2,-162.4282304674869,57.3220481,36.5558689,ok,
ff,-40,res_wcs,50000,1000,125,"refine: target failure (phase_margin_deg along esr_mohm @ {'load_ua': 50000, 'cout_nf': 1000}) | target failure (phase_margin_deg along esr_mohm @ {'load_ua': 50000, 'cout_nf': 1000}) | non-monotonic (phase_margin_deg along esr_mohm @ {'load_ua': 50000, 'cout_nf': 1000}) | target failure (gain_margin_db along esr_mohm @ {'load_ua': 50000, 'cout_nf': 1000}) | target failure (gain_margin_db along esr_mohm @ {'load_ua': 50000, 'cout_nf': 1000}) | non-monotonic (gain_margin_db along esr_mohm @ {'load_ua': 50000, 'cout_nf': 1000})",20261010-101245-6df50fd,32.68404339063878,6.2523712435056575,1271474.3377188141,2,-162.4162944565075,57.3220482,36.5983157,ok,
ff,-40,res_wcs,50000,1000,250,base,20261010-091123-a31c626,36.763428207870334,7.285016767809578,1687695.6468119149,2,-162.40433622875094,57.3220483,36.6402117,ok,
ff,-40,res_wcs,50000,1000,375,"refine: target failure (phase_margin_deg along esr_mohm @ {'load_ua': 50000, 'cout_nf': 1000}) | target failure (phase_margin_deg along esr_mohm @ {'load_ua': 50000, 'cout_nf': 1000}) | non-monotonic (phase_margin_deg along esr_mohm @ {'load_ua': 50000, 'cout_nf': 1000}) | target failure (gain_margin_db along esr_mohm @ {'load_ua': 50000, 'cout_nf': 1000}) | target failure (gain_margin_db along esr_mohm @ {'load_ua': 50000, 'cout_nf': 1000}) | non-monotonic (gain_margin_db along esr_mohm @ {'load_ua': 50000, 'cout_nf': 1000})",20261010-101245-6df50fd,30.58731297762921,6.293080272301291,2096591.1300822902,2,-162.39235558072033,57.3220484,36.6801276,ok,
ff,-40,res_wcs,50000,1000,500,base,20261010-091123-a31c626,24.054779935761218,5.071173030728332,2448818.2918263813,2,-162.38035271494329,57.3220484,36.7169189,ok,
ff,-40,res_wcs,50000,1600,0,"refine: target failure (phase_margin_deg along cout_nf @ {'load_ua': 50000, 'esr_mohm': 0}) | target failure (phase_margin_deg along cout_nf @ {'load_ua': 50000, 'esr_mohm': 0}) | target failure (gain_margin_db along cout_nf @ {'load_ua': 50000, 'esr_mohm': 0}) | target failure (gain_margin_db along cout_nf @ {'load_ua': 50000, 'esr_mohm': 0})",20261010-101245-6df50fd,19.178866187081468,2.5170650904495484,832130.0368859852,2,-162.42820975866084,57.3217547,36.502372,ok,
ff,-40,res_wcs,50000,1600,250,"refine: target failure (phase_margin_deg along cout_nf @ {'load_ua': 50000, 'esr_mohm': 250}) | target failure (gain_margin_db along cout_nf @ {'load_ua': 50000, 'esr_mohm': 250}) | target failure (gain_margin_db along cout_nf @ {'load_ua': 50000, 'esr_mohm': 250})",20261010-101245-6df50fd,48.39757588883327,9.074429620188582,1628093.7578009302,2,-162.4043158316831,57.3217551,36.7131121,ok,
ff,-40,res_wcs,50000,1600,500,"refine: target failure (phase_margin_deg along cout_nf @ {'load_ua': 50000, 'esr_mohm': 500}) | target failure (phase_margin_deg along cout_nf @ {'load_ua': 50000, 'esr_mohm': 500}) | target failure (gain_margin_db along cout_nf @ {'load_ua': 50000, 'esr_mohm': 500}) | target failure (gain_margin_db along cout_nf @ {'load_ua': 50000, 'esr_mohm': 500})",20261010-101245-6df50fd,28.068973247840006,5.78945581627885,2431971.544030766,2,-162.38033268935305,57.3217555,36.8701736,ok,
ff,-40,res_wcs,50000,2200,0,base,20261010-091123-a31c626,35.215775927157125,4.686439932780727,648819.4855517289,2,-162.42820033011571,57.3214613,36.4608722,ok,
ff,-40,res_wcs,50000,2200,125,"refine: target failure (phase_margin_deg along esr_mohm @ {'load_ua': 50000, 'cout_nf': 2200}) | non-monotonic (phase_margin_deg along esr_mohm @ {'load_ua': 50000, 'cout_nf': 2200}) | target failure (gain_margin_db along esr_mohm @ {'load_ua': 50000, 'cout_nf': 2200}) | target failure (gain_margin_db along esr_mohm @ {'load_ua': 50000, 'cout_nf': 2200}) | non-monotonic (gain_margin_db along esr_mohm @ {'load_ua': 50000, 'cout_nf': 2200})",20261010-101245-6df50fd,71.12241566331193,11.897576100546635,977002.3383984386,2,-162.4162645880889,57.3214617,36.6649479,ok,
ff,-40,res_wcs,50000,2200,250,base,20261010-091123-a31c626,53.8647652160562,9.842746011000965,1607714.9671228954,2,-162.4043065386582,57.3214621,36.8397631,ok,
ff,-40,res_wcs,50000,2200,375,"refine: target failure (phase_margin_deg along esr_mohm @ {'load_ua': 50000, 'cout_nf': 2200}) | non-monotonic (phase_margin_deg along esr_mohm @ {'load_ua': 50000, 'cout_nf': 2200}) | target failure (gain_margin_db along esr_mohm @ {'load_ua': 50000, 'cout_nf': 2200}) | target failure (gain_margin_db along esr_mohm @ {'load_ua': 50000, 'cout_nf': 2200}) | non-monotonic (gain_margin_db along esr_mohm @ {'load_ua': 50000, 'cout_nf': 2200})",20261010-101245-6df50fd,39.71665561352526,7.734483109674173,2060942.2667230172,2,-162.39232621679287,57.3214625,36.9690896,ok,
ff,-40,res_wcs,50000,2200,500,base,20261010-091123-a31c626,29.889247934749392,6.080094795299857,2425699.7069044523,2,-162.38032357689286,57.3214629,37.053136,ok,
ff,-40,res_wcs,50000,3450,0,"refine: target failure (phase_margin_deg along cout_nf @ {'load_ua': 50000, 'esr_mohm': 0}) | target failure (gain_margin_db along cout_nf @ {'load_ua': 50000, 'esr_mohm': 0}) | target failure (gain_margin_db along cout_nf @ {'load_ua': 50000, 'esr_mohm': 0})",20261010-101245-6df50fd,53.285286912767404,7.6210423358198955,438239.00379151874,2,-162.42819124076908,57.3208499,36.4143678,ok,
ff,-40,res_wcs,50000,3450,250,"refine: target failure (gain_margin_db along cout_nf @ {'load_ua': 50000, 'esr_mohm': 250})",20261010-101245-6df50fd,59.1325859605702,10.61310757087567,1592982.880773315,2,-162.40429758431407,57.3208519,37.2008158,ok,
ff,-40,res_wcs,50000,3450,500,"refine: target failure (phase_margin_deg along cout_nf @ {'load_ua': 50000, 'esr_mohm': 500}) | target failure (phase_margin_deg along cout_nf @ {'load_ua': 50000, 'esr_mohm': 500}) | target failure (gain_margin_db along cout_nf @ {'load_ua': 50000, 'esr_mohm': 500}) | target failure (gain_margin_db along cout_nf @ {'load_ua': 50000, 'esr_mohm': 500})",20261010-101245-6df50fd,31.639710566559216,6.362347499591785,2420493.350919878,2,-162.380314816483,57.320854,37.3924588,ok,
ff,-40,res_wcs,50000,4700,0,base,20261010-091123-a31c626,62.085640049424256,9.594342836533626,328714.81750981224,2,-162.4281869624968,57.3202386,36.423082,ok,
ff,-40,res_wcs,50000,4700,125,"refine: target failure (gain_margin_db along esr_mohm @ {'load_ua': 50000, 'cout_nf': 4700}) | non-monotonic (gain_margin_db along esr_mohm @ {'load_ua': 50000, 'cout_nf': 4700})",20261010-101245-6df50fd,97.33120863058022,14.73837862791034,822598.7412146959,2,-162.41625136085491,57.3202404,37.2214341,ok,
ff,-40,res_wcs,50000,4700,250,base,20261010-091123-a31c626,61.56524286670812,10.985490053856184,1587908.3101027326,2,-162.40429339758333,57.3202423,37.586392,ok,
ff,-40,res_wcs,50000,4700,375,"refine: target failure (phase_margin_deg along esr_mohm @ {'load_ua': 50000, 'cout_nf': 4700}) | target failure (gain_margin_db along esr_mohm @ {'load_ua': 50000, 'cout_nf': 4700}) | non-monotonic (gain_margin_db along esr_mohm @ {'load_ua': 50000, 'cout_nf': 4700})",20261010-101245-6df50fd,43.724268845999546,8.395966943089626,2051031.5817115442,2,-162.39231321702255,57.3202442,37.6632741,ok,
ff,-40,res_wcs,50000,4700,500,base,20261010-091123-a31c626,32.45517048375885,6.495041265817408,2418348.954725682,2,-162.38031072086534,57.3202462,37.6240661,ok,
ff,27,res_bcs,0,330,0,base,20261010-091123-a31c626,15.88984610730921,51.667988198503636,5560.267267718643,1,15.88984610730921,55.602293,66.39662,ok,
ff,27,res_bcs,0,330,125,"refine: target failure (phase_margin_deg along esr_mohm @ {'load_ua': 0, 'cout_nf': 330}) | target failure (phase_margin_deg along esr_mohm @ {'load_ua': 0, 'cout_nf': 330})",20261010-101245-6df50fd,15.972471425276666,52.81517487159824,5560.268820260029,1,15.972471425276666,55.6023074,66.3968605,ok,
ff,27,res_bcs,0,330,250,base,20261010-091123-a31c626,16.05510979321147,54.11555406777453,5560.27633865875,1,16.05510979321147,55.6023218,66.391279,ok,
ff,27,res_bcs,0,330,375,"refine: target failure (phase_margin_deg along esr_mohm @ {'load_ua': 0, 'cout_nf': 330}) | target failure (phase_margin_deg along esr_mohm @ {'load_ua': 0, 'cout_nf': 330})",20261010-101245-6df50fd,16.137759367227915,55.60535228156749,5560.289823056057,1,16.137759367227915,55.6023363,66.3799104,ok,
ff,27,res_bcs,0,330,500,base,20261010-091123-a31c626,16.22042240163006,57.323756420896565,5560.309273656356,1,16.22042240163006,55.6023508,66.3628125,ok,
ff,27,res_bcs,0,665,0,"refine: target failure (phase_margin_deg along cout_nf @ {'load_ua': 0, 'esr_mohm': 0}) | target failure (phase_margin_deg along cout_nf @ {'load_ua': 0, 'esr_mohm': 0})",20261010-101245-6df50fd,12.219611501757868,55.94860388366066,3883.4994498291785,1,12.219611501757868,55.2950697,72.4995318,ok,
ff,27,res_bcs,0,665,250,"refine: target failure (phase_margin_deg along cout_nf @ {'load_ua': 0, 'esr_mohm': 250}) | target failure (phase_margin_deg along cout_nf @ {'load_ua': 0, 'esr_mohm': 250})",20261010-101245-6df50fd,12.45233313937436,60.379633680795244,3883.5137818523804,1,12.45233313937436,55.2951956,72.4586891,ok,
ff,27,res_bcs,0,665,500,"refine: target failure (phase_margin_deg along cout_nf @ {'load_ua': 0, 'esr_mohm': 500}) | target failure (phase_margin_deg along cout_nf @ {'load_ua': 0, 'esr_mohm': 500})",20261010-101245-6df50fd,12.685116486040215,65.95038963979499,3883.56072772771,1,12.685116486040215,55.2953228,72.3265732,ok,
ff,27,res_bcs,0,1000,0,base,20261010-091123-a31c626,10.769019429949992,57.92927876495645,3157.5489254729405,1,10.769019429949992,54.9770156,76.0487163,ok,
ff,27,res_bcs,0,1000,125,"refine: target failure (phase_margin_deg along esr_mohm @ {'load_ua': 0, 'cout_nf': 1000}) | target failure (phase_margin_deg along esr_mohm @ {'load_ua': 0, 'cout_nf': 1000})",20261010-101245-6df50fd,10.911133299781596,60.64993840518619,3157.553041037181,1,10.911133299781596,54.9771685,76.0251499,ok,
ff,27,res_bcs,0,1000,250,base,20261010-091123-a31c626,11.053263742312424,64.47331497955255,3157.566975590409,1,11.053263742312424,54.9773226,75.9491396,ok,
ff,27,res_bcs,0,1000,375,"refine: target failure (phase_margin_deg along esr_mohm @ {'load_ua': 0, 'cout_nf': 1000}) | target failure (phase_margin_deg along esr_mohm @ {'load_ua': 0, 'cout_nf': 1000})",20261010-101245-6df50fd,11.195409024146187,69.97610351139055,3157.590729043604,1,11.195409024146187,54.977478,75.8234851,ok,
ff,27,res_bcs,0,1000,500,base,20261010-091123-a31c626,11.337569411782766,,3157.62430156406,1,11.337569411782766,54.9776346,75.6524974,failed,loopgain: no -180 degree crossing (gain margin unmeasured)
ff,27,res_bcs,0,1600,0,"refine: target failure (phase_margin_deg along cout_nf @ {'load_ua': 0, 'esr_mohm': 0}) | target failure (phase_margin_deg along cout_nf @ {'load_ua': 0, 'esr_mohm': 0})",20261010-101245-6df50fd,9.66239069536968,59.99591205706575,2490.453212465475,1,9.66239069536968,54.3778643,80.1353256,ok,
ff,27,res_bcs,0,1600,250,"refine: target failure (phase_margin_deg along cout_nf @ {'load_ua': 0, 'esr_mohm': 250}) | target failure (phase_margin_deg along cout_nf @ {'load_ua': 0, 'esr_mohm': 250}) | non-monotonic (phase_margin_deg along cout_nf @ {'load_ua': 0, 'esr_mohm': 250}) | interior worst (phase_margin_deg along cout_nf @ {'load_ua': 0, 'esr_mohm': 250})",20261010-101245-6df50fd,10.021216454029627,69.56563743634625,2490.4765890568074,1,10.021216454029627,54.3787704,79.8755913,ok,
ff,27,res_bcs,0,1600,500,"refine: target failure (phase_margin_deg along cout_nf @ {'load_ua': 0, 'esr_mohm': 500}) | target failure (phase_margin_deg along cout_nf @ {'load_ua': 0, 'esr_mohm': 500}) | non-monotonic (phase_margin_deg along cout_nf @ {'load_ua': 0, 'esr_mohm': 500}) | interior worst (phase_margin_deg along cout_nf @ {'load_ua': 0, 'esr_mohm': 500})",20261010-101245-6df50fd,10.380094312569355,,2490.5492199134014,1,10.380094312569355,54.3796993,79.1695316,failed,loopgain: no -180 degree crossing (gain margin unmeasured)
ff,27,res_bcs,0,2200,0,base,20261010-091123-a31c626,9.2254993045062,61.49157712094306,2121.3196328881963,1,9.2254993045062,53.7365219,82.9033009,ok,
ff,27,res_bcs,0,2200,125,"refine: target failure (phase_margin_deg along esr_mohm @ {'load_ua': 0, 'cout_nf': 2200}) | target failure (phase_margin_deg along esr_mohm @ {'load_ua': 0, 'cout_nf': 2200})",20261010-101245-6df50fd,9.435870104223596,65.75230205037373,2121.3263192882782,1,9.435870104223596,53.7375106,82.7786741,ok,
ff,27,res_bcs,0,2200,250,base,20261010-091123-a31c626,9.646253224062008,70.7840867880212,2121.3474498382916,1,9.646253224062008,53.7385158,82.4196333,ok,
ff,27,res_bcs,0,2200,375,"refine: target failure (phase_margin_deg along esr_mohm @ {'load_ua': 0, 'cout_nf': 2200}) | target failure (phase_margin_deg along esr_mohm @ {'load_ua': 0, 'cout_nf': 2200})",20261010-101245-6df50fd,9.85664681060888,,2121.3830247322467,1,9.85664681060888,53.7395373,81.8791174,failed,loopgain: no -180 degree crossing (gain margin unmeasured)
ff,27,res_bcs,0,2200,500,base,20261010-091123-a31c626,10.067049137337847,,2121.4330446569734,1,10.067049137337847,53.7405752,81.2200099,failed,loopgain: no -180 degree crossing (gain margin unmeasured)
ff,27,res_bcs,0,3450,0,"refine: target failure (phase_margin_deg along cout_nf @ {'load_ua': 0, 'esr_mohm': 0}) | target failure (phase_margin_deg along cout_nf @ {'load_ua': 0, 'esr_mohm': 0})",20261010-101245-6df50fd,8.987989081919523,62.698285112983584,1691.4906422637036,1,8.987989081919523,52.2373676,86.8130902,ok,
ff,27,res_bcs,0,3450,250,"refine: target failure (phase_margin_deg along cout_nf @ {'load_ua': 0, 'esr_mohm': 250}) | target failure (phase_margin_deg along cout_nf @ {'load_ua': 0, 'esr_mohm': 250}) | non-monotonic (phase_margin_deg along cout_nf @ {'load_ua': 0, 'esr_mohm': 250}) | interior worst (phase_margin_deg along cout_nf @ {'load_ua': 0, 'esr_mohm': 250})",20261010-101245-6df50fd,9.514063415701372,,1691.5257769031566,1,9.514063415701372,52.2443406,85.7010824,failed,loopgain: no -180 degree crossing (gain margin unmeasured)
ff,27,res_bcs,0,3450,500,"refine: target failure (phase_margin_deg along cout_nf @ {'load_ua': 0, 'esr_mohm': 500}) | target failure (phase_margin_deg along cout_nf @ {'load_ua': 0, 'esr_mohm': 500}) | non-monotonic (phase_margin_deg along cout_nf @ {'load_ua': 0, 'esr_mohm': 500}) | interior worst (phase_margin_deg along cout_nf @ {'load_ua': 0, 'esr_mohm': 500})",20261010-101245-6df50fd,10.040113337269986,,1691.6328907242867,1,10.040113337269986,52.2516371,83.4515711,failed,loopgain: no -180 degree crossing (gain margin unmeasured)
ff,27,res_bcs,0,4700,0,base,20261010-091123-a31c626,9.083676776053636,63.32800314497612,1447.7856421361557,1,9.083676776053636,50.4547509,89.4995382,ok,
ff,27,res_bcs,0,4700,125,"refine: target failure (phase_margin_deg along esr_mohm @ {'load_ua': 0, 'cout_nf': 4700}) | target failure (phase_margin_deg along esr_mohm @ {'load_ua': 0, 'cout_nf': 4700})",20261010-101245-6df50fd,9.390235558632355,70.42803951199642,1447.7957314252499,1,9.390235558632355,50.4644149,88.9478868,ok,
ff,27,res_bcs,0,4700,250,base,20261010-091123-a31c626,9.696775204559941,,1447.8267271073737,1,9.696775204559941,50.4743511,87.6163835,failed,loopgain: no -180 degree crossing (gain margin unmeasured)
ff,27,res_bcs,0,4700,375,"refine: target failure (phase_margin_deg along esr_mohm @ {'load_ua': 0, 'cout_nf': 4700}) | target failure (phase_margin_deg along esr_mohm @ {'load_ua': 0, 'cout_nf': 4700})",20261010-101245-6df50fd,10.003291922450614,,1447.878630878682,1,10.003291922450614,50.4845568,86.0329841,failed,loopgain: no -180 degree crossing (gain margin unmeasured)
ff,27,res_bcs,0,4700,500,base,20261010-091123-a31c626,10.30978133397241,,1447.9514459063105,1,10.30978133397241,50.4950292,84.487531,failed,loopgain: no -180 degree crossing (gain margin unmeasured)
ff,27,res_bcs,500,330,0,"refine: target failure (phase_margin_deg along load_ua @ {'cout_nf': 330, 'esr_mohm': 0}) | non-monotonic (phase_margin_deg along load_ua @ {'cout_nf': 330, 'esr_mohm': 0}) | non-monotonic (psrr_db_1khz along load_ua @ {'cout_nf': 330, 'esr_mohm': 0}) | non-monotonic (psrr_db_100khz along load_ua @ {'cout_nf': 330, 'esr_mohm': 0}) | interior worst (psrr_db_100khz along load_ua @ {'cout_nf': 330, 'esr_mohm': 0})",20261010-101245-6df50fd,74.12261081319915,20.13777747973574,124496.67152606876,1,74.12261081319915,55.905952,30.3067548,ok,
ff,27,res_bcs,500,330,250,"refine: target failure (phase_margin_deg along load_ua @ {'cout_nf': 330, 'esr_mohm': 250}) | non-monotonic (phase_margin_deg along load_ua @ {'cout_nf': 330, 'esr_mohm': 250}) | non-monotonic (psrr_db_1khz along load_ua @ {'cout_nf': 330, 'esr_mohm': 250})",20261010-101245-6df50fd,77.84125965074357,23.496589072069675,124737.879929247,1,77.84125965074357,55.9059523,30.58813,ok,
ff,27,res_bcs,500,330,500,"refine: target failure (phase_margin_deg along load_ua @ {'cout_nf': 330, 'esr_mohm': 500}) | non-monotonic (phase_margin_deg along load_ua @ {'cout_nf': 330, 'esr_mohm': 500}) | non-monotonic (psrr_db_1khz along load_ua @ {'cout_nf': 330, 'esr_mohm': 500})",20261010-101245-6df50fd,81.58699533220775,25.60052870797082,125491.02537993068,1,81.58699533220775,55.9059525,30.8453844,ok,
ff,27,res_bcs,500,1000,0,"refine: target failure (phase_margin_deg along load_ua @ {'cout_nf': 1000, 'esr_mohm': 0}) | non-monotonic (phase_margin_deg along load_ua @ {'cout_nf': 1000, 'esr_mohm': 0}) | non-monotonic (psrr_db_1khz along load_ua @ {'cout_nf': 1000, 'esr_mohm': 0})",20261010-101245-6df50fd,62.66903387945604,26.948802275199718,44922.5649903781,1,62.66903387945604,55.8992334,36.9476164,ok,
ff,27,res_bcs,500,1000,250,"refine: target failure (phase_margin_deg along load_ua @ {'cout_nf': 1000, 'esr_mohm': 250}) | non-monotonic (psrr_db_1khz along load_ua @ {'cout_nf': 1000, 'esr_mohm': 250})",20261010-101245-6df50fd,66.75874503883779,34.618085435734066,45016.96570879405,1,66.75874503883779,55.899236,37.4066687,ok,
ff,27,res_bcs,500,1000,500,"refine: target failure (phase_margin_deg along load_ua @ {'cout_nf': 1000, 'esr_mohm': 500}) | non-monotonic (psrr_db_1khz along load_ua @ {'cout_nf': 1000, 'esr_mohm': 500})",20261010-101245-6df50fd,70.94382100582169,34.998597571137545,45307.6038060511,1,70.94382100582169,55.8992386,37.634627,ok,
ff,27,res_bcs,500,2200,0,"refine: target failure (phase_margin_deg along load_ua @ {'cout_nf': 2200, 'esr_mohm': 0})",20261010-101245-6df50fd,48.17657074373412,32.03664625096735,24453.071471256488,1,48.17657074373412,55.8871874,43.7748433,ok,
ff,27,res_bcs,500,2200,250,"refine: target failure (phase_margin_deg along load_ua @ {'cout_nf': 2200, 'esr_mohm': 250})",20261010-101245-6df50fd,53.092233372772725,44.83953679658254,24513.25435558166,1,53.092233372772725,55.8872,43.8524082,ok,
ff,27,res_bcs,500,2200,500,"refine: target failure (phase_margin_deg along load_ua @ {'cout_nf': 2200, 'esr_mohm': 500})",20261010-101245-6df50fd,58.14257272478062,40.220311506417914,24696.915446603074,1,58.14257272478062,55.8872132,43.1795421,ok,
ff,27,res_bcs,500,4700,0,"refine: target failure (phase_margin_deg along load_ua @ {'cout_nf': 4700, 'esr_mohm': 0}) | target failure (phase_margin_deg along load_ua @ {'cout_nf': 4700, 'esr_mohm': 0})",20261010-101245-6df50fd,35.01190814795615,37.22999881081626,14981.978936211284,1,35.01190814795615,55.8620393,50.5109425,ok,
ff,27,res_bcs,500,4700,250,"refine: target failure (phase_margin_deg along load_ua @ {'cout_nf': 4700, 'esr_mohm': 250})",20261010-101245-6df50fd,41.45303405301473,,15037.125616219138,1,41.45303405301473,55.8620985,49.1718065,failed,loopgain: no -180 degree crossing (gain margin unmeasured)
ff,27,res_bcs,500,4700,500,"refine: target failure (phase_margin_deg along load_ua @ {'cout_nf': 4700, 'esr_mohm': 500})",20261010-101245-6df50fd,48.06735831490016,,15205.20570718198,1,48.06735831490016,55.8621629,46.5554175,failed,loopgain: no -180 degree crossing (gain margin unmeasured)
ff,27,res_bcs,1000,330,0,base,20261010-091123-a31c626,73.14399730344114,16.99045262325529,200689.05190972018,1,73.14399730344114,55.9088536,29.399952,ok,
ff,27,res_bcs,1000,330,250,base,20261010-091123-a31c626,79.1124257190739,20.84606557530494,201704.2774410296,1,79.1124257190739,55.9088538,29.6151604,ok,
ff,27,res_bcs,1000,330,500,base,20261010-091123-a31c626,85.08319154668571,22.78066997358491,204973.8127162349,1,85.08319154668571,55.908854,29.8182032,ok,
ff,27,res_bcs,1000,1000,0,base,20261010-091123-a31c626,69.39097060289474,23.778004983379105,69409.18401181426,1,69.39097060289474,55.9047458,33.2341904,ok,
ff,27,res_bcs,1000,1000,125,"refine: non-monotonic (gain_margin_db along esr_mohm @ {'load_ua': 1000, 'cout_nf': 1000})",20261010-101245-6df50fd,72.53962785532745,28.051503865556832,69501.10373565588,1,72.53962785532745,55.9047466,33.6180002,ok,
ff,27,res_bcs,1000,1000,250,base,20261010-091123-a31c626,75.72920927183326,30.538734261569665,69784.81242143032,1,75.72920927183326,55.9047474,33.9333934,ok,
ff,27,res_bcs,1000,1000,375,"refine: non-monotonic (gain_margin_db along esr_mohm @ {'load_ua': 1000, 'cout_nf': 1000})",20261010-101245-6df50fd,78.96608679974118,30.750299490579362,70266.09617401396,1,78.96608679974118,55.9047482,34.1841325,ok,
ff,27,res_bcs,1000,1000,500,base,20261010-091123-a31c626,82.25655781706865,29.869608101815135,70958.84137466224,1,82.25655781706865,55.904749,34.3754426,ok,
ff,27,res_bcs,1000,2200,0,base,20261010-091123-a31c626,57.3134249275392,28.64767302743011,35244.19131339536,1,57.3134249275392,55.8973838,39.4399713,ok,
ff,27,res_bcs,1000,2200,125,"refine: non-monotonic (gain_margin_db along esr_mohm @ {'load_ua': 1000, 'cout_nf': 2200}) | non-monotonic (psrr_db_100khz along esr_mohm @ {'load_ua': 1000, 'cout_nf': 2200})",20261010-101245-6df50fd,60.840382604481846,36.83195670109328,35294.16037307008,1,60.840382604481846,55.8973876,39.7847545,ok,
ff,27,res_bcs,1000,2200,250,base,20261010-091123-a31c626,64.4392601465175,39.385162443201544,35447.002802757415,1,64.4392601465175,55.8973914,39.8707401,ok,
ff,27,res_bcs,1000,2200,375,"refine: non-monotonic (gain_margin_db along esr_mohm @ {'load_ua': 1000, 'cout_nf': 2200}) | non-monotonic (psrr_db_100khz along esr_mohm @ {'load_ua': 1000, 'cout_nf': 2200})",20261010-101245-6df50fd,68.11919113035366,35.50556086930915,35714.921168778565,1,68.11919113035366,55.8973953,39.7532603,ok,
ff,27,res_bcs,1000,2200,500,base,20261010-091123-a31c626,71.89085235284573,33.3039839645719,36102.19716294207,1,71.89085235284573,55.8973993,39.4972561,ok,
ff,27,res_bcs,1000,3450,0,"refine: target failure (phase_margin_deg along cout_nf @ {'load_ua': 1000, 'esr_mohm': 0})",20261010-101245-6df50fd,48.8666505257456,31.55133584529496,25174.75624402367,1,48.8666505257456,55.8897086,43.3959308,ok,
ff,27,res_bcs,1000,4700,0,base,20261010-091123-a31c626,43.17768798637323,33.55647780310933,20394.830294521795,1,43.17768798637323,55.8820267,46.1439884,ok,
ff,27,res_bcs,1000,4700,125,"refine: target failure (phase_margin_deg along esr_mohm @ {'load_ua': 1000, 'cout_nf': 4700}) | non-monotonic (gain_margin_db along esr_mohm @ {'load_ua': 1000, 'cout_nf': 4700})",20261010-101245-6df50fd,47.54832044440744,,20433.118576133336,1,47.54832044440744,55.8820442,46.0504845,failed,loopgain: no -180 degree crossing (gain margin unmeasured)
ff,27,res_bcs,1000,4700,250,base,20261010-091123-a31c626,52.02395768220438,64.8813973198638,20549.91354831993,1,52.02395768220438,55.8820624,45.1543781,ok,
ff,27,res_bcs,1000,4700,375,"refine: non-monotonic (gain_margin_db along esr_mohm @ {'load_ua': 1000, 'cout_nf': 4700})",20261010-101245-6df50fd,56.60624903119677,38.27954206912769,20748.06227233497,1,56.60624903119677,55.8820814,43.9857183,ok,
ff,27,res_bcs,1000,4700,500,base,20261010-091123-a31c626,61.29498219541547,35.407073518983836,21032.07315248877,1,61.29498219541547,55.8821012,42.8361704,ok,
ff,27,res_bcs,13000,330,0,"refine: target failure (phase_margin_deg along load_ua @ {'cout_nf': 330, 'esr_mohm': 0}) | non-monotonic (phase_margin_deg along load_ua @ {'cout_nf': 330, 'esr_mohm': 0}) | target failure (gain_margin_db along load_ua @ {'cout_nf': 330, 'esr_mohm': 0}) | non-monotonic (psrr_db_1khz along load_ua @ {'cout_nf': 330, 'esr_mohm': 0}) | non-monotonic (psrr_db_100khz along load_ua @ {'cout_nf': 330, 'esr_mohm': 0}) | interior worst (psrr_db_100khz along load_ua @ {'cout_nf': 330, 'esr_mohm': 0})",20261010-101245-6df50fd,37.35799923787354,6.717843209865757,822086.3309204772,1,37.35799923787354,55.9096184,29.3983184,ok,
ff,27,res_bcs,13000,330,250,"refine: non-monotonic (phase_margin_deg along load_ua @ {'cout_nf': 330, 'esr_mohm': 250}) | non-monotonic (psrr_db_1khz along load_ua @ {'cout_nf': 330, 'esr_mohm': 250}) | non-monotonic (psrr_db_100khz along load_ua @ {'cout_nf': 330, 'esr_mohm': 250}) | interior worst (psrr_db_100khz along load_ua @ {'cout_nf': 330, 'esr_mohm': 250})",20261010-101245-6df50fd,59.21533018375354,13.103589292682189,872950.949151539,1,59.21533018375354,55.9096184,29.4446636,ok,
ff,27,res_bcs,13000,330,500,"refine: non-monotonic (phase_margin_deg along load_ua @ {'cout_nf': 330, 'esr_mohm': 500}) | non-monotonic (psrr_db_1khz along load_ua @ {'cout_nf': 330, 'esr_mohm': 500})",20261010-101245-6df50fd,72.3209709245892,14.25478033121941,1076601.0279960355,1,72.3209709245892,55.9096184,29.4910601,ok,
ff,27,res_bcs,13000,1000,0,"refine: non-monotonic (phase_margin_deg along load_ua @ {'cout_nf': 1000, 'esr_mohm': 0}) | non-monotonic (psrr_db_1khz along load_ua @ {'cout_nf': 1000, 'esr_mohm': 0}) | non-monotonic (psrr_db_100khz along load_ua @ {'cout_nf': 1000, 'esr_mohm': 0}) | interior worst (psrr_db_100khz along load_ua @ {'cout_nf': 1000, 'esr_mohm': 0})",20261010-101245-6df50fd,66.820765105085,14.062412154062992,309130.9411970594,1,66.820765105085,55.9087566,29.192069,ok,
ff,27,res_bcs,13000,1000,250,"refine: non-monotonic (phase_margin_deg along load_ua @ {'cout_nf': 1000, 'esr_mohm': 250}) | non-monotonic (psrr_db_1khz along load_ua @ {'cout_nf': 1000, 'esr_mohm': 250})",20261010-101245-6df50fd,93.75356813028431,20.46555231139126,349259.9604528581,1,93.75356813028431,55.908757,29.6149213,ok,
ff,27,res_bcs,13000,1000,500,"refine: non-monotonic (phase_margin_deg along load_ua @ {'cout_nf': 1000, 'esr_mohm': 500}) | non-monotonic (psrr_db_1khz along load_ua @ {'cout_nf': 1000, 'esr_mohm': 500})",20261010-101245-6df50fd,113.10722336125686,17.671267218980187,630483.5032993689,1,113.10722336125686,55.9087573,29.9678322,ok,
ff,27,res_bcs,13000,2200,0,"refine: non-monotonic (phase_margin_deg along load_ua @ {'cout_nf': 2200, 'esr_mohm': 0}) | non-monotonic (psrr_db_1khz along load_ua @ {'cout_nf': 2200, 'esr_mohm': 0})",20261010-101245-6df50fd,72.7374602112253,18.927534136490898,144536.52810270694,1,72.7374602112253,55.9072131,29.799298,ok,
ff,27,res_bcs,13000,2200,250,"refine: non-monotonic (psrr_db_1khz along load_ua @ {'cout_nf': 2200, 'esr_mohm': 250})",20261010-101245-6df50fd,102.40318072918447,22.94627541892419,165842.3599822034,1,102.40318072918447,55.9072146,31.1981584,ok,
ff,27,res_bcs,13000,2200,500,"refine: non-monotonic (phase_margin_deg along load_ua @ {'cout_nf': 2200, 'esr_mohm': 500}) | non-monotonic (psrr_db_1khz along load_ua @ {'cout_nf': 2200, 'esr_mohm': 500})",20261010-101245-6df50fd,132.5886835427183,18.566758540627433,425731.2363148306,1,132.5886835427183,55.9072162,31.7576982,ok,
ff,27,res_bcs,13000,4700,0,"refine: target failure (phase_margin_deg along load_ua @ {'cout_nf': 4700, 'esr_mohm': 0}) | non-monotonic (psrr_db_1khz along load_ua @ {'cout_nf': 4700, 'esr_mohm': 0})",20261010-101245-6df50fd,68.98403317107282,23.506768525972525,70287.28651000207,1,68.98403317107282,55.9039964,33.0666262,ok,
ff,27,res_bcs,13000,4700,250,"refine: non-monotonic (psrr_db_1khz along load_ua @ {'cout_nf': 4700, 'esr_mohm': 250})",20261010-101245-6df50fd,101.36585288598378,24.154738962022194,81018.14041113138,1,101.36585288598378,55.9040035,34.5455262,ok,
ff,27,res_bcs,13000,4700,500,"refine: non-monotonic (phase_margin_deg along load_ua @ {'cout_nf': 4700, 'esr_mohm': 500}) | non-monotonic (psrr_db_1khz along load_ua @ {'cout_nf': 4700, 'esr_mohm': 500})",20261010-101245-6df50fd,145.14599339040302,18.978893028043252,292097.0044846346,1,145.14599339040302,55.9040112,33.8836174,ok,
ff,27,res_bcs,25000,330,0,base,20261010-091123-a31c626,23.335447146431477,4.234313733810328,1053561.2324862191,1,23.335447146431477,55.9002675,29.4483079,ok,
ff,27,res_bcs,25000,330,125,"refine: target failure (phase_margin_deg along esr_mohm @ {'load_ua': 25000, 'cout_nf': 330}) | target failure (gain_margin_db along esr_mohm @ {'load_ua': 25000, 'cout_nf': 330})",20261010-101245-6df50fd,38.18791620937529,8.33531093596917,1069699.4122121683,1,38.18791620937529,55.9002676,29.4644597,ok,
ff,27,res_bcs,25000,330,250,base,20261010-091123-a31c626,49.77524664301677,11.370429396130096,1143087.0537198689,1,49.77524664301677,55.9002676,29.4807278,ok,
ff,27,res_bcs,25000,330,500,base,20261010-091123-a31c626,60.5043782821857,12.34087280603536,1471436.678542505,1,60.5043782821857,55.9002676,29.5133443,ok,
ff,27,res_bcs,25000,665,0,"refine: target failure (phase_margin_deg along cout_nf @ {'load_ua': 25000, 'esr_mohm': 0}) | target failure (gain_margin_db along cout_nf @ {'load_ua': 25000, 'esr_mohm': 0}) | non-monotonic (psrr_db_100khz along cout_nf @ {'load_ua': 25000, 'esr_mohm': 0}) | interior worst (psrr_db_100khz along cout_nf @ {'load_ua': 25000, 'esr_mohm': 0})",20261010-101245-6df50fd,49.157802919826224,9.126920069687992,612047.7161574698,1,49.157802919826224,55.8999626,29.3105724,ok,
ff,27,res_bcs,25000,1000,0,base,20261010-091123-a31c626,60.06592896454234,11.859467689741807,426294.31310779636,1,60.06592896454234,55.8996576,29.2198118,ok,
ff,27,res_bcs,25000,1000,125,"refine: non-monotonic (phase_margin_deg along esr_mohm @ {'load_ua': 25000, 'cout_nf': 1000}) | non-monotonic (gain_margin_db along esr_mohm @ {'load_ua': 25000, 'cout_nf': 1000})",20261010-101245-6df50fd,78.44392338852465,18.144664861606675,448255.4256380007,1,78.44392338852465,55.8996577,29.3742371,ok,
ff,27,res_bcs,25000,1000,250,base,20261010-091123-a31c626,94.31915455106304,18.304309070342416,539695.7192583391,1,94.31915455106304,55.8996578,29.5228408,ok,
ff,27,res_bcs,25000,1000,375,"refine: non-monotonic (phase_margin_deg along esr_mohm @ {'load_ua': 25000, 'cout_nf': 1000}) | non-monotonic (gain_margin_db along esr_mohm @ {'load_ua': 25000, 'cout_nf': 1000})",20261010-101245-6df50fd,101.61541241414757,16.810140067823774,798600.360877684,1,101.61541241414757,55.8996579,29.6610928,ok,
ff,27,res_bcs,25000,1000,500,base,20261010-091123-a31c626,93.45399885116505,15.46729422944064,1199609.019853321,1,93.45399885116505,55.899658,29.785796,ok,
ff,27,res_bcs,25000,1600,0,"refine: non-monotonic (psrr_db_100khz along cout_nf @ {'load_ua': 25000, 'esr_mohm': 0}) | interior worst (psrr_db_100khz along cout_nf @ {'load_ua': 25000, 'esr_mohm': 0})",20261010-101245-6df50fd,68.220782468899,14.830752863729419,274268.8804906187,1,68.220782468899,55.8991113,29.1833205,ok,
ff,27,res_bcs,25000,2200,0,base,20261010-091123-a31c626,71.28046043497905,16.830469692308558,201888.78496572748,1,71.28046043497905,55.898565,29.3103701,ok,
ff,27,res_bcs,25000,2200,125,"refine: non-monotonic (phase_margin_deg along esr_mohm @ {'load_ua': 25000, 'cout_nf': 2200}) | non-monotonic (gain_margin_db along esr_mohm @ {'load_ua': 25000, 'cout_nf': 2200})",20261010-101245-6df50fd,91.27746714129397,23.150700159781806,214739.8387121368,1,91.27746714129397,55.8985655,29.9812118,ok,
ff,27,res_bcs,25000,2200,250,base,20261010-091123-a31c626,112.00605603747843,20.436184988334126,274673.49585694063,1,112.00605603747843,55.8985661,30.4875846,ok,
ff,27,res_bcs,25000,2200,375,"refine: non-monotonic (phase_margin_deg along esr_mohm @ {'load_ua': 25000, 'cout_nf': 2200}) | non-monotonic (gain_margin_db along esr_mohm @ {'load_ua': 25000, 'cout_nf': 2200})",20261010-101245-6df50fd,123.39333444450543,17.98527904974262,598113.006602146,1,123.39333444450543,55.8985666,30.8252979,ok,
ff,27,res_bcs,25000,2200,500,base,20261010-091123-a31c626,104.10775189345082,16.20840236175252,1151573.4016627113,1,104.10775189345082,55.8985672,31.0244454,ok,
ff,27,res_bcs,25000,4700,0,base,20261010-091123-a31c626,71.63959279454797,21.388021072558114,97145.04887224307,1,71.63959279454797,55.8962884,31.1249777,ok,
ff,27,res_bcs,25000,4700,125,"refine: non-monotonic (phase_margin_deg along esr_mohm @ {'load_ua': 25000, 'cout_nf': 4700}) | non-monotonic (gain_margin_db along esr_mohm @ {'load_ua': 25000, 'cout_nf': 4700}) | non-monotonic (psrr_db_100khz along esr_mohm @ {'load_ua': 25000, 'cout_nf': 4700})",20261010-101245-6df50fd,92.98433422178348,26.3081170286902,103680.20051632315,1,92.98433422178348,55.8962908,32.6295596,ok,
ff,27,res_bcs,25000,4700,250,base,20261010-091123-a31c626,117.76721608729704,21.40146265386394,135572.13846896973,1,117.76721608729704,55.8962933,33.0491931,ok,
ff,27,res_bcs,25000,4700,375,"refine: non-monotonic (phase_margin_deg along esr_mohm @ {'load_ua': 25000, 'cout_nf': 4700}) | non-monotonic (gain_margin_db along esr_mohm @ {'load_ua': 25000, 'cout_nf': 4700}) | non-monotonic (psrr_db_100khz along esr_mohm @ {'load_ua': 25000, 'cout_nf': 4700})",20261010-101245-6df50fd,136.95076991917193,18.532346552590287,494135.97448880004,1,136.95076991917193,55.896296,32.9625494,ok,
ff,27,res_bcs,25000,4700,500,base,20261010-091123-a31c626,108.62317916712911,16.543497810762137,1141580.4070954486,1,108.62317916712911,55.8962988,32.7134609,ok,
ff,27,res_bcs,37500,330,0,"refine: target failure (phase_margin_deg along load_ua @ {'cout_nf': 330, 'esr_mohm': 0}) | target failure (phase_margin_deg along load_ua @ {'cout_nf': 330, 'esr_mohm': 0}) | target failure (gain_margin_db along load_ua @ {'cout_nf': 330, 'esr_mohm': 0}) | target failure (gain_margin_db along load_ua @ {'cout_nf': 330, 'esr_mohm': 0})",20261010-101245-6df50fd,14.905121600377356,2.7497969994395612,1200177.3451660154,1,14.905121600377356,55.8859978,29.4633805,ok,
ff,27,res_bcs,37500,330,250,"refine: target failure (phase_margin_deg along load_ua @ {'cout_nf': 330, 'esr_mohm': 250}) | target failure (gain_margin_db along load_ua @ {'cout_nf': 330, 'esr_mohm': 250}) | non-monotonic (psrr_db_100khz along load_ua @ {'cout_nf': 330, 'esr_mohm': 250}) | interior worst (psrr_db_100khz along load_ua @ {'cout_nf': 330, 'esr_mohm': 250})",20261010-101245-6df50fd,43.968402498107054,10.355327587371933,1317584.7274697253,1,43.968402498107054,55.8859979,29.4897203,ok,
ff,27,res_bcs,37500,1000,0,"refine: target failure (gain_margin_db along load_ua @ {'cout_nf': 1000, 'esr_mohm': 0}) | non-monotonic (psrr_db_100khz along load_ua @ {'cout_nf': 1000, 'esr_mohm': 0}) | interior worst (psrr_db_100khz along load_ua @ {'cout_nf': 1000, 'esr_mohm': 0})",20261010-101245-6df50fd,54.887852579213785,10.505503699325027,510661.41674264544,1,54.887852579213785,55.8854994,29.2476714,ok,
ff,27,res_bcs,37500,1000,250,"refine: non-monotonic (phase_margin_deg along load_ua @ {'cout_nf': 1000, 'esr_mohm': 250})",20261010-101245-6df50fd,92.04788856088521,16.976566158252382,709783.7617839407,1,92.04788856088521,55.8854995,29.4952919,ok,
ff,27,res_bcs,37500,1000,500,"refine: non-monotonic (phase_margin_deg along load_ua @ {'cout_nf': 1000, 'esr_mohm': 500})",20261010-101245-6df50fd,81.18737114721164,14.08346850816681,1510485.4209449578,1,81.18737114721164,55.8854997,29.7140653,ok,
ff,27,res_bcs,37500,2200,0,"refine: non-monotonic (phase_margin_deg along load_ua @ {'cout_nf': 2200, 'esr_mohm': 0}) | non-monotonic (psrr_db_1khz along load_ua @ {'cout_nf': 2200, 'esr_mohm': 0})",20261010-101245-6df50fd,69.40780528205686,15.568299213211272,245145.56775666142,1,69.40780528205686,55.8846065,29.1897101,ok,
ff,27,res_bcs,37500,2200,250,"refine: non-monotonic (psrr_db_1khz along load_ua @ {'cout_nf': 2200, 'esr_mohm': 250})",20261010-101245-6df50fd,116.13832658888906,19.028246113128272,410803.01392484957,1,116.13832658888906,55.8846073,30.2101674,ok,
ff,27,res_bcs,37500,2200,500,"refine: non-monotonic (phase_margin_deg along load_ua @ {'cout_nf': 2200, 'esr_mohm': 500}) | non-monotonic (psrr_db_1khz along load_ua @ {'cout_nf': 2200, 'esr_mohm': 500})",20261010-101245-6df50fd,89.38577897633667,14.857018225574402,1480289.6149208723,1,89.38577897633667,55.8846082,30.7058682,ok,
ff,27,res_bcs,37500,4700,0,"refine: non-monotonic (psrr_db_1khz along load_ua @ {'cout_nf': 4700, 'esr_mohm': 0})",20261010-101245-6df50fd,72.34774773294204,20.19515275527359,117803.93431463889,1,72.34774773294204,55.882746,30.321239,ok,
ff,27,res_bcs,37500,4700,250,"refine: non-monotonic (psrr_db_1khz along load_ua @ {'cout_nf': 4700, 'esr_mohm': 250})",20261010-101245-6df50fd,129.08856773761386,20.048603559360277,219299.00900207253,1,129.08856773761386,55.88275,32.3462596,ok,
ff,27,res_bcs,37500,4700,500,"refine: non-monotonic (phase_margin_deg along load_ua @ {'cout_nf': 4700, 'esr_mohm': 500}) | non-monotonic (psrr_db_1khz along load_ua @ {'cout_nf': 4700, 'esr_mohm': 500})",20261010-101245-6df50fd,92.8635664198511,15.209258032656303,1474025.1290827773,1,92.8635664198511,55.8827544,32.1555402,ok,
ff,27,res_bcs,50000,330,0,base,20261010-091123-a31c626,9.261153374866723,1.7344899526173365,1302654.0098803185,1,9.261153374866723,55.8672452,29.4625899,ok,
ff,27,res_bcs,50000,330,125,"refine: target failure (phase_margin_deg along esr_mohm @ {'load_ua': 50000, 'cout_nf': 330}) | target failure (phase_margin_deg along esr_mohm @ {'load_ua': 50000, 'cout_nf': 330}) | target failure (gain_margin_db along esr_mohm @ {'load_ua': 50000, 'cout_nf': 330}) | target failure (gain_margin_db along esr_mohm @ {'load_ua': 50000, 'cout_nf': 330})",20261010-101245-6df50fd,27.29012856744609,6.368311661678946,1326837.7006768438,1,27.29012856744609,55.8672452,29.4739922,ok,
ff,27,res_bcs,50000,330,250,base,20261010-091123-a31c626,40.07944492042225,9.653279048778234,1441830.3169236663,1,40.07944492042225,55.8672452,29.4854968,ok,
ff,27,res_bcs,50000,330,375,"refine: target failure (phase_margin_deg along esr_mohm @ {'load_ua': 50000, 'cout_nf': 330}) | target failure (gain_margin_db along esr_mohm @ {'load_ua': 50000, 'cout_nf': 330})",20261010-101245-6df50fd,46.94629208575452,10.646492744987768,1640539.9345677802,1,46.94629208575452,55.8672452,29.497056,ok,
ff,27,res_bcs,50000,330,500,base,20261010-091123-a31c626,48.56018612368925,10.498618692170277,1892776.4894999554,1,48.56018612368925,55.8672452,29.5086226,ok,
ff,27,res_bcs,50000,665,0,"refine: target failure (phase_margin_deg along cout_nf @ {'load_ua': 50000, 'esr_mohm': 0}) | target failure (gain_margin_db along cout_nf @ {'load_ua': 50000, 'esr_mohm': 0}) | target failure (gain_margin_db along cout_nf @ {'load_ua': 50000, 'esr_mohm': 0})",20261010-101245-6df50fd,37.15959033715623,6.799818757963221,802370.4688938945,1,37.15959033715623,55.8670276,29.3500093,ok,
ff,27,res_bcs,50000,665,250,"refine: target failure (phase_margin_deg along cout_nf @ {'load_ua': 50000, 'esr_mohm': 250}) | target failure (gain_margin_db along cout_nf @ {'load_ua': 50000, 'esr_mohm': 250}) | non-monotonic (psrr_db_100khz along cout_nf @ {'load_ua': 50000, 'esr_mohm': 250}) | interior worst (psrr_db_100khz along cout_nf @ {'load_ua': 50000, 'esr_mohm': 250})",20261010-101245-6df50fd,72.02125437320551,14.480122910256664,1038336.7285893977,1,72.02125437320551,55.8670277,29.4451283,ok,
ff,27,res_bcs,50000,1000,0,base,20261010-091123-a31c626,50.844364729514325,9.585971119050647,574291.7108981084,1,50.844364729514325,55.8668101,29.2601207,ok,
ff,27,res_bcs,50000,1000,125,"refine: non-monotonic (phase_margin_deg along esr_mohm @ {'load_ua': 50000, 'cout_nf': 1000}) | target failure (gain_margin_db along esr_mohm @ {'load_ua': 50000, 'cout_nf': 1000}) | non-monotonic (gain_margin_db along esr_mohm @ {'load_ua': 50000, 'cout_nf': 1000})",20261010-101245-6df50fd,74.33893038861456,16.478097400737244,624796.9829380868,1,74.33893038861456,55.8668102,29.3692537,ok,
ff,27,res_bcs,50000,1000,250,base,20261010-091123-a31c626,88.68882486974677,16.21664732765543,851865.5600843059,1,88.68882486974677,55.8668103,29.4758885,ok,
ff,27,res_bcs,50000,1000,375,"refine: non-monotonic (phase_margin_deg along esr_mohm @ {'load_ua': 50000, 'cout_nf': 1000}) | non-monotonic (gain_margin_db along esr_mohm @ {'load_ua': 50000, 'cout_nf': 1000})",20261010-101245-6df50fd,84.34885214941677,14.757689674166876,1295673.3110490863,1,84.34885214941677,55.8668103,29.5765241,ok,
ff,27,res_bcs,50000,1000,500,base,20261010-091123-a31c626,73.68348497382848,13.288896039230204,1711670.0125732303,1,73.68348497382848,55.8668104,29.6685155,ok,
ff,27,res_bcs,50000,1600,0,"refine: target failure (gain_margin_db along cout_nf @ {'load_ua': 50000, 'esr_mohm': 0}) | non-monotonic (psrr_db_100khz along cout_nf @ {'load_ua': 50000, 'esr_mohm': 0}) | interior worst (psrr_db_100khz along cout_nf @ {'load_ua': 50000, 'esr_mohm': 0})",20261010-101245-6df50fd,62.4572112817428,12.68267158867168,376671.818024988,1,62.4572112817428,55.8664205,29.1603275,ok,
ff,27,res_bcs,50000,1600,250,"refine: non-monotonic (psrr_db_100khz along cout_nf @ {'load_ua': 50000, 'esr_mohm': 250}) | interior worst (psrr_db_100khz along cout_nf @ {'load_ua': 50000, 'esr_mohm': 250})",20261010-101245-6df50fd,105.41763057179305,17.628130289396402,673940.8265060011,1,105.41763057179305,55.8664209,29.6910375,ok,
ff,27,res_bcs,50000,2200,0,base,20261010-091123-a31c626,67.6993581693265,14.696174464601416,279136.98339647806,1,67.6993581693265,55.8660308,29.1434166,ok,
ff,27,res_bcs,50000,2200,125,"refine: non-monotonic (phase_margin_deg along esr_mohm @ {'load_ua': 50000, 'cout_nf': 2200}) | non-monotonic (gain_margin_db along esr_mohm @ {'load_ua': 50000, 'cout_nf': 2200})",20261010-101245-6df50fd,94.6446105462114,20.9885086674817,315021.1948940888,1,94.6446105462114,55.8660312,29.6526196,ok,
ff,27,res_bcs,50000,2200,250,base,20261010-091123-a31c626,115.18205000051856,18.166829109714616,572769.8062196292,1,115.18205000051856,55.8660316,30.0591066,ok,
ff,27,res_bcs,50000,2200,375,"refine: non-monotonic (phase_margin_deg along esr_mohm @ {'load_ua': 50000, 'cout_nf': 2200}) | non-monotonic (gain_margin_db along esr_mohm @ {'load_ua': 50000, 'cout_nf': 2200})",20261010-101245-6df50fd,97.6369352809979,15.738145239992384,1225721.6902700374,1,97.6369352809979,55.866032,30.3437987,ok,
ff,27,res_bcs,50000,2200,500,base,20261010-091123-a31c626,80.84983235896131,14.058140843866841,1686867.7138478765,1,80.84983235896131,55.8660324,30.5210548,ok,
ff,27,res_bcs,50000,3450,0,"refine: non-monotonic (psrr_db_100khz along cout_nf @ {'load_ua': 50000, 'esr_mohm': 0}) | interior worst (psrr_db_100khz along cout_nf @ {'load_ua': 50000, 'esr_mohm': 0})",20261010-101245-6df50fd,71.72317696103896,17.473824655538873,181066.5010701331,1,71.72317696103896,55.865219,29.3730109,ok,
ff,27,res_bcs,50000,4700,0,base,20261010-091123-a31c626,72.4534680060428,19.385288439060197,134282.16600944844,1,72.4534680060428,55.8644071,29.9095422,ok,
ff,27,res_bcs,50000,4700,125,"refine: non-monotonic (phase_margin_deg along esr_mohm @ {'load_ua': 50000, 'cout_nf': 4700}) | non-monotonic (psrr_db_100khz along esr_mohm @ {'load_ua': 50000, 'cout_nf': 4700})",20261010-101245-6df50fd,101.99316637479502,23.51631639639775,153618.22005882938,1,101.99316637479502,55.8644088,31.4078186,ok,
ff,27,res_bcs,50000,4700,250,base,20261010-091123-a31c626,133.3333240407593,18.951678922685822,383140.6283157685,1,133.3333240407593,55.8644106,31.9333109,ok,
ff,27,res_bcs,50000,4700,375,"refine: non-monotonic (phase_margin_deg along esr_mohm @ {'load_ua': 50000, 'cout_nf': 4700}) | non-monotonic (psrr_db_100khz along esr_mohm @ {'load_ua': 50000, 'cout_nf': 4700})",20261010-101245-6df50fd,103.45404244266813,16.183723148238585,1208600.103350658,1,103.45404244266813,55.8644125,31.964404,ok,
ff,27,res_bcs,50000,4700,500,base,20261010-091123-a31c626,83.90666131037115,14.335313404416155,1681532.2912039936,1,83.90666131037115,55.8644145,31.8205558,ok,
ss,125,res_bcs,0,330,0,base,20261010-091123-a31c626,11.843938408289091,56.51988641405957,4528.410560809626,1,11.843938408289091,53.2023678,67.5351954,ok,
ss,125,res_bcs,0,330,125,"refine: target failure (phase_margin_deg along esr_mohm @ {'load_ua': 0, 'cout_nf': 330}) | target failure (phase_margin_deg along esr_mohm @ {'load_ua': 0, 'cout_nf': 330})",20261010-101245-6df50fd,11.911236870946027,57.780120141608194,4528.411070664682,1,11.911236870946027,53.2023954,67.5339631,ok,
ss,125,res_bcs,0,330,250,base,20261010-091123-a31c626,11.97854062681256,59.29404797835152,4528.414759433565,1,11.97854062681256,53.202423,67.5269094,ok,
ss,125,res_bcs,0,330,375,"refine: target failure (phase_margin_deg along esr_mohm @ {'load_ua': 0, 'cout_nf': 330}) | target failure (phase_margin_deg along esr_mohm @ {'load_ua': 0, 'cout_nf': 330})",20261010-101245-6df50fd,12.045849825473454,61.05895654031825,4528.421628024318,1,12.045849825473454,53.2024506,67.5140694,ok,
ss,125,res_bcs,0,330,500,base,20261010-091123-a31c626,12.113163614092684,62.81476202296195,4528.431675887281,1,12.113163614092684,53.2024783,67.495501,ok,
ss,125,res_bcs,0,665,0,"refine: target failure (phase_margin_deg along cout_nf @ {'load_ua': 0, 'esr_mohm': 0}) | target failure (phase_margin_deg along cout_nf @ {'load_ua': 0, 'esr_mohm': 0}) | non-monotonic (phase_margin_deg along cout_nf @ {'load_ua': 0, 'esr_mohm': 0}) | interior worst (phase_margin_deg along cout_nf @ {'load_ua': 0, 'esr_mohm': 0})",20261010-101245-6df50fd,10.048664322241393,60.05339510619198,3177.1734502659187,1,10.048664322241393,52.7376711,73.6322811,ok,
ss,125,res_bcs,0,665,250,"refine: target failure (phase_margin_deg along cout_nf @ {'load_ua': 0, 'esr_mohm': 250}) | target failure (phase_margin_deg along cout_nf @ {'load_ua': 0, 'esr_mohm': 250}) | non-monotonic (phase_margin_deg along cout_nf @ {'load_ua': 0, 'esr_mohm': 250}) | interior worst (phase_margin_deg along cout_nf @ {'load_ua': 0, 'esr_mohm': 250})",20261010-101245-6df50fd,10.238885213619625,64.72151804814673,3177.1807891815524,1,10.238885213619625,52.7379208,73.5885093,ok,
ss,125,res_bcs,0,665,500,"refine: target failure (phase_margin_deg along cout_nf @ {'load_ua': 0, 'esr_mohm': 500}) | target failure (phase_margin_deg along cout_nf @ {'load_ua': 0, 'esr_mohm': 500}) | non-monotonic (phase_margin_deg along cout_nf @ {'load_ua': 0, 'esr_mohm': 500}) | interior worst (phase_margin_deg along cout_nf @ {'load_ua': 0, 'esr_mohm': 500})",20261010-101245-6df50fd,10.429125967487636,70.51444597437697,3177.2058109731242,1,10.429125967487636,52.7381725,73.4534671,ok,
ss,125,res_bcs,0,1000,0,base,20261010-091123-a31c626,9.592078510869726,61.727355776322625,2586.721969285402,1,9.592078510869726,52.2484559,77.1794796,ok,
ss,125,res_bcs,0,1000,125,"refine: target failure (phase_margin_deg along esr_mohm @ {'load_ua': 0, 'cout_nf': 1000}) | target failure (phase_margin_deg along esr_mohm @ {'load_ua': 0, 'cout_nf': 1000})",20261010-101245-6df50fd,9.7086355008785,63.87306625961926,2586.724060241883,1,9.7086355008785,52.2487714,77.1544508,ok,
ss,125,res_bcs,0,1000,250,base,20261010-091123-a31c626,9.825195872745411,66.53673818356695,2586.731557492744,1,9.825195872745411,52.2490889,77.0769789,ok,
ss,125,res_bcs,0,1000,375,"refine: target failure (phase_margin_deg along esr_mohm @ {'load_ua': 0, 'cout_nf': 1000}) | target failure (phase_margin_deg along esr_mohm @ {'load_ua': 0, 'cout_nf': 1000})",20261010-101245-6df50fd,9.941758887903148,69.67002047001512,2586.744461447153,1,9.941758887903148,52.2494084,76.9498636,ok,
ss,125,res_bcs,0,1000,500,base,20261010-091123-a31c626,10.058325042122647,71.67267900350521,2586.7627717669257,1,10.058325042122647,52.2497298,76.7774159,ok,
ss,125,res_bcs,0,1600,0,"refine: target failure (phase_margin_deg along cout_nf @ {'load_ua': 0, 'esr_mohm': 0}) | target failure (phase_margin_deg along cout_nf @ {'load_ua': 0, 'esr_mohm': 0}) | non-monotonic (phase_margin_deg along cout_nf @ {'load_ua': 0, 'esr_mohm': 0}) | interior worst (phase_margin_deg along cout_nf @ {'load_ua': 0, 'esr_mohm': 0})",20261010-101245-6df50fd,9.546171240659476,63.20187050132283,2041.5668867805214,1,9.546171240659476,51.3029164,81.2645901,ok,
ss,125,res_bcs,0,1600,250,"refine: target failure (phase_margin_deg along cout_nf @ {'load_ua': 0, 'esr_mohm': 250}) | target failure (phase_margin_deg along cout_nf @ {'load_ua': 0, 'esr_mohm': 250}) | non-monotonic (phase_margin_deg along cout_nf @ {'load_ua': 0, 'esr_mohm': 250}) | interior worst (phase_margin_deg along cout_nf @ {'load_ua': 0, 'esr_mohm': 250})",20261010-101245-6df50fd,9.840481196477583,69.40164981339758,2041.5795148277339,1,9.840481196477583,51.3049374,81.0019359,ok,
ss,125,res_bcs,0,1600,500,"refine: target failure (phase_margin_deg along cout_nf @ {'load_ua': 0, 'esr_mohm': 500}) | target failure (phase_margin_deg along cout_nf @ {'load_ua': 0, 'esr_mohm': 500}) | non-monotonic (phase_margin_deg along cout_nf @ {'load_ua': 0, 'esr_mohm': 500}) | interior worst (phase_margin_deg along cout_nf @ {'load_ua': 0, 'esr_mohm': 500})",20261010-101245-6df50fd,10.13477942639554,,2041.619328759056,1,10.13477942639554,51.3069964,80.2929593,failed,loopgain: no -180 degree crossing (gain margin unmeasured)
ss,125,res_bcs,0,2200,0,base,20261010-091123-a31c626,9.814652866914713,63.725674143974175,1738.9815412611313,1,9.814652866914713,50.2534782,84.0318784,ok,
ss,125,res_bcs,0,2200,125,"refine: target failure (phase_margin_deg along esr_mohm @ {'load_ua': 0, 'cout_nf': 2200}) | target failure (phase_margin_deg along esr_mohm @ {'load_ua': 0, 'cout_nf': 2200})",20261010-101245-6df50fd,9.986986241342464,67.46795592409794,1738.9851035609308,1,9.986986241342464,50.2559026,83.9057922,ok,
ss,125,res_bcs,0,2200,250,base,20261010-091123-a31c626,10.159306870542366,72.65720985338545,1738.9966119249236,1,10.159306870542366,50.2583561,83.5452927,ok,
ss,125,res_bcs,0,2200,375,"refine: target failure (phase_margin_deg along esr_mohm @ {'load_ua': 0, 'cout_nf': 2200}) | target failure (phase_margin_deg along esr_mohm @ {'load_ua': 0, 'cout_nf': 2200})",20261010-101245-6df50fd,10.331612810283616,,1739.0160664207908,1,10.331612810283616,50.2608386,83.0033189,failed,loopgain: no -180 degree crossing (gain margin unmeasured)
ss,125,res_bcs,0,2200,500,base,20261010-091123-a31c626,10.503902338807364,,1739.0434675337285,1,10.503902338807364,50.2633502,82.3427543,failed,loopgain: no -180 degree crossing (gain margin unmeasured)
ss,125,res_bcs,0,3450,0,"refine: target failure (phase_margin_deg along cout_nf @ {'load_ua': 0, 'esr_mohm': 0}) | target failure (phase_margin_deg along cout_nf @ {'load_ua': 0, 'esr_mohm': 0}) | target failure (psrr_db_1khz along cout_nf @ {'load_ua': 0, 'esr_mohm': 0})",20261010-101245-6df50fd,10.61801569797774,64.58376974477405,1385.8482007012685,1,10.61801569797774,47.6365718,87.9410006,ok,
ss,125,res_bcs,0,3450,250,"refine: target failure (phase_margin_deg along cout_nf @ {'load_ua': 0, 'esr_mohm': 250}) | target failure (phase_margin_deg along cout_nf @ {'load_ua': 0, 'esr_mohm': 250}) | target failure (psrr_db_1khz along cout_nf @ {'load_ua': 0, 'esr_mohm': 250})",20261010-101245-6df50fd,11.048648145583996,74.25145125320927,1385.8673721643543,1,11.048648145583996,47.6585469,86.8260764,ok,
ss,125,res_bcs,0,3450,500,"refine: target failure (phase_margin_deg along cout_nf @ {'load_ua': 0, 'esr_mohm': 500}) | target failure (phase_margin_deg along cout_nf @ {'load_ua': 0, 'esr_mohm': 500}) | target failure (psrr_db_1khz along cout_nf @ {'load_ua': 0, 'esr_mohm': 500})",20261010-101245-6df50fd,11.479122384937511,,1385.9261991432513,1,11.479122384937511,47.6811606,84.5736518,failed,loopgain: no -180 degree crossing (gain margin unmeasured)
ss,125,res_bcs,0,4700,0,base,20261010-091123-a31c626,11.485268907942924,64.94360221785523,1185.1622911468266,1,11.485268907942924,44.2800684,90.6271352,ok,
ss,125,res_bcs,0,4700,125,"refine: target failure (phase_margin_deg along esr_mohm @ {'load_ua': 0, 'cout_nf': 4700}) | target failure (phase_margin_deg along esr_mohm @ {'load_ua': 0, 'cout_nf': 4700}) | target failure (psrr_db_1khz along esr_mohm @ {'load_ua': 0, 'cout_nf': 4700}) | target failure (psrr_db_1khz along esr_mohm @ {'load_ua': 0, 'cout_nf': 4700})",20261010-101245-6df50fd,11.736324958829329,69.79970975101105,1185.167794210851,1,11.736324958829329,44.3238147,90.0740257,ok,
ss,125,res_bcs,0,4700,250,base,20261010-091123-a31c626,11.987317267042869,77.32783392740778,1185.1848666864507,1,11.987317267042869,44.3680059,88.741065,ok,
ss,125,res_bcs,0,4700,375,"refine: target failure (phase_margin_deg along esr_mohm @ {'load_ua': 0, 'cout_nf': 4700}) | target failure (phase_margin_deg along esr_mohm @ {'load_ua': 0, 'cout_nf': 4700}) | target failure (psrr_db_1khz along esr_mohm @ {'load_ua': 0, 'cout_nf': 4700}) | target failure (psrr_db_1khz along esr_mohm @ {'load_ua': 0, 'cout_nf': 4700})",20261010-101245-6df50fd,12.238243295127404,,1185.2135086077838,1,12.238243295127404,44.4126202,87.156209,failed,loopgain: no -180 degree crossing (gain margin unmeasured)
ss,125,res_bcs,0,4700,500,base,20261010-091123-a31c626,12.489100447975034,,1185.2537211233557,1,12.489100447975034,44.4576366,85.6093,failed,loopgain: no -180 degree crossing (gain margin unmeasured)
ss,125,res_bcs,500,330,0,"refine: target failure (phase_margin_deg along load_ua @ {'cout_nf': 330, 'esr_mohm': 0}) | non-monotonic (phase_margin_deg along load_ua @ {'cout_nf': 330, 'esr_mohm': 0}) | non-monotonic (psrr_db_1khz along load_ua @ {'cout_nf': 330, 'esr_mohm': 0})",20261010-101245-6df50fd,64.35905353023612,26.19182809273069,63641.79195729342,1,64.35905353023612,53.6530673,29.6170246,ok,
ss,125,res_bcs,500,330,250,"refine: target failure (phase_margin_deg along load_ua @ {'cout_nf': 330, 'esr_mohm': 250}) | non-monotonic (phase_margin_deg along load_ua @ {'cout_nf': 330, 'esr_mohm': 250}) | non-monotonic (psrr_db_1khz along load_ua @ {'cout_nf': 330, 'esr_mohm': 250})",20261010-101245-6df50fd,66.2593476690965,29.643501976739525,63670.86970605685,1,66.2593476690965,53.6530676,29.8698523,ok,
ss,125,res_bcs,500,330,500,"refine: target failure (phase_margin_deg along load_ua @ {'cout_nf': 330, 'esr_mohm': 500}) | non-monotonic (psrr_db_1khz along load_ua @ {'cout_nf': 330, 'esr_mohm': 500})",20261010-101245-6df50fd,68.17701436301182,32.157913330596905,63761.21041224039,1,68.17701436301182,53.653068,30.0923388,ok,
ss,125,res_bcs,500,1000,0,"refine: target failure (phase_margin_deg along load_ua @ {'cout_nf': 1000, 'esr_mohm': 0}) | non-monotonic (psrr_db_1khz along load_ua @ {'cout_nf': 1000, 'esr_mohm': 0})",20261010-101245-6df50fd,44.46625300749784,33.332468791714724,27182.050314686207,1,44.46625300749784,53.6418582,38.9862512,ok,
ss,125,res_bcs,500,1000,250,"refine: target failure (phase_margin_deg along load_ua @ {'cout_nf': 1000, 'esr_mohm': 250}) | non-monotonic (psrr_db_1khz along load_ua @ {'cout_nf': 1000, 'esr_mohm': 250})",20261010-101245-6df50fd,46.93287721294675,43.34469418544639,27198.249210751128,1,46.93287721294675,53.6418617,39.1607082,ok,
ss,125,res_bcs,500,1000,500,"refine: target failure (phase_margin_deg along load_ua @ {'cout_nf': 1000, 'esr_mohm': 500}) | non-monotonic (psrr_db_1khz along load_ua @ {'cout_nf': 1000, 'esr_mohm': 500})",20261010-101245-6df50fd,49.432435963758536,44.096379213062676,27247.765702239376,1,49.432435963758536,53.6418653,39.1295032,ok,
ss,125,res_bcs,500,2200,0,"refine: target failure (phase_margin_deg along load_ua @ {'cout_nf': 2200, 'esr_mohm': 0}) | target failure (phase_margin_deg along load_ua @ {'cout_nf': 2200, 'esr_mohm': 0}) | non-monotonic (psrr_db_1khz along load_ua @ {'cout_nf': 2200, 'esr_mohm': 0})",20261010-101245-6df50fd,31.541392025040068,38.66665858709423,16654.00621932503,1,31.541392025040068,53.6217467,46.0294596,ok,
ss,125,res_bcs,500,2200,250,"refine: target failure (phase_margin_deg along load_ua @ {'cout_nf': 2200, 'esr_mohm': 250}) | target failure (phase_margin_deg along load_ua @ {'cout_nf': 2200, 'esr_mohm': 250}) | non-monotonic (psrr_db_1khz along load_ua @ {'cout_nf': 2200, 'esr_mohm': 250})",20261010-101245-6df50fd,34.86791834215475,,16669.981784314074,1,34.86791834215475,53.6217639,45.8079138,failed,loopgain: no -180 degree crossing (gain margin unmeasured)
ss,125,res_bcs,500,2200,500,"refine: target failure (phase_margin_deg along load_ua @ {'cout_nf': 2200, 'esr_mohm': 500}) | non-monotonic (psrr_db_1khz along load_ua @ {'cout_nf': 2200, 'esr_mohm': 500})",20261010-101245-6df50fd,38.23963506603786,,16718.48230888383,1,38.23963506603786,53.621782,44.8628646,failed,loopgain: no -180 degree crossing (gain margin unmeasured)
ss,125,res_bcs,500,4700,0,"refine: target failure (phase_margin_deg along load_ua @ {'cout_nf': 4700, 'esr_mohm': 0}) | target failure (phase_margin_deg along load_ua @ {'cout_nf': 4700, 'esr_mohm': 0}) | target failure (psrr_db_1khz along load_ua @ {'cout_nf': 4700, 'esr_mohm': 0})",20261010-101245-6df50fd,22.2392890019386,43.99782811903116,10905.863246548586,1,22.2392890019386,53.5797001,52.7409116,ok,
ss,125,res_bcs,500,4700,250,"refine: target failure (phase_margin_deg along load_ua @ {'cout_nf': 4700, 'esr_mohm': 250}) | target failure (phase_margin_deg along load_ua @ {'cout_nf': 4700, 'esr_mohm': 250}) | target failure (psrr_db_1khz along load_ua @ {'cout_nf': 4700, 'esr_mohm': 250})",20261010-101245-6df50fd,26.88847673299776,,10924.811276434628,1,26.88847673299776,53.5797818,51.1129037,failed,loopgain: no -180 degree crossing (gain margin unmeasured)
ss,125,res_bcs,500,4700,500,"refine: target failure (phase_margin_deg along load_ua @ {'cout_nf': 4700, 'esr_mohm': 500}) | target failure (phase_margin_deg along load_ua @ {'cout_nf': 4700, 'esr_mohm': 500}) | target failure (psrr_db_1khz along load_ua @ {'cout_nf': 4700, 'esr_mohm': 500})",20261010-101245-6df50fd,31.589117682019406,,10982.104975230966,1,31.589117682019406,53.5798721,48.2322377,failed,loopgain: no -180 degree crossing (gain margin unmeasured)
ss,125,res_bcs,1000,330,0,base,20261010-091123-a31c626,70.18457947141084,22.909512003619383,101008.72360941138,1,70.18457947141084,53.6571901,26.609464,ok,
ss,125,res_bcs,1000,330,250,base,20261010-091123-a31c626,73.20140344703397,26.59477351555947,101134.54586643187,1,73.20140344703397,53.6571903,26.915981,ok,
ss,125,res_bcs,1000,330,500,base,20261010-091123-a31c626,76.24726242515592,28.638201482696903,101525.32020444465,1,76.24726242515592,53.6571906,27.193196,ok,
ss,125,res_bcs,1000,1000,0,base,20261010-091123-a31c626,53.871033849219955,29.872107132069345,39111.28065564315,1,53.871033849219955,53.6504671,34.4466385,ok,
ss,125,res_bcs,1000,1000,125,"refine: non-monotonic (gain_margin_db along esr_mohm @ {'load_ua': 1000, 'cout_nf': 1000})",20261010-101245-6df50fd,55.64181898094981,34.5151429062961,39124.58533787595,1,55.64181898094981,53.6504681,34.6592242,ok,
ss,125,res_bcs,1000,1000,250,base,20261010-091123-a31c626,57.43057286525533,37.693502485655856,39165.68759654913,1,57.43057286525533,53.6504691,34.8129512,ok,
ss,125,res_bcs,1000,1000,375,"refine: non-monotonic (gain_margin_db along esr_mohm @ {'load_ua': 1000, 'cout_nf': 1000})",20261010-101245-6df50fd,59.23759100542401,38.9674230735229,39234.76105469287,1,59.23759100542401,53.6504702,34.9109545,ok,
ss,125,res_bcs,1000,1000,500,base,20261010-091123-a31c626,61.06318127893418,37.136383405244416,39332.096119654794,1,61.06318127893418,53.6504712,34.9578544,ok,
ss,125,res_bcs,1000,1600,0,"refine: target failure (phase_margin_deg along cout_nf @ {'load_ua': 1000, 'esr_mohm': 0})",20261010-101245-6df50fd,45.10567610080659,32.83608276784692,27929.99869143566,1,45.10567610080659,53.6444421,38.6138423,ok,
ss,125,res_bcs,1000,1600,250,"refine: target failure (phase_margin_deg along cout_nf @ {'load_ua': 1000, 'esr_mohm': 250})",20261010-101245-6df50fd,49.1740911285643,44.10978915322341,27975.285958668876,1,49.1740911285643,53.6444474,38.8113432,ok,
ss,125,res_bcs,1000,2200,0,base,20261010-091123-a31c626,39.47221297428155,34.93542783037568,22681.49297260263,1,39.47221297428155,53.638413,41.467273,ok,
ss,125,res_bcs,1000,2200,125,"refine: target failure (phase_margin_deg along esr_mohm @ {'load_ua': 1000, 'cout_nf': 2200}) | target failure (phase_margin_deg along esr_mohm @ {'load_ua': 1000, 'cout_nf': 2200}) | non-monotonic (gain_margin_db along esr_mohm @ {'load_ua': 1000, 'cout_nf': 2200})",20261010-101245-6df50fd,41.732708090160344,45.702908780092734,22692.43745930051,1,41.732708090160344,53.638418,41.5697435,ok,
ss,125,res_bcs,1000,2200,250,base,20261010-091123-a31c626,44.019930125427095,47.79961369207055,22725.88068163621,1,44.019930125427095,53.6384231,41.4320779,ok,
ss,125,res_bcs,1000,2200,375,"refine: target failure (phase_margin_deg along esr_mohm @ {'load_ua': 1000, 'cout_nf': 2200}) | non-monotonic (gain_margin_db along esr_mohm @ {'load_ua': 1000, 'cout_nf': 2200})",20261010-101245-6df50fd,46.333965747378585,50.16073455906006,22782.039710963585,1,46.333965747378585,53.6384284,41.1074817,ok,
ss,125,res_bcs,1000,2200,500,base,20261010-091123-a31c626,48.67486741873404,41.57308490280149,22861.271765059348,1,48.67486741873404,53.6384337,40.6590877,ok,
ss,125,res_bcs,1000,3450,0,"refine: target failure (phase_margin_deg along cout_nf @ {'load_ua': 1000, 'esr_mohm': 0}) | target failure (phase_margin_deg along cout_nf @ {'load_ua': 1000, 'esr_mohm': 0})",20261010-101245-6df50fd,32.35128005826172,37.94139133558838,17255.201646803802,1,32.35128005826172,53.6258392,45.4864846,ok,
ss,125,res_bcs,1000,3450,250,"refine: target failure (phase_margin_deg along cout_nf @ {'load_ua': 1000, 'esr_mohm': 250}) | target failure (phase_margin_deg along cout_nf @ {'load_ua': 1000, 'esr_mohm': 250})",20261010-101245-6df50fd,37.776641750447794,,17299.085870306997,1,37.776641750447794,53.6258645,44.8120157,failed,loopgain: no -180 degree crossing (gain margin unmeasured)
ss,125,res_bcs,1000,3450,500,"refine: target failure (phase_margin_deg along cout_nf @ {'load_ua': 1000, 'esr_mohm': 500})",20261010-101245-6df50fd,43.313280533788515,42.99986750647954,17432.334201113925,1,43.313280533788515,53.6258917,42.979719,ok,
ss,125,res_bcs,1000,4700,0,base,20261010-091123-a31c626,28.08958381038238,40.06667623577365,14445.253286775882,1,28.08958381038238,53.6132475,48.2326557,ok,
ss,125,res_bcs,1000,4700,125,"refine: target failure (phase_margin_deg along esr_mohm @ {'load_ua': 1000, 'cout_nf': 4700}) | target failure (phase_margin_deg along esr_mohm @ {'load_ua': 1000, 'cout_nf': 4700})",20261010-101245-6df50fd,31.166644266466903,,14456.827390650347,1,31.166644266466903,53.6132707,47.8993936,failed,loopgain: no -180 degree crossing (gain margin unmeasured)
ss,125,res_bcs,1000,4700,250,base,20261010-091123-a31c626,34.27939721794402,,14491.945870556392,1,34.27939721794402,53.6132951,46.7811917,failed,loopgain: no -180 degree crossing (gain margin unmeasured)
ss,125,res_bcs,1000,4700,375,"refine: target failure (phase_margin_deg along esr_mohm @ {'load_ua': 1000, 'cout_nf': 4700}) | target failure (phase_margin_deg along esr_mohm @ {'load_ua': 1000, 'cout_nf': 4700})",20261010-101245-6df50fd,37.425594064462246,,14550.89177921741,1,37.425594064462246,53.6133209,45.4062133,failed,loopgain: no -180 degree crossing (gain margin unmeasured)
ss,125,res_bcs,1000,4700,500,base,20261010-091123-a31c626,40.60262855396476,43.493885556923225,14634.116635363129,1,40.60262855396476,53.6133479,44.0644977,ok,
ss,125,res_bcs,13000,330,0,"refine: non-monotonic (phase_margin_deg along load_ua @ {'cout_nf': 330, 'esr_mohm': 0}) | non-monotonic (psrr_db_1khz along load_ua @ {'cout_nf': 330, 'esr_mohm': 0}) | non-monotonic (psrr_db_100khz along load_ua @ {'cout_nf': 330, 'esr_mohm': 0}) | interior worst (psrr_db_100khz along load_ua @ {'cout_nf': 330, 'esr_mohm': 0})",20261010-101245-6df50fd,59.895825057018385,12.640019828665292,456144.44818657666,1,59.895825057018385,53.6544039,24.9885343,ok,
ss,125,res_bcs,13000,330,250,"refine: non-monotonic (phase_margin_deg along load_ua @ {'cout_nf': 330, 'esr_mohm': 250}) | non-monotonic (psrr_db_1khz along load_ua @ {'cout_nf': 330, 'esr_mohm': 250})",20261010-101245-6df50fd,73.01729826050328,18.469731691995342,467433.35886963847,1,73.01729826050328,53.654404,25.083505,ok,
ss,125,res_bcs,13000,330,500,"refine: non-monotonic (phase_margin_deg along load_ua @ {'cout_nf': 330, 'esr_mohm': 500}) | non-monotonic (psrr_db_1khz along load_ua @ {'cout_nf': 330, 'esr_mohm': 500})",20261010-101245-6df50fd,85.19474180671351,19.420105632055126,508358.8071937951,1,85.19474180671351,53.654404,25.1775056,ok,
ss,125,res_bcs,13000,1000,0,"refine: non-monotonic (phase_margin_deg along load_ua @ {'cout_nf': 1000, 'esr_mohm': 0}) | non-monotonic (psrr_db_1khz along load_ua @ {'cout_nf': 1000, 'esr_mohm': 0})",20261010-101245-6df50fd,71.20629647452922,19.803231463714773,158702.70635416545,1,71.20629647452922,53.6530268,25.1946502,ok,
ss,125,res_bcs,13000,1000,250,"refine: non-monotonic (psrr_db_1khz along load_ua @ {'cout_nf': 1000, 'esr_mohm': 250})",20261010-101245-6df50fd,85.63801853909617,25.656408628349016,163633.85507289038,1,85.63801853909617,53.6530272,25.9440477,ok,
ss,125,res_bcs,13000,1000,500,"refine: non-monotonic (psrr_db_1khz along load_ua @ {'cout_nf': 1000, 'esr_mohm': 500})",20261010-101245-6df50fd,100.83945886630997,22.947180865935177,181775.84916669203,1,100.83945886630997,53.6530276,26.5112038,ok,
ss,125,res_bcs,13000,2200,0,"refine: target failure (phase_margin_deg along load_ua @ {'cout_nf': 2200, 'esr_mohm': 0}) | non-monotonic (psrr_db_1khz along load_ua @ {'cout_nf': 2200, 'esr_mohm': 0})",20261010-101245-6df50fd,66.22960435505959,24.67782874413581,75850.5196014164,1,66.22960435505959,53.6505599,28.1612407,ok,
ss,125,res_bcs,13000,2200,250,"refine: target failure (phase_margin_deg along load_ua @ {'cout_nf': 2200, 'esr_mohm': 250}) | non-monotonic (psrr_db_1khz along load_ua @ {'cout_nf': 2200, 'esr_mohm': 250})",20261010-101245-6df50fd,81.82126881765068,28.578766459737476,78280.76218682248,1,81.82126881765068,53.6505618,29.5240632,ok,
ss,125,res_bcs,13000,2200,500,"refine: non-monotonic (psrr_db_1khz along load_ua @ {'cout_nf': 2200, 'esr_mohm': 500})",20261010-101245-6df50fd,99.11386942576483,24.0653447596828,87331.938502403,1,99.11386942576483,53.6505638,29.874449,ok,
ss,125,res_bcs,13000,4700,0,"refine: target failure (phase_margin_deg along load_ua @ {'cout_nf': 4700, 'esr_mohm': 0}) | non-monotonic (psrr_db_1khz along load_ua @ {'cout_nf': 4700, 'esr_mohm': 0})",20261010-101245-6df50fd,54.22633081816345,29.2610201673962,40243.7078778762,1,54.22633081816345,53.6454181,34.0702158,ok,
ss,125,res_bcs,13000,4700,250,"refine: target failure (phase_margin_deg along load_ua @ {'cout_nf': 4700, 'esr_mohm': 250}) | non-monotonic (psrr_db_1khz along load_ua @ {'cout_nf': 4700, 'esr_mohm': 250})",20261010-101245-6df50fd,72.18179217325657,30.202774935830426,41685.335402332625,1,72.18179217325657,53.6454271,34.2836967,ok,
ss,125,res_bcs,13000,4700,500,"refine: target failure (phase_margin_deg along load_ua @ {'cout_nf': 4700, 'esr_mohm': 500}) | non-monotonic (psrr_db_1khz along load_ua @ {'cout_nf': 4700, 'esr_mohm': 500})",20261010-101245-6df50fd,92.52239106523409,24.461824277772457,46971.05931997608,1,92.52239106523409,53.6454372,32.8403128,ok,
ss,125,res_bcs,25000,330,0,base,20261010-091123-a31c626,50.95814817368685,10.300558162648603,613122.1540620887,1,50.95814817368685,53.6354895,25.0675061,ok,
ss,125,res_bcs,25000,330,250,base,20261010-091123-a31c626,68.0527959156102,16.764924931743323,638787.9666648518,1,68.0527959156102,53.6354895,25.1341842,ok,
ss,125,res_bcs,25000,330,500,base,20261010-091123-a31c626,81.94571351578898,17.595173840471716,738246.1461672892,1,81.94571351578898,53.6354895,25.2008226,ok,
ss,125,res_bcs,25000,665,0,"refine: non-monotonic (phase_margin_deg along cout_nf @ {'load_ua': 25000, 'esr_mohm': 0}) | non-monotonic (psrr_db_100khz along cout_nf @ {'load_ua': 25000, 'esr_mohm': 0}) | interior worst (psrr_db_100khz along cout_nf @ {'load_ua': 25000, 'esr_mohm': 0})",20261010-101245-6df50fd,65.93367386753889,15.044565795819166,323714.1314327261,1,65.93367386753889,53.6349972,24.8704928,ok,
ss,125,res_bcs,25000,1000,0,base,20261010-091123-a31c626,69.97913872299671,17.71654924564932,219116.78051526909,1,69.97913872299671,53.6345048,24.8826531,ok,
ss,125,res_bcs,25000,1000,125,"refine: non-monotonic (gain_margin_db along esr_mohm @ {'load_ua': 25000, 'cout_nf': 1000})",20261010-101245-6df50fd,79.83320316226731,23.625809752185997,222221.06562217107,1,79.83320316226731,53.634505,25.1909217,ok,
ss,125,res_bcs,25000,1000,250,base,20261010-091123-a31c626,89.71457929487362,23.506477089041496,232630.72124349046,1,89.71457929487362,53.6345051,25.4749378,ok,
ss,125,res_bcs,25000,1000,375,"refine: non-monotonic (gain_margin_db along esr_mohm @ {'load_ua': 25000, 'cout_nf': 1000})",20261010-101245-6df50fd,99.82595864736015,22.10676633451348,253535.13114798372,1,99.82595864736015,53.6345052,25.7290309,ok,
ss,125,res_bcs,25000,1000,500,base,20261010-091123-a31c626,110.1755409835053,20.59015163568185,294625.2167284315,1,110.1755409835053,53.6345054,25.9503356,ok,
ss,125,res_bcs,25000,1600,0,"refine: non-monotonic (phase_margin_deg along cout_nf @ {'load_ua': 25000, 'esr_mohm': 0}) | non-monotonic (psrr_db_100khz along cout_nf @ {'load_ua': 25000, 'esr_mohm': 0}) | interior worst (psrr_db_100khz along cout_nf @ {'load_ua': 25000, 'esr_mohm': 0})",20261010-101245-6df50fd,70.87977474418304,20.633071938900372,139462.13412673218,1,70.87977474418304,53.633623,25.4044663,ok,
ss,125,res_bcs,25000,1600,250,"refine: non-monotonic (phase_margin_deg along cout_nf @ {'load_ua': 25000, 'esr_mohm': 250})",20261010-101245-6df50fd,91.48404577419254,25.095611155010793,148427.13796404088,1,91.48404577419254,53.6336237,26.587021,ok,
ss,125,res_bcs,25000,1600,500,"refine: non-monotonic (phase_margin_deg along cout_nf @ {'load_ua': 25000, 'esr_mohm': 500})",20261010-101245-6df50fd,114.57314896336909,21.199258511606825,190832.76029341778,1,114.57314896336909,53.6336244,27.2573194,ok,
ss,125,res_bcs,25000,2200,0,base,20261010-091123-a31c626,69.38080348769401,22.581355106541828,103174.2828347098,1,69.38080348769401,53.6327411,26.3833408,ok,
ss,125,res_bcs,25000,2200,125,"refine: non-monotonic (gain_margin_db along esr_mohm @ {'load_ua': 25000, 'cout_nf': 2200})",20261010-101245-6df50fd,79.77529466200889,28.693611462698513,104734.3948510061,1,79.77529466200889,53.6327417,27.3096647,ok,
ss,125,res_bcs,25000,2200,250,base,20261010-091123-a31c626,90.67149169522199,25.89291561574915,109886.49745254459,1,90.67149169522199,53.6327424,27.927708,ok,
ss,125,res_bcs,25000,2200,375,"refine: non-monotonic (gain_margin_db along esr_mohm @ {'load_ua': 25000, 'cout_nf': 2200})",20261010-101245-6df50fd,102.41007012368533,23.500537966360987,120514.99196698837,1,102.41007012368533,53.6327431,28.290622,ok,
ss,125,res_bcs,25000,2200,500,base,20261010-091123-a31c626,115.455809710295,21.485018377328228,141942.3377849361,1,115.455809710295,53.6327438,28.4663213,ok,
ss,125,res_bcs,25000,3450,250,"refine: non-monotonic (phase_margin_deg along cout_nf @ {'load_ua': 25000, 'esr_mohm': 250})",20261010-101245-6df50fd,87.27986701940506,26.724083040142688,73072.00976856747,1,87.27986701940506,53.6309068,30.3806667,ok,
ss,125,res_bcs,25000,3450,500,"refine: non-monotonic (phase_margin_deg along cout_nf @ {'load_ua': 25000, 'esr_mohm': 500})",20261010-101245-6df50fd,114.61870990846148,21.76719177474449,95125.61180102578,1,114.61870990846148,53.6309105,30.1606238,ok,
ss,125,res_bcs,25000,4700,0,base,20261010-091123-a31c626,60.042099740726385,27.218947009267463,52591.31808973036,1,60.042099740726385,53.6290654,31.2124394,ok,
ss,125,res_bcs,25000,4700,125,"refine: non-monotonic (psrr_db_100khz along esr_mohm @ {'load_ua': 25000, 'cout_nf': 4700})",20261010-101245-6df50fd,71.53461390665784,31.9474314901243,53429.377277692845,1,71.53461390665784,53.6290685,32.1571836,ok,
ss,125,res_bcs,25000,4700,250,base,20261010-091123-a31c626,83.87300443525535,27.138546560462174,56160.23607185737,1,83.87300443525535,53.6290718,32.1034947,ok,
ss,125,res_bcs,25000,4700,375,"refine: non-monotonic (psrr_db_100khz along esr_mohm @ {'load_ua': 25000, 'cout_nf': 4700})",20261010-101245-6df50fd,97.51479998618234,24.01903256519826,61877.73251736051,1,97.51479998618234,53.6290752,31.6345047,ok,
ss,125,res_bcs,25000,4700,500,base,20261010-091123-a31c626,113.17127179892891,21.90150244558233,73631.79027508569,1,113.17127179892891,53.6290789,31.076805,ok,
ss,125,res_bcs,37500,330,0,"refine: target failure (phase_margin_deg along load_ua @ {'cout_nf': 330, 'esr_mohm': 0}) | target failure (gain_margin_db along load_ua @ {'cout_nf': 330, 'esr_mohm': 0}) | non-monotonic (psrr_db_100khz along load_ua @ {'cout_nf': 330, 'esr_mohm': 0}) | interior worst (psrr_db_100khz along load_ua @ {'cout_nf': 330, 'esr_mohm': 0})",20261010-101245-6df50fd,44.8682639677252,8.95462185333425,717096.8978902417,1,44.8682639677252,53.6052167,25.0903526,ok,
ss,125,res_bcs,37500,330,500,"refine: non-monotonic (phase_margin_deg along load_ua @ {'cout_nf': 330, 'esr_mohm': 500})",20261010-101245-6df50fd,78.26868053503023,16.500490939859976,908775.049786036,1,78.26868053503023,53.6052168,25.1997796,ok,
ss,125,res_bcs,37500,1000,0,"refine: non-monotonic (phase_margin_deg along load_ua @ {'cout_nf': 1000, 'esr_mohm': 0})",20261010-101245-6df50fd,68.31622801382863,16.46981864780521,262654.47113264096,1,68.31622801382863,53.604402,24.8169579,ok,
ss,125,res_bcs,37500,4700,0,"refine: non-monotonic (psrr_db_1khz along load_ua @ {'cout_nf': 4700, 'esr_mohm': 0})",20261010-101245-6df50fd,62.974288405872045,26.015187111801588,61705.30392337913,1,62.974288405872045,53.599901,29.7059813,ok,
ss,125,res_bcs,37500,4700,250,"refine: non-monotonic (psrr_db_1khz along load_ua @ {'cout_nf': 4700, 'esr_mohm': 250})",20261010-101245-6df50fd,91.27707566267785,25.405389942898925,68070.61869442878,1,91.27707566267785,53.5999063,30.9921265,ok,
ss,125,res_bcs,37500,4700,500,"refine: non-monotonic (psrr_db_1khz along load_ua @ {'cout_nf': 4700, 'esr_mohm': 500})",20261010-101245-6df50fd,128.93046586984164,20.414277956488718,112426.59628263679,1,128.93046586984164,53.5999122,30.1968062,ok,
ss,125,res_bcs,50000,330,0,base,20261010-091123-a31c626,40.562675143672976,8.071393731961182,789518.7396880036,1,40.562675143672976,53.5630936,25.0814829,ok,
ss,125,res_bcs,50000,330,125,"refine: target failure (phase_margin_deg along esr_mohm @ {'load_ua': 50000, 'cout_nf': 330}) | target failure (gain_margin_db along esr_mohm @ {'load_ua': 50000, 'cout_nf': 330})",20261010-101245-6df50fd,51.8007014730278,12.36018843919311,799739.2535093109,1,51.8007014730278,53.5630936,25.1054002,ok,
ss,125,res_bcs,50000,330,250,base,20261010-091123-a31c626,61.563400124744604,15.234072203573197,838238.1397533593,1,61.563400124744604,53.5630936,25.1294897,ok,
ss,125,res_bcs,50000,330,500,base,20261010-091123-a31c626,75.07654865585,15.870646234396858,1032629.4979867813,1,75.07654865585,53.5630936,25.1777824,ok,
ss,125,res_bcs,50000,665,0,"refine: target failure (phase_margin_deg along cout_nf @ {'load_ua': 50000, 'esr_mohm': 0}) | target failure (gain_margin_db along cout_nf @ {'load_ua': 50000, 'esr_mohm': 0}) | non-monotonic (psrr_db_100khz along cout_nf @ {'load_ua': 50000, 'esr_mohm': 0}) | interior worst (psrr_db_100khz along cout_nf @ {'load_ua': 50000, 'esr_mohm': 0})",20261010-101245-6df50fd,60.115705137230236,12.968011394971555,432118.7194928578,1,60.115705137230236,53.5627332,24.8780921,ok,
ss,125,res_bcs,50000,1000,0,base,20261010-091123-a31c626,66.83142521946738,15.660345482640732,295065.7995894727,1,66.83142521946738,53.5623728,24.7812964,ok,
ss,125,res_bcs,50000,1000,125,"refine: non-monotonic (gain_margin_db along esr_mohm @ {'load_ua': 50000, 'cout_nf': 1000})",20261010-101245-6df50fd,79.93761881022141,22.01789615753638,302622.129586763,1,79.93761881022141,53.5623729,25.0116857,ok,
ss,125,res_bcs,50000,1000,250,base,20261010-091123-a31c626,92.7784167067278,21.607517640208727,329785.4430133344,1,92.7784167067278,53.562373,25.2296323,ok,
ss,125,res_bcs,50000,1000,375,"refine: non-monotonic (gain_margin_db along esr_mohm @ {'load_ua': 50000, 'cout_nf': 1000})",20261010-101245-6df50fd,105.23544289833787,20.023997507750092,394292.66178458964,1,105.23544289833787,53.5623731,25.4292961,ok,
ss,125,res_bcs,50000,1000,500,base,20261010-091123-a31c626,114.1588767501007,18.55541702157089,562170.2117713789,1,114.1588767501007,53.5623732,25.6069712,ok,
ss,125,res_bcs,50000,1600,0,"refine: non-monotonic (phase_margin_deg along cout_nf @ {'load_ua': 50000, 'esr_mohm': 0}) | non-monotonic (psrr_db_100khz along cout_nf @ {'load_ua': 50000, 'esr_mohm': 0}) | interior worst (psrr_db_100khz along cout_nf @ {'load_ua': 50000, 'esr_mohm': 0})",20261010-101245-6df50fd,70.4782394886388,18.662597458781292,188054.91830825378,1,70.4782394886388,53.5617273,24.8920933,ok,
ss,125,res_bcs,50000,1600,250,"refine: non-monotonic (phase_margin_deg along cout_nf @ {'load_ua': 50000, 'esr_mohm': 250})",20261010-101245-6df50fd,98.05910144722364,22.92517961459649,211987.99194009235,1,98.05910144722364,53.5617278,25.896023,ok,
ss,125,res_bcs,50000,2200,0,base,20261010-091123-a31c626,70.70346494081708,20.66675868364542,138545.74190096476,1,70.70346494081708,53.5610817,25.3375721,ok,
ss,125,res_bcs,50000,2200,125,"refine: non-monotonic (gain_margin_db along esr_mohm @ {'load_ua': 50000, 'cout_nf': 2200})",20261010-101245-6df50fd,84.62053890043317,26.599073877067784,142437.70231888688,1,84.62053890043317,53.5610822,26.2124306,ok,
ss,125,res_bcs,50000,2200,250,base,20261010-091123-a31c626,99.31533289522964,23.562899883479158,156589.63525491662,1,99.31533289522964,53.5610827,26.8329961,ok,
ss,125,res_bcs,50000,2200,375,"refine: non-monotonic (gain_margin_db along esr_mohm @ {'load_ua': 50000, 'cout_nf': 2200})",20261010-101245-6df50fd,115.5638533315527,21.18012058949404,193436.82472845248,1,115.5638533315527,53.5610832,27.2257133,ok,
ss,125,res_bcs,50000,2200,500,base,20261010-091123-a31c626,131.9765090311984,19.277187619128426,337689.54383738106,1,131.9765090311984,53.5610837,27.4436366,ok,
ss,125,res_bcs,50000,3450,0,"refine: non-monotonic (phase_margin_deg along cout_nf @ {'load_ua': 50000, 'esr_mohm': 0})",20261010-101245-6df50fd,68.15790120923876,23.397775342941248,90746.06041651375,1,68.15790120923876,53.5597366,26.9308558,ok,
ss,125,res_bcs,50000,3450,250,"refine: non-monotonic (phase_margin_deg along cout_nf @ {'load_ua': 50000, 'esr_mohm': 250})",20261010-101245-6df50fd,98.4421325305335,24.209176237990416,102883.83173986751,1,98.4421325305335,53.5597391,28.7957811,ok,
ss,125,res_bcs,50000,4700,0,base,20261010-091123-a31c626,64.66322203809334,25.271758837370857,68660.94032963656,1,64.66322203809334,53.5583913,28.7832142,ok,
ss,125,res_bcs,50000,4700,125,"refine: non-monotonic (psrr_db_100khz along esr_mohm @ {'load_ua': 50000, 'cout_nf': 4700})",20261010-101245-6df50fd,79.73813642989066,29.201329250844935,70650.24459112456,1,79.73813642989066,53.5583936,30.0925822,ok,
ss,125,res_bcs,50000,4700,250,base,20261010-091123-a31c626,96.4081700095233,24.5238705719908,77983.35813271478,1,96.4081700095233,53.558396,30.3109536,ok,
ss,125,res_bcs,50000,4700,375,"refine: non-monotonic (psrr_db_100khz along esr_mohm @ {'load_ua': 50000, 'cout_nf': 4700})",20261010-101245-6df50fd,116.03489709326203,21.723194949689873,97440.16480102793,1,116.03489709326203,53.5583985,30.0509025,ok,
ss,125,res_bcs,50000,4700,500,base,20261010-091123-a31c626,141.29692818854062,19.605197336582837,194438.26510606887,1,141.29692818854062,53.5584012,29.6580157,ok,
ss,125,res_wcs,0,330,0,base,20261010-091123-a31c626,16.43441880184983,54.66830539131482,3483.8505186648927,1,16.43441880184983,52.8805204,72.1325403,ok,
ss,125,res_wcs,0,330,125,"refine: target failure (phase_margin_deg along esr_mohm @ {'load_ua': 0, 'cout_nf': 330}) | target failure (phase_margin_deg along esr_mohm @ {'load_ua': 0, 'cout_nf': 330})",20261010-101245-6df50fd,16.48620383549735,55.51930319782516,3483.850684132246,1,16.48620383549735,52.8805923,72.1312825,ok,
ss,125,res_wcs,0,330,250,base,20261010-091123-a31c626,16.537991817927804,56.44820218221567,3483.852310425933,1,16.537991817927804,52.8806644,72.1242034,ok,
ss,125,res_wcs,0,330,375,"refine: target failure (phase_margin_deg along esr_mohm @ {'load_ua': 0, 'cout_nf': 330}) | target failure (phase_margin_deg along esr_mohm @ {'load_ua': 0, 'cout_nf': 330})",20261010-101245-6df50fd,16.589782968949066,57.46575604211171,3483.855396750077,1,16.589782968949066,52.8807366,72.111338,ok,
ss,125,res_wcs,0,330,500,base,20261010-091123-a31c626,16.64157619366128,58.58176842939041,3483.859943756749,1,16.64157619366128,52.8808089,72.0927442,ok,
ss,125,res_wcs,0,665,0,"refine: target failure (phase_margin_deg along cout_nf @ {'load_ua': 0, 'esr_mohm': 0}) | target failure (phase_margin_deg along cout_nf @ {'load_ua': 0, 'esr_mohm': 0}) | non-monotonic (phase_margin_deg along cout_nf @ {'load_ua': 0, 'esr_mohm': 0}) | interior worst (phase_margin_deg along cout_nf @ {'load_ua': 0, 'esr_mohm': 0})",20261010-101245-6df50fd,14.671138176859102,58.568539349423595,2436.256335245004,1,14.671138176859102,52.0645499,78.2263718,ok,
ss,125,res_wcs,0,665,250,"refine: target failure (phase_margin_deg along cout_nf @ {'load_ua': 0, 'esr_mohm': 250}) | target failure (phase_margin_deg along cout_nf @ {'load_ua': 0, 'esr_mohm': 250}) | non-monotonic (phase_margin_deg along cout_nf @ {'load_ua': 0, 'esr_mohm': 250}) | interior worst (phase_margin_deg along cout_nf @ {'load_ua': 0, 'esr_mohm': 250})",20261010-101245-6df50fd,14.817148653946902,61.51684890744326,2436.2595838605316,1,14.817148653946902,52.0652568,78.1825517,ok,
ss,125,res_wcs,0,665,500,"refine: target failure (phase_margin_deg along cout_nf @ {'load_ua': 0, 'esr_mohm': 500}) | target failure (phase_margin_deg along cout_nf @ {'load_ua': 0, 'esr_mohm': 500}) | non-monotonic (phase_margin_deg along cout_nf @ {'load_ua': 0, 'esr_mohm': 500}) | interior worst (phase_margin_deg along cout_nf @ {'load_ua': 0, 'esr_mohm': 500})",20261010-101245-6df50fd,14.963165076405403,65.2327053615901,2436.270896743093,1,14.963165076405403,52.0659678,78.0474614,ok,
ss,125,res_wcs,0,1000,0,base,20261010-091123-a31c626,14.458762418416882,60.26197121608668,1979.9833769333775,1,14.458762418416882,51.1787868,81.7724972,ok,
ss,125,res_wcs,0,1000,125,"refine: target failure (phase_margin_deg along esr_mohm @ {'load_ua': 0, 'cout_nf': 1000}) | target failure (phase_margin_deg along esr_mohm @ {'load_ua': 0, 'cout_nf': 1000})",20261010-101245-6df50fd,14.547904784164984,62.05787458421295,1979.9842792304155,1,14.547904784164984,51.1797661,81.7474447,ok,
ss,125,res_wcs,0,1000,250,base,20261010-091123-a31c626,14.63704504642547,64.26393551956109,1979.9876189928855,1,14.63704504642547,51.1807492,81.6699491,ok,
ss,125,res_wcs,0,1000,375,"refine: target failure (phase_margin_deg along esr_mohm @ {'load_ua': 0, 'cout_nf': 1000}) | target failure (phase_margin_deg along esr_mohm @ {'load_ua': 0, 'cout_nf': 1000})",20261010-101245-6df50fd,14.72618345167038,67.05883429288384,1979.9933963096307,1,14.72618345167038,51.1817362,81.5428101,ok,
ss,125,res_wcs,0,1000,500,base,20261010-091123-a31c626,14.815320313212311,70.39424954355952,1980.0016111414068,1,14.815320313212311,51.1827269,81.3703388,ok,
ss,125,res_wcs,0,1600,0,"refine: target failure (phase_margin_deg along cout_nf @ {'load_ua': 0, 'esr_mohm': 0}) | target failure (phase_margin_deg along cout_nf @ {'load_ua': 0, 'esr_mohm': 0}) | non-monotonic (phase_margin_deg along cout_nf @ {'load_ua': 0, 'esr_mohm': 0}) | interior worst (phase_margin_deg along cout_nf @ {'load_ua': 0, 'esr_mohm': 0}) | target failure (psrr_db_1khz along cout_nf @ {'load_ua': 0, 'esr_mohm': 0})",20261010-101245-6df50fd,14.974151120914911,62.00842597538848,1559.0165530889515,1,14.974151120914911,49.3926789,85.8568091,ok,
ss,125,res_wcs,0,1600,250,"refine: target failure (phase_margin_deg along cout_nf @ {'load_ua': 0, 'esr_mohm': 250}) | target failure (phase_margin_deg along cout_nf @ {'load_ua': 0, 'esr_mohm': 250}) | non-monotonic (phase_margin_deg along cout_nf @ {'load_ua': 0, 'esr_mohm': 250}) | interior worst (phase_margin_deg along cout_nf @ {'load_ua': 0, 'esr_mohm': 250}) | target failure (psrr_db_1khz along cout_nf @ {'load_ua': 0, 'esr_mohm': 250})",20261010-101245-6df50fd,15.198829393752277,67.34151302604553,1559.022172961398,1,15.198829393752277,49.4002675,85.5941082,ok,
ss,125,res_wcs,0,1600,500,"refine: target failure (phase_margin_deg along cout_nf @ {'load_ua': 0, 'esr_mohm': 500}) | target failure (phase_margin_deg along cout_nf @ {'load_ua': 0, 'esr_mohm': 500}) | non-monotonic (phase_margin_deg along cout_nf @ {'load_ua': 0, 'esr_mohm': 500}) | interior worst (phase_margin_deg along cout_nf @ {'load_ua': 0, 'esr_mohm': 500}) | target failure (psrr_db_1khz along cout_nf @ {'load_ua': 0, 'esr_mohm': 500})",20261010-101245-6df50fd,15.423471289067976,,1559.0400307564048,1,15.423471289067976,49.4079328,84.8850848,failed,loopgain: no -180 degree crossing (gain margin unmeasured)
ss,125,res_wcs,0,2200,0,base,20261010-091123-a31c626,15.793553133773798,63.33497991622548,1325.2030814405023,1,15.793553133773798,47.3374397,88.6237345,ok,
ss,125,res_wcs,0,2200,125,"refine: target failure (phase_margin_deg along esr_mohm @ {'load_ua': 0, 'cout_nf': 2200}) | target failure (phase_margin_deg along esr_mohm @ {'load_ua': 0, 'cout_nf': 2200}) | target failure (psrr_db_1khz along esr_mohm @ {'load_ua': 0, 'cout_nf': 2200}) | target failure (psrr_db_1khz along esr_mohm @ {'load_ua': 0, 'cout_nf': 2200})",20261010-101245-6df50fd,15.92496729304554,65.94737226620398,1325.2046557875924,1,15.92496729304554,47.3489231,88.4976251,ok,
ss,125,res_wcs,0,2200,250,base,20261010-091123-a31c626,16.056365220791065,69.22269199748857,1325.2098056608397,1,16.056365220791065,47.3604599,88.1371024,ok,
ss,125,res_wcs,0,2200,375,"refine: target failure (phase_margin_deg along esr_mohm @ {'load_ua': 0, 'cout_nf': 2200}) | target failure (phase_margin_deg along esr_mohm @ {'load_ua': 0, 'cout_nf': 2200}) | target failure (psrr_db_1khz along esr_mohm @ {'load_ua': 0, 'cout_nf': 2200}) | target failure (psrr_db_1khz along esr_mohm @ {'load_ua': 0, 'cout_nf': 2200})",20261010-101245-6df50fd,16.18774588027722,72.22184028386945,1325.2185304900465,1,16.18774588027722,47.3720494,87.5951054,ok,
ss,125,res_wcs,0,2200,500,base,20261010-091123-a31c626,16.319108892915523,,1325.2308308068027,1,16.319108892915523,47.3836909,86.9345175,failed,loopgain: no -180 degree crossing (gain margin unmeasured)
ss,125,res_wcs,0,3450,0,"refine: target failure (phase_margin_deg along cout_nf @ {'load_ua': 0, 'esr_mohm': 0}) | target failure (phase_margin_deg along cout_nf @ {'load_ua': 0, 'esr_mohm': 0}) | target failure (psrr_db_1khz along cout_nf @ {'load_ua': 0, 'esr_mohm': 0}) | target failure (psrr_db_1khz along cout_nf @ {'load_ua': 0, 'esr_mohm': 0})",20261010-101245-6df50fd,17.610374568922992,64.26427019621218,1051.8761545707755,1,17.610374568922992,43.551727,92.5325061,ok,
ss,125,res_wcs,0,3450,250,"refine: target failure (phase_margin_deg along cout_nf @ {'load_ua': 0, 'esr_mohm': 250}) | target failure (phase_margin_deg along cout_nf @ {'load_ua': 0, 'esr_mohm': 250}) | target failure (psrr_db_1khz along cout_nf @ {'load_ua': 0, 'esr_mohm': 250}) | target failure (psrr_db_1khz along cout_nf @ {'load_ua': 0, 'esr_mohm': 250})",20261010-101245-6df50fd,17.937465990172257,71.59536631334275,1051.8846887451944,1,17.937465990172257,43.6855336,91.4175358,ok,
ss,125,res_wcs,0,3450,500,"refine: target failure (phase_margin_deg along cout_nf @ {'load_ua': 0, 'esr_mohm': 500}) | target failure (phase_margin_deg along cout_nf @ {'load_ua': 0, 'esr_mohm': 500}) | target failure (psrr_db_1khz along cout_nf @ {'load_ua': 0, 'esr_mohm': 500}) | target failure (psrr_db_1khz along cout_nf @ {'load_ua': 0, 'esr_mohm': 500})",20261010-101245-6df50fd,18.264392187359476,,1051.9109701117998,1,18.264392187359476,43.8175179,89.165065,failed,loopgain: no -180 degree crossing (gain margin unmeasured)
ss,125,res_wcs,0,4700,0,base,20261010-091123-a31c626,19.33104692543577,64.72530386479694,896.1805890654945,1,19.33104692543577,46.1117432,95.2184766,ok,
ss,125,res_wcs,0,4700,125,"refine: target failure (phase_margin_deg along esr_mohm @ {'load_ua': 0, 'cout_nf': 4700}) | target failure (phase_margin_deg along esr_mohm @ {'load_ua': 0, 'cout_nf': 4700}) | target failure (psrr_db_1khz along esr_mohm @ {'load_ua': 0, 'cout_nf': 4700}) | target failure (psrr_db_1khz along esr_mohm @ {'load_ua': 0, 'cout_nf': 4700})",20261010-101245-6df50fd,19.520633301532257,69.05658025386788,896.1829947611883,1,19.520633301532257,46.1808026,94.6653441,ok,
ss,125,res_wcs,0,4700,250,base,20261010-091123-a31c626,19.710153557931477,73.94630971388482,896.1904994041586,1,19.710153557931477,46.2493076,93.3323604,ok,
ss,125,res_wcs,0,4700,375,"refine: target failure (phase_margin_deg along esr_mohm @ {'load_ua': 0, 'cout_nf': 4700}) | target failure (phase_margin_deg along esr_mohm @ {'load_ua': 0, 'cout_nf': 4700}) | target failure (psrr_db_1khz along esr_mohm @ {'load_ua': 0, 'cout_nf': 4700}) | target failure (psrr_db_1khz along esr_mohm @ {'load_ua': 0, 'cout_nf': 4700})",20261010-101245-6df50fd,19.89960800858063,,896.2031031424578,1,19.89960800858063,46.3172614,91.7474814,failed,loopgain: no -180 degree crossing (gain margin unmeasured)
ss,125,res_wcs,0,4700,500,base,20261010-091123-a31c626,20.08899686720173,,896.2208063792111,1,20.08899686720173,46.3846677,90.2005493,failed,loopgain: no -180 degree crossing (gain margin unmeasured)
ss,125,res_wcs,500,330,0,"refine: target failure (phase_margin_deg along load_ua @ {'cout_nf': 330, 'esr_mohm': 0}) | non-monotonic (phase_margin_deg along load_ua @ {'cout_nf': 330, 'esr_mohm': 0}) | non-monotonic (psrr_db_1khz along load_ua @ {'cout_nf': 330, 'esr_mohm': 0})",20261010-101245-6df50fd,75.65268287443796,19.882942684561534,98673.47350827655,1,75.65268287443796,53.6451623,31.5325452,ok,
ss,125,res_wcs,500,330,250,"refine: target failure (phase_margin_deg along load_ua @ {'cout_nf': 330, 'esr_mohm': 250}) | non-monotonic (phase_margin_deg along load_ua @ {'cout_nf': 330, 'esr_mohm': 250}) | non-monotonic (psrr_db_1khz along load_ua @ {'cout_nf': 330, 'esr_mohm': 250})",20261010-101245-6df50fd,78.59926064818023,22.665509905631186,98793.43755189308,1,78.59926064818023,53.6451627,31.8089926,ok,
ss,125,res_wcs,500,330,500,"refine: target failure (phase_margin_deg along load_ua @ {'cout_nf': 330, 'esr_mohm': 500}) | non-monotonic (phase_margin_deg along load_ua @ {'cout_nf': 330, 'esr_mohm': 500}) | non-monotonic (psrr_db_1khz along load_ua @ {'cout_nf': 330, 'esr_mohm': 500})",20261010-101245-6df50fd,81.56292845665021,24.589538413186627,99168.13786583244,1,81.56292845665021,53.6451632,32.0578887,ok,
ss,125,res_wcs,500,1000,0,"refine: target failure (phase_margin_deg along load_ua @ {'cout_nf': 1000, 'esr_mohm': 0}) | non-monotonic (phase_margin_deg along load_ua @ {'cout_nf': 1000, 'esr_mohm': 0}) | non-monotonic (psrr_db_1khz along load_ua @ {'cout_nf': 1000, 'esr_mohm': 0})",20261010-101245-6df50fd,63.98391255336308,27.073231795626615,35344.684591518926,1,63.98391255336308,53.6339479,39.1878128,ok,
ss,125,res_wcs,500,1000,250,"refine: target failure (phase_margin_deg along load_ua @ {'cout_nf': 1000, 'esr_mohm': 250}) | non-monotonic (psrr_db_1khz along load_ua @ {'cout_nf': 1000, 'esr_mohm': 250})",20261010-101245-6df50fd,67.19491536679163,33.659335507153884,35389.71203466025,1,67.19491536679163,53.6339521,39.5276136,ok,
ss,125,res_wcs,500,1000,500,"refine: target failure (phase_margin_deg along load_ua @ {'cout_nf': 1000, 'esr_mohm': 500}) | non-monotonic (psrr_db_1khz along load_ua @ {'cout_nf': 1000, 'esr_mohm': 500})",20261010-101245-6df50fd,70.46241984062317,36.91583001660246,35529.07055679547,1,70.46241984062317,53.6339563,39.6487206,ok,
ss,125,res_wcs,500,2200,0,"refine: target failure (phase_margin_deg along load_ua @ {'cout_nf': 2200, 'esr_mohm': 0}) | target failure (psrr_db_1khz along load_ua @ {'cout_nf': 2200, 'esr_mohm': 0}) | non-monotonic (psrr_db_1khz along load_ua @ {'cout_nf': 2200, 'esr_mohm': 0})",20261010-101245-6df50fd,49.38558515415298,32.30539888806186,19103.30389664433,1,49.38558515415298,53.6138271,46.0542999,ok,
ss,125,res_wcs,500,2200,250,"refine: target failure (phase_margin_deg along load_ua @ {'cout_nf': 2200, 'esr_mohm': 250}) | target failure (psrr_db_1khz along load_ua @ {'cout_nf': 2200, 'esr_mohm': 250}) | non-monotonic (psrr_db_1khz along load_ua @ {'cout_nf': 2200, 'esr_mohm': 250})",20261010-101245-6df50fd,53.21676837772277,,19132.452720208006,1,53.21676837772277,53.6138475,46.0082633,failed,loopgain: no -180 degree crossing (gain margin unmeasured)
ss,125,res_wcs,500,2200,500,"refine: target failure (phase_margin_deg along load_ua @ {'cout_nf': 2200, 'esr_mohm': 500}) | target failure (psrr_db_1khz along load_ua @ {'cout_nf': 2200, 'esr_mohm': 500}) | non-monotonic (psrr_db_1khz along load_ua @ {'cout_nf': 2200, 'esr_mohm': 500})",20261010-101245-6df50fd,57.132756176517034,,19221.308803182757,1,57.132756176517034,53.6138689,45.2248863,failed,loopgain: no -180 degree crossing (gain margin unmeasured)
ss,125,res_wcs,500,4700,0,"refine: target failure (phase_margin_deg along load_ua @ {'cout_nf': 4700, 'esr_mohm': 0}) | target failure (phase_margin_deg along load_ua @ {'cout_nf': 4700, 'esr_mohm': 0}) | target failure (psrr_db_1khz along load_ua @ {'cout_nf': 4700, 'esr_mohm': 0})",20261010-101245-6df50fd,35.96973386502617,37.66132170300109,11644.239487457893,1,35.96973386502617,53.5717621,52.7476677,ok,
ss,125,res_wcs,500,4700,250,"refine: target failure (phase_margin_deg along load_ua @ {'cout_nf': 4700, 'esr_mohm': 250}) | target failure (psrr_db_1khz along load_ua @ {'cout_nf': 4700, 'esr_mohm': 250})",20261010-101245-6df50fd,40.96172363200904,,11670.41173841431,1,40.96172363200904,53.5718587,51.292545,failed,loopgain: no -180 degree crossing (gain margin unmeasured)
ss,125,res_wcs,500,4700,500,"refine: target failure (phase_margin_deg along load_ua @ {'cout_nf': 4700, 'esr_mohm': 500}) | target failure (psrr_db_1khz along load_ua @ {'cout_nf': 4700, 'esr_mohm': 500})",20261010-101245-6df50fd,46.067456257536406,,11750.008047437244,1,46.067456257536406,53.571964,48.5716535,failed,loopgain: no -180 degree crossing (gain margin unmeasured)
ss,125,res_wcs,1000,330,0,base,20261010-091123-a31c626,75.1936748688615,16.560512405055057,162938.7179820821,1,75.1936748688615,53.6496022,29.9658764,ok,
ss,125,res_wcs,1000,330,250,base,20261010-091123-a31c626,80.05136484011456,19.65745680105671,163484.33741787696,1,80.05136484011456,53.6496025,30.206819,ok,
ss,125,res_wcs,1000,330,500,base,20261010-091123-a31c626,84.91290338516896,21.533952289421507,165228.4737382936,1,84.91290338516896,53.6496028,30.4304073,ok,
ss,125,res_wcs,1000,1000,0,base,20261010-091123-a31c626,71.00617673633887,23.608483978212966,55882.12685781511,1,71.00617673633887,53.6428867,35.0731563,ok,
ss,125,res_wcs,1000,1000,125,"refine: non-monotonic (gain_margin_db along esr_mohm @ {'load_ua': 1000, 'cout_nf': 1000})",20261010-101245-6df50fd,73.53679860843182,27.04617124081625,55930.12488473006,1,73.53679860843182,53.6428879,35.3928583,ok,
ss,125,res_wcs,1000,1000,250,base,20261010-091123-a31c626,76.09313584721974,29.601482104197054,56078.40098720544,1,76.09313584721974,53.6428891,35.6478934,ok,
ss,125,res_wcs,1000,1000,375,"refine: non-monotonic (gain_margin_db along esr_mohm @ {'load_ua': 1000, 'cout_nf': 1000})",20261010-101245-6df50fd,78.67733484435503,30.144853512309666,56330.59111608544,1,78.67733484435503,53.6428904,35.8418154,ok,
ss,125,res_wcs,1000,1000,500,base,20261010-091123-a31c626,81.29353561292773,29.570992643985864,56694.335255099104,1,81.29353561292773,53.6428916,35.9796309,ok,
ss,125,res_wcs,1000,2200,0,base,20261010-091123-a31c626,59.01697266342909,28.672864697776276,28113.688944561643,1,59.01697266342909,53.6308462,41.5463559,ok,
ss,125,res_wcs,1000,2200,125,"refine: non-monotonic (gain_margin_db along esr_mohm @ {'load_ua': 1000, 'cout_nf': 2200}) | non-monotonic (psrr_db_100khz along esr_mohm @ {'load_ua': 1000, 'cout_nf': 2200})",20261010-101245-6df50fd,61.824233490533274,35.76792294780001,28139.331918118383,1,61.824233490533274,53.6308521,41.7949469,ok,
ss,125,res_wcs,1000,2200,250,base,20261010-091123-a31c626,64.67720947230734,39.81036287549173,28219.040065888646,1,64.67720947230734,53.6308582,41.7934936,ok,
ss,125,res_wcs,1000,2200,375,"refine: non-monotonic (gain_margin_db along esr_mohm @ {'load_ua': 1000, 'cout_nf': 2200}) | non-monotonic (psrr_db_100khz along esr_mohm @ {'load_ua': 1000, 'cout_nf': 2200})",20261010-101245-6df50fd,67.58052703389338,35.7384435808384,28356.47368834481,1,67.58052703389338,53.6308644,41.5961814,ok,
ss,125,res_wcs,1000,2200,500,base,20261010-091123-a31c626,70.53945055607909,33.47260718707176,28552.462069780697,1,70.53945055607909,53.6308707,41.2669974,ok,
ss,125,res_wcs,1000,3450,0,"refine: target failure (phase_margin_deg along cout_nf @ {'load_ua': 1000, 'esr_mohm': 0})",20261010-101245-6df50fd,50.495692160240566,31.618324145333105,19964.701369569008,1,50.495692160240566,53.6182866,45.4972007,ok,
ss,125,res_wcs,1000,4700,0,base,20261010-091123-a31c626,44.69379973012349,33.74303826421479,16117.671488724895,1,44.69379973012349,53.6057093,48.2280091,ok,
ss,125,res_wcs,1000,4700,125,"refine: target failure (phase_margin_deg along esr_mohm @ {'load_ua': 1000, 'cout_nf': 4700})",20261010-101245-6df50fd,48.13937058813022,,16136.81695172877,1,48.13937058813022,53.6057369,48.0423281,failed,loopgain: no -180 degree crossing (gain margin unmeasured)
ss,125,res_wcs,1000,4700,250,base,20261010-091123-a31c626,51.65230621048295,,16195.160661868162,1,51.65230621048295,53.6057658,47.0620211,failed,loopgain: no -180 degree crossing (gain margin unmeasured)
ss,125,res_wcs,1000,4700,500,base,20261010-091123-a31c626,58.88640588492386,35.551972547309425,16433.891182621417,1,58.88640588492386,53.6058274,44.5955889,ok,
ss,125,res_wcs,13000,330,0,"refine: target failure (phase_margin_deg along load_ua @ {'cout_nf': 330, 'esr_mohm': 0}) | non-monotonic (phase_margin_deg along load_ua @ {'cout_nf': 330, 'esr_mohm': 0}) | target failure (gain_margin_db along load_ua @ {'cout_nf': 330, 'esr_mohm': 0}) | non-monotonic (psrr_db_1khz along load_ua @ {'cout_nf': 330, 'esr_mohm': 0})",20261010-101245-6df50fd,38.06598956654511,5.783112070346183,726416.3494559135,1,38.06598956654511,53.6479465,29.4837714,ok,
ss,125,res_wcs,13000,330,250,"refine: non-monotonic (phase_margin_deg along load_ua @ {'cout_nf': 330, 'esr_mohm': 250}) | target failure (gain_margin_db along load_ua @ {'cout_nf': 330, 'esr_mohm': 250}) | non-monotonic (psrr_db_1khz along load_ua @ {'cout_nf': 330, 'esr_mohm': 250})",20261010-101245-6df50fd,57.49142171728842,10.985865999330409,761162.9848093013,1,57.49142171728842,53.6479465,29.5405129,ok,
ss,125,res_wcs,13000,330,500,"refine: non-monotonic (phase_margin_deg along load_ua @ {'cout_nf': 330, 'esr_mohm': 500}) | non-monotonic (psrr_db_1khz along load_ua @ {'cout_nf': 330, 'esr_mohm': 500})",20261010-101245-6df50fd,69.50638214921867,13.016501287168909,906008.7325765372,1,69.50638214921867,53.6479466,29.5968562,ok,
ss,125,res_wcs,13000,1000,0,"refine: non-monotonic (phase_margin_deg along load_ua @ {'cout_nf': 1000, 'esr_mohm': 0}) | non-monotonic (psrr_db_1khz along load_ua @ {'cout_nf': 1000, 'esr_mohm': 0})",20261010-101245-6df50fd,69.28389129003673,13.347952472238106,259562.89257047317,1,69.28389129003673,53.6465727,29.437341,ok,
ss,125,res_wcs,13000,1000,250,"refine: non-monotonic (phase_margin_deg along load_ua @ {'cout_nf': 1000, 'esr_mohm': 250}) | non-monotonic (psrr_db_1khz along load_ua @ {'cout_nf': 1000, 'esr_mohm': 250})",20261010-101245-6df50fd,92.16771057289306,19.413686358799776,282716.64976566733,1,92.16771057289306,53.6465731,29.9283548,ok,
ss,125,res_wcs,13000,1000,500,"refine: non-monotonic (phase_margin_deg along load_ua @ {'cout_nf': 1000, 'esr_mohm': 500}) | non-monotonic (psrr_db_1khz along load_ua @ {'cout_nf': 1000, 'esr_mohm': 500})",20261010-101245-6df50fd,113.07361592368545,17.63185609103191,417321.3989903608,1,113.07361592368545,53.6465736,30.3230129,ok,
ss,125,res_wcs,13000,2200,0,"refine: non-monotonic (phase_margin_deg along load_ua @ {'cout_nf': 2200, 'esr_mohm': 0}) | non-monotonic (psrr_db_1khz along load_ua @ {'cout_nf': 2200, 'esr_mohm': 0})",20261010-101245-6df50fd,74.5957640447085,18.390192900187106,120015.27760483357,1,74.5957640447085,53.6441116,30.6359514,ok,
ss,125,res_wcs,13000,2200,250,"refine: non-monotonic (psrr_db_1khz along load_ua @ {'cout_nf': 2200, 'esr_mohm': 250})",20261010-101245-6df50fd,99.04892035623722,23.008784271013322,131543.67313365437,1,99.04892035623722,53.6441139,32.0242791,ok,
ss,125,res_wcs,13000,2200,500,"refine: non-monotonic (phase_margin_deg along load_ua @ {'cout_nf': 2200, 'esr_mohm': 500}) | non-monotonic (psrr_db_1khz along load_ua @ {'cout_nf': 2200, 'esr_mohm': 500})",20261010-101245-6df50fd,127.34740107551113,18.815611536670207,207138.34470995018,1,127.34740107551113,53.6441163,32.5105129,ok,
ss,125,res_wcs,13000,4700,0,"refine: target failure (phase_margin_deg along load_ua @ {'cout_nf': 4700, 'esr_mohm': 0}) | non-monotonic (psrr_db_1khz along load_ua @ {'cout_nf': 4700, 'esr_mohm': 0})",20261010-101245-6df50fd,70.8887419257601,23.026428190864937,57952.054532226335,1,70.8887419257601,53.6389822,34.7129874,ok,
ss,125,res_wcs,13000,4700,250,"refine: non-monotonic (psrr_db_1khz along load_ua @ {'cout_nf': 4700, 'esr_mohm': 250})",20261010-101245-6df50fd,97.04466078701553,24.605451059554003,63610.299976169605,1,97.04466078701553,53.638993,35.7590828,ok,
ss,125,res_wcs,13000,4700,500,"refine: non-monotonic (phase_margin_deg along load_ua @ {'cout_nf': 4700, 'esr_mohm': 500}) | non-monotonic (psrr_db_1khz along load_ua @ {'cout_nf': 4700, 'esr_mohm': 500})",20261010-101245-6df50fd,131.0987760151621,19.34416813980405,102193.44602179798,1,131.0987760151621,53.6390048,34.8424974,ok,
ss,125,res_wcs,25000,330,0,base,20261010-091123-a31c626,21.698615909966236,3.3289361244436626,937422.8055688888,1,21.698615909966236,53.6291297,29.5159729,ok,
ss,125,res_wcs,25000,330,125,"refine: target failure (phase_margin_deg along esr_mohm @ {'load_ua': 25000, 'cout_nf': 330}) | target failure (gain_margin_db along esr_mohm @ {'load_ua': 25000, 'cout_nf': 330}) | target failure (gain_margin_db along esr_mohm @ {'load_ua': 25000, 'cout_nf': 330})",20261010-101245-6df50fd,35.065355831972994,6.411903372252589,946487.8612211201,1,35.065355831972994,53.6291298,29.5360336,ok,
ss,125,res_wcs,25000,330,250,base,20261010-091123-a31c626,45.45718012455268,9.16297089727172,997469.4863175019,1,45.45718012455268,53.6291298,29.5561642,ok,
ss,125,res_wcs,25000,330,375,"refine: target failure (gain_margin_db along esr_mohm @ {'load_ua': 25000, 'cout_nf': 330})",20261010-101245-6df50fd,52.37911561024306,10.71581795570126,1089950.1208147546,1,52.37911561024306,53.6291298,29.5762824,ok,
ss,125,res_wcs,25000,330,500,base,20261010-091123-a31c626,55.52155185460094,11.223079369279677,1223525.4729955636,1,55.52155185460094,53.6291298,29.5963073,ok,
ss,125,res_wcs,25000,665,0,"refine: target failure (phase_margin_deg along cout_nf @ {'load_ua': 25000, 'esr_mohm': 0}) | target failure (gain_margin_db along cout_nf @ {'load_ua': 25000, 'esr_mohm': 0}) | non-monotonic (psrr_db_100khz along cout_nf @ {'load_ua': 25000, 'esr_mohm': 0}) | interior worst (psrr_db_100khz along cout_nf @ {'load_ua': 25000, 'esr_mohm': 0})",20261010-101245-6df50fd,51.720953951760606,8.359456146553935,524978.2158113763,1,51.720953951760606,53.6286386,29.4018735,ok,
ss,125,res_wcs,25000,665,250,"refine: target failure (gain_margin_db along cout_nf @ {'load_ua': 25000, 'esr_mohm': 250})",20261010-101245-6df50fd,79.03920686226385,15.079002955713142,602086.2008026495,1,79.03920686226385,53.6286388,29.5669089,ok,
ss,125,res_wcs,25000,1000,0,base,20261010-091123-a31c626,62.994218564832195,11.117678115050152,358489.78942700184,1,62.994218564832195,53.6281475,29.3612181,ok,
ss,125,res_wcs,25000,1000,125,"refine: non-monotonic (gain_margin_db along esr_mohm @ {'load_ua': 25000, 'cout_nf': 1000})",20261010-101245-6df50fd,78.57758119093339,16.544757565424614,371672.53363607445,1,78.57758119093339,53.6281477,29.5483831,ok,
ss,125,res_wcs,25000,1000,250,base,20261010-091123-a31c626,92.80347172057557,17.433929938846994,424073.19829573104,1,92.80347172057557,53.6281478,29.7253004,ok,
ss,125,res_wcs,25000,1000,375,"refine: non-monotonic (gain_margin_db along esr_mohm @ {'load_ua': 25000, 'cout_nf': 1000})",20261010-101245-6df50fd,103.02596775296246,16.588432400135737,570371.3249051089,1,103.02596775296246,53.628148,29.887148,ok,
ss,125,res_wcs,25000,1000,500,base,20261010-091123-a31c626,98.00364698638246,15.356812481403837,895379.4730716761,1,98.00364698638246,53.6281482,30.0307981,ok,
ss,125,res_wcs,25000,1600,0,"refine: non-monotonic (psrr_db_100khz along cout_nf @ {'load_ua': 25000, 'esr_mohm': 0}) | interior worst (psrr_db_100khz along cout_nf @ {'load_ua': 25000, 'esr_mohm': 0})",20261010-101245-6df50fd,70.68379135725182,14.232281016829274,227499.4031049819,1,70.68379135725182,53.6272678,29.476116,ok,
ss,125,res_wcs,25000,2200,0,base,20261010-091123-a31c626,73.38189043038555,16.220643237034622,166607.10665308527,1,73.38189043038555,53.626388,29.8130614,ok,
ss,125,res_wcs,25000,2200,125,"refine: non-monotonic (gain_margin_db along esr_mohm @ {'load_ua': 25000, 'cout_nf': 2200})",20261010-101245-6df50fd,89.93306847499917,22.173772981742317,173697.4438504757,1,89.93306847499917,53.6263888,30.5495203,ok,
ss,125,res_wcs,25000,2200,250,base,20261010-091123-a31c626,107.08683930797821,20.50721053172426,202209.8805485584,1,107.08683930797821,53.6263897,31.0795644,ok,
ss,125,res_wcs,25000,2200,375,"refine: non-monotonic (gain_margin_db along esr_mohm @ {'load_ua': 25000, 'cout_nf': 2200})",20261010-101245-6df50fd,124.64698002560627,18.22054818016097,308245.06971487566,1,124.64698002560627,53.6263905,31.415465,ok,
ss,125,res_wcs,25000,2200,500,base,20261010-091123-a31c626,114.34175768565628,16.578211853551085,802152.4850468249,1,114.34175768565628,53.6263914,31.5989921,ok,
ss,125,res_wcs,25000,4700,0,base,20261010-091123-a31c626,73.43046058266876,20.9657802328613,79603.33056337362,1,73.43046058266876,53.6227213,32.4953906,ok,
ss,125,res_wcs,25000,4700,125,"refine: non-monotonic (gain_margin_db along esr_mohm @ {'load_ua': 25000, 'cout_nf': 4700}) | non-monotonic (psrr_db_100khz along esr_mohm @ {'load_ua': 25000, 'cout_nf': 4700})",20261010-101245-6df50fd,90.75688712649534,26.03668549558599,83122.63919760271,1,90.75688712649534,53.622725,33.8210503,ok,
ss,125,res_wcs,25000,4700,250,base,20261010-091123-a31c626,110.04882156369145,21.88626873969336,97324.98576680648,1,110.04882156369145,53.6227289,34.0826217,ok,
ss,125,res_wcs,25000,4700,375,"refine: non-monotonic (gain_margin_db along esr_mohm @ {'load_ua': 25000, 'cout_nf': 4700}) | non-monotonic (psrr_db_100khz along esr_mohm @ {'load_ua': 25000, 'cout_nf': 4700})",20261010-101245-6df50fd,133.91611641459923,18.916424152424163,155807.34169983302,1,133.91611641459923,53.6227331,33.8689519,ok,
ss,125,res_wcs,25000,4700,500,base,20261010-091123-a31c626,121.671554508843,17.027525268710875,774865.8550582989,1,121.671554508843,53.6227374,33.5189893,ok,
ss,125,res_wcs,37500,330,0,"refine: target failure (phase_margin_deg along load_ua @ {'cout_nf': 330, 'esr_mohm': 0}) | target failure (phase_margin_deg along load_ua @ {'cout_nf': 330, 'esr_mohm': 0}) | target failure (gain_margin_db along load_ua @ {'cout_nf': 330, 'esr_mohm': 0}) | target failure (gain_margin_db along load_ua @ {'cout_nf': 330, 'esr_mohm': 0})",20261010-101245-6df50fd,12.151952391548406,1.9110375333374008,1062592.5801531412,1,12.151952391548406,53.5987906,29.5123024,ok,
ss,125,res_wcs,37500,330,250,"refine: target failure (phase_margin_deg along load_ua @ {'cout_nf': 330, 'esr_mohm': 250}) | target failure (gain_margin_db along load_ua @ {'cout_nf': 330, 'esr_mohm': 250}) | target failure (gain_margin_db along load_ua @ {'cout_nf': 330, 'esr_mohm': 250})",20261010-101245-6df50fd,38.31583184884633,8.12268203864502,1137267.8963951971,1,38.31583184884633,53.5987907,29.545396,ok,
ss,125,res_wcs,37500,330,500,"refine: target failure (phase_margin_deg along load_ua @ {'cout_nf': 330, 'esr_mohm': 500}) | target failure (gain_margin_db along load_ua @ {'cout_nf': 330, 'esr_mohm': 500})",20261010-101245-6df50fd,47.71575897083443,10.17964117351817,1405830.9929267264,1,47.71575897083443,53.5987907,29.5785345,ok,
ss,125,res_wcs,37500,1000,0,"refine: target failure (gain_margin_db along load_ua @ {'cout_nf': 1000, 'esr_mohm': 0})",20261010-101245-6df50fd,58.049389298959625,9.841700084031077,428234.80716650997,1,58.049389298959625,53.5979779,29.34089,ok,
ss,125,res_wcs,37500,1000,250,"refine: non-monotonic (phase_margin_deg along load_ua @ {'cout_nf': 1000, 'esr_mohm': 250})",20261010-101245-6df50fd,91.24297806746436,16.470067913328258,544635.5667608842,1,91.24297806746436,53.5979781,29.6447405,ok,
ss,125,res_wcs,37500,1000,500,"refine: non-monotonic (phase_margin_deg along load_ua @ {'cout_nf': 1000, 'esr_mohm': 500})",20261010-101245-6df50fd,83.76857816071444,14.175844103766623,1159833.952819148,1,83.76857816071444,53.5979784,29.9048365,ok,
ss,125,res_wcs,37500,2200,0,"refine: non-monotonic (phase_margin_deg along load_ua @ {'cout_nf': 2200, 'esr_mohm': 0})",20261010-101245-6df50fd,71.85789607694554,15.020126422377183,200468.56931763998,1,71.85789607694554,53.5965219,29.5412704,ok,
ss,125,res_wcs,37500,2200,500,"refine: non-monotonic (phase_margin_deg along load_ua @ {'cout_nf': 2200, 'esr_mohm': 500})",20261010-101245-6df50fd,95.20511445975727,15.15749772406248,1117996.8025885664,1,95.20511445975727,53.5965247,31.1905006,ok,
ss,125,res_wcs,37500,4700,0,"refine: non-monotonic (psrr_db_1khz along load_ua @ {'cout_nf': 4700, 'esr_mohm': 0})",20261010-101245-6df50fd,74.11490927311868,19.75406098618479,95541.63225693487,1,74.11490927311868,53.5934879,31.4826115,ok,
ss,125,res_wcs,37500,4700,250,"refine: non-monotonic (psrr_db_1khz along load_ua @ {'cout_nf': 4700, 'esr_mohm': 250})",20261010-101245-6df50fd,118.74593089701239,20.280136852726244,132539.27869390452,1,118.74593089701239,53.5934943,33.2753638,ok,
ss,125,res_wcs,37500,4700,500,"refine: non-monotonic (phase_margin_deg along load_ua @ {'cout_nf': 4700, 'esr_mohm': 500}) | non-monotonic (psrr_db_1khz along load_ua @ {'cout_nf': 4700, 'esr_mohm': 500})",20261010-101245-6df50fd,100.07988323657369,15.604659657353913,1107064.727104495,1,100.07988323657369,53.5935012,32.8794125,ok,
ss,125,res_wcs,50000,330,0,base,20261010-091123-a31c626,6.110802597547661,0.9808365540260774,1144271.93860814,1,6.110802597547661,53.5565314,29.4868345,ok,
ss,125,res_wcs,50000,330,125,"refine: target failure (phase_margin_deg along esr_mohm @ {'load_ua': 50000, 'cout_nf': 330}) | target failure (phase_margin_deg along esr_mohm @ {'load_ua': 50000, 'cout_nf': 330}) | target failure (gain_margin_db along esr_mohm @ {'load_ua': 50000, 'cout_nf': 330}) | target failure (gain_margin_db along esr_mohm @ {'load_ua': 50000, 'cout_nf': 330})",20261010-101245-6df50fd,22.228633727568848,4.3787450213860035,1155881.5109197304,1,22.228633727568848,53.5565314,29.5013874,ok,
ss,125,res_wcs,50000,330,250,base,20261010-091123-a31c626,33.80993647644635,7.458231569781304,1227908.8494731246,1,33.80993647644635,53.5565315,29.5160205,ok,
ss,125,res_wcs,50000,330,375,"refine: target failure (phase_margin_deg along esr_mohm @ {'load_ua': 50000, 'cout_nf': 330}) | target failure (phase_margin_deg along esr_mohm @ {'load_ua': 50000, 'cout_nf': 330}) | target failure (gain_margin_db along esr_mohm @ {'load_ua': 50000, 'cout_nf': 330}) | target failure (gain_margin_db along esr_mohm @ {'load_ua': 50000, 'cout_nf': 330})",20261010-101245-6df50fd,40.597153189892055,9.072775555421321,1354369.100612952,1,40.597153189892055,53.5565315,29.5306739,ok,
ss,125,res_wcs,50000,330,500,base,20261010-091123-a31c626,43.02319366082514,9.510109369485301,1519565.9721684463,1,43.02319366082514,53.5565315,29.5452884,ok,
ss,125,res_wcs,50000,665,0,"refine: target failure (phase_margin_deg along cout_nf @ {'load_ua': 50000, 'esr_mohm': 0}) | target failure (gain_margin_db along cout_nf @ {'load_ua': 50000, 'esr_mohm': 0}) | target failure (gain_margin_db along cout_nf @ {'load_ua': 50000, 'esr_mohm': 0}) | non-monotonic (psrr_db_100khz along cout_nf @ {'load_ua': 50000, 'esr_mohm': 0}) | interior worst (psrr_db_100khz along cout_nf @ {'load_ua': 50000, 'esr_mohm': 0})",20261010-101245-6df50fd,39.25832237325437,6.138887152549338,686474.8900708475,1,39.25832237325437,53.5561719,29.3813932,ok,
ss,125,res_wcs,50000,665,250,"refine: target failure (phase_margin_deg along cout_nf @ {'load_ua': 50000, 'esr_mohm': 250}) | target failure (gain_margin_db along cout_nf @ {'load_ua': 50000, 'esr_mohm': 250})",20261010-101245-6df50fd,70.26637255915051,13.468329013310806,839599.420201167,1,70.26637255915051,53.556172,29.5017128,ok,
ss,125,res_wcs,50000,665,500,"refine: target failure (phase_margin_deg along cout_nf @ {'load_ua': 50000, 'esr_mohm': 500}) | target failure (gain_margin_db along cout_nf @ {'load_ua': 50000, 'esr_mohm': 500})",20261010-101245-6df50fd,66.57014144588261,12.481954804867032,1354816.9813837118,1,66.57014144588261,53.5561721,29.6165071,ok,
ss,125,res_wcs,50000,1000,0,base,20261010-091123-a31c626,54.25868808013031,9.003482834095408,479137.58952549094,1,54.25868808013031,53.5558124,29.3139504,ok,
ss,125,res_wcs,50000,1000,125,"refine: non-monotonic (phase_margin_deg along esr_mohm @ {'load_ua': 50000, 'cout_nf': 1000}) | target failure (gain_margin_db along esr_mohm @ {'load_ua': 50000, 'cout_nf': 1000}) | non-monotonic (gain_margin_db along esr_mohm @ {'load_ua': 50000, 'cout_nf': 1000})",20261010-101245-6df50fd,74.29532591622372,14.98330218184808,509288.4315889769,1,74.29532591622372,53.5558125,29.4513684,ok,
ss,125,res_wcs,50000,1000,250,base,20261010-091123-a31c626,88.77717141335158,15.670717230540854,643566.322350728,1,88.77717141335158,53.5558127,29.5834834,ok,
ss,125,res_wcs,50000,1000,375,"refine: non-monotonic (phase_margin_deg along esr_mohm @ {'load_ua': 50000, 'cout_nf': 1000}) | non-monotonic (gain_margin_db along esr_mohm @ {'load_ua': 50000, 'cout_nf': 1000})",20261010-101245-6df50fd,87.4055612516762,14.603889445899952,968496.2481030957,1,87.4055612516762,53.5558128,29.7062635,ok,
ss,125,res_wcs,50000,1000,500,base,20261010-091123-a31c626,75.64258468819892,13.384560732629614,1309588.3257200483,1,75.64258468819892,53.5558129,29.8168464,ok,
ss,125,res_wcs,50000,1600,0,"refine: target failure (gain_margin_db along cout_nf @ {'load_ua': 50000, 'esr_mohm': 0}) | non-monotonic (psrr_db_100khz along cout_nf @ {'load_ua': 50000, 'esr_mohm': 0}) | interior worst (psrr_db_100khz along cout_nf @ {'load_ua': 50000, 'esr_mohm': 0})",20261010-101245-6df50fd,65.7227522441585,12.151717672806548,307527.90078858903,1,65.7227522441585,53.5551685,29.2932251,ok,
ss,125,res_wcs,50000,2200,0,base,20261010-091123-a31c626,70.46321138547025,14.241266399006763,225871.28786644567,1,70.46321138547025,53.5545245,29.4014145,ok,
ss,125,res_wcs,50000,2200,125,"refine: non-monotonic (phase_margin_deg along esr_mohm @ {'load_ua': 50000, 'cout_nf': 2200}) | non-monotonic (gain_margin_db along esr_mohm @ {'load_ua': 50000, 'cout_nf': 2200})",20261010-101245-6df50fd,92.5162083538208,20.295861287997933,244254.08771416274,1,92.5162083538208,53.5545251,30.0023718,ok,
ss,125,res_wcs,50000,2200,250,base,20261010-091123-a31c626,113.9163469646802,18.257087239367408,344503.08755039284,1,113.9163469646802,53.5545257,30.4595324,ok,
ss,125,res_wcs,50000,2200,375,"refine: non-monotonic (phase_margin_deg along esr_mohm @ {'load_ua': 50000, 'cout_nf': 2200}) | non-monotonic (gain_margin_db along esr_mohm @ {'load_ua': 50000, 'cout_nf': 2200})",20261010-101245-6df50fd,107.38398872101513,16.178992194075214,847197.13443147,1,107.38398872101513,53.5545263,30.7650368,ok,
ss,125,res_wcs,50000,2200,500,base,20261010-091123-a31c626,85.49140072327457,14.389949077057727,1277884.8446797372,1,85.49140072327457,53.5545269,30.9442593,ok,
ss,125,res_wcs,50000,4700,0,base,20261010-091123-a31c626,74.27915314375275,18.991369762099257,107601.01976032386,1,74.27915314375275,53.5518407,30.9168641,ok,
ss,125,res_wcs,50000,4700,125,"refine: non-monotonic (phase_margin_deg along esr_mohm @ {'load_ua': 50000, 'cout_nf': 4700}) | non-monotonic (gain_margin_db along esr_mohm @ {'load_ua': 50000, 'cout_nf': 4700}) | non-monotonic (psrr_db_100khz along esr_mohm @ {'load_ua': 50000, 'cout_nf': 4700})",20261010-101245-6df50fd,97.7409464491396,23.507564907726778,116911.91041321043,1,97.7409464491396,53.5518434,32.3711392,ok,
ss,125,res_wcs,50000,4700,250,base,20261010-091123-a31c626,124.97557225895456,19.56540953686643,171940.52067372907,1,124.97557225895456,53.5518463,32.7910583,ok,
ss,125,res_wcs,50000,4700,375,"refine: non-monotonic (phase_margin_deg along esr_mohm @ {'load_ua': 50000, 'cout_nf': 4700}) | non-monotonic (gain_margin_db along esr_mohm @ {'load_ua': 50000, 'cout_nf': 4700}) | non-monotonic (psrr_db_100khz along esr_mohm @ {'load_ua': 50000, 'cout_nf': 4700})",20261010-101245-6df50fd,116.83611400382313,16.87164561279528,810036.2696331616,1,116.83611400382313,53.5518493,32.7195944,ok,
ss,125,res_wcs,50000,4700,500,base,20261010-091123-a31c626,89.64002898005195,14.848757940868925,1271190.3355017444,1,89.64002898005195,53.5518524,32.4889177,ok,
