request,corner_id,process,temperature_c,supply_v,sample_index,seed,process_seed,mismatch_seed,corner_status,vout_v,vout_status,value_state
probe,tt_nom/0.900V/27C,tt_nom,27,vref=0.9,,,,,pass,1.800306041,pass,ok
probe,tt_nom/0.930V/27C,tt_nom,27,vref=0.93,,,,,fail,1.860305266,fail,ok
mc,tt/novdd/27C/mc0,tt,27,,0,1439333159,1342826448,1776046802,pass,1.795453724,pass,ok
mc,tt/novdd/27C/mc1,tt,27,,1,1710950070,1342826448,1924163524,pass,1.804995039,pass,ok
mc,tt/novdd/27C/mc2,tt,27,,2,84400047,1342826448,968623388,pass,1.802835164,pass,ok
mc,tt/novdd/27C/mc3,tt,27,,3,499437139,1342826448,503761890,pass,1.789804539,pass,ok
mc,tt/novdd/27C/mc4,tt,27,,4,241148328,1342826448,1636861242,pass,1.794178594,pass,ok
mc,tt/novdd/27C/mc5,tt,27,,5,1279463794,1342826448,1547038652,pass,1.803322785,pass,ok
mc,tt/novdd/27C/mc6,tt,27,,6,1049118007,1342826448,209670172,pass,1.793406596,pass,ok
mc,tt/novdd/27C/mc7,tt,27,,7,394703960,1342826448,880496632,pass,1.80119608,pass,ok
mc,tt/novdd/27C/mc8,tt,27,,8,907914304,1342826448,435870831,pass,1.790812191,pass,ok
mc,tt/novdd/27C/mc9,tt,27,,9,714244731,1342826448,1701712048,pass,1.797676727,pass,ok
mc,tt/novdd/27C/mc10,tt,27,,10,728675863,1342826448,1877863122,pass,1.79293958,pass,ok
mc,tt/novdd/27C/mc11,tt,27,,11,1352674713,1342826448,548641206,pass,1.794729636,pass,ok
mc,tt/novdd/27C/mc12,tt,27,,12,1420236121,1342826448,807464724,pass,1.825298152,pass,ok
mc,tt/novdd/27C/mc13,tt,27,,13,392130445,1342826448,35143153,pass,1.789424011,pass,ok
mc,tt/novdd/27C/mc14,tt,27,,14,1531180519,1342826448,1431905910,pass,1.807117079,pass,ok
mc,tt/novdd/27C/mc15,tt,27,,15,23626459,1342826448,874474459,pass,1.785265087,pass,ok
mc,tt/novdd/27C/mc16,tt,27,,16,1820553937,1342826448,365261737,pass,1.786550589,pass,ok
mc,tt/novdd/27C/mc17,tt,27,,17,960345977,1342826448,1138986436,pass,1.806545748,pass,ok
mc,tt/novdd/27C/mc18,tt,27,,18,1626523040,1342826448,397956078,pass,1.803171225,pass,ok
mc,tt/novdd/27C/mc19,tt,27,,19,1984104411,1342826448,2037222381,pass,1.801204932,pass,ok
mc,tt/novdd/27C/mc20,tt,27,,20,1883181271,1342826448,269661018,pass,1.806128679,pass,ok
mc,tt/novdd/27C/mc21,tt,27,,21,1468569590,1342826448,1937463552,pass,1.802912641,pass,ok
mc,tt/novdd/27C/mc22,tt,27,,22,1280612423,1342826448,1963304376,pass,1.803304175,pass,ok
mc,tt/novdd/27C/mc23,tt,27,,23,1697085279,1342826448,1875068591,pass,1.807539889,pass,ok
mc,tt/novdd/27C/mc24,tt,27,,24,678316527,1342826448,181205576,pass,1.797048492,pass,ok
mc,tt/novdd/27C/mc25,tt,27,,25,506413459,1342826448,1563528182,pass,1.81081697,pass,ok
mc,tt/novdd/27C/mc26,tt,27,,26,42615558,1342826448,246523635,pass,1.791536504,pass,ok
mc,tt/novdd/27C/mc27,tt,27,,27,1350687124,1342826448,1959268523,pass,1.789143719,pass,ok
mc,tt/novdd/27C/mc28,tt,27,,28,1362308933,1342826448,319365421,pass,1.805224321,pass,ok
mc,tt/novdd/27C/mc29,tt,27,,29,941036167,1342826448,2016043113,pass,1.812973271,pass,ok
mc,tt/novdd/27C/mc30,tt,27,,30,1014845138,1342826448,1736911320,pass,1.791498043,pass,ok
mc,tt/novdd/27C/mc31,tt,27,,31,111634390,1342826448,1029858893,pass,1.780645031,pass,ok
mc,tt/novdd/27C/mc32,tt,27,,32,1998013490,1342826448,735664733,pass,1.805488174,pass,ok
mc,tt/novdd/27C/mc33,tt,27,,33,1353342455,1342826448,1383671779,pass,1.812305428,pass,ok
mc,tt/novdd/27C/mc34,tt,27,,34,136314953,1342826448,2095618626,pass,1.798130074,pass,ok
mc,tt/novdd/27C/mc35,tt,27,,35,102332269,1342826448,2084537849,pass,1.815608802,pass,ok
mc,tt/novdd/27C/mc36,tt,27,,36,304073498,1342826448,2134741312,pass,1.796693989,pass,ok
mc,tt/novdd/27C/mc37,tt,27,,37,1987525925,1342826448,1070599116,pass,1.790035245,pass,ok
mc,tt/novdd/27C/mc38,tt,27,,38,1500107473,1342826448,1643450709,pass,1.819116228,pass,ok
mc,tt/novdd/27C/mc39,tt,27,,39,641038984,1342826448,337822473,pass,1.795511019,pass,ok
mc,tt/novdd/27C/mc40,tt,27,,40,512529726,1342826448,1975384356,pass,1.802669306,pass,ok
mc,tt/novdd/27C/mc41,tt,27,,41,827274304,1342826448,1470554374,pass,1.806449689,pass,ok
mc,tt/novdd/27C/mc42,tt,27,,42,659642592,1342826448,402946629,pass,1.80477094,pass,ok
mc,tt/novdd/27C/mc43,tt,27,,43,897175544,1342826448,308459396,pass,1.794394944,pass,ok
mc,tt/novdd/27C/mc44,tt,27,,44,1031665255,1342826448,1891153428,pass,1.800208218,pass,ok
mc,tt/novdd/27C/mc45,tt,27,,45,1047673233,1342826448,1628738571,pass,1.806080619,pass,ok
mc,tt/novdd/27C/mc46,tt,27,,46,1652805086,1342826448,1450319749,pass,1.795308263,pass,ok
mc,tt/novdd/27C/mc47,tt,27,,47,1361279329,1342826448,1206278000,pass,1.829202492,pass,ok
mc,tt/novdd/27C/mc48,tt,27,,48,405990587,1342826448,48811731,pass,1.812768135,pass,ok
mc,tt/novdd/27C/mc49,tt,27,,49,1263345084,1342826448,513612652,pass,1.792968812,pass,ok
mc,tt/novdd/27C/mc50,tt,27,,50,651331870,1342826448,40531109,pass,1.794036327,pass,ok
mc,tt/novdd/27C/mc51,tt,27,,51,1140036529,1342826448,9229356,pass,1.797847407,pass,ok
mc,tt/novdd/27C/mc52,tt,27,,52,1032159970,1342826448,628658905,pass,1.79685893,pass,ok
mc,tt/novdd/27C/mc53,tt,27,,53,1431101225,1342826448,1663865736,pass,1.809427647,pass,ok
mc,tt/novdd/27C/mc54,tt,27,,54,1050596935,1342826448,923213059,pass,1.797101755,pass,ok
mc,tt/novdd/27C/mc55,tt,27,,55,787297393,1342826448,1492108490,pass,1.781506207,pass,ok
mc,tt/novdd/27C/mc56,tt,27,,56,544985036,1342826448,368321686,pass,1.789466677,pass,ok
mc,tt/novdd/27C/mc57,tt,27,,57,1080453891,1342826448,900217606,pass,1.817454349,pass,ok
mc,tt/novdd/27C/mc58,tt,27,,58,1248636204,1342826448,307308622,pass,1.802279572,pass,ok
mc,tt/novdd/27C/mc59,tt,27,,59,945896479,1342826448,205137889,pass,1.802855879,pass,ok
mc,tt/novdd/27C/mc60,tt,27,,60,189694351,1342826448,680989201,pass,1.806103294,pass,ok
mc,tt/novdd/27C/mc61,tt,27,,61,821218823,1342826448,608845206,pass,1.797278797,pass,ok
mc,tt/novdd/27C/mc62,tt,27,,62,1369166928,1342826448,1488531993,pass,1.79030668,pass,ok
mc,tt/novdd/27C/mc63,tt,27,,63,2076537407,1342826448,1267100301,pass,1.790673287,pass,ok
mc,tt/novdd/27C/mc64,tt,27,,64,878057267,1342826448,1565989017,pass,1.807519914,pass,ok
mc,tt/novdd/27C/mc65,tt,27,,65,910405217,1342826448,1671774180,pass,1.795358562,pass,ok
mc,tt/novdd/27C/mc66,tt,27,,66,60691168,1342826448,1559216458,pass,1.77986474,pass,ok
mc,tt/novdd/27C/mc67,tt,27,,67,1405033928,1342826448,112581282,pass,1.820902034,pass,ok
mc,tt/novdd/27C/mc68,tt,27,,68,1777837000,1342826448,611812634,pass,1.79828392,pass,ok
mc,tt/novdd/27C/mc69,tt,27,,69,719440675,1342826448,1478846246,pass,1.788658017,pass,ok
mc,tt/novdd/27C/mc70,tt,27,,70,1547620979,1342826448,1521483468,pass,1.793048702,pass,ok
mc,tt/novdd/27C/mc71,tt,27,,71,423278921,1342826448,408272990,pass,1.785250974,pass,ok
mc,tt/novdd/27C/mc72,tt,27,,72,407427389,1342826448,695955165,pass,1.781913511,pass,ok
mc,tt/novdd/27C/mc73,tt,27,,73,506631911,1342826448,1594075062,pass,1.800905615,pass,ok
mc,tt/novdd/27C/mc74,tt,27,,74,445722614,1342826448,1892230764,pass,1.79725378,pass,ok
mc,tt/novdd/27C/mc75,tt,27,,75,886308579,1342826448,571654886,pass,1.799137292,pass,ok
mc,tt/novdd/27C/mc76,tt,27,,76,21768149,1342826448,1074946102,pass,1.803642462,pass,ok
mc,tt/novdd/27C/mc77,tt,27,,77,837440754,1342826448,1893683176,pass,1.801620237,pass,ok
mc,tt/novdd/27C/mc78,tt,27,,78,1122851766,1342826448,749421504,pass,1.809514777,pass,ok
mc,tt/novdd/27C/mc79,tt,27,,79,893542825,1342826448,899628501,pass,1.795431232,pass,ok
mc,tt/novdd/27C/mc80,tt,27,,80,978858031,1342826448,1814432760,pass,1.784309937,pass,ok
mc,tt/novdd/27C/mc81,tt,27,,81,1130825890,1342826448,545321916,pass,1.796539311,pass,ok
mc,tt/novdd/27C/mc82,tt,27,,82,1929523882,1342826448,1396414509,pass,1.795398766,pass,ok
mc,tt/novdd/27C/mc83,tt,27,,83,165804405,1342826448,1070106539,pass,1.81703529,pass,ok
mc,tt/novdd/27C/mc84,tt,27,,84,1460972537,1342826448,922414459,pass,1.810292955,pass,ok
mc,tt/novdd/27C/mc85,tt,27,,85,1771140426,1342826448,1141635744,pass,1.80342465,pass,ok
mc,tt/novdd/27C/mc86,tt,27,,86,1324692114,1342826448,2099972323,pass,1.791980449,pass,ok
mc,tt/novdd/27C/mc87,tt,27,,87,1727918581,1342826448,177893740,pass,1.789225176,pass,ok
mc,tt/novdd/27C/mc88,tt,27,,88,215134406,1342826448,202727829,pass,1.779076688,pass,ok
mc,tt/novdd/27C/mc89,tt,27,,89,1802921741,1342826448,821528109,pass,1.814740725,pass,ok
mc,tt/novdd/27C/mc90,tt,27,,90,394212821,1342826448,1352665797,pass,1.821515841,pass,ok
mc,tt/novdd/27C/mc91,tt,27,,91,996948882,1342826448,442152636,pass,1.81375267,pass,ok
mc,tt/novdd/27C/mc92,tt,27,,92,724725545,1342826448,378907215,pass,1.811028501,pass,ok
mc,tt/novdd/27C/mc93,tt,27,,93,2101415806,1342826448,282301955,pass,1.797664397,pass,ok
mc,tt/novdd/27C/mc94,tt,27,,94,449946512,1342826448,2010615341,pass,1.786874028,pass,ok
mc,tt/novdd/27C/mc95,tt,27,,95,586295193,1342826448,452221492,pass,1.795749039,pass,ok
mc,tt/novdd/27C/mc96,tt,27,,96,695630451,1342826448,9632903,pass,1.80308681,pass,ok
mc,tt/novdd/27C/mc97,tt,27,,97,1576028194,1342826448,269267945,pass,1.789897645,pass,ok
mc,tt/novdd/27C/mc98,tt,27,,98,1067759505,1342826448,1179639964,pass,1.807597185,pass,ok
mc,tt/novdd/27C/mc99,tt,27,,99,1531838872,1342826448,298177410,pass,1.789723263,pass,ok
mc,tt/novdd/27C/mc100,tt,27,,100,391647534,1342826448,546036817,pass,1.807495801,pass,ok
mc,tt/novdd/27C/mc101,tt,27,,101,1900542039,1342826448,997773215,pass,1.813251419,pass,ok
mc,tt/novdd/27C/mc102,tt,27,,102,2118597198,1342826448,1605503235,pass,1.789560267,pass,ok
mc,tt/novdd/27C/mc103,tt,27,,103,1847728194,1342826448,114771758,pass,1.784620755,pass,ok
mc,tt/novdd/27C/mc104,tt,27,,104,1117536554,1342826448,926256528,pass,1.809916769,pass,ok
mc,tt/novdd/27C/mc105,tt,27,,105,1256649229,1342826448,638485788,pass,1.811666588,pass,ok
mc,tt/novdd/27C/mc106,tt,27,,106,287869376,1342826448,173280681,pass,1.802365748,pass,ok
mc,tt/novdd/27C/mc107,tt,27,,107,1597375630,1342826448,624285192,pass,1.802057271,pass,ok
mc,tt/novdd/27C/mc108,tt,27,,108,1140913771,1342826448,164751050,pass,1.800074054,pass,ok
mc,tt/novdd/27C/mc109,tt,27,,109,114203940,1342826448,804124210,pass,1.806398099,pass,ok
mc,tt/novdd/27C/mc110,tt,27,,110,2064414359,1342826448,733219001,pass,1.819924358,pass,ok
mc,tt/novdd/27C/mc111,tt,27,,111,1496855878,1342826448,547758415,pass,1.806564545,pass,ok
mc,tt/novdd/27C/mc112,tt,27,,112,1395357717,1342826448,1873847431,pass,1.802505764,pass,ok
mc,tt/novdd/27C/mc113,tt,27,,113,1531814319,1342826448,669067522,pass,1.817356878,pass,ok
mc,tt/novdd/27C/mc114,tt,27,,114,96602964,1342826448,753886055,pass,1.811879929,pass,ok
mc,tt/novdd/27C/mc115,tt,27,,115,1504989194,1342826448,675546485,pass,1.790377762,pass,ok
mc,tt/novdd/27C/mc116,tt,27,,116,1294120768,1342826448,958220002,pass,1.79863604,pass,ok
mc,tt/novdd/27C/mc117,tt,27,,117,964746758,1342826448,1919187405,pass,1.816868877,pass,ok
mc,tt/novdd/27C/mc118,tt,27,,118,143644628,1342826448,572897413,pass,1.80374684,pass,ok
mc,tt/novdd/27C/mc119,tt,27,,119,288767028,1342826448,749270096,pass,1.78762938,pass,ok
mc,tt/novdd/27C/mc120,tt,27,,120,579988102,1342826448,2028782171,pass,1.788173673,pass,ok
mc,tt/novdd/27C/mc121,tt,27,,121,369379428,1342826448,108273519,pass,1.827832588,pass,ok
mc,tt/novdd/27C/mc122,tt,27,,122,434690554,1342826448,536563523,pass,1.818299199,pass,ok
mc,tt/novdd/27C/mc123,tt,27,,123,1593822505,1342826448,342729869,pass,1.794180684,pass,ok
mc,tt/novdd/27C/mc124,tt,27,,124,648192763,1342826448,1211654471,pass,1.788528572,pass,ok
mc,tt/novdd/27C/mc125,tt,27,,125,1372045165,1342826448,1605270548,pass,1.797008701,pass,ok
mc,tt/novdd/27C/mc126,tt,27,,126,989515218,1342826448,656873735,pass,1.814126343,pass,ok
mc,tt/novdd/27C/mc127,tt,27,,127,1175037145,1342826448,333239313,pass,1.78569937,pass,ok
mc,tt/novdd/27C/mc128,tt,27,,128,381260375,1342826448,1420842746,pass,1.80738013,pass,ok
mc,tt/novdd/27C/mc129,tt,27,,129,1403741176,1342826448,1951567417,pass,1.79187392,pass,ok
mc,tt/novdd/27C/mc130,tt,27,,130,744447261,1342826448,243695892,pass,1.804038131,pass,ok
mc,tt/novdd/27C/mc131,tt,27,,131,2036262823,1342826448,2082060510,pass,1.795273268,pass,ok
mc,tt/novdd/27C/mc132,tt,27,,132,1873829098,1342826448,1907899482,pass,1.795065675,pass,ok
mc,tt/novdd/27C/mc133,tt,27,,133,721332966,1342826448,1296153821,pass,1.813745149,pass,ok
mc,tt/novdd/27C/mc134,tt,27,,134,628566256,1342826448,1580976834,pass,1.808174104,pass,ok
mc,tt/novdd/27C/mc135,tt,27,,135,559839126,1342826448,276846354,pass,1.798087215,pass,ok
mc,tt/novdd/27C/mc136,tt,27,,136,1719863894,1342826448,312161767,pass,1.796775534,pass,ok
mc,tt/novdd/27C/mc137,tt,27,,137,511077675,1342826448,863026454,pass,1.788538017,pass,ok
mc,tt/novdd/27C/mc138,tt,27,,138,427123129,1342826448,1272798872,pass,1.821395794,pass,ok
mc,tt/novdd/27C/mc139,tt,27,,139,998453058,1342826448,2132484988,pass,1.823173445,pass,ok
mc,tt/novdd/27C/mc140,tt,27,,140,901160653,1342826448,1290987808,pass,1.818770635,pass,ok
mc,tt/novdd/27C/mc141,tt,27,,141,825937494,1342826448,331221817,pass,1.796886047,pass,ok
mc,tt/novdd/27C/mc142,tt,27,,142,1138842759,1342826448,1887451590,pass,1.810378812,pass,ok
mc,tt/novdd/27C/mc143,tt,27,,143,238136605,1342826448,1945509247,pass,1.794544341,pass,ok
mc,tt/novdd/27C/mc144,tt,27,,144,524413538,1342826448,569754257,pass,1.79875832,pass,ok
mc,tt/novdd/27C/mc145,tt,27,,145,1508675018,1342826448,1079629125,pass,1.799668045,pass,ok
mc,tt/novdd/27C/mc146,tt,27,,146,1779686377,1342826448,64143783,pass,1.826523441,pass,ok
mc,tt/novdd/27C/mc147,tt,27,,147,1111518528,1342826448,1843520237,pass,1.794277662,pass,ok
mc,tt/novdd/27C/mc148,tt,27,,148,1661302340,1342826448,466927429,pass,1.820088362,pass,ok
mc,tt/novdd/27C/mc149,tt,27,,149,2082248883,1342826448,1542243888,pass,1.809976273,pass,ok
mc,tt/novdd/27C/mc150,tt,27,,150,933608481,1342826448,1984614024,pass,1.803959843,pass,ok
mc,tt/novdd/27C/mc151,tt,27,,151,123942516,1342826448,1975816227,pass,1.782188312,pass,ok
mc,tt/novdd/27C/mc152,tt,27,,152,1012175413,1342826448,908520491,pass,1.798248786,pass,ok
mc,tt/novdd/27C/mc153,tt,27,,153,968170527,1342826448,1026394724,pass,1.804406726,pass,ok
mc,tt/novdd/27C/mc154,tt,27,,154,1449860688,1342826448,480350452,pass,1.81065655,pass,ok
mc,tt/novdd/27C/mc155,tt,27,,155,2104906318,1342826448,549102614,pass,1.80244722,pass,ok
mc,tt/novdd/27C/mc156,tt,27,,156,692039884,1342826448,1513056103,pass,1.815595291,pass,ok
mc,tt/novdd/27C/mc157,tt,27,,157,1968955257,1342826448,1070193127,pass,1.82001264,pass,ok
mc,tt/novdd/27C/mc158,tt,27,,158,405904419,1342826448,1290820285,pass,1.797430995,pass,ok
mc,tt/novdd/27C/mc159,tt,27,,159,1198143723,1342826448,1601369890,pass,1.796852533,pass,ok
mc,tt/novdd/27C/mc160,tt,27,,160,232704449,1342826448,670046232,pass,1.799451995,pass,ok
mc,tt/novdd/27C/mc161,tt,27,,161,239722788,1342826448,643787251,pass,1.79921457,pass,ok
mc,tt/novdd/27C/mc162,tt,27,,162,1092294371,1342826448,632736151,pass,1.794725758,pass,ok
mc,tt/novdd/27C/mc163,tt,27,,163,1827837581,1342826448,658031623,pass,1.800096348,pass,ok
mc,tt/novdd/27C/mc164,tt,27,,164,1612817998,1342826448,1106075711,pass,1.793956894,pass,ok
mc,tt/novdd/27C/mc165,tt,27,,165,75631411,1342826448,1715980501,pass,1.81154675,pass,ok
mc,tt/novdd/27C/mc166,tt,27,,166,1740240306,1342826448,839466002,pass,1.815178513,pass,ok
mc,tt/novdd/27C/mc167,tt,27,,167,415626565,1342826448,1100964257,pass,1.796253367,pass,ok
mc,tt/novdd/27C/mc168,tt,27,,168,1724303325,1342826448,938297373,pass,1.806071254,pass,ok
mc,tt/novdd/27C/mc169,tt,27,,169,1670395036,1342826448,1795395945,pass,1.804895737,pass,ok
mc,tt/novdd/27C/mc170,tt,27,,170,718838400,1342826448,1415923167,pass,1.817008363,pass,ok
mc,tt/novdd/27C/mc171,tt,27,,171,1690665408,1342826448,204084140,pass,1.793605611,pass,ok
mc,tt/novdd/27C/mc172,tt,27,,172,249561568,1342826448,858923735,pass,1.799193653,pass,ok
mc,tt/novdd/27C/mc173,tt,27,,173,730773568,1342826448,2012783312,pass,1.802577941,pass,ok
mc,tt/novdd/27C/mc174,tt,27,,174,1123738948,1342826448,32467723,pass,1.794239949,pass,ok
mc,tt/novdd/27C/mc175,tt,27,,175,2001273259,1342826448,550762416,pass,1.792910739,pass,ok
mc,tt/novdd/27C/mc176,tt,27,,176,1722687199,1342826448,951459739,pass,1.7813472,pass,ok
mc,tt/novdd/27C/mc177,tt,27,,177,2134352102,1342826448,1202946727,pass,1.810017183,pass,ok
mc,tt/novdd/27C/mc178,tt,27,,178,1068912915,1342826448,158822180,pass,1.794340846,pass,ok
mc,tt/novdd/27C/mc179,tt,27,,179,441542214,1342826448,231965835,pass,1.817751477,pass,ok
mc,tt/novdd/27C/mc180,tt,27,,180,1057814987,1342826448,1979179177,pass,1.816623551,pass,ok
mc,tt/novdd/27C/mc181,tt,27,,181,1771888376,1342826448,2019449362,pass,1.81229174,pass,ok
mc,tt/novdd/27C/mc182,tt,27,,182,893702594,1342826448,1358299956,pass,1.801256209,pass,ok
mc,tt/novdd/27C/mc183,tt,27,,183,358807126,1342826448,404019941,pass,1.824167295,pass,ok
mc,tt/novdd/27C/mc184,tt,27,,184,2032786375,1342826448,1255333211,pass,1.802990637,pass,ok
mc,tt/novdd/27C/mc185,tt,27,,185,1942148805,1342826448,1708831318,pass,1.815942458,pass,ok
mc,tt/novdd/27C/mc186,tt,27,,186,23985006,1342826448,801668337,pass,1.784981143,pass,ok
mc,tt/novdd/27C/mc187,tt,27,,187,1837257309,1342826448,976776565,pass,1.790350758,pass,ok
mc,tt/novdd/27C/mc188,tt,27,,188,668933321,1342826448,1987592653,pass,1.801254498,pass,ok
mc,tt/novdd/27C/mc189,tt,27,,189,1122673801,1342826448,1077480897,pass,1.810377122,pass,ok
mc,tt/novdd/27C/mc190,tt,27,,190,812262793,1342826448,307819742,pass,1.78344719,pass,ok
mc,tt/novdd/27C/mc191,tt,27,,191,215591231,1342826448,316801167,pass,1.81467714,pass,ok
mc,tt/novdd/27C/mc192,tt,27,,192,1760656677,1342826448,1434903192,pass,1.814165971,pass,ok
mc,tt/novdd/27C/mc193,tt,27,,193,337682756,1342826448,393444847,pass,1.808765543,pass,ok
mc,tt/novdd/27C/mc194,tt,27,,194,1315031047,1342826448,1978669873,pass,1.785520428,pass,ok
mc,tt/novdd/27C/mc195,tt,27,,195,1818423050,1342826448,12812625,pass,1.79253133,pass,ok
mc,tt/novdd/27C/mc196,tt,27,,196,1792018098,1342826448,125345288,pass,1.800453457,pass,ok
mc,tt/novdd/27C/mc197,tt,27,,197,625477052,1342826448,19882439,pass,1.819154943,pass,ok
mc,tt/novdd/27C/mc198,tt,27,,198,772767549,1342826448,2089125303,pass,1.799635434,pass,ok
mc,tt/novdd/27C/mc199,tt,27,,199,246808749,1342826448,1531466052,pass,1.792235568,pass,ok
mc,tt/novdd/27C/mc200,tt,27,,200,728711251,1342826448,1878125622,pass,1.790433409,pass,ok
mc,tt/novdd/27C/mc201,tt,27,,201,1864209538,1342826448,1404986475,pass,1.797129433,pass,ok
mc,tt/novdd/27C/mc202,tt,27,,202,1645879291,1342826448,1095448120,pass,1.777881951,pass,ok
mc,tt/novdd/27C/mc203,tt,27,,203,644979169,1342826448,1431168206,pass,1.783752801,pass,ok
mc,tt/novdd/27C/mc204,tt,27,,204,2027791936,1342826448,735749419,pass,1.808411443,pass,ok
mc,tt/novdd/27C/mc205,tt,27,,205,619135427,1342826448,656009439,pass,1.795337744,pass,ok
mc,tt/novdd/27C/mc206,tt,27,,206,1240621125,1342826448,112845024,pass,1.807714263,pass,ok
mc,tt/novdd/27C/mc207,tt,27,,207,270335624,1342826448,802674908,pass,1.808058392,pass,ok
mc,tt/novdd/27C/mc208,tt,27,,208,1484582832,1342826448,1751271718,pass,1.79530553,pass,ok
mc,tt/novdd/27C/mc209,tt,27,,209,1120169389,1342826448,1351954105,pass,1.807718418,pass,ok
mc,tt/novdd/27C/mc210,tt,27,,210,2053522959,1342826448,1583550163,pass,1.812356664,pass,ok
mc,tt/novdd/27C/mc211,tt,27,,211,411289950,1342826448,265402,pass,1.818200148,pass,ok
mc,tt/novdd/27C/mc212,tt,27,,212,1261286840,1342826448,67959494,pass,1.789727549,pass,ok
mc,tt/novdd/27C/mc213,tt,27,,213,1650626435,1342826448,1727226646,pass,1.80357538,pass,ok
mc,tt/novdd/27C/mc214,tt,27,,214,217076699,1342826448,1708154265,pass,1.809645735,pass,ok
mc,tt/novdd/27C/mc215,tt,27,,215,714669600,1342826448,928886735,pass,1.800798033,pass,ok
mc,tt/novdd/27C/mc216,tt,27,,216,357169279,1342826448,1083667834,pass,1.790742806,pass,ok
mc,tt/novdd/27C/mc217,tt,27,,217,1619358279,1342826448,1769387551,pass,1.807887837,pass,ok
mc,tt/novdd/27C/mc218,tt,27,,218,2023395645,1342826448,2106089054,pass,1.790438418,pass,ok
mc,tt/novdd/27C/mc219,tt,27,,219,281454930,1342826448,813806955,pass,1.812017135,pass,ok
mc,tt/novdd/27C/mc220,tt,27,,220,834708055,1342826448,408760554,pass,1.795777923,pass,ok
mc,tt/novdd/27C/mc221,tt,27,,221,1734269526,1342826448,1780989307,pass,1.804132624,pass,ok
mc,tt/novdd/27C/mc222,tt,27,,222,1624430910,1342826448,179942861,pass,1.804438772,pass,ok
mc,tt/novdd/27C/mc223,tt,27,,223,796975351,1342826448,1334262032,pass,1.808254943,pass,ok
mc,tt/novdd/27C/mc224,tt,27,,224,34363037,1342826448,1938434034,pass,1.778695657,pass,ok
mc,tt/novdd/27C/mc225,tt,27,,225,1078213191,1342826448,634447505,pass,1.801071893,pass,ok
mc,tt/novdd/27C/mc226,tt,27,,226,122371234,1342826448,529887210,pass,1.812493391,pass,ok
mc,tt/novdd/27C/mc227,tt,27,,227,1290443098,1342826448,1910438999,pass,1.797230702,pass,ok
mc,tt/novdd/27C/mc228,tt,27,,228,1808472177,1342826448,1114282925,pass,1.8104781,pass,ok
mc,tt/novdd/27C/mc229,tt,27,,229,879345620,1342826448,333776429,pass,1.812146354,pass,ok
mc,tt/novdd/27C/mc230,tt,27,,230,1244108189,1342826448,1499872913,pass,1.797656048,pass,ok
mc,tt/novdd/27C/mc231,tt,27,,231,1320357637,1342826448,633174182,pass,1.777368804,pass,ok
mc,tt/novdd/27C/mc232,tt,27,,232,2051454070,1342826448,599097591,pass,1.815659139,pass,ok
mc,tt/novdd/27C/mc233,tt,27,,233,534139259,1342826448,2009419646,pass,1.80636388,pass,ok
mc,tt/novdd/27C/mc234,tt,27,,234,1091982252,1342826448,2117823593,pass,1.784526144,pass,ok
mc,tt/novdd/27C/mc235,tt,27,,235,1834516380,1342826448,3771346,pass,1.809712666,pass,ok
mc,tt/novdd/27C/mc236,tt,27,,236,95288656,1342826448,586565219,pass,1.79268272,pass,ok
mc,tt/novdd/27C/mc237,tt,27,,237,1135333057,1342826448,1290917202,pass,1.795812693,pass,ok
mc,tt/novdd/27C/mc238,tt,27,,238,554797979,1342826448,741551562,pass,1.785478062,pass,ok
mc,tt/novdd/27C/mc239,tt,27,,239,136806533,1342826448,1321883579,pass,1.79536647,pass,ok
mc,tt/novdd/27C/mc240,tt,27,,240,959338089,1342826448,1490026566,pass,1.799489686,pass,ok
mc,tt/novdd/27C/mc241,tt,27,,241,57669735,1342826448,255991990,pass,1.810307351,pass,ok
mc,tt/novdd/27C/mc242,tt,27,,242,1651328320,1342826448,329342345,pass,1.799451748,pass,ok
mc,tt/novdd/27C/mc243,tt,27,,243,177663020,1342826448,1669154573,pass,1.805123984,pass,ok
mc,tt/novdd/27C/mc244,tt,27,,244,947235552,1342826448,753609745,pass,1.802243213,pass,ok
mc,tt/novdd/27C/mc245,tt,27,,245,159291513,1342826448,945529283,pass,1.801479936,pass,ok
mc,tt/novdd/27C/mc246,tt,27,,246,1418856781,1342826448,477917150,pass,1.809597571,pass,ok
mc,tt/novdd/27C/mc247,tt,27,,247,1955037868,1342826448,321054096,pass,1.767789088,pass,ok
mc,tt/novdd/27C/mc248,tt,27,,248,785707627,1342826448,521778194,pass,1.816296915,pass,ok
mc,tt/novdd/27C/mc249,tt,27,,249,1406926925,1342826448,1535407843,pass,1.813309353,pass,ok
mc,tt/novdd/27C/mc250,tt,27,,250,1514352451,1342826448,1302211323,pass,1.788666537,pass,ok
mc,tt/novdd/27C/mc251,tt,27,,251,489571590,1342826448,1402301413,pass,1.811583792,pass,ok
mc,tt/novdd/27C/mc252,tt,27,,252,1456975897,1342826448,685986436,pass,1.810420895,pass,ok
mc,tt/novdd/27C/mc253,tt,27,,253,1423107505,1342826448,120894433,pass,1.809088162,pass,ok
mc,tt/novdd/27C/mc254,tt,27,,254,61340849,1342826448,930268523,pass,1.809903198,pass,ok
mc,tt/novdd/27C/mc255,tt,27,,255,1468531179,1342826448,498205165,pass,1.808438021,pass,ok
mc,tt/novdd/27C/mc256,tt,27,,256,718104876,1342826448,924938327,pass,1.789686342,pass,ok
mc,tt/novdd/27C/mc257,tt,27,,257,326151143,1342826448,450852325,pass,1.814322637,pass,ok
mc,tt/novdd/27C/mc258,tt,27,,258,1100577696,1342826448,2028152569,pass,1.791643162,pass,ok
mc,tt/novdd/27C/mc259,tt,27,,259,287396312,1342826448,868001188,pass,1.781361321,pass,ok
mc,tt/novdd/27C/mc260,tt,27,,260,818036897,1342826448,708789069,pass,1.803444664,pass,ok
mc,tt/novdd/27C/mc261,tt,27,,261,432245880,1342826448,612871845,pass,1.813934991,pass,ok
mc,tt/novdd/27C/mc262,tt,27,,262,1792318594,1342826448,192853850,pass,1.793442912,pass,ok
mc,tt/novdd/27C/mc263,tt,27,,263,1820468927,1342826448,1820612466,pass,1.801541975,pass,ok
mc,tt/novdd/27C/mc264,tt,27,,264,2122157407,1342826448,100051293,pass,1.793939052,pass,ok
mc,tt/novdd/27C/mc265,tt,27,,265,1958618659,1342826448,141019826,pass,1.804106382,pass,ok
mc,tt/novdd/27C/mc266,tt,27,,266,1813445754,1342826448,2025897369,pass,1.806193305,pass,ok
mc,tt/novdd/27C/mc267,tt,27,,267,214970764,1342826448,1979419773,pass,1.813783759,pass,ok
mc,tt/novdd/27C/mc268,tt,27,,268,551747580,1342826448,659372333,pass,1.786378713,pass,ok
mc,tt/novdd/27C/mc269,tt,27,,269,1911207368,1342826448,1658820879,pass,1.797651698,pass,ok
mc,tt/novdd/27C/mc270,tt,27,,270,728776915,1342826448,1149677159,pass,1.804904068,pass,ok
mc,tt/novdd/27C/mc271,tt,27,,271,1007547302,1342826448,1750139901,pass,1.795940328,pass,ok
mc,tt/novdd/27C/mc272,tt,27,,272,456912736,1342826448,663728365,pass,1.791182754,pass,ok
mc,tt/novdd/27C/mc273,tt,27,,273,2081601871,1342826448,172218179,pass,1.793839485,pass,ok
mc,tt/novdd/27C/mc274,tt,27,,274,1725816225,1342826448,1082058339,pass,1.808933078,pass,ok
mc,tt/novdd/27C/mc275,tt,27,,275,1121601385,1342826448,2027117051,pass,1.800554124,pass,ok
mc,tt/novdd/27C/mc276,tt,27,,276,197943185,1342826448,388436055,pass,1.802308898,pass,ok
mc,tt/novdd/27C/mc277,tt,27,,277,761767820,1342826448,314548571,pass,1.786869519,pass,ok
mc,tt/novdd/27C/mc278,tt,27,,278,652591868,1342826448,788228049,pass,1.803684755,pass,ok
mc,tt/novdd/27C/mc279,tt,27,,279,480410664,1342826448,1412576617,pass,1.806011253,pass,ok
mc,tt/novdd/27C/mc280,tt,27,,280,241692691,1342826448,80777163,pass,1.818043417,pass,ok
mc,tt/novdd/27C/mc281,tt,27,,281,648669501,1342826448,1626342091,pass,1.801560549,pass,ok
mc,tt/novdd/27C/mc282,tt,27,,282,496526925,1342826448,2060440980,pass,1.790469143,pass,ok
mc,tt/novdd/27C/mc283,tt,27,,283,1018568069,1342826448,1682956743,pass,1.808600552,pass,ok
mc,tt/novdd/27C/mc284,tt,27,,284,1749580015,1342826448,370959155,pass,1.814551945,pass,ok
mc,tt/novdd/27C/mc285,tt,27,,285,1087200743,1342826448,447689139,pass,1.803209742,pass,ok
mc,tt/novdd/27C/mc286,tt,27,,286,257372879,1342826448,383097036,pass,1.808966324,pass,ok
mc,tt/novdd/27C/mc287,tt,27,,287,1032254070,1342826448,1733396125,pass,1.78819586,pass,ok
mc,tt/novdd/27C/mc288,tt,27,,288,694899275,1342826448,1774584796,pass,1.81344905,pass,ok
mc,tt/novdd/27C/mc289,tt,27,,289,1350357573,1342826448,1899037127,pass,1.800182516,pass,ok
mc,tt/novdd/27C/mc290,tt,27,,290,1919578187,1342826448,727232871,pass,1.808551458,pass,ok
mc,tt/novdd/27C/mc291,tt,27,,291,1332631532,1342826448,1146372137,pass,1.778142077,pass,ok
mc,tt/novdd/27C/mc292,tt,27,,292,756948166,1342826448,1842839737,pass,1.792451005,pass,ok
mc,tt/novdd/27C/mc293,tt,27,,293,441561237,1342826448,1358176942,pass,1.797476178,pass,ok
mc,tt/novdd/27C/mc294,tt,27,,294,2099964403,1342826448,1021449419,pass,1.789962776,pass,ok
mc,tt/novdd/27C/mc295,tt,27,,295,382385788,1342826448,1470117576,pass,1.800516587,pass,ok
mc,tt/novdd/27C/mc296,tt,27,,296,1247980681,1342826448,360989840,pass,1.800848629,pass,ok
mc,tt/novdd/27C/mc297,tt,27,,297,2097948538,1342826448,337652376,pass,1.811073589,pass,ok
mc,tt/novdd/27C/mc298,tt,27,,298,904478231,1342826448,1976563239,pass,1.793212963,pass,ok
mc,tt/novdd/27C/mc299,tt,27,,299,180292885,1342826448,800255997,pass,1.788234782,pass,ok
mc,tt/novdd/27C/mc300,tt,27,,300,1292062392,1342826448,287499441,pass,1.807546956,pass,ok
mc,tt/novdd/27C/mc301,tt,27,,301,432168264,1342826448,429061789,pass,1.811098367,pass,ok
mc,tt/novdd/27C/mc302,tt,27,,302,356974041,1342826448,1185956475,pass,1.803263882,pass,ok
mc,tt/novdd/27C/mc303,tt,27,,303,1816997507,1342826448,349012054,pass,1.817927257,pass,ok
mc,tt/novdd/27C/mc304,tt,27,,304,1270915899,1342826448,1476131152,pass,1.810147765,pass,ok
mc,tt/novdd/27C/mc305,tt,27,,305,1727064194,1342826448,604173411,pass,1.797884192,pass,ok
mc,tt/novdd/27C/mc306,tt,27,,306,1763836723,1342826448,698540385,pass,1.792499481,pass,ok
mc,tt/novdd/27C/mc307,tt,27,,307,1751866054,1342826448,2099950434,pass,1.795405406,pass,ok
mc,tt/novdd/27C/mc308,tt,27,,308,1137703612,1342826448,1334015294,pass,1.774733481,pass,ok
mc,tt/novdd/27C/mc309,tt,27,,309,530778024,1342826448,40779221,pass,1.797650411,pass,ok
mc,tt/novdd/27C/mc310,tt,27,,310,73554618,1342826448,762777979,pass,1.792582531,pass,ok
mc,tt/novdd/27C/mc311,tt,27,,311,125594970,1342826448,1731244693,pass,1.776661617,pass,ok
mc,tt/novdd/27C/mc312,tt,27,,312,836729806,1342826448,934419008,pass,1.80646924,pass,ok
mc,tt/novdd/27C/mc313,tt,27,,313,1163636972,1342826448,68151726,pass,1.799985621,pass,ok
mc,tt/novdd/27C/mc314,tt,27,,314,1745926797,1342826448,828733650,pass,1.80646259,pass,ok
mc,tt/novdd/27C/mc315,tt,27,,315,563174268,1342826448,1509396947,pass,1.82166392,pass,ok
mc,tt/novdd/27C/mc316,tt,27,,316,249795098,1342826448,2066520128,pass,1.806116253,pass,ok
mc,tt/novdd/27C/mc317,tt,27,,317,1956646999,1342826448,1793155012,pass,1.813123103,pass,ok
mc,tt/novdd/27C/mc318,tt,27,,318,1644716270,1342826448,1597451397,pass,1.788997486,pass,ok
mc,tt/novdd/27C/mc319,tt,27,,319,591382652,1342826448,1271966639,pass,1.802546235,pass,ok
mc,tt/novdd/27C/mc320,tt,27,,320,1546937438,1342826448,334703660,pass,1.800130994,pass,ok
mc,tt/novdd/27C/mc321,tt,27,,321,880734345,1342826448,2108410656,pass,1.812628795,pass,ok
mc,tt/novdd/27C/mc322,tt,27,,322,1169948594,1342826448,2094088562,pass,1.786565858,pass,ok
mc,tt/novdd/27C/mc323,tt,27,,323,1297680153,1342826448,1983023829,pass,1.801829895,pass,ok
mc,tt/novdd/27C/mc324,tt,27,,324,52567350,1342826448,1166403632,pass,1.792723758,pass,ok
mc,tt/novdd/27C/mc325,tt,27,,325,1034845733,1342826448,717335555,pass,1.791674398,pass,ok
mc,tt/novdd/27C/mc326,tt,27,,326,212316970,1342826448,1114538618,pass,1.812108712,pass,ok
mc,tt/novdd/27C/mc327,tt,27,,327,1900807702,1342826448,691359481,pass,1.788307273,pass,ok
mc,tt/novdd/27C/mc328,tt,27,,328,807117513,1342826448,1823735626,pass,1.79743757,pass,ok
mc,tt/novdd/27C/mc329,tt,27,,329,1523155332,1342826448,811867723,pass,1.829936506,pass,ok
mc,tt/novdd/27C/mc330,tt,27,,330,1329262301,1342826448,2045718036,pass,1.810242019,pass,ok
mc,tt/novdd/27C/mc331,tt,27,,331,1324531183,1342826448,903490877,pass,1.814397262,pass,ok
mc,tt/novdd/27C/mc332,tt,27,,332,506912498,1342826448,1008381570,pass,1.810996397,pass,ok
mc,tt/novdd/27C/mc333,tt,27,,333,1673117572,1342826448,1412079018,pass,1.811888675,pass,ok
mc,tt/novdd/27C/mc334,tt,27,,334,633362748,1342826448,1640898984,pass,1.80786289,pass,ok
mc,tt/novdd/27C/mc335,tt,27,,335,863768669,1342826448,1142185188,pass,1.821985829,pass,ok
mc,tt/novdd/27C/mc336,tt,27,,336,662791376,1342826448,2078233670,pass,1.793878078,pass,ok
mc,tt/novdd/27C/mc337,tt,27,,337,28286635,1342826448,1921696012,pass,1.792330859,pass,ok
mc,tt/novdd/27C/mc338,tt,27,,338,182661291,1342826448,1374518660,pass,1.793264684,pass,ok
mc,tt/novdd/27C/mc339,tt,27,,339,2021741499,1342826448,1668793149,pass,1.787462646,pass,ok
mc,tt/novdd/27C/mc340,tt,27,,340,1481822641,1342826448,852460349,pass,1.801755078,pass,ok
mc,tt/novdd/27C/mc341,tt,27,,341,2027417531,1342826448,623755277,pass,1.789121126,pass,ok
mc,tt/novdd/27C/mc342,tt,27,,342,272979169,1342826448,1810679132,pass,1.799662488,pass,ok
mc,tt/novdd/27C/mc343,tt,27,,343,1905938040,1342826448,2011336431,pass,1.808114751,pass,ok
mc,tt/novdd/27C/mc344,tt,27,,344,747578795,1342826448,1857633544,pass,1.793744619,pass,ok
mc,tt/novdd/27C/mc345,tt,27,,345,51534950,1342826448,2126663367,pass,1.802019452,pass,ok
mc,tt/novdd/27C/mc346,tt,27,,346,95515985,1342826448,1516563045,pass,1.801171777,pass,ok
mc,tt/novdd/27C/mc347,tt,27,,347,292990704,1342826448,250998904,pass,1.803808708,pass,ok
mc,tt/novdd/27C/mc348,tt,27,,348,1890811978,1342826448,1044033823,pass,1.800925667,pass,ok
mc,tt/novdd/27C/mc349,tt,27,,349,952955273,1342826448,2134165174,pass,1.78686482,pass,ok
mc,tt/novdd/27C/mc350,tt,27,,350,1238028326,1342826448,1570301633,pass,1.812639986,pass,ok
mc,tt/novdd/27C/mc351,tt,27,,351,2035344954,1342826448,1877198806,pass,1.810227447,pass,ok
mc,tt/novdd/27C/mc352,tt,27,,352,138492148,1342826448,779910658,pass,1.799918818,pass,ok
mc,tt/novdd/27C/mc353,tt,27,,353,620344918,1342826448,472580738,pass,1.808540403,pass,ok
mc,tt/novdd/27C/mc354,tt,27,,354,892684262,1342826448,1717873902,pass,1.808005606,pass,ok
mc,tt/novdd/27C/mc355,tt,27,,355,751668425,1342826448,223257565,pass,1.787703654,pass,ok
mc,tt/novdd/27C/mc356,tt,27,,356,346526147,1342826448,1576279189,pass,1.775081466,pass,ok
mc,tt/novdd/27C/mc357,tt,27,,357,380833567,1342826448,2077813882,pass,1.811613287,pass,ok
mc,tt/novdd/27C/mc358,tt,27,,358,202142976,1342826448,1334025024,pass,1.796532168,pass,ok
mc,tt/novdd/27C/mc359,tt,27,,359,1733562591,1342826448,1171161912,pass,1.813080148,pass,ok
mc,tt/novdd/27C/mc360,tt,27,,360,156348505,1342826448,694385867,pass,1.796408812,pass,ok
mc,tt/novdd/27C/mc361,tt,27,,361,1631249763,1342826448,1848960313,pass,1.812746595,pass,ok
mc,tt/novdd/27C/mc362,tt,27,,362,943207502,1342826448,843068667,pass,1.795960413,pass,ok
mc,tt/novdd/27C/mc363,tt,27,,363,1256833336,1342826448,841789521,pass,1.81072967,pass,ok
mc,tt/novdd/27C/mc364,tt,27,,364,2029872402,1342826448,941145823,pass,1.792150008,pass,ok
mc,tt/novdd/27C/mc365,tt,27,,365,1479491302,1342826448,1864137988,pass,1.804273428,pass,ok
mc,tt/novdd/27C/mc366,tt,27,,366,41306493,1342826448,466171832,pass,1.79992839,pass,ok
mc,tt/novdd/27C/mc367,tt,27,,367,1924868540,1342826448,1818737019,pass,1.792610467,pass,ok
mc,tt/novdd/27C/mc368,tt,27,,368,917488224,1342826448,101822660,pass,1.797366667,pass,ok
mc,tt/novdd/27C/mc369,tt,27,,369,1576594430,1342826448,1983066487,pass,1.811924633,pass,ok
mc,tt/novdd/27C/mc370,tt,27,,370,167320167,1342826448,1734111557,pass,1.802492416,pass,ok
mc,tt/novdd/27C/mc371,tt,27,,371,1465664563,1342826448,876693613,pass,1.807929529,pass,ok
mc,tt/novdd/27C/mc372,tt,27,,372,1398004832,1342826448,644706859,pass,1.800969549,pass,ok
mc,tt/novdd/27C/mc373,tt,27,,373,1408736856,1342826448,1985342977,pass,1.789035588,pass,ok
mc,tt/novdd/27C/mc374,tt,27,,374,1453667340,1342826448,1616906410,pass,1.797487938,pass,ok
mc,tt/novdd/27C/mc375,tt,27,,375,806115571,1342826448,153849818,pass,1.795261907,pass,ok
mc,tt/novdd/27C/mc376,tt,27,,376,194602888,1342826448,246982063,pass,1.798676772,pass,ok
mc,tt/novdd/27C/mc377,tt,27,,377,118505389,1342826448,744845396,pass,1.802175489,pass,ok
mc,tt/novdd/27C/mc378,tt,27,,378,1957990240,1342826448,160753948,pass,1.816189152,pass,ok
mc,tt/novdd/27C/mc379,tt,27,,379,438208678,1342826448,964110660,pass,1.800760369,pass,ok
mc,tt/novdd/27C/mc380,tt,27,,380,651164740,1342826448,1455001671,pass,1.796987413,pass,ok
mc,tt/novdd/27C/mc381,tt,27,,381,1888490843,1342826448,2045499086,pass,1.783757442,pass,ok
mc,tt/novdd/27C/mc382,tt,27,,382,508027107,1342826448,969000349,pass,1.789600279,pass,ok
mc,tt/novdd/27C/mc383,tt,27,,383,37273984,1342826448,330218583,pass,1.80026354,pass,ok
mc,tt/novdd/27C/mc384,tt,27,,384,799677774,1342826448,942357265,pass,1.787616744,pass,ok
mc,tt/novdd/27C/mc385,tt,27,,385,2106361596,1342826448,580208833,pass,1.803962094,pass,ok
mc,tt/novdd/27C/mc386,tt,27,,386,707484929,1342826448,137923935,pass,1.800757173,pass,ok
mc,tt/novdd/27C/mc387,tt,27,,387,1119622886,1342826448,381585564,pass,1.797703047,pass,ok
mc,tt/novdd/27C/mc388,tt,27,,388,1082620390,1342826448,918401850,pass,1.790715201,pass,ok
mc,tt/novdd/27C/mc389,tt,27,,389,475161144,1342826448,648116114,pass,1.781913873,pass,ok
mc,tt/novdd/27C/mc390,tt,27,,390,276449101,1342826448,1908726697,pass,1.792265877,pass,ok
mc,tt/novdd/27C/mc391,tt,27,,391,1866709663,1342826448,1093602997,pass,1.810089437,pass,ok
mc,tt/novdd/27C/mc392,tt,27,,392,164718429,1342826448,1510405931,pass,1.812019022,pass,ok
mc,tt/novdd/27C/mc393,tt,27,,393,1881522053,1342826448,434305656,pass,1.815777727,pass,ok
mc,tt/novdd/27C/mc394,tt,27,,394,1812390740,1342826448,697480128,pass,1.814604529,pass,ok
mc,tt/novdd/27C/mc395,tt,27,,395,559361416,1342826448,1045814534,pass,1.810023643,pass,ok
mc,tt/novdd/27C/mc396,tt,27,,396,537481170,1342826448,1970853656,pass,1.805085528,pass,ok
mc,tt/novdd/27C/mc397,tt,27,,397,484187721,1342826448,1972990101,pass,1.797483412,pass,ok
mc,tt/novdd/27C/mc398,tt,27,,398,354400832,1342826448,2117128495,pass,1.796391831,pass,ok
mc,tt/novdd/27C/mc399,tt,27,,399,1415228833,1342826448,2132372486,pass,1.798502579,pass,ok
mc,ss_rbcs/novdd/-40C/mc0,ss_rbcs,-40,,0,991769691,1960284162,558595895,pass,1.804741936,pass,ok
mc,ss_rbcs/novdd/-40C/mc1,ss_rbcs,-40,,1,2131118667,1960284162,1203557068,pass,1.794007292,pass,ok
mc,ss_rbcs/novdd/-40C/mc2,ss_rbcs,-40,,2,1109094805,1960284162,1902536251,pass,1.79166165,pass,ok
mc,ss_rbcs/novdd/-40C/mc3,ss_rbcs,-40,,3,104908242,1960284162,1826627609,pass,1.79103893,pass,ok
mc,ss_rbcs/novdd/-40C/mc4,ss_rbcs,-40,,4,798968315,1960284162,264955904,pass,1.787267519,pass,ok
mc,ss_rbcs/novdd/-40C/mc5,ss_rbcs,-40,,5,2025962078,1960284162,1774400844,pass,1.795111595,pass,ok
mc,ss_rbcs/novdd/-40C/mc6,ss_rbcs,-40,,6,1483266217,1960284162,119458283,pass,1.801283048,pass,ok
mc,ss_rbcs/novdd/-40C/mc7,ss_rbcs,-40,,7,431691351,1960284162,1981374644,pass,1.80765415,pass,ok
mc,ss_rbcs/novdd/-40C/mc8,ss_rbcs,-40,,8,52901448,1960284162,171167864,pass,1.798447776,pass,ok
mc,ss_rbcs/novdd/-40C/mc9,ss_rbcs,-40,,9,1108032851,1960284162,1438451691,pass,1.803862473,pass,ok
mc,ss_rbcs/novdd/-40C/mc10,ss_rbcs,-40,,10,160585026,1960284162,2109838421,pass,1.808396838,pass,ok
mc,ss_rbcs/novdd/-40C/mc11,ss_rbcs,-40,,11,789639164,1960284162,1068465255,pass,1.793912478,pass,ok
mc,ss_rbcs/novdd/-40C/mc12,ss_rbcs,-40,,12,735546897,1960284162,1110515256,pass,1.802849747,pass,ok
mc,ss_rbcs/novdd/-40C/mc13,ss_rbcs,-40,,13,1548303157,1960284162,520818762,pass,1.787265154,pass,ok
mc,ss_rbcs/novdd/-40C/mc14,ss_rbcs,-40,,14,1541356240,1960284162,141625330,pass,1.797743214,pass,ok
mc,ss_rbcs/novdd/-40C/mc15,ss_rbcs,-40,,15,1730220180,1960284162,1023612746,pass,1.797362671,pass,ok
mc,ss_rbcs/novdd/-40C/mc16,ss_rbcs,-40,,16,1315944706,1960284162,1856093403,pass,1.788851129,pass,ok
mc,ss_rbcs/novdd/-40C/mc17,ss_rbcs,-40,,17,2029372096,1960284162,1520492196,pass,1.809147123,pass,ok
mc,ss_rbcs/novdd/-40C/mc18,ss_rbcs,-40,,18,566236166,1960284162,1710640329,pass,1.803657542,pass,ok
mc,ss_rbcs/novdd/-40C/mc19,ss_rbcs,-40,,19,714805075,1960284162,471534959,pass,1.804865225,pass,ok
mc,ss_rbcs/novdd/-40C/mc20,ss_rbcs,-40,,20,1542674750,1960284162,1318496457,pass,1.81043088,pass,ok
mc,ss_rbcs/novdd/-40C/mc21,ss_rbcs,-40,,21,21746880,1960284162,976161983,pass,1.796313545,pass,ok
mc,ss_rbcs/novdd/-40C/mc22,ss_rbcs,-40,,22,483131116,1960284162,1566105386,pass,1.807506984,pass,ok
mc,ss_rbcs/novdd/-40C/mc23,ss_rbcs,-40,,23,504922304,1960284162,2121634206,pass,1.803158015,pass,ok
mc,ss_rbcs/novdd/-40C/mc24,ss_rbcs,-40,,24,1018514308,1960284162,2040029493,pass,1.790655076,pass,ok
mc,ss_rbcs/novdd/-40C/mc25,ss_rbcs,-40,,25,598137064,1960284162,835338688,pass,1.795979996,pass,ok
mc,ss_rbcs/novdd/-40C/mc26,ss_rbcs,-40,,26,160903920,1960284162,2008834844,pass,1.797757517,pass,ok
mc,ss_rbcs/novdd/-40C/mc27,ss_rbcs,-40,,27,237876298,1960284162,406950691,pass,1.800221812,pass,ok
mc,ss_rbcs/novdd/-40C/mc28,ss_rbcs,-40,,28,1176810507,1960284162,1193429419,pass,1.809219785,pass,ok
mc,ss_rbcs/novdd/-40C/mc29,ss_rbcs,-40,,29,1113980269,1960284162,1274292720,pass,1.790379474,pass,ok
mc,ss_rbcs/novdd/-40C/mc30,ss_rbcs,-40,,30,1075966681,1960284162,1651943399,pass,1.798952276,pass,ok
mc,ss_rbcs/novdd/-40C/mc31,ss_rbcs,-40,,31,1255346635,1960284162,247063062,pass,1.792450174,pass,ok
mc,ss_rbcs/novdd/-40C/mc32,ss_rbcs,-40,,32,1505364273,1960284162,50875654,pass,1.793311947,pass,ok
mc,ss_rbcs/novdd/-40C/mc33,ss_rbcs,-40,,33,167587678,1960284162,1191652339,pass,1.793718855,pass,ok
mc,ss_rbcs/novdd/-40C/mc34,ss_rbcs,-40,,34,1933201239,1960284162,1764016804,pass,1.810081186,pass,ok
mc,ss_rbcs/novdd/-40C/mc35,ss_rbcs,-40,,35,92774843,1960284162,433927493,pass,1.790612704,pass,ok
mc,ss_rbcs/novdd/-40C/mc36,ss_rbcs,-40,,36,1292110493,1960284162,1560688040,pass,1.7963787,pass,ok
mc,ss_rbcs/novdd/-40C/mc37,ss_rbcs,-40,,37,1877776055,1960284162,180032374,pass,1.818261218,pass,ok
mc,ss_rbcs/novdd/-40C/mc38,ss_rbcs,-40,,38,778406685,1960284162,2101550207,pass,1.791727716,pass,ok
mc,ss_rbcs/novdd/-40C/mc39,ss_rbcs,-40,,39,1077803983,1960284162,516959541,pass,1.794273341,pass,ok
mc,ss_rbcs/novdd/-40C/mc40,ss_rbcs,-40,,40,432384482,1960284162,1056445208,pass,1.803827599,pass,ok
mc,ss_rbcs/novdd/-40C/mc41,ss_rbcs,-40,,41,1695604962,1960284162,1072301692,pass,1.813135497,pass,ok
mc,ss_rbcs/novdd/-40C/mc42,ss_rbcs,-40,,42,645134440,1960284162,297031752,pass,1.790344083,pass,ok
mc,ss_rbcs/novdd/-40C/mc43,ss_rbcs,-40,,43,40369667,1960284162,489050637,pass,1.798563876,pass,ok
mc,ss_rbcs/novdd/-40C/mc44,ss_rbcs,-40,,44,781616544,1960284162,294240429,pass,1.79739302,pass,ok
mc,ss_rbcs/novdd/-40C/mc45,ss_rbcs,-40,,45,1039447252,1960284162,2136973695,pass,1.796230539,pass,ok
mc,ss_rbcs/novdd/-40C/mc46,ss_rbcs,-40,,46,1123269247,1960284162,671594887,pass,1.786357898,pass,ok
mc,ss_rbcs/novdd/-40C/mc47,ss_rbcs,-40,,47,421300375,1960284162,1534030044,pass,1.810695207,pass,ok
mc,ss_rbcs/novdd/-40C/mc48,ss_rbcs,-40,,48,1189230131,1960284162,760556170,pass,1.809953162,pass,ok
mc,ss_rbcs/novdd/-40C/mc49,ss_rbcs,-40,,49,1636577413,1960284162,1549084377,pass,1.80557764,pass,ok
mc,ss_rbcs/novdd/-40C/mc50,ss_rbcs,-40,,50,848240767,1960284162,872804915,pass,1.794904719,pass,ok
mc,ss_rbcs/novdd/-40C/mc51,ss_rbcs,-40,,51,1139007229,1960284162,2125981173,pass,1.791291569,pass,ok
mc,ss_rbcs/novdd/-40C/mc52,ss_rbcs,-40,,52,1858692955,1960284162,1061192707,pass,1.79740343,pass,ok
mc,ss_rbcs/novdd/-40C/mc53,ss_rbcs,-40,,53,1858532050,1960284162,2107675210,pass,1.802361706,pass,ok
mc,ss_rbcs/novdd/-40C/mc54,ss_rbcs,-40,,54,290547431,1960284162,1342733885,pass,1.81258534,pass,ok
mc,ss_rbcs/novdd/-40C/mc55,ss_rbcs,-40,,55,419897805,1960284162,1874463992,pass,1.799850192,pass,ok
mc,ss_rbcs/novdd/-40C/mc56,ss_rbcs,-40,,56,392588121,1960284162,1503747145,pass,1.789986619,pass,ok
mc,ss_rbcs/novdd/-40C/mc57,ss_rbcs,-40,,57,744351001,1960284162,682662835,pass,1.811340873,pass,ok
mc,ss_rbcs/novdd/-40C/mc58,ss_rbcs,-40,,58,855339847,1960284162,886977701,pass,1.789642362,pass,ok
mc,ss_rbcs/novdd/-40C/mc59,ss_rbcs,-40,,59,1767843356,1960284162,1883117534,pass,1.78633911,pass,ok
mc,ss_rbcs/novdd/-40C/mc60,ss_rbcs,-40,,60,461847762,1960284162,1101049896,pass,1.8038625,pass,ok
mc,ss_rbcs/novdd/-40C/mc61,ss_rbcs,-40,,61,1169364248,1960284162,1852822765,pass,1.803551683,pass,ok
mc,ss_rbcs/novdd/-40C/mc62,ss_rbcs,-40,,62,995542071,1960284162,422809460,pass,1.802126127,pass,ok
mc,ss_rbcs/novdd/-40C/mc63,ss_rbcs,-40,,63,1772729984,1960284162,669392663,pass,1.816378612,pass,ok
mc,ss_rbcs/novdd/-40C/mc64,ss_rbcs,-40,,64,667651876,1960284162,135311274,pass,1.802680641,pass,ok
mc,ss_rbcs/novdd/-40C/mc65,ss_rbcs,-40,,65,37796736,1960284162,1373841508,pass,1.796966594,pass,ok
mc,ss_rbcs/novdd/-40C/mc66,ss_rbcs,-40,,66,511576918,1960284162,1750218332,pass,1.802409212,pass,ok
mc,ss_rbcs/novdd/-40C/mc67,ss_rbcs,-40,,67,1435987262,1960284162,1931635208,pass,1.799832618,pass,ok
mc,ss_rbcs/novdd/-40C/mc68,ss_rbcs,-40,,68,263612722,1960284162,2055777332,pass,1.793359876,pass,ok
mc,ss_rbcs/novdd/-40C/mc69,ss_rbcs,-40,,69,970006545,1960284162,424145696,pass,1.807711682,pass,ok
mc,ss_rbcs/novdd/-40C/mc70,ss_rbcs,-40,,70,72670248,1960284162,824859527,pass,1.789282561,pass,ok
mc,ss_rbcs/novdd/-40C/mc71,ss_rbcs,-40,,71,1386998794,1960284162,235421779,pass,1.791408163,pass,ok
mc,ss_rbcs/novdd/-40C/mc72,ss_rbcs,-40,,72,2011859394,1960284162,226020664,pass,1.79700454,pass,ok
mc,ss_rbcs/novdd/-40C/mc73,ss_rbcs,-40,,73,1453467455,1960284162,1035735048,pass,1.784566046,pass,ok
mc,ss_rbcs/novdd/-40C/mc74,ss_rbcs,-40,,74,623580904,1960284162,1913349799,pass,1.800630308,pass,ok
mc,ss_rbcs/novdd/-40C/mc75,ss_rbcs,-40,,75,835649808,1960284162,1925123014,pass,1.801630851,pass,ok
mc,ss_rbcs/novdd/-40C/mc76,ss_rbcs,-40,,76,280203918,1960284162,1203917752,pass,1.823313715,pass,ok
mc,ss_rbcs/novdd/-40C/mc77,ss_rbcs,-40,,77,1799059301,1960284162,248916674,pass,1.806234174,pass,ok
mc,ss_rbcs/novdd/-40C/mc78,ss_rbcs,-40,,78,1918613036,1960284162,320096183,pass,1.785774595,pass,ok
mc,ss_rbcs/novdd/-40C/mc79,ss_rbcs,-40,,79,1634435229,1960284162,504895414,pass,1.79394045,pass,ok
mc,ss_rbcs/novdd/-40C/mc80,ss_rbcs,-40,,80,1897546190,1960284162,1655835270,pass,1.800244468,pass,ok
mc,ss_rbcs/novdd/-40C/mc81,ss_rbcs,-40,,81,275665318,1960284162,1054848496,pass,1.795415275,pass,ok
mc,ss_rbcs/novdd/-40C/mc82,ss_rbcs,-40,,82,2088999449,1960284162,958424536,pass,1.788748824,pass,ok
mc,ss_rbcs/novdd/-40C/mc83,ss_rbcs,-40,,83,521706954,1960284162,1690261266,pass,1.806496871,pass,ok
mc,ss_rbcs/novdd/-40C/mc84,ss_rbcs,-40,,84,21778852,1960284162,2064219113,pass,1.800986537,pass,ok
mc,ss_rbcs/novdd/-40C/mc85,ss_rbcs,-40,,85,1074137597,1960284162,17652568,pass,1.804235631,pass,ok
mc,ss_rbcs/novdd/-40C/mc86,ss_rbcs,-40,,86,1738035125,1960284162,1817997337,pass,1.796801613,pass,ok
mc,ss_rbcs/novdd/-40C/mc87,ss_rbcs,-40,,87,336435001,1960284162,739346416,pass,1.809614451,pass,ok
mc,ss_rbcs/novdd/-40C/mc88,ss_rbcs,-40,,88,1524005996,1960284162,1421125591,pass,1.78904437,pass,ok
mc,ss_rbcs/novdd/-40C/mc89,ss_rbcs,-40,,89,693985985,1960284162,1214904162,pass,1.792367878,pass,ok
mc,ss_rbcs/novdd/-40C/mc90,ss_rbcs,-40,,90,1812564724,1960284162,1799495953,pass,1.7908411,pass,ok
mc,ss_rbcs/novdd/-40C/mc91,ss_rbcs,-40,,91,950793453,1960284162,1723198747,pass,1.7984883,pass,ok
mc,ss_rbcs/novdd/-40C/mc92,ss_rbcs,-40,,92,79352466,1960284162,1618936968,pass,1.806307303,pass,ok
mc,ss_rbcs/novdd/-40C/mc93,ss_rbcs,-40,,93,500676149,1960284162,1190952667,pass,1.793543211,pass,ok
mc,ss_rbcs/novdd/-40C/mc94,ss_rbcs,-40,,94,1908753651,1960284162,1237805983,pass,1.798917812,pass,ok
mc,ss_rbcs/novdd/-40C/mc95,ss_rbcs,-40,,95,1279908232,1960284162,1904733995,pass,1.795583415,pass,ok
mc,ss_rbcs/novdd/-40C/mc96,ss_rbcs,-40,,96,830067012,1960284162,1635664257,pass,1.801858324,pass,ok
mc,ss_rbcs/novdd/-40C/mc97,ss_rbcs,-40,,97,1881700595,1960284162,748406371,pass,1.795234669,pass,ok
mc,ss_rbcs/novdd/-40C/mc98,ss_rbcs,-40,,98,943198329,1960284162,1800473831,pass,1.823670867,pass,ok
mc,ss_rbcs/novdd/-40C/mc99,ss_rbcs,-40,,99,2018123967,1960284162,1704074925,pass,1.809643138,pass,ok
mc,ss_rbcs/novdd/-40C/mc100,ss_rbcs,-40,,100,1431985087,1960284162,1566489690,pass,1.789112809,pass,ok
mc,ss_rbcs/novdd/-40C/mc101,ss_rbcs,-40,,101,305874972,1960284162,561412561,pass,1.811894939,pass,ok
mc,ss_rbcs/novdd/-40C/mc102,ss_rbcs,-40,,102,517788680,1960284162,156243332,pass,1.811270844,pass,ok
mc,ss_rbcs/novdd/-40C/mc103,ss_rbcs,-40,,103,848334739,1960284162,2002940947,pass,1.808438924,pass,ok
mc,ss_rbcs/novdd/-40C/mc104,ss_rbcs,-40,,104,286164195,1960284162,602484393,pass,1.826474735,pass,ok
mc,ss_rbcs/novdd/-40C/mc105,ss_rbcs,-40,,105,1039584627,1960284162,1787868179,pass,1.796196048,pass,ok
mc,ss_rbcs/novdd/-40C/mc106,ss_rbcs,-40,,106,801438166,1960284162,1284795547,pass,1.79654931,pass,ok
mc,ss_rbcs/novdd/-40C/mc107,ss_rbcs,-40,,107,792802158,1960284162,75613309,pass,1.80041619,pass,ok
mc,ss_rbcs/novdd/-40C/mc108,ss_rbcs,-40,,108,849939491,1960284162,1149485312,pass,1.79630362,pass,ok
mc,ss_rbcs/novdd/-40C/mc109,ss_rbcs,-40,,109,1601959295,1960284162,1074299927,pass,1.804952925,pass,ok
mc,ss_rbcs/novdd/-40C/mc110,ss_rbcs,-40,,110,974465776,1960284162,950761685,pass,1.815674848,pass,ok
mc,ss_rbcs/novdd/-40C/mc111,ss_rbcs,-40,,111,600835114,1960284162,1117504161,pass,1.815244595,pass,ok
mc,ss_rbcs/novdd/-40C/mc112,ss_rbcs,-40,,112,2075350887,1960284162,1843528690,pass,1.794353429,pass,ok
mc,ss_rbcs/novdd/-40C/mc113,ss_rbcs,-40,,113,201963381,1960284162,799474965,pass,1.796872728,pass,ok
mc,ss_rbcs/novdd/-40C/mc114,ss_rbcs,-40,,114,1256328367,1960284162,1878746620,pass,1.800548958,pass,ok
mc,ss_rbcs/novdd/-40C/mc115,ss_rbcs,-40,,115,2015329967,1960284162,229843674,pass,1.805942818,pass,ok
mc,ss_rbcs/novdd/-40C/mc116,ss_rbcs,-40,,116,1559028747,1960284162,1512368369,pass,1.806526243,pass,ok
mc,ss_rbcs/novdd/-40C/mc117,ss_rbcs,-40,,117,304059703,1960284162,899101438,pass,1.814236839,pass,ok
mc,ss_rbcs/novdd/-40C/mc118,ss_rbcs,-40,,118,41730644,1960284162,407296670,pass,1.79370005,pass,ok
mc,ss_rbcs/novdd/-40C/mc119,ss_rbcs,-40,,119,771729297,1960284162,743875637,pass,1.794091397,pass,ok
mc,ss_rbcs/novdd/-40C/mc120,ss_rbcs,-40,,120,2110721383,1960284162,1998459312,pass,1.79297381,pass,ok
mc,ss_rbcs/novdd/-40C/mc121,ss_rbcs,-40,,121,206686093,1960284162,2031568659,pass,1.800405724,pass,ok
mc,ss_rbcs/novdd/-40C/mc122,ss_rbcs,-40,,122,1181681952,1960284162,1253201404,pass,1.800615993,pass,ok
mc,ss_rbcs/novdd/-40C/mc123,ss_rbcs,-40,,123,1705160952,1960284162,1097771960,pass,1.7928522,pass,ok
mc,ss_rbcs/novdd/-40C/mc124,ss_rbcs,-40,,124,1832069476,1960284162,202257413,pass,1.791431006,pass,ok
mc,ss_rbcs/novdd/-40C/mc125,ss_rbcs,-40,,125,34617693,1960284162,1898492242,pass,1.792060455,pass,ok
mc,ss_rbcs/novdd/-40C/mc126,ss_rbcs,-40,,126,1592852555,1960284162,1202304898,pass,1.795735473,pass,ok
mc,ss_rbcs/novdd/-40C/mc127,ss_rbcs,-40,,127,136504965,1960284162,618324830,pass,1.788959742,pass,ok
mc,ss_rbcs/novdd/-40C/mc128,ss_rbcs,-40,,128,893726408,1960284162,1044571388,pass,1.799544433,pass,ok
mc,ss_rbcs/novdd/-40C/mc129,ss_rbcs,-40,,129,1605962286,1960284162,575864672,pass,1.816420128,pass,ok
mc,ss_rbcs/novdd/-40C/mc130,ss_rbcs,-40,,130,1377167378,1960284162,1303805577,pass,1.795972808,pass,ok
mc,ss_rbcs/novdd/-40C/mc131,ss_rbcs,-40,,131,1007569771,1960284162,1524761649,pass,1.7978896,pass,ok
mc,ss_rbcs/novdd/-40C/mc132,ss_rbcs,-40,,132,2098638754,1960284162,301158360,pass,1.788044806,pass,ok
mc,ss_rbcs/novdd/-40C/mc133,ss_rbcs,-40,,133,1186270583,1960284162,415821450,pass,1.79769018,pass,ok
mc,ss_rbcs/novdd/-40C/mc134,ss_rbcs,-40,,134,2058200028,1960284162,155034575,pass,1.803090601,pass,ok
mc,ss_rbcs/novdd/-40C/mc135,ss_rbcs,-40,,135,692115801,1960284162,593657362,pass,1.784488863,pass,ok
mc,ss_rbcs/novdd/-40C/mc136,ss_rbcs,-40,,136,653617025,1960284162,1007835932,pass,1.788863849,pass,ok
mc,ss_rbcs/novdd/-40C/mc137,ss_rbcs,-40,,137,192228768,1960284162,269289751,pass,1.805961175,pass,ok
mc,ss_rbcs/novdd/-40C/mc138,ss_rbcs,-40,,138,1765127325,1960284162,649054345,pass,1.802529432,pass,ok
mc,ss_rbcs/novdd/-40C/mc139,ss_rbcs,-40,,139,404748595,1960284162,1178917481,pass,1.791616674,pass,ok
mc,ss_rbcs/novdd/-40C/mc140,ss_rbcs,-40,,140,727829330,1960284162,1161100329,pass,1.795990435,pass,ok
mc,ss_rbcs/novdd/-40C/mc141,ss_rbcs,-40,,141,106767265,1960284162,201343670,pass,1.798844297,pass,ok
mc,ss_rbcs/novdd/-40C/mc142,ss_rbcs,-40,,142,496351154,1960284162,1983778951,pass,1.802808359,pass,ok
mc,ss_rbcs/novdd/-40C/mc143,ss_rbcs,-40,,143,979948241,1960284162,621028370,pass,1.804869913,pass,ok
mc,ss_rbcs/novdd/-40C/mc144,ss_rbcs,-40,,144,106378236,1960284162,1680580009,pass,1.804702948,pass,ok
mc,ss_rbcs/novdd/-40C/mc145,ss_rbcs,-40,,145,1790305250,1960284162,1377105259,pass,1.809002255,pass,ok
mc,ss_rbcs/novdd/-40C/mc146,ss_rbcs,-40,,146,1244870159,1960284162,1153514788,pass,1.797951509,pass,ok
mc,ss_rbcs/novdd/-40C/mc147,ss_rbcs,-40,,147,393285794,1960284162,1627583413,pass,1.819568481,pass,ok
mc,ss_rbcs/novdd/-40C/mc148,ss_rbcs,-40,,148,957253411,1960284162,1582688110,pass,1.803392368,pass,ok
mc,ss_rbcs/novdd/-40C/mc149,ss_rbcs,-40,,149,792069580,1960284162,1023137939,pass,1.796117756,pass,ok
mc,ss_rbcs/novdd/-40C/mc150,ss_rbcs,-40,,150,1539994240,1960284162,825019443,pass,1.789529486,pass,ok
mc,ss_rbcs/novdd/-40C/mc151,ss_rbcs,-40,,151,753823230,1960284162,1493321094,pass,1.797405632,pass,ok
mc,ss_rbcs/novdd/-40C/mc152,ss_rbcs,-40,,152,485203102,1960284162,1477472825,pass,1.812568729,pass,ok
mc,ss_rbcs/novdd/-40C/mc153,ss_rbcs,-40,,153,1438365561,1960284162,74363250,pass,1.796099892,pass,ok
mc,ss_rbcs/novdd/-40C/mc154,ss_rbcs,-40,,154,120830911,1960284162,750051121,pass,1.790371294,pass,ok
mc,ss_rbcs/novdd/-40C/mc155,ss_rbcs,-40,,155,423909212,1960284162,199031932,pass,1.805785594,pass,ok
mc,ss_rbcs/novdd/-40C/mc156,ss_rbcs,-40,,156,774117926,1960284162,1688121779,pass,1.811822738,pass,ok
mc,ss_rbcs/novdd/-40C/mc157,ss_rbcs,-40,,157,2095269062,1960284162,810288752,pass,1.804434937,pass,ok
mc,ss_rbcs/novdd/-40C/mc158,ss_rbcs,-40,,158,982244485,1960284162,1683683282,pass,1.807610512,pass,ok
mc,ss_rbcs/novdd/-40C/mc159,ss_rbcs,-40,,159,357406517,1960284162,1884109882,pass,1.804779092,pass,ok
mc,ss_rbcs/novdd/-40C/mc160,ss_rbcs,-40,,160,938247344,1960284162,213627469,pass,1.78404087,pass,ok
mc,ss_rbcs/novdd/-40C/mc161,ss_rbcs,-40,,161,570487346,1960284162,356941140,pass,1.790885351,pass,ok
mc,ss_rbcs/novdd/-40C/mc162,ss_rbcs,-40,,162,1238150451,1960284162,1314412984,pass,1.806411977,pass,ok
mc,ss_rbcs/novdd/-40C/mc163,ss_rbcs,-40,,163,1029746677,1960284162,1869223607,pass,1.797736993,pass,ok
mc,ss_rbcs/novdd/-40C/mc164,ss_rbcs,-40,,164,1186558004,1960284162,817844147,pass,1.805585442,pass,ok
mc,ss_rbcs/novdd/-40C/mc165,ss_rbcs,-40,,165,1420628801,1960284162,1182150301,pass,1.790109931,pass,ok
mc,ss_rbcs/novdd/-40C/mc166,ss_rbcs,-40,,166,771133523,1960284162,18906442,pass,1.788185355,pass,ok
mc,ss_rbcs/novdd/-40C/mc167,ss_rbcs,-40,,167,14610316,1960284162,219063368,pass,1.797199047,pass,ok
mc,ss_rbcs/novdd/-40C/mc168,ss_rbcs,-40,,168,1297453911,1960284162,1266884243,pass,1.808333364,pass,ok
mc,ss_rbcs/novdd/-40C/mc169,ss_rbcs,-40,,169,113676821,1960284162,2134016795,pass,1.803811123,pass,ok
mc,ss_rbcs/novdd/-40C/mc170,ss_rbcs,-40,,170,521238306,1960284162,919570091,pass,1.816417223,pass,ok
mc,ss_rbcs/novdd/-40C/mc171,ss_rbcs,-40,,171,237641259,1960284162,528463699,pass,1.802823174,pass,ok
mc,ss_rbcs/novdd/-40C/mc172,ss_rbcs,-40,,172,30498057,1960284162,1455971742,pass,1.807074223,pass,ok
mc,ss_rbcs/novdd/-40C/mc173,ss_rbcs,-40,,173,1177788228,1960284162,1659557017,pass,1.803917598,pass,ok
mc,ss_rbcs/novdd/-40C/mc174,ss_rbcs,-40,,174,999336842,1960284162,1111351380,pass,1.774197504,pass,ok
mc,ss_rbcs/novdd/-40C/mc175,ss_rbcs,-40,,175,1398062087,1960284162,564910435,pass,1.789123501,pass,ok
mc,ss_rbcs/novdd/-40C/mc176,ss_rbcs,-40,,176,1217620887,1960284162,61465144,pass,1.793286433,pass,ok
mc,ss_rbcs/novdd/-40C/mc177,ss_rbcs,-40,,177,277340356,1960284162,990279728,pass,1.807367903,pass,ok
mc,ss_rbcs/novdd/-40C/mc178,ss_rbcs,-40,,178,889319003,1960284162,835776495,pass,1.797920397,pass,ok
mc,ss_rbcs/novdd/-40C/mc179,ss_rbcs,-40,,179,533359452,1960284162,673724833,pass,1.814581972,pass,ok
mc,ss_rbcs/novdd/-40C/mc180,ss_rbcs,-40,,180,629127845,1960284162,1317839578,pass,1.768126699,pass,ok
mc,ss_rbcs/novdd/-40C/mc181,ss_rbcs,-40,,181,655954461,1960284162,1633716128,pass,1.799497144,pass,ok
mc,ss_rbcs/novdd/-40C/mc182,ss_rbcs,-40,,182,1498666941,1960284162,2036970936,pass,1.81002787,pass,ok
mc,ss_rbcs/novdd/-40C/mc183,ss_rbcs,-40,,183,1800706487,1960284162,540497645,pass,1.795695877,pass,ok
mc,ss_rbcs/novdd/-40C/mc184,ss_rbcs,-40,,184,2113390983,1960284162,1814509420,pass,1.793665852,pass,ok
mc,ss_rbcs/novdd/-40C/mc185,ss_rbcs,-40,,185,559454238,1960284162,1108914319,pass,1.810464511,pass,ok
mc,ss_rbcs/novdd/-40C/mc186,ss_rbcs,-40,,186,1999952793,1960284162,456920827,pass,1.793699283,pass,ok
mc,ss_rbcs/novdd/-40C/mc187,ss_rbcs,-40,,187,1781148160,1960284162,1837203873,pass,1.807171737,pass,ok
mc,ss_rbcs/novdd/-40C/mc188,ss_rbcs,-40,,188,1732473723,1960284162,2118031891,pass,1.809153328,pass,ok
mc,ss_rbcs/novdd/-40C/mc189,ss_rbcs,-40,,189,1923314982,1960284162,845006482,pass,1.813112845,pass,ok
mc,ss_rbcs/novdd/-40C/mc190,ss_rbcs,-40,,190,1334536863,1960284162,607479982,pass,1.794591959,pass,ok
mc,ss_rbcs/novdd/-40C/mc191,ss_rbcs,-40,,191,1383714215,1960284162,2030690614,pass,1.800889905,pass,ok
mc,ss_rbcs/novdd/-40C/mc192,ss_rbcs,-40,,192,889507543,1960284162,1226407799,pass,1.793793681,pass,ok
mc,ss_rbcs/novdd/-40C/mc193,ss_rbcs,-40,,193,842787577,1960284162,267229383,pass,1.806299092,pass,ok
mc,ss_rbcs/novdd/-40C/mc194,ss_rbcs,-40,,194,1970300245,1960284162,1134299672,pass,1.801742599,pass,ok
mc,ss_rbcs/novdd/-40C/mc195,ss_rbcs,-40,,195,2030365263,1960284162,2051344403,pass,1.790428003,pass,ok
mc,ss_rbcs/novdd/-40C/mc196,ss_rbcs,-40,,196,469768706,1960284162,764878978,pass,1.806766113,pass,ok
mc,ss_rbcs/novdd/-40C/mc197,ss_rbcs,-40,,197,1937741988,1960284162,246730764,pass,1.809100938,pass,ok
mc,ss_rbcs/novdd/-40C/mc198,ss_rbcs,-40,,198,593806598,1960284162,1938473407,pass,1.795332266,pass,ok
mc,ss_rbcs/novdd/-40C/mc199,ss_rbcs,-40,,199,1352921600,1960284162,1680420758,pass,1.804961993,pass,ok
mc,ss_rbcs/novdd/-40C/mc200,ss_rbcs,-40,,200,191548980,1960284162,109929366,pass,1.803841676,pass,ok
mc,ss_rbcs/novdd/-40C/mc201,ss_rbcs,-40,,201,2041870604,1960284162,2012312089,pass,1.805444801,pass,ok
mc,ss_rbcs/novdd/-40C/mc202,ss_rbcs,-40,,202,1343189880,1960284162,105129932,pass,1.782114023,pass,ok
mc,ss_rbcs/novdd/-40C/mc203,ss_rbcs,-40,,203,1683066462,1960284162,1887826355,pass,1.801843717,pass,ok
mc,ss_rbcs/novdd/-40C/mc204,ss_rbcs,-40,,204,1137161163,1960284162,2033119481,pass,1.799844178,pass,ok
mc,ss_rbcs/novdd/-40C/mc205,ss_rbcs,-40,,205,1913077509,1960284162,155000121,pass,1.801959412,pass,ok
mc,ss_rbcs/novdd/-40C/mc206,ss_rbcs,-40,,206,420331615,1960284162,1074551826,pass,1.81405499,pass,ok
mc,ss_rbcs/novdd/-40C/mc207,ss_rbcs,-40,,207,1725752832,1960284162,992552251,pass,1.806703493,pass,ok
mc,ss_rbcs/novdd/-40C/mc208,ss_rbcs,-40,,208,1608192663,1960284162,46438436,pass,1.798904174,pass,ok
mc,ss_rbcs/novdd/-40C/mc209,ss_rbcs,-40,,209,2071534829,1960284162,1686479160,pass,1.791972052,pass,ok
mc,ss_rbcs/novdd/-40C/mc210,ss_rbcs,-40,,210,258682321,1960284162,1017375888,pass,1.817671274,pass,ok
mc,ss_rbcs/novdd/-40C/mc211,ss_rbcs,-40,,211,829792332,1960284162,1894006802,pass,1.796537331,pass,ok
mc,ss_rbcs/novdd/-40C/mc212,ss_rbcs,-40,,212,2016852221,1960284162,1764134976,pass,1.796075762,pass,ok
mc,ss_rbcs/novdd/-40C/mc213,ss_rbcs,-40,,213,500718034,1960284162,1701850393,pass,1.813729473,pass,ok
mc,ss_rbcs/novdd/-40C/mc214,ss_rbcs,-40,,214,867628770,1960284162,490864845,pass,1.799797148,pass,ok
mc,ss_rbcs/novdd/-40C/mc215,ss_rbcs,-40,,215,432425507,1960284162,828886326,pass,1.806843957,pass,ok
mc,ss_rbcs/novdd/-40C/mc216,ss_rbcs,-40,,216,64388880,1960284162,1052282401,pass,1.803260829,pass,ok
mc,ss_rbcs/novdd/-40C/mc217,ss_rbcs,-40,,217,2087975843,1960284162,1542239320,pass,1.792167477,pass,ok
mc,ss_rbcs/novdd/-40C/mc218,ss_rbcs,-40,,218,384890767,1960284162,363426097,pass,1.800275108,pass,ok
mc,ss_rbcs/novdd/-40C/mc219,ss_rbcs,-40,,219,1913551681,1960284162,1292684048,pass,1.796692999,pass,ok
mc,ss_rbcs/novdd/-40C/mc220,ss_rbcs,-40,,220,1678974338,1960284162,527482075,pass,1.783132039,pass,ok
mc,ss_rbcs/novdd/-40C/mc221,ss_rbcs,-40,,221,1529488175,1960284162,688696175,pass,1.792105797,pass,ok
mc,ss_rbcs/novdd/-40C/mc222,ss_rbcs,-40,,222,1699036130,1960284162,1937149531,pass,1.823007167,pass,ok
mc,ss_rbcs/novdd/-40C/mc223,ss_rbcs,-40,,223,627736928,1960284162,746516135,pass,1.800977349,pass,ok
mc,ss_rbcs/novdd/-40C/mc224,ss_rbcs,-40,,224,358014912,1960284162,1032569007,pass,1.806171556,pass,ok
mc,ss_rbcs/novdd/-40C/mc225,ss_rbcs,-40,,225,1398818467,1960284162,2115577758,pass,1.801043993,pass,ok
mc,ss_rbcs/novdd/-40C/mc226,ss_rbcs,-40,,226,1441632967,1960284162,2089302083,pass,1.792493665,pass,ok
mc,ss_rbcs/novdd/-40C/mc227,ss_rbcs,-40,,227,1354671371,1960284162,1583394440,pass,1.792533025,pass,ok
mc,ss_rbcs/novdd/-40C/mc228,ss_rbcs,-40,,228,1082237448,1960284162,998183857,pass,1.800339058,pass,ok
mc,ss_rbcs/novdd/-40C/mc229,ss_rbcs,-40,,229,1092660992,1960284162,768757038,pass,1.794941537,pass,ok
mc,ss_rbcs/novdd/-40C/mc230,ss_rbcs,-40,,230,1051720752,1960284162,1582658110,pass,1.803114387,pass,ok
mc,ss_rbcs/novdd/-40C/mc231,ss_rbcs,-40,,231,623076818,1960284162,1624576970,pass,1.802009719,pass,ok
mc,ss_rbcs/novdd/-40C/mc232,ss_rbcs,-40,,232,50157789,1960284162,1402793038,pass,1.797145444,pass,ok
mc,ss_rbcs/novdd/-40C/mc233,ss_rbcs,-40,,233,584363185,1960284162,801934090,pass,1.811917687,pass,ok
mc,ss_rbcs/novdd/-40C/mc234,ss_rbcs,-40,,234,491702295,1960284162,1871191390,pass,1.782479406,pass,ok
mc,ss_rbcs/novdd/-40C/mc235,ss_rbcs,-40,,235,809886929,1960284162,414862544,pass,1.800506678,pass,ok
mc,ss_rbcs/novdd/-40C/mc236,ss_rbcs,-40,,236,941845349,1960284162,1807840610,pass,1.796032786,pass,ok
mc,ss_rbcs/novdd/-40C/mc237,ss_rbcs,-40,,237,1202075385,1960284162,1906401181,pass,1.793684601,pass,ok
mc,ss_rbcs/novdd/-40C/mc238,ss_rbcs,-40,,238,1986202815,1960284162,1014106878,pass,1.800054574,pass,ok
mc,ss_rbcs/novdd/-40C/mc239,ss_rbcs,-40,,239,1135105248,1960284162,2135152171,pass,1.816211025,pass,ok
mc,ss_rbcs/novdd/-40C/mc240,ss_rbcs,-40,,240,361834293,1960284162,827231326,pass,1.801955247,pass,ok
mc,ss_rbcs/novdd/-40C/mc241,ss_rbcs,-40,,241,49903549,1960284162,401608113,pass,1.791423357,pass,ok
mc,ss_rbcs/novdd/-40C/mc242,ss_rbcs,-40,,242,385579699,1960284162,378384843,pass,1.785927299,pass,ok
mc,ss_rbcs/novdd/-40C/mc243,ss_rbcs,-40,,243,421392499,1960284162,830875491,pass,1.803883733,pass,ok
mc,ss_rbcs/novdd/-40C/mc244,ss_rbcs,-40,,244,145600080,1960284162,1061531365,pass,1.814966511,pass,ok
mc,ss_rbcs/novdd/-40C/mc245,ss_rbcs,-40,,245,1574574778,1960284162,183554362,pass,1.798852378,pass,ok
mc,ss_rbcs/novdd/-40C/mc246,ss_rbcs,-40,,246,1101003660,1960284162,283959735,pass,1.799981461,pass,ok
mc,ss_rbcs/novdd/-40C/mc247,ss_rbcs,-40,,247,235387459,1960284162,835889231,pass,1.807570343,pass,ok
mc,ss_rbcs/novdd/-40C/mc248,ss_rbcs,-40,,248,2026069413,1960284162,1161854804,pass,1.797115508,pass,ok
mc,ss_rbcs/novdd/-40C/mc249,ss_rbcs,-40,,249,4567698,1960284162,1830684339,pass,1.816009649,pass,ok
mc,ss_rbcs/novdd/-40C/mc250,ss_rbcs,-40,,250,784520627,1960284162,462683464,pass,1.78398142,pass,ok
mc,ss_rbcs/novdd/-40C/mc251,ss_rbcs,-40,,251,983021438,1960284162,855135583,pass,1.800920801,pass,ok
mc,ss_rbcs/novdd/-40C/mc252,ss_rbcs,-40,,252,984695831,1960284162,57523372,pass,1.793357463,pass,ok
mc,ss_rbcs/novdd/-40C/mc253,ss_rbcs,-40,,253,1343624468,1960284162,157093775,pass,1.791612436,pass,ok
mc,ss_rbcs/novdd/-40C/mc254,ss_rbcs,-40,,254,978602248,1960284162,1620889917,pass,1.799261403,pass,ok
mc,ss_rbcs/novdd/-40C/mc255,ss_rbcs,-40,,255,1270152576,1960284162,1491255564,pass,1.805208233,pass,ok
mc,ss_rbcs/novdd/-40C/mc256,ss_rbcs,-40,,256,1090084476,1960284162,968522656,pass,1.791232071,pass,ok
mc,ss_rbcs/novdd/-40C/mc257,ss_rbcs,-40,,257,1590910277,1960284162,1176275578,pass,1.800203532,pass,ok
mc,ss_rbcs/novdd/-40C/mc258,ss_rbcs,-40,,258,1986462134,1960284162,1511560714,pass,1.787702196,pass,ok
mc,ss_rbcs/novdd/-40C/mc259,ss_rbcs,-40,,259,1969493523,1960284162,1846341909,pass,1.790203958,pass,ok
mc,ss_rbcs/novdd/-40C/mc260,ss_rbcs,-40,,260,1893825508,1960284162,524045511,pass,1.812937289,pass,ok
mc,ss_rbcs/novdd/-40C/mc261,ss_rbcs,-40,,261,953960697,1960284162,1983128127,pass,1.797295598,pass,ok
mc,ss_rbcs/novdd/-40C/mc262,ss_rbcs,-40,,262,2042563457,1960284162,1549350395,pass,1.816529197,pass,ok
mc,ss_rbcs/novdd/-40C/mc263,ss_rbcs,-40,,263,1703025849,1960284162,55667638,pass,1.805551394,pass,ok
mc,ss_rbcs/novdd/-40C/mc264,ss_rbcs,-40,,264,1398972197,1960284162,655008081,pass,1.812311014,pass,ok
mc,ss_rbcs/novdd/-40C/mc265,ss_rbcs,-40,,265,1425089976,1960284162,848559128,pass,1.79721696,pass,ok
mc,ss_rbcs/novdd/-40C/mc266,ss_rbcs,-40,,266,1971943749,1960284162,1989571308,pass,1.787183357,pass,ok
mc,ss_rbcs/novdd/-40C/mc267,ss_rbcs,-40,,267,260859449,1960284162,930637192,pass,1.794610238,pass,ok
mc,ss_rbcs/novdd/-40C/mc268,ss_rbcs,-40,,268,1173706159,1960284162,2089983398,pass,1.797484541,pass,ok
mc,ss_rbcs/novdd/-40C/mc269,ss_rbcs,-40,,269,181252316,1960284162,518084463,pass,1.808719652,pass,ok
mc,ss_rbcs/novdd/-40C/mc270,ss_rbcs,-40,,270,614260320,1960284162,393199560,pass,1.790015576,pass,ok
mc,ss_rbcs/novdd/-40C/mc271,ss_rbcs,-40,,271,371694893,1960284162,1845224427,pass,1.802417294,pass,ok
mc,ss_rbcs/novdd/-40C/mc272,ss_rbcs,-40,,272,1207551156,1960284162,1766820547,pass,1.780327442,pass,ok
mc,ss_rbcs/novdd/-40C/mc273,ss_rbcs,-40,,273,886375265,1960284162,2001946382,pass,1.800532395,pass,ok
mc,ss_rbcs/novdd/-40C/mc274,ss_rbcs,-40,,274,1705796856,1960284162,146099130,pass,1.789691112,pass,ok
mc,ss_rbcs/novdd/-40C/mc275,ss_rbcs,-40,,275,493394407,1960284162,117553137,pass,1.809396794,pass,ok
mc,ss_rbcs/novdd/-40C/mc276,ss_rbcs,-40,,276,1827709996,1960284162,920295804,pass,1.797059392,pass,ok
mc,ss_rbcs/novdd/-40C/mc277,ss_rbcs,-40,,277,769868372,1960284162,1837525096,pass,1.809857455,pass,ok
mc,ss_rbcs/novdd/-40C/mc278,ss_rbcs,-40,,278,1564651574,1960284162,1286326137,pass,1.809790718,pass,ok
mc,ss_rbcs/novdd/-40C/mc279,ss_rbcs,-40,,279,1941956823,1960284162,123599190,pass,1.803688034,pass,ok
mc,ss_rbcs/novdd/-40C/mc280,ss_rbcs,-40,,280,1225689286,1960284162,561937030,pass,1.79521995,pass,ok
mc,ss_rbcs/novdd/-40C/mc281,ss_rbcs,-40,,281,1770835777,1960284162,102963323,pass,1.80326483,pass,ok
mc,ss_rbcs/novdd/-40C/mc282,ss_rbcs,-40,,282,484787405,1960284162,1909792561,pass,1.792328559,pass,ok
mc,ss_rbcs/novdd/-40C/mc283,ss_rbcs,-40,,283,1454186832,1960284162,900263420,pass,1.787822045,pass,ok
mc,ss_rbcs/novdd/-40C/mc284,ss_rbcs,-40,,284,1515446549,1960284162,1187618644,pass,1.808853659,pass,ok
mc,ss_rbcs/novdd/-40C/mc285,ss_rbcs,-40,,285,889875438,1960284162,457375200,pass,1.816449772,pass,ok
mc,ss_rbcs/novdd/-40C/mc286,ss_rbcs,-40,,286,1389703303,1960284162,1470898845,pass,1.806146862,pass,ok
mc,ss_rbcs/novdd/-40C/mc287,ss_rbcs,-40,,287,2004635329,1960284162,1502809383,pass,1.802214313,pass,ok
mc,ss_rbcs/novdd/-40C/mc288,ss_rbcs,-40,,288,439959091,1960284162,945172173,pass,1.806373937,pass,ok
mc,ss_rbcs/novdd/-40C/mc289,ss_rbcs,-40,,289,1213863688,1960284162,1674869355,pass,1.802611814,pass,ok
mc,ss_rbcs/novdd/-40C/mc290,ss_rbcs,-40,,290,1036101837,1960284162,733558609,pass,1.802324185,pass,ok
mc,ss_rbcs/novdd/-40C/mc291,ss_rbcs,-40,,291,630162632,1960284162,699702086,pass,1.810066857,pass,ok
mc,ss_rbcs/novdd/-40C/mc292,ss_rbcs,-40,,292,856868394,1960284162,1068798740,pass,1.814533275,pass,ok
mc,ss_rbcs/novdd/-40C/mc293,ss_rbcs,-40,,293,986953978,1960284162,873273212,pass,1.807118683,pass,ok
mc,ss_rbcs/novdd/-40C/mc294,ss_rbcs,-40,,294,1520963395,1960284162,124646892,pass,1.804568185,pass,ok
mc,ss_rbcs/novdd/-40C/mc295,ss_rbcs,-40,,295,64989263,1960284162,1725455199,pass,1.809633248,pass,ok
mc,ss_rbcs/novdd/-40C/mc296,ss_rbcs,-40,,296,1100101866,1960284162,1014187988,pass,1.802452541,pass,ok
mc,ss_rbcs/novdd/-40C/mc297,ss_rbcs,-40,,297,2133713016,1960284162,966240357,pass,1.797331107,pass,ok
mc,ss_rbcs/novdd/-40C/mc298,ss_rbcs,-40,,298,810641505,1960284162,1489925094,pass,1.787237009,pass,ok
mc,ss_rbcs/novdd/-40C/mc299,ss_rbcs,-40,,299,319582460,1960284162,1180500554,pass,1.806029882,pass,ok
mc,ss_rbcs/novdd/-40C/mc300,ss_rbcs,-40,,300,1369124119,1960284162,416180447,pass,1.784073848,pass,ok
mc,ss_rbcs/novdd/-40C/mc301,ss_rbcs,-40,,301,1788265923,1960284162,2107340974,pass,1.820732888,pass,ok
mc,ss_rbcs/novdd/-40C/mc302,ss_rbcs,-40,,302,357518821,1960284162,51741502,pass,1.799225599,pass,ok
mc,ss_rbcs/novdd/-40C/mc303,ss_rbcs,-40,,303,1856192703,1960284162,1938816598,pass,1.800981237,pass,ok
mc,ss_rbcs/novdd/-40C/mc304,ss_rbcs,-40,,304,1564549950,1960284162,1280152462,pass,1.786228061,pass,ok
mc,ss_rbcs/novdd/-40C/mc305,ss_rbcs,-40,,305,1790253154,1960284162,1533350552,pass,1.784477991,pass,ok
mc,ss_rbcs/novdd/-40C/mc306,ss_rbcs,-40,,306,1680866167,1960284162,1887311071,pass,1.786662772,pass,ok
mc,ss_rbcs/novdd/-40C/mc307,ss_rbcs,-40,,307,1173768489,1960284162,1854845741,pass,1.807421753,pass,ok
mc,ss_rbcs/novdd/-40C/mc308,ss_rbcs,-40,,308,1068379246,1960284162,1553275005,pass,1.807779023,pass,ok
mc,ss_rbcs/novdd/-40C/mc309,ss_rbcs,-40,,309,1740911508,1960284162,1018906310,pass,1.81317624,pass,ok
mc,ss_rbcs/novdd/-40C/mc310,ss_rbcs,-40,,310,1379837607,1960284162,325211173,pass,1.791578859,pass,ok
mc,ss_rbcs/novdd/-40C/mc311,ss_rbcs,-40,,311,1889636123,1960284162,1241629355,pass,1.801788729,pass,ok
mc,ss_rbcs/novdd/-40C/mc312,ss_rbcs,-40,,312,1669926730,1960284162,1628294833,pass,1.804183162,pass,ok
mc,ss_rbcs/novdd/-40C/mc313,ss_rbcs,-40,,313,257768652,1960284162,847555396,pass,1.789908673,pass,ok
mc,ss_rbcs/novdd/-40C/mc314,ss_rbcs,-40,,314,2044335877,1960284162,1762138100,pass,1.815767502,pass,ok
mc,ss_rbcs/novdd/-40C/mc315,ss_rbcs,-40,,315,882332485,1960284162,2118464250,pass,1.793186839,pass,ok
mc,ss_rbcs/novdd/-40C/mc316,ss_rbcs,-40,,316,1729976439,1960284162,55380519,pass,1.803250382,pass,ok
mc,ss_rbcs/novdd/-40C/mc317,ss_rbcs,-40,,317,364838436,1960284162,1758250514,pass,1.794188799,pass,ok
mc,ss_rbcs/novdd/-40C/mc318,ss_rbcs,-40,,318,430620232,1960284162,615942886,pass,1.795748047,pass,ok
mc,ss_rbcs/novdd/-40C/mc319,ss_rbcs,-40,,319,482163056,1960284162,822578672,pass,1.81045273,pass,ok
mc,ss_rbcs/novdd/-40C/mc320,ss_rbcs,-40,,320,333685648,1960284162,863977103,pass,1.794991076,pass,ok
mc,ss_rbcs/novdd/-40C/mc321,ss_rbcs,-40,,321,2087925018,1960284162,1879971654,pass,1.82441339,pass,ok
mc,ss_rbcs/novdd/-40C/mc322,ss_rbcs,-40,,322,1679950565,1960284162,48824468,pass,1.811790525,pass,ok
mc,ss_rbcs/novdd/-40C/mc323,ss_rbcs,-40,,323,1672883948,1960284162,1217022044,pass,1.769062818,pass,ok
mc,ss_rbcs/novdd/-40C/mc324,ss_rbcs,-40,,324,1500046810,1960284162,469591705,pass,1.81890133,pass,ok
mc,ss_rbcs/novdd/-40C/mc325,ss_rbcs,-40,,325,212016498,1960284162,1776662368,pass,1.797768945,pass,ok
mc,ss_rbcs/novdd/-40C/mc326,ss_rbcs,-40,,326,45709293,1960284162,1377274678,pass,1.792510062,pass,ok
mc,ss_rbcs/novdd/-40C/mc327,ss_rbcs,-40,,327,996858849,1960284162,2064772103,pass,1.803270131,pass,ok
mc,ss_rbcs/novdd/-40C/mc328,ss_rbcs,-40,,328,1395989796,1960284162,874769155,pass,1.789918936,pass,ok
mc,ss_rbcs/novdd/-40C/mc329,ss_rbcs,-40,,329,228887280,1960284162,1073026541,pass,1.801559815,pass,ok
mc,ss_rbcs/novdd/-40C/mc330,ss_rbcs,-40,,330,1610634687,1960284162,619025007,pass,1.792884295,pass,ok
mc,ss_rbcs/novdd/-40C/mc331,ss_rbcs,-40,,331,1365517353,1960284162,1633103636,pass,1.803810723,pass,ok
mc,ss_rbcs/novdd/-40C/mc332,ss_rbcs,-40,,332,1008746657,1960284162,1983478994,pass,1.805504602,pass,ok
mc,ss_rbcs/novdd/-40C/mc333,ss_rbcs,-40,,333,2005254739,1960284162,1397709312,pass,1.808630811,pass,ok
mc,ss_rbcs/novdd/-40C/mc334,ss_rbcs,-40,,334,1684126179,1960284162,2127776501,pass,1.794177224,pass,ok
mc,ss_rbcs/novdd/-40C/mc335,ss_rbcs,-40,,335,561875557,1960284162,1367466556,pass,1.804120011,pass,ok
mc,ss_rbcs/novdd/-40C/mc336,ss_rbcs,-40,,336,100736895,1960284162,606082661,pass,1.789382613,pass,ok
mc,ss_rbcs/novdd/-40C/mc337,ss_rbcs,-40,,337,963696706,1960284162,526283335,pass,1.799184923,pass,ok
mc,ss_rbcs/novdd/-40C/mc338,ss_rbcs,-40,,338,442750612,1960284162,195545244,pass,1.808881213,pass,ok
mc,ss_rbcs/novdd/-40C/mc339,ss_rbcs,-40,,339,345231926,1960284162,1294208341,pass,1.79468034,pass,ok
mc,ss_rbcs/novdd/-40C/mc340,ss_rbcs,-40,,340,676937282,1960284162,486840962,pass,1.818017287,pass,ok
mc,ss_rbcs/novdd/-40C/mc341,ss_rbcs,-40,,341,507433739,1960284162,1199374707,pass,1.808792506,pass,ok
mc,ss_rbcs/novdd/-40C/mc342,ss_rbcs,-40,,342,335817705,1960284162,1930152339,pass,1.816975242,pass,ok
mc,ss_rbcs/novdd/-40C/mc343,ss_rbcs,-40,,343,178122167,1960284162,1328506098,pass,1.788958299,pass,ok
mc,ss_rbcs/novdd/-40C/mc344,ss_rbcs,-40,,344,1563958706,1960284162,1911656969,pass,1.805595886,pass,ok
mc,ss_rbcs/novdd/-40C/mc345,ss_rbcs,-40,,345,1812901801,1960284162,1716780418,pass,1.793626291,pass,ok
mc,ss_rbcs/novdd/-40C/mc346,ss_rbcs,-40,,346,2017155378,1960284162,290501061,pass,1.80611709,pass,ok
mc,ss_rbcs/novdd/-40C/mc347,ss_rbcs,-40,,347,170339982,1960284162,1400991901,pass,1.819434468,pass,ok
mc,ss_rbcs/novdd/-40C/mc348,ss_rbcs,-40,,348,360485038,1960284162,1235882048,pass,1.792941394,pass,ok
mc,ss_rbcs/novdd/-40C/mc349,ss_rbcs,-40,,349,1355647526,1960284162,1626423382,pass,1.793160859,pass,ok
mc,ss_rbcs/novdd/-40C/mc350,ss_rbcs,-40,,350,917774706,1960284162,1257513278,pass,1.793828172,pass,ok
mc,ss_rbcs/novdd/-40C/mc351,ss_rbcs,-40,,351,237193028,1960284162,646488787,pass,1.804384968,pass,ok
mc,ss_rbcs/novdd/-40C/mc352,ss_rbcs,-40,,352,2059177714,1960284162,1945695037,pass,1.805413799,pass,ok
mc,ss_rbcs/novdd/-40C/mc353,ss_rbcs,-40,,353,2128158642,1960284162,798882055,pass,1.798047551,pass,ok
mc,ss_rbcs/novdd/-40C/mc354,ss_rbcs,-40,,354,1206407687,1960284162,1694387327,pass,1.799188927,pass,ok
mc,ss_rbcs/novdd/-40C/mc355,ss_rbcs,-40,,355,913966594,1960284162,1605036612,pass,1.807737618,pass,ok
mc,ss_rbcs/novdd/-40C/mc356,ss_rbcs,-40,,356,874312285,1960284162,1306689340,pass,1.812613696,pass,ok
mc,ss_rbcs/novdd/-40C/mc357,ss_rbcs,-40,,357,1631947864,1960284162,634334959,pass,1.793778274,pass,ok
mc,ss_rbcs/novdd/-40C/mc358,ss_rbcs,-40,,358,719018538,1960284162,977196257,pass,1.822526076,pass,ok
mc,ss_rbcs/novdd/-40C/mc359,ss_rbcs,-40,,359,1072218419,1960284162,2080887128,pass,1.807809092,pass,ok
mc,ss_rbcs/novdd/-40C/mc360,ss_rbcs,-40,,360,801821023,1960284162,1353174329,pass,1.815605866,pass,ok
mc,ss_rbcs/novdd/-40C/mc361,ss_rbcs,-40,,361,2041176010,1960284162,870116331,pass,1.782346817,pass,ok
mc,ss_rbcs/novdd/-40C/mc362,ss_rbcs,-40,,362,1228977525,1960284162,1113959983,pass,1.803829069,pass,ok
mc,ss_rbcs/novdd/-40C/mc363,ss_rbcs,-40,,363,670459327,1960284162,598046392,pass,1.814523425,pass,ok
mc,ss_rbcs/novdd/-40C/mc364,ss_rbcs,-40,,364,1581661204,1960284162,1897005548,pass,1.824639537,pass,ok
mc,ss_rbcs/novdd/-40C/mc365,ss_rbcs,-40,,365,1405470196,1960284162,1723725592,pass,1.788251939,pass,ok
mc,ss_rbcs/novdd/-40C/mc366,ss_rbcs,-40,,366,888065013,1960284162,680283577,pass,1.799332886,pass,ok
mc,ss_rbcs/novdd/-40C/mc367,ss_rbcs,-40,,367,1545638075,1960284162,1141769279,pass,1.808536449,pass,ok
mc,ss_rbcs/novdd/-40C/mc368,ss_rbcs,-40,,368,2106596518,1960284162,1446358360,pass,1.796819936,pass,ok
mc,ss_rbcs/novdd/-40C/mc369,ss_rbcs,-40,,369,693618430,1960284162,1908635794,pass,1.801012152,pass,ok
mc,ss_rbcs/novdd/-40C/mc370,ss_rbcs,-40,,370,2036489417,1960284162,775147827,pass,1.80290391,pass,ok
mc,ss_rbcs/novdd/-40C/mc371,ss_rbcs,-40,,371,113697212,1960284162,2091343503,pass,1.787858534,pass,ok
mc,ss_rbcs/novdd/-40C/mc372,ss_rbcs,-40,,372,1194030987,1960284162,487666653,pass,1.805670709,pass,ok
mc,ss_rbcs/novdd/-40C/mc373,ss_rbcs,-40,,373,763922011,1960284162,1883213385,pass,1.799503791,pass,ok
mc,ss_rbcs/novdd/-40C/mc374,ss_rbcs,-40,,374,284981627,1960284162,717474471,pass,1.803637919,pass,ok
mc,ss_rbcs/novdd/-40C/mc375,ss_rbcs,-40,,375,765950576,1960284162,727428391,pass,1.814050352,pass,ok
mc,ss_rbcs/novdd/-40C/mc376,ss_rbcs,-40,,376,1479085220,1960284162,1425991679,pass,1.802478951,pass,ok
mc,ss_rbcs/novdd/-40C/mc377,ss_rbcs,-40,,377,1216501581,1960284162,398213948,pass,1.802908194,pass,ok
mc,ss_rbcs/novdd/-40C/mc378,ss_rbcs,-40,,378,1141182626,1960284162,364096992,pass,1.802867951,pass,ok
mc,ss_rbcs/novdd/-40C/mc379,ss_rbcs,-40,,379,1162050410,1960284162,632620931,pass,1.808175849,pass,ok
mc,ss_rbcs/novdd/-40C/mc380,ss_rbcs,-40,,380,1414902608,1960284162,1110728119,pass,1.796093956,pass,ok
mc,ss_rbcs/novdd/-40C/mc381,ss_rbcs,-40,,381,902471758,1960284162,1191750407,pass,1.79534049,pass,ok
mc,ss_rbcs/novdd/-40C/mc382,ss_rbcs,-40,,382,678774266,1960284162,967798065,pass,1.808408851,pass,ok
mc,ss_rbcs/novdd/-40C/mc383,ss_rbcs,-40,,383,2135476458,1960284162,2126599148,pass,1.795283425,pass,ok
mc,ss_rbcs/novdd/-40C/mc384,ss_rbcs,-40,,384,948686447,1960284162,441863676,pass,1.805024905,pass,ok
mc,ss_rbcs/novdd/-40C/mc385,ss_rbcs,-40,,385,1950554370,1960284162,1677892948,pass,1.808926204,pass,ok
mc,ss_rbcs/novdd/-40C/mc386,ss_rbcs,-40,,386,2030822322,1960284162,1119170370,pass,1.817835711,pass,ok
mc,ss_rbcs/novdd/-40C/mc387,ss_rbcs,-40,,387,1626761564,1960284162,988358595,pass,1.78614697,pass,ok
mc,ss_rbcs/novdd/-40C/mc388,ss_rbcs,-40,,388,1891962769,1960284162,942670671,pass,1.797169793,pass,ok
mc,ss_rbcs/novdd/-40C/mc389,ss_rbcs,-40,,389,1059845624,1960284162,1969005113,pass,1.795292034,pass,ok
mc,ss_rbcs/novdd/-40C/mc390,ss_rbcs,-40,,390,1182490079,1960284162,638569071,pass,1.813223554,pass,ok
mc,ss_rbcs/novdd/-40C/mc391,ss_rbcs,-40,,391,222874084,1960284162,264819557,pass,1.826052757,pass,ok
mc,ss_rbcs/novdd/-40C/mc392,ss_rbcs,-40,,392,108387166,1960284162,680140498,pass,1.78684431,pass,ok
mc,ss_rbcs/novdd/-40C/mc393,ss_rbcs,-40,,393,1188738624,1960284162,1448397738,pass,1.814841301,pass,ok
mc,ss_rbcs/novdd/-40C/mc394,ss_rbcs,-40,,394,707267658,1960284162,1776883176,pass,1.805025546,pass,ok
mc,ss_rbcs/novdd/-40C/mc395,ss_rbcs,-40,,395,210482199,1960284162,344472289,pass,1.790792305,pass,ok
mc,ss_rbcs/novdd/-40C/mc396,ss_rbcs,-40,,396,2113926776,1960284162,336094240,pass,1.798924526,pass,ok
mc,ss_rbcs/novdd/-40C/mc397,ss_rbcs,-40,,397,853339602,1960284162,459331174,pass,1.802467669,pass,ok
mc,ss_rbcs/novdd/-40C/mc398,ss_rbcs,-40,,398,980087006,1960284162,216838828,pass,1.802994194,pass,ok
mc,ss_rbcs/novdd/-40C/mc399,ss_rbcs,-40,,399,202922465,1960284162,15909075,pass,1.799921246,pass,ok
mc,ff_rwcs/novdd/125C/mc0,ff_rwcs,125,,0,888330210,149854089,369087318,pass,1.804492505,pass,ok
mc,ff_rwcs/novdd/125C/mc1,ff_rwcs,125,,1,846880181,149854089,1222590340,pass,1.806819118,pass,ok
mc,ff_rwcs/novdd/125C/mc2,ff_rwcs,125,,2,1204335734,149854089,1728180528,pass,1.798506578,pass,ok
mc,ff_rwcs/novdd/125C/mc3,ff_rwcs,125,,3,602454039,149854089,989778071,pass,1.809699409,pass,ok
mc,ff_rwcs/novdd/125C/mc4,ff_rwcs,125,,4,1051142774,149854089,488339551,pass,1.809861822,pass,ok
mc,ff_rwcs/novdd/125C/mc5,ff_rwcs,125,,5,514109867,149854089,705237467,pass,1.793798377,pass,ok
mc,ff_rwcs/novdd/125C/mc6,ff_rwcs,125,,6,1834944583,149854089,1524482621,pass,1.820007063,pass,ok
mc,ff_rwcs/novdd/125C/mc7,ff_rwcs,125,,7,1783729888,149854089,289443231,pass,1.799541234,pass,ok
mc,ff_rwcs/novdd/125C/mc8,ff_rwcs,125,,8,270528297,149854089,189912560,pass,1.790804458,pass,ok
mc,ff_rwcs/novdd/125C/mc9,ff_rwcs,125,,9,519533616,149854089,1988013662,pass,1.791828299,pass,ok
mc,ff_rwcs/novdd/125C/mc10,ff_rwcs,125,,10,1627653435,149854089,2098365028,pass,1.795201127,pass,ok
mc,ff_rwcs/novdd/125C/mc11,ff_rwcs,125,,11,868586907,149854089,1893219880,pass,1.789698093,pass,ok
mc,ff_rwcs/novdd/125C/mc12,ff_rwcs,125,,12,2093533329,149854089,1145127909,pass,1.78705179,pass,ok
mc,ff_rwcs/novdd/125C/mc13,ff_rwcs,125,,13,1665318349,149854089,419545847,pass,1.805972042,pass,ok
mc,ff_rwcs/novdd/125C/mc14,ff_rwcs,125,,14,1275564943,149854089,634785983,pass,1.815899328,pass,ok
mc,ff_rwcs/novdd/125C/mc15,ff_rwcs,125,,15,2053281915,149854089,1345130594,pass,1.804181737,pass,ok
mc,ff_rwcs/novdd/125C/mc16,ff_rwcs,125,,16,267997126,149854089,708704916,pass,1.806205697,pass,ok
mc,ff_rwcs/novdd/125C/mc17,ff_rwcs,125,,17,1128803791,149854089,1736389004,pass,1.799707823,pass,ok
mc,ff_rwcs/novdd/125C/mc18,ff_rwcs,125,,18,1790038722,149854089,1770692449,pass,1.81323106,pass,ok
mc,ff_rwcs/novdd/125C/mc19,ff_rwcs,125,,19,1971237952,149854089,26651196,pass,1.80302564,pass,ok
mc,ff_rwcs/novdd/125C/mc20,ff_rwcs,125,,20,250855452,149854089,1161610472,pass,1.812770322,pass,ok
mc,ff_rwcs/novdd/125C/mc21,ff_rwcs,125,,21,2018522632,149854089,1540019083,pass,1.82163178,pass,ok
mc,ff_rwcs/novdd/125C/mc22,ff_rwcs,125,,22,1769781205,149854089,436612666,pass,1.816762998,pass,ok
mc,ff_rwcs/novdd/125C/mc23,ff_rwcs,125,,23,669626317,149854089,568211931,pass,1.797298404,pass,ok
mc,ff_rwcs/novdd/125C/mc24,ff_rwcs,125,,24,61686156,149854089,1622671895,pass,1.786018835,pass,ok
mc,ff_rwcs/novdd/125C/mc25,ff_rwcs,125,,25,728835508,149854089,391842694,pass,1.804894869,pass,ok
mc,ff_rwcs/novdd/125C/mc26,ff_rwcs,125,,26,747867470,149854089,590380591,pass,1.797486994,pass,ok
mc,ff_rwcs/novdd/125C/mc27,ff_rwcs,125,,27,1362698099,149854089,929960184,pass,1.809397667,pass,ok
mc,ff_rwcs/novdd/125C/mc28,ff_rwcs,125,,28,1810744599,149854089,494207140,pass,1.800137247,pass,ok
mc,ff_rwcs/novdd/125C/mc29,ff_rwcs,125,,29,1799880481,149854089,902284220,pass,1.799002846,pass,ok
mc,ff_rwcs/novdd/125C/mc30,ff_rwcs,125,,30,20598115,149854089,1851294687,pass,1.804812828,pass,ok
mc,ff_rwcs/novdd/125C/mc31,ff_rwcs,125,,31,421562576,149854089,1571557785,pass,1.7948442,pass,ok
mc,ff_rwcs/novdd/125C/mc32,ff_rwcs,125,,32,1577357672,149854089,461414328,pass,1.808549595,pass,ok
mc,ff_rwcs/novdd/125C/mc33,ff_rwcs,125,,33,424716928,149854089,1157309051,pass,1.805178517,pass,ok
mc,ff_rwcs/novdd/125C/mc34,ff_rwcs,125,,34,379965751,149854089,110369179,pass,1.790847182,pass,ok
mc,ff_rwcs/novdd/125C/mc35,ff_rwcs,125,,35,949411175,149854089,2040855044,pass,1.7978258,pass,ok
mc,ff_rwcs/novdd/125C/mc36,ff_rwcs,125,,36,1582503592,149854089,1148271950,pass,1.803300347,pass,ok
mc,ff_rwcs/novdd/125C/mc37,ff_rwcs,125,,37,1128509177,149854089,2101594341,pass,1.804950832,pass,ok
mc,ff_rwcs/novdd/125C/mc38,ff_rwcs,125,,38,118217696,149854089,1772104214,pass,1.800714528,pass,ok
mc,ff_rwcs/novdd/125C/mc39,ff_rwcs,125,,39,1858438900,149854089,1587304546,pass,1.783842448,pass,ok
mc,ff_rwcs/novdd/125C/mc40,ff_rwcs,125,,40,1241059187,149854089,1489068331,pass,1.806041452,pass,ok
mc,ff_rwcs/novdd/125C/mc41,ff_rwcs,125,,41,993005287,149854089,659161297,pass,1.793044202,pass,ok
mc,ff_rwcs/novdd/125C/mc42,ff_rwcs,125,,42,95856508,149854089,968384319,pass,1.80517116,pass,ok
mc,ff_rwcs/novdd/125C/mc43,ff_rwcs,125,,43,256200648,149854089,450393076,pass,1.79571031,pass,ok
mc,ff_rwcs/novdd/125C/mc44,ff_rwcs,125,,44,941333225,149854089,1752959283,pass,1.793272992,pass,ok
mc,ff_rwcs/novdd/125C/mc45,ff_rwcs,125,,45,870877113,149854089,1449234252,pass,1.805183022,pass,ok
mc,ff_rwcs/novdd/125C/mc46,ff_rwcs,125,,46,481952857,149854089,801451204,pass,1.816464099,pass,ok
mc,ff_rwcs/novdd/125C/mc47,ff_rwcs,125,,47,1326508786,149854089,567466176,pass,1.790460737,pass,ok
mc,ff_rwcs/novdd/125C/mc48,ff_rwcs,125,,48,1339780526,149854089,2110553731,pass,1.819476103,pass,ok
mc,ff_rwcs/novdd/125C/mc49,ff_rwcs,125,,49,880251819,149854089,1971489100,pass,1.795873634,pass,ok
mc,ff_rwcs/novdd/125C/mc50,ff_rwcs,125,,50,2073049781,149854089,1265132768,pass,1.826558407,pass,ok
mc,ff_rwcs/novdd/125C/mc51,ff_rwcs,125,,51,1232483440,149854089,833456164,pass,1.792939488,pass,ok
mc,ff_rwcs/novdd/125C/mc52,ff_rwcs,125,,52,27360183,149854089,1617687131,pass,1.806791882,pass,ok
mc,ff_rwcs/novdd/125C/mc53,ff_rwcs,125,,53,899811252,149854089,928561586,pass,1.779019174,pass,ok
mc,ff_rwcs/novdd/125C/mc54,ff_rwcs,125,,54,309400981,149854089,449516128,pass,1.803228129,pass,ok
mc,ff_rwcs/novdd/125C/mc55,ff_rwcs,125,,55,1747831136,149854089,1937085061,pass,1.813181937,pass,ok
mc,ff_rwcs/novdd/125C/mc56,ff_rwcs,125,,56,1138904024,149854089,1669405169,pass,1.820617474,pass,ok
mc,ff_rwcs/novdd/125C/mc57,ff_rwcs,125,,57,863715798,149854089,509563568,pass,1.786703227,pass,ok
mc,ff_rwcs/novdd/125C/mc58,ff_rwcs,125,,58,1072197979,149854089,1313474059,pass,1.801135952,pass,ok
mc,ff_rwcs/novdd/125C/mc59,ff_rwcs,125,,59,1331643889,149854089,1503647752,pass,1.818981494,pass,ok
mc,ff_rwcs/novdd/125C/mc60,ff_rwcs,125,,60,1448828116,149854089,1024529335,pass,1.803355325,pass,ok
mc,ff_rwcs/novdd/125C/mc61,ff_rwcs,125,,61,666045471,149854089,175741004,pass,1.79306482,pass,ok
mc,ff_rwcs/novdd/125C/mc62,ff_rwcs,125,,62,1294494307,149854089,1592467134,pass,1.804148915,pass,ok
mc,ff_rwcs/novdd/125C/mc63,ff_rwcs,125,,63,1418565324,149854089,591551144,pass,1.800737137,pass,ok
mc,ff_rwcs/novdd/125C/mc64,ff_rwcs,125,,64,1226648411,149854089,878266081,pass,1.810154175,pass,ok
mc,ff_rwcs/novdd/125C/mc65,ff_rwcs,125,,65,1157295844,149854089,444019960,pass,1.770725999,pass,ok
mc,ff_rwcs/novdd/125C/mc66,ff_rwcs,125,,66,2022463558,149854089,1134925423,pass,1.789499691,pass,ok
mc,ff_rwcs/novdd/125C/mc67,ff_rwcs,125,,67,2122565254,149854089,1154265867,pass,1.783922068,pass,ok
mc,ff_rwcs/novdd/125C/mc68,ff_rwcs,125,,68,491738389,149854089,1794107634,pass,1.803787972,pass,ok
mc,ff_rwcs/novdd/125C/mc69,ff_rwcs,125,,69,1154803249,149854089,692631110,pass,1.808181672,pass,ok
mc,ff_rwcs/novdd/125C/mc70,ff_rwcs,125,,70,656583538,149854089,2023270517,pass,1.797232224,pass,ok
mc,ff_rwcs/novdd/125C/mc71,ff_rwcs,125,,71,1103672815,149854089,1188206777,pass,1.801333755,pass,ok
mc,ff_rwcs/novdd/125C/mc72,ff_rwcs,125,,72,1959839437,149854089,665930038,pass,1.80862112,pass,ok
mc,ff_rwcs/novdd/125C/mc73,ff_rwcs,125,,73,13548571,149854089,697819105,pass,1.813626047,pass,ok
mc,ff_rwcs/novdd/125C/mc74,ff_rwcs,125,,74,673392230,149854089,1915253387,pass,1.799995354,pass,ok
mc,ff_rwcs/novdd/125C/mc75,ff_rwcs,125,,75,2031121099,149854089,762931759,pass,1.782548218,pass,ok
mc,ff_rwcs/novdd/125C/mc76,ff_rwcs,125,,76,1641623158,149854089,1138671234,pass,1.794162027,pass,ok
mc,ff_rwcs/novdd/125C/mc77,ff_rwcs,125,,77,279916940,149854089,1457382558,pass,1.801390341,pass,ok
mc,ff_rwcs/novdd/125C/mc78,ff_rwcs,125,,78,1041627090,149854089,364733117,pass,1.786147164,pass,ok
mc,ff_rwcs/novdd/125C/mc79,ff_rwcs,125,,79,167536070,149854089,1408526842,pass,1.817242759,pass,ok
mc,ff_rwcs/novdd/125C/mc80,ff_rwcs,125,,80,563131520,149854089,1608634386,pass,1.796778293,pass,ok
mc,ff_rwcs/novdd/125C/mc81,ff_rwcs,125,,81,1227494137,149854089,2093479497,pass,1.817799922,pass,ok
mc,ff_rwcs/novdd/125C/mc82,ff_rwcs,125,,82,1088587026,149854089,1830064055,pass,1.781337808,pass,ok
mc,ff_rwcs/novdd/125C/mc83,ff_rwcs,125,,83,996194682,149854089,1614917874,pass,1.806377081,pass,ok
mc,ff_rwcs/novdd/125C/mc84,ff_rwcs,125,,84,1410380139,149854089,1356529288,pass,1.811437932,pass,ok
mc,ff_rwcs/novdd/125C/mc85,ff_rwcs,125,,85,620509785,149854089,1313431888,pass,1.801651709,pass,ok
mc,ff_rwcs/novdd/125C/mc86,ff_rwcs,125,,86,670358841,149854089,1870423879,pass,1.793524692,pass,ok
mc,ff_rwcs/novdd/125C/mc87,ff_rwcs,125,,87,999556037,149854089,679347389,pass,1.815467627,pass,ok
mc,ff_rwcs/novdd/125C/mc88,ff_rwcs,125,,88,831348898,149854089,1393196535,pass,1.798065546,pass,ok
mc,ff_rwcs/novdd/125C/mc89,ff_rwcs,125,,89,1220067249,149854089,34375105,pass,1.802836117,pass,ok
mc,ff_rwcs/novdd/125C/mc90,ff_rwcs,125,,90,1190008241,149854089,1976784417,pass,1.819098578,pass,ok
mc,ff_rwcs/novdd/125C/mc91,ff_rwcs,125,,91,279364344,149854089,2046242094,pass,1.796799744,pass,ok
mc,ff_rwcs/novdd/125C/mc92,ff_rwcs,125,,92,1637049366,149854089,562376313,pass,1.792243163,pass,ok
mc,ff_rwcs/novdd/125C/mc93,ff_rwcs,125,,93,218823837,149854089,869196287,pass,1.787379936,pass,ok
mc,ff_rwcs/novdd/125C/mc94,ff_rwcs,125,,94,552570558,149854089,1908105777,pass,1.799993373,pass,ok
mc,ff_rwcs/novdd/125C/mc95,ff_rwcs,125,,95,787648929,149854089,436019517,pass,1.796709855,pass,ok
mc,ff_rwcs/novdd/125C/mc96,ff_rwcs,125,,96,228611158,149854089,2087623792,pass,1.80094908,pass,ok
mc,ff_rwcs/novdd/125C/mc97,ff_rwcs,125,,97,1319917733,149854089,2111080325,pass,1.792382889,pass,ok
mc,ff_rwcs/novdd/125C/mc98,ff_rwcs,125,,98,2136225346,149854089,997200873,pass,1.788056832,pass,ok
mc,ff_rwcs/novdd/125C/mc99,ff_rwcs,125,,99,1118865786,149854089,1571235561,pass,1.790863162,pass,ok
mc,ff_rwcs/novdd/125C/mc100,ff_rwcs,125,,100,409455566,149854089,244266367,pass,1.815516888,pass,ok
mc,ff_rwcs/novdd/125C/mc101,ff_rwcs,125,,101,506436144,149854089,881236330,pass,1.791795462,pass,ok
mc,ff_rwcs/novdd/125C/mc102,ff_rwcs,125,,102,1416058120,149854089,2012959335,pass,1.809362661,pass,ok
mc,ff_rwcs/novdd/125C/mc103,ff_rwcs,125,,103,324886009,149854089,1533981684,pass,1.805355328,pass,ok
mc,ff_rwcs/novdd/125C/mc104,ff_rwcs,125,,104,552172978,149854089,1677634420,pass,1.809425867,pass,ok
mc,ff_rwcs/novdd/125C/mc105,ff_rwcs,125,,105,1088562112,149854089,1137396401,pass,1.798034231,pass,ok
mc,ff_rwcs/novdd/125C/mc106,ff_rwcs,125,,106,1370744942,149854089,1245237327,pass,1.822900612,pass,ok
mc,ff_rwcs/novdd/125C/mc107,ff_rwcs,125,,107,679503580,149854089,1698472414,pass,1.814346578,pass,ok
mc,ff_rwcs/novdd/125C/mc108,ff_rwcs,125,,108,2087531433,149854089,176309470,pass,1.788907902,pass,ok
mc,ff_rwcs/novdd/125C/mc109,ff_rwcs,125,,109,133159460,149854089,1766262207,pass,1.783235153,pass,ok
mc,ff_rwcs/novdd/125C/mc110,ff_rwcs,125,,110,1929106568,149854089,228267601,pass,1.809843288,pass,ok
mc,ff_rwcs/novdd/125C/mc111,ff_rwcs,125,,111,1919854888,149854089,1806196180,pass,1.807113594,pass,ok
mc,ff_rwcs/novdd/125C/mc112,ff_rwcs,125,,112,1980955139,149854089,1739606647,pass,1.800090744,pass,ok
mc,ff_rwcs/novdd/125C/mc113,ff_rwcs,125,,113,1044420751,149854089,1607602033,pass,1.806845636,pass,ok
mc,ff_rwcs/novdd/125C/mc114,ff_rwcs,125,,114,589949806,149854089,94041859,pass,1.803029384,pass,ok
mc,ff_rwcs/novdd/125C/mc115,ff_rwcs,125,,115,1472040583,149854089,1405202220,pass,1.802403778,pass,ok
mc,ff_rwcs/novdd/125C/mc116,ff_rwcs,125,,116,401810867,149854089,1537066646,pass,1.803755903,pass,ok
mc,ff_rwcs/novdd/125C/mc117,ff_rwcs,125,,117,364866236,149854089,375812579,pass,1.800141869,pass,ok
mc,ff_rwcs/novdd/125C/mc118,ff_rwcs,125,,118,255690052,149854089,488879934,pass,1.806423631,pass,ok
mc,ff_rwcs/novdd/125C/mc119,ff_rwcs,125,,119,370602014,149854089,1318409596,pass,1.818465259,pass,ok
mc,ff_rwcs/novdd/125C/mc120,ff_rwcs,125,,120,1415179535,149854089,1527460591,pass,1.8121565,pass,ok
mc,ff_rwcs/novdd/125C/mc121,ff_rwcs,125,,121,1302716247,149854089,1326762895,pass,1.808562456,pass,ok
mc,ff_rwcs/novdd/125C/mc122,ff_rwcs,125,,122,368647981,149854089,632331504,pass,1.794087554,pass,ok
mc,ff_rwcs/novdd/125C/mc123,ff_rwcs,125,,123,1082410240,149854089,1189937317,pass,1.790389415,pass,ok
mc,ff_rwcs/novdd/125C/mc124,ff_rwcs,125,,124,692317206,149854089,1576742270,pass,1.799083585,pass,ok
mc,ff_rwcs/novdd/125C/mc125,ff_rwcs,125,,125,1047337354,149854089,1555633841,pass,1.809745674,pass,ok
mc,ff_rwcs/novdd/125C/mc126,ff_rwcs,125,,126,2128849891,149854089,1467112661,pass,1.808775499,pass,ok
mc,ff_rwcs/novdd/125C/mc127,ff_rwcs,125,,127,645993204,149854089,2015932148,pass,1.801718135,pass,ok
mc,ff_rwcs/novdd/125C/mc128,ff_rwcs,125,,128,1695334365,149854089,1641488545,pass,1.812019981,pass,ok
mc,ff_rwcs/novdd/125C/mc129,ff_rwcs,125,,129,580245462,149854089,221638303,pass,1.807148788,pass,ok
mc,ff_rwcs/novdd/125C/mc130,ff_rwcs,125,,130,1044100322,149854089,746929799,pass,1.791417207,pass,ok
mc,ff_rwcs/novdd/125C/mc131,ff_rwcs,125,,131,550935062,149854089,1261600447,pass,1.804106808,pass,ok
mc,ff_rwcs/novdd/125C/mc132,ff_rwcs,125,,132,1215496245,149854089,455527763,pass,1.782930235,pass,ok
mc,ff_rwcs/novdd/125C/mc133,ff_rwcs,125,,133,751136553,149854089,924431197,pass,1.822346469,pass,ok
mc,ff_rwcs/novdd/125C/mc134,ff_rwcs,125,,134,1242329950,149854089,1619681005,pass,1.793963947,pass,ok
mc,ff_rwcs/novdd/125C/mc135,ff_rwcs,125,,135,1827154652,149854089,754839010,pass,1.812093563,pass,ok
mc,ff_rwcs/novdd/125C/mc136,ff_rwcs,125,,136,1802253264,149854089,922102966,pass,1.820349131,pass,ok
mc,ff_rwcs/novdd/125C/mc137,ff_rwcs,125,,137,649942419,149854089,995406263,pass,1.812188042,pass,ok
mc,ff_rwcs/novdd/125C/mc138,ff_rwcs,125,,138,2087648427,149854089,1256523087,pass,1.810547996,pass,ok
mc,ff_rwcs/novdd/125C/mc139,ff_rwcs,125,,139,1160222011,149854089,1189370073,pass,1.803471028,pass,ok
mc,ff_rwcs/novdd/125C/mc140,ff_rwcs,125,,140,2121980407,149854089,1885440252,pass,1.806147863,pass,ok
mc,ff_rwcs/novdd/125C/mc141,ff_rwcs,125,,141,532458867,149854089,1707435174,pass,1.806609177,pass,ok
mc,ff_rwcs/novdd/125C/mc142,ff_rwcs,125,,142,169390091,149854089,1054358887,pass,1.799172093,pass,ok
mc,ff_rwcs/novdd/125C/mc143,ff_rwcs,125,,143,681446533,149854089,983075776,pass,1.806891846,pass,ok
mc,ff_rwcs/novdd/125C/mc144,ff_rwcs,125,,144,659493174,149854089,2025585980,pass,1.798018527,pass,ok
mc,ff_rwcs/novdd/125C/mc145,ff_rwcs,125,,145,565253951,149854089,724099799,pass,1.805127622,pass,ok
mc,ff_rwcs/novdd/125C/mc146,ff_rwcs,125,,146,823298799,149854089,162375458,pass,1.812948561,pass,ok
mc,ff_rwcs/novdd/125C/mc147,ff_rwcs,125,,147,1061942489,149854089,827791807,pass,1.819127222,pass,ok
mc,ff_rwcs/novdd/125C/mc148,ff_rwcs,125,,148,1848755325,149854089,74270898,pass,1.78499583,pass,ok
mc,ff_rwcs/novdd/125C/mc149,ff_rwcs,125,,149,957072351,149854089,673360173,pass,1.783778252,pass,ok
mc,ff_rwcs/novdd/125C/mc150,ff_rwcs,125,,150,45320763,149854089,1537487931,pass,1.797232333,pass,ok
mc,ff_rwcs/novdd/125C/mc151,ff_rwcs,125,,151,1614636766,149854089,684243908,pass,1.789758556,pass,ok
mc,ff_rwcs/novdd/125C/mc152,ff_rwcs,125,,152,1431660614,149854089,472372222,pass,1.802568671,pass,ok
mc,ff_rwcs/novdd/125C/mc153,ff_rwcs,125,,153,927051710,149854089,264787054,pass,1.812580403,pass,ok
mc,ff_rwcs/novdd/125C/mc154,ff_rwcs,125,,154,150373955,149854089,603222289,pass,1.816056617,pass,ok
mc,ff_rwcs/novdd/125C/mc155,ff_rwcs,125,,155,1223155330,149854089,2143247376,pass,1.790750449,pass,ok
mc,ff_rwcs/novdd/125C/mc156,ff_rwcs,125,,156,1959953549,149854089,319684984,pass,1.792814105,pass,ok
mc,ff_rwcs/novdd/125C/mc157,ff_rwcs,125,,157,1134637351,149854089,1630977579,pass,1.787819833,pass,ok
mc,ff_rwcs/novdd/125C/mc158,ff_rwcs,125,,158,947670787,149854089,614505339,pass,1.814496964,pass,ok
mc,ff_rwcs/novdd/125C/mc159,ff_rwcs,125,,159,283424558,149854089,1351270341,pass,1.800919653,pass,ok
mc,ff_rwcs/novdd/125C/mc160,ff_rwcs,125,,160,1659260154,149854089,718957491,pass,1.799397283,pass,ok
mc,ff_rwcs/novdd/125C/mc161,ff_rwcs,125,,161,631571079,149854089,376107427,pass,1.789590542,pass,ok
mc,ff_rwcs/novdd/125C/mc162,ff_rwcs,125,,162,1309762990,149854089,1706177625,pass,1.77831896,pass,ok
mc,ff_rwcs/novdd/125C/mc163,ff_rwcs,125,,163,1725621106,149854089,2053254429,pass,1.775839595,pass,ok
mc,ff_rwcs/novdd/125C/mc164,ff_rwcs,125,,164,315354425,149854089,75457239,pass,1.780676651,pass,ok
mc,ff_rwcs/novdd/125C/mc165,ff_rwcs,125,,165,1659349560,149854089,1504669569,pass,1.802978576,pass,ok
mc,ff_rwcs/novdd/125C/mc166,ff_rwcs,125,,166,1515817330,149854089,117008398,pass,1.807433172,pass,ok
mc,ff_rwcs/novdd/125C/mc167,ff_rwcs,125,,167,854011751,149854089,1671784192,pass,1.782628571,pass,ok
mc,ff_rwcs/novdd/125C/mc168,ff_rwcs,125,,168,262697056,149854089,1062957314,pass,1.797597626,pass,ok
mc,ff_rwcs/novdd/125C/mc169,ff_rwcs,125,,169,411909093,149854089,630995341,pass,1.798412245,pass,ok
mc,ff_rwcs/novdd/125C/mc170,ff_rwcs,125,,170,1887619926,149854089,1024138954,pass,1.803932736,pass,ok
mc,ff_rwcs/novdd/125C/mc171,ff_rwcs,125,,171,429978914,149854089,1259403896,pass,1.810076305,pass,ok
mc,ff_rwcs/novdd/125C/mc172,ff_rwcs,125,,172,920918121,149854089,837467394,pass,1.80842931,pass,ok
mc,ff_rwcs/novdd/125C/mc173,ff_rwcs,125,,173,1400408465,149854089,251225727,pass,1.803767361,pass,ok
mc,ff_rwcs/novdd/125C/mc174,ff_rwcs,125,,174,376279626,149854089,600601997,pass,1.807611463,pass,ok
mc,ff_rwcs/novdd/125C/mc175,ff_rwcs,125,,175,407767268,149854089,1741190235,pass,1.786009786,pass,ok
mc,ff_rwcs/novdd/125C/mc176,ff_rwcs,125,,176,964626482,149854089,1549865944,pass,1.789224163,pass,ok
mc,ff_rwcs/novdd/125C/mc177,ff_rwcs,125,,177,1835082589,149854089,1024924302,pass,1.800862105,pass,ok
mc,ff_rwcs/novdd/125C/mc178,ff_rwcs,125,,178,108535991,149854089,911567706,pass,1.803396178,pass,ok
mc,ff_rwcs/novdd/125C/mc179,ff_rwcs,125,,179,603675720,149854089,1409969990,pass,1.796136236,pass,ok
mc,ff_rwcs/novdd/125C/mc180,ff_rwcs,125,,180,2028319881,149854089,1469386648,pass,1.785052954,pass,ok
mc,ff_rwcs/novdd/125C/mc181,ff_rwcs,125,,181,1504313105,149854089,1331578357,pass,1.800038746,pass,ok
mc,ff_rwcs/novdd/125C/mc182,ff_rwcs,125,,182,1175699516,149854089,60555156,pass,1.795661552,pass,ok
mc,ff_rwcs/novdd/125C/mc183,ff_rwcs,125,,183,1632498705,149854089,226251548,pass,1.799364876,pass,ok
mc,ff_rwcs/novdd/125C/mc184,ff_rwcs,125,,184,1767904536,149854089,1108765002,pass,1.800703339,pass,ok
mc,ff_rwcs/novdd/125C/mc185,ff_rwcs,125,,185,708621477,149854089,1530009545,pass,1.804576416,pass,ok
mc,ff_rwcs/novdd/125C/mc186,ff_rwcs,125,,186,821697019,149854089,361800928,pass,1.803876972,pass,ok
mc,ff_rwcs/novdd/125C/mc187,ff_rwcs,125,,187,695171606,149854089,750915266,pass,1.798175386,pass,ok
mc,ff_rwcs/novdd/125C/mc188,ff_rwcs,125,,188,713953326,149854089,122364084,pass,1.788486691,pass,ok
mc,ff_rwcs/novdd/125C/mc189,ff_rwcs,125,,189,1956178741,149854089,1972960894,pass,1.812071808,pass,ok
mc,ff_rwcs/novdd/125C/mc190,ff_rwcs,125,,190,1069091665,149854089,1045861651,pass,1.794395679,pass,ok
mc,ff_rwcs/novdd/125C/mc191,ff_rwcs,125,,191,1582584213,149854089,684472667,pass,1.816460392,pass,ok
mc,ff_rwcs/novdd/125C/mc192,ff_rwcs,125,,192,1210328198,149854089,352370630,pass,1.803670499,pass,ok
mc,ff_rwcs/novdd/125C/mc193,ff_rwcs,125,,193,1274879828,149854089,1317190090,pass,1.810106233,pass,ok
mc,ff_rwcs/novdd/125C/mc194,ff_rwcs,125,,194,1895502282,149854089,1938082790,pass,1.792163259,pass,ok
mc,ff_rwcs/novdd/125C/mc195,ff_rwcs,125,,195,435283849,149854089,1030662665,pass,1.797074186,pass,ok
mc,ff_rwcs/novdd/125C/mc196,ff_rwcs,125,,196,1744822906,149854089,1835630342,pass,1.793918397,pass,ok
mc,ff_rwcs/novdd/125C/mc197,ff_rwcs,125,,197,304990870,149854089,121217694,pass,1.792622625,pass,ok
mc,ff_rwcs/novdd/125C/mc198,ff_rwcs,125,,198,1091250710,149854089,1199194696,pass,1.801486152,pass,ok
mc,ff_rwcs/novdd/125C/mc199,ff_rwcs,125,,199,2049897499,149854089,1160364639,pass,1.808009906,pass,ok
mc,ff_rwcs/novdd/125C/mc200,ff_rwcs,125,,200,2033301382,149854089,1199829306,pass,1.786649492,pass,ok
mc,ff_rwcs/novdd/125C/mc201,ff_rwcs,125,,201,149665980,149854089,538219958,pass,1.799023336,pass,ok
mc,ff_rwcs/novdd/125C/mc202,ff_rwcs,125,,202,867382745,149854089,1495080089,pass,1.793703264,pass,ok
mc,ff_rwcs/novdd/125C/mc203,ff_rwcs,125,,203,418648017,149854089,681706883,pass,1.791994634,pass,ok
mc,ff_rwcs/novdd/125C/mc204,ff_rwcs,125,,204,654402071,149854089,540003946,pass,1.788827942,pass,ok
mc,ff_rwcs/novdd/125C/mc205,ff_rwcs,125,,205,1090629660,149854089,1126603834,pass,1.808658064,pass,ok
mc,ff_rwcs/novdd/125C/mc206,ff_rwcs,125,,206,959807539,149854089,395663756,pass,1.802652261,pass,ok
mc,ff_rwcs/novdd/125C/mc207,ff_rwcs,125,,207,904796317,149854089,688731420,pass,1.807184145,pass,ok
mc,ff_rwcs/novdd/125C/mc208,ff_rwcs,125,,208,668695576,149854089,750542166,pass,1.816619933,pass,ok
mc,ff_rwcs/novdd/125C/mc209,ff_rwcs,125,,209,281171285,149854089,1253028088,pass,1.803906592,pass,ok
mc,ff_rwcs/novdd/125C/mc210,ff_rwcs,125,,210,1893682506,149854089,949758234,pass,1.807475473,pass,ok
mc,ff_rwcs/novdd/125C/mc211,ff_rwcs,125,,211,169738168,149854089,124496468,pass,1.794797189,pass,ok
mc,ff_rwcs/novdd/125C/mc212,ff_rwcs,125,,212,2092820206,149854089,171626813,pass,1.805704574,pass,ok
mc,ff_rwcs/novdd/125C/mc213,ff_rwcs,125,,213,1132948895,149854089,610589251,pass,1.786288021,pass,ok
mc,ff_rwcs/novdd/125C/mc214,ff_rwcs,125,,214,1480632568,149854089,632780310,pass,1.782270587,pass,ok
mc,ff_rwcs/novdd/125C/mc215,ff_rwcs,125,,215,1267161411,149854089,658851031,pass,1.815480679,pass,ok
mc,ff_rwcs/novdd/125C/mc216,ff_rwcs,125,,216,609740991,149854089,658383188,pass,1.804765217,pass,ok
mc,ff_rwcs/novdd/125C/mc217,ff_rwcs,125,,217,563776177,149854089,202189308,pass,1.795353199,pass,ok
mc,ff_rwcs/novdd/125C/mc218,ff_rwcs,125,,218,1204391123,149854089,877882216,pass,1.816432413,pass,ok
mc,ff_rwcs/novdd/125C/mc219,ff_rwcs,125,,219,67840414,149854089,771372670,pass,1.802900203,pass,ok
mc,ff_rwcs/novdd/125C/mc220,ff_rwcs,125,,220,247229797,149854089,697241703,pass,1.790418935,pass,ok
mc,ff_rwcs/novdd/125C/mc221,ff_rwcs,125,,221,1843081046,149854089,987950797,pass,1.795918452,pass,ok
mc,ff_rwcs/novdd/125C/mc222,ff_rwcs,125,,222,36577102,149854089,1480604636,pass,1.815940149,pass,ok
mc,ff_rwcs/novdd/125C/mc223,ff_rwcs,125,,223,168439995,149854089,808547284,pass,1.803513512,pass,ok
mc,ff_rwcs/novdd/125C/mc224,ff_rwcs,125,,224,755513780,149854089,1000540234,pass,1.808443625,pass,ok
mc,ff_rwcs/novdd/125C/mc225,ff_rwcs,125,,225,1476376245,149854089,1012343342,pass,1.790298138,pass,ok
mc,ff_rwcs/novdd/125C/mc226,ff_rwcs,125,,226,1276729524,149854089,177362946,pass,1.816695294,pass,ok
mc,ff_rwcs/novdd/125C/mc227,ff_rwcs,125,,227,423946603,149854089,707050566,pass,1.822931677,pass,ok
mc,ff_rwcs/novdd/125C/mc228,ff_rwcs,125,,228,437738097,149854089,1906950821,pass,1.81395449,pass,ok
mc,ff_rwcs/novdd/125C/mc229,ff_rwcs,125,,229,1345226501,149854089,1527589437,pass,1.798831088,pass,ok
mc,ff_rwcs/novdd/125C/mc230,ff_rwcs,125,,230,1318304032,149854089,24747464,pass,1.816799956,pass,ok
mc,ff_rwcs/novdd/125C/mc231,ff_rwcs,125,,231,505124239,149854089,426295111,pass,1.818220683,pass,ok
mc,ff_rwcs/novdd/125C/mc232,ff_rwcs,125,,232,159331427,149854089,471225686,pass,1.808380013,pass,ok
mc,ff_rwcs/novdd/125C/mc233,ff_rwcs,125,,233,1402604555,149854089,1553681437,pass,1.786003255,pass,ok
mc,ff_rwcs/novdd/125C/mc234,ff_rwcs,125,,234,96813028,149854089,1700252338,pass,1.785941974,pass,ok
mc,ff_rwcs/novdd/125C/mc235,ff_rwcs,125,,235,461115153,149854089,1611536167,pass,1.803265484,pass,ok
mc,ff_rwcs/novdd/125C/mc236,ff_rwcs,125,,236,729669480,149854089,1232224963,pass,1.808150364,pass,ok
mc,ff_rwcs/novdd/125C/mc237,ff_rwcs,125,,237,1285964771,149854089,1696843922,pass,1.801069641,pass,ok
mc,ff_rwcs/novdd/125C/mc238,ff_rwcs,125,,238,1008877617,149854089,871629496,pass,1.782350782,pass,ok
mc,ff_rwcs/novdd/125C/mc239,ff_rwcs,125,,239,1589748284,149854089,1445211660,pass,1.811059841,pass,ok
mc,ff_rwcs/novdd/125C/mc240,ff_rwcs,125,,240,1444817620,149854089,2143038868,pass,1.797742499,pass,ok
mc,ff_rwcs/novdd/125C/mc241,ff_rwcs,125,,241,1571179299,149854089,819114702,pass,1.797828956,pass,ok
mc,ff_rwcs/novdd/125C/mc242,ff_rwcs,125,,242,610119576,149854089,1367657986,pass,1.811467448,pass,ok
mc,ff_rwcs/novdd/125C/mc243,ff_rwcs,125,,243,895252196,149854089,611833895,pass,1.80121362,pass,ok
mc,ff_rwcs/novdd/125C/mc244,ff_rwcs,125,,244,672331390,149854089,340009484,pass,1.797262953,pass,ok
mc,ff_rwcs/novdd/125C/mc245,ff_rwcs,125,,245,665543542,149854089,1580748610,pass,1.780949889,pass,ok
mc,ff_rwcs/novdd/125C/mc246,ff_rwcs,125,,246,1530178290,149854089,816915405,pass,1.832089873,pass,ok
mc,ff_rwcs/novdd/125C/mc247,ff_rwcs,125,,247,291446905,149854089,137617367,pass,1.80143157,pass,ok
mc,ff_rwcs/novdd/125C/mc248,ff_rwcs,125,,248,1400627286,149854089,756933656,pass,1.804963651,pass,ok
mc,ff_rwcs/novdd/125C/mc249,ff_rwcs,125,,249,1004851079,149854089,1255185676,pass,1.778622309,pass,ok
mc,ff_rwcs/novdd/125C/mc250,ff_rwcs,125,,250,1139112779,149854089,817490584,pass,1.804265687,pass,ok
mc,ff_rwcs/novdd/125C/mc251,ff_rwcs,125,,251,679759285,149854089,1042367338,pass,1.79894944,pass,ok
mc,ff_rwcs/novdd/125C/mc252,ff_rwcs,125,,252,231655825,149854089,2090407040,pass,1.80250474,pass,ok
mc,ff_rwcs/novdd/125C/mc253,ff_rwcs,125,,253,690191506,149854089,1881217510,pass,1.802040182,pass,ok
mc,ff_rwcs/novdd/125C/mc254,ff_rwcs,125,,254,1523778337,149854089,413737206,pass,1.795252222,pass,ok
mc,ff_rwcs/novdd/125C/mc255,ff_rwcs,125,,255,110582645,149854089,1886638797,pass,1.798734143,pass,ok
mc,ff_rwcs/novdd/125C/mc256,ff_rwcs,125,,256,606305579,149854089,1010142997,pass,1.80607324,pass,ok
mc,ff_rwcs/novdd/125C/mc257,ff_rwcs,125,,257,1935036289,149854089,433406606,pass,1.798222875,pass,ok
mc,ff_rwcs/novdd/125C/mc258,ff_rwcs,125,,258,1700208923,149854089,643487513,pass,1.788751933,pass,ok
mc,ff_rwcs/novdd/125C/mc259,ff_rwcs,125,,259,1975006329,149854089,1514407088,pass,1.805471709,pass,ok
mc,ff_rwcs/novdd/125C/mc260,ff_rwcs,125,,260,1008131861,149854089,829000662,pass,1.813325264,pass,ok
mc,ff_rwcs/novdd/125C/mc261,ff_rwcs,125,,261,368280854,149854089,312186768,pass,1.804167457,pass,ok
mc,ff_rwcs/novdd/125C/mc262,ff_rwcs,125,,262,824605452,149854089,1684197751,pass,1.793908737,pass,ok
mc,ff_rwcs/novdd/125C/mc263,ff_rwcs,125,,263,79930674,149854089,62465468,pass,1.797059261,pass,ok
mc,ff_rwcs/novdd/125C/mc264,ff_rwcs,125,,264,899868920,149854089,1618867537,pass,1.805126686,pass,ok
mc,ff_rwcs/novdd/125C/mc265,ff_rwcs,125,,265,1029166936,149854089,910907185,pass,1.793906759,pass,ok
mc,ff_rwcs/novdd/125C/mc266,ff_rwcs,125,,266,2048459333,149854089,1280830419,pass,1.804974346,pass,ok
mc,ff_rwcs/novdd/125C/mc267,ff_rwcs,125,,267,812671131,149854089,1150646161,pass,1.818606162,pass,ok
mc,ff_rwcs/novdd/125C/mc268,ff_rwcs,125,,268,251859864,149854089,1895085807,pass,1.811930222,pass,ok
mc,ff_rwcs/novdd/125C/mc269,ff_rwcs,125,,269,616553785,149854089,25003788,pass,1.791998227,pass,ok
mc,ff_rwcs/novdd/125C/mc270,ff_rwcs,125,,270,1744406905,149854089,712049278,pass,1.793316981,pass,ok
mc,ff_rwcs/novdd/125C/mc271,ff_rwcs,125,,271,1750174988,149854089,466897038,pass,1.809641601,pass,ok
mc,ff_rwcs/novdd/125C/mc272,ff_rwcs,125,,272,1385484083,149854089,693299482,pass,1.814287492,pass,ok
mc,ff_rwcs/novdd/125C/mc273,ff_rwcs,125,,273,1294981492,149854089,1937316979,pass,1.787610392,pass,ok
mc,ff_rwcs/novdd/125C/mc274,ff_rwcs,125,,274,839629476,149854089,102790106,pass,1.787268118,pass,ok
mc,ff_rwcs/novdd/125C/mc275,ff_rwcs,125,,275,837095943,149854089,2012173570,pass,1.797584274,pass,ok
mc,ff_rwcs/novdd/125C/mc276,ff_rwcs,125,,276,378385361,149854089,869849021,pass,1.806160902,pass,ok
mc,ff_rwcs/novdd/125C/mc277,ff_rwcs,125,,277,63818987,149854089,1290570015,pass,1.805841629,pass,ok
mc,ff_rwcs/novdd/125C/mc278,ff_rwcs,125,,278,1661839288,149854089,1176840043,pass,1.804822772,pass,ok
mc,ff_rwcs/novdd/125C/mc279,ff_rwcs,125,,279,616021166,149854089,1571753,pass,1.784679948,pass,ok
mc,ff_rwcs/novdd/125C/mc280,ff_rwcs,125,,280,384647359,149854089,1020733845,pass,1.789453121,pass,ok
mc,ff_rwcs/novdd/125C/mc281,ff_rwcs,125,,281,1970865005,149854089,1904151064,pass,1.79077839,pass,ok
mc,ff_rwcs/novdd/125C/mc282,ff_rwcs,125,,282,2145985358,149854089,382005418,pass,1.793662544,pass,ok
mc,ff_rwcs/novdd/125C/mc283,ff_rwcs,125,,283,648330239,149854089,2069094593,pass,1.815028746,pass,ok
mc,ff_rwcs/novdd/125C/mc284,ff_rwcs,125,,284,1838817183,149854089,702576031,pass,1.80469648,pass,ok
mc,ff_rwcs/novdd/125C/mc285,ff_rwcs,125,,285,1740512279,149854089,6920360,pass,1.783704352,pass,ok
mc,ff_rwcs/novdd/125C/mc286,ff_rwcs,125,,286,1093036294,149854089,2130655397,pass,1.791016536,pass,ok
mc,ff_rwcs/novdd/125C/mc287,ff_rwcs,125,,287,1346999542,149854089,437971349,pass,1.790433144,pass,ok
mc,ff_rwcs/novdd/125C/mc288,ff_rwcs,125,,288,1444827250,149854089,2069543794,pass,1.806438913,pass,ok
mc,ff_rwcs/novdd/125C/mc289,ff_rwcs,125,,289,133963116,149854089,1461273913,pass,1.799125927,pass,ok
mc,ff_rwcs/novdd/125C/mc290,ff_rwcs,125,,290,1205740299,149854089,926834769,pass,1.817382361,pass,ok
mc,ff_rwcs/novdd/125C/mc291,ff_rwcs,125,,291,280728836,149854089,1424468938,pass,1.807595536,pass,ok
mc,ff_rwcs/novdd/125C/mc292,ff_rwcs,125,,292,1882581570,149854089,1931469656,pass,1.789566123,pass,ok
mc,ff_rwcs/novdd/125C/mc293,ff_rwcs,125,,293,1871672829,149854089,1220184327,pass,1.795019421,pass,ok
mc,ff_rwcs/novdd/125C/mc294,ff_rwcs,125,,294,152107497,149854089,179728730,pass,1.808224118,pass,ok
mc,ff_rwcs/novdd/125C/mc295,ff_rwcs,125,,295,1546129451,149854089,1519695354,pass,1.787097953,pass,ok
mc,ff_rwcs/novdd/125C/mc296,ff_rwcs,125,,296,1295536340,149854089,2032598964,pass,1.787902267,pass,ok
mc,ff_rwcs/novdd/125C/mc297,ff_rwcs,125,,297,197587487,149854089,486590173,pass,1.778036475,pass,ok
mc,ff_rwcs/novdd/125C/mc298,ff_rwcs,125,,298,196019890,149854089,1397296422,pass,1.802875071,pass,ok
mc,ff_rwcs/novdd/125C/mc299,ff_rwcs,125,,299,1933190485,149854089,1090196127,pass,1.804828731,pass,ok
mc,ff_rwcs/novdd/125C/mc300,ff_rwcs,125,,300,554768094,149854089,1238045492,pass,1.804704995,pass,ok
mc,ff_rwcs/novdd/125C/mc301,ff_rwcs,125,,301,1066484695,149854089,1721444590,pass,1.809900793,pass,ok
mc,ff_rwcs/novdd/125C/mc302,ff_rwcs,125,,302,946654182,149854089,732681087,pass,1.790627531,pass,ok
mc,ff_rwcs/novdd/125C/mc303,ff_rwcs,125,,303,904233102,149854089,471545841,pass,1.812071013,pass,ok
mc,ff_rwcs/novdd/125C/mc304,ff_rwcs,125,,304,1687524496,149854089,521276880,pass,1.806890095,pass,ok
mc,ff_rwcs/novdd/125C/mc305,ff_rwcs,125,,305,462615593,149854089,400957384,pass,1.818384983,pass,ok
mc,ff_rwcs/novdd/125C/mc306,ff_rwcs,125,,306,1372602792,149854089,1697477889,pass,1.807028683,pass,ok
mc,ff_rwcs/novdd/125C/mc307,ff_rwcs,125,,307,326705028,149854089,1560939985,pass,1.805779391,pass,ok
mc,ff_rwcs/novdd/125C/mc308,ff_rwcs,125,,308,191549596,149854089,1906230485,pass,1.796416419,pass,ok
mc,ff_rwcs/novdd/125C/mc309,ff_rwcs,125,,309,470856785,149854089,128638029,pass,1.78932025,pass,ok
mc,ff_rwcs/novdd/125C/mc310,ff_rwcs,125,,310,793144972,149854089,434117014,pass,1.801780373,pass,ok
mc,ff_rwcs/novdd/125C/mc311,ff_rwcs,125,,311,361481422,149854089,913501673,pass,1.805479849,pass,ok
mc,ff_rwcs/novdd/125C/mc312,ff_rwcs,125,,312,1704371775,149854089,1671590648,pass,1.804021493,pass,ok
mc,ff_rwcs/novdd/125C/mc313,ff_rwcs,125,,313,678169799,149854089,257544699,pass,1.79619513,pass,ok
mc,ff_rwcs/novdd/125C/mc314,ff_rwcs,125,,314,12556465,149854089,2087256179,pass,1.801813244,pass,ok
mc,ff_rwcs/novdd/125C/mc315,ff_rwcs,125,,315,1898412028,149854089,1866165396,pass,1.799524155,pass,ok
mc,ff_rwcs/novdd/125C/mc316,ff_rwcs,125,,316,826610448,149854089,1570664891,pass,1.799255368,pass,ok
mc,ff_rwcs/novdd/125C/mc317,ff_rwcs,125,,317,248962630,149854089,365774886,pass,1.799390761,pass,ok
mc,ff_rwcs/novdd/125C/mc318,ff_rwcs,125,,318,314360524,149854089,1675259972,pass,1.808827786,pass,ok
mc,ff_rwcs/novdd/125C/mc319,ff_rwcs,125,,319,1972865003,149854089,1619688457,pass,1.793234305,pass,ok
mc,ff_rwcs/novdd/125C/mc320,ff_rwcs,125,,320,895673046,149854089,1411050047,pass,1.808244991,pass,ok
mc,ff_rwcs/novdd/125C/mc321,ff_rwcs,125,,321,1840538675,149854089,898972761,pass,1.795089956,pass,ok
mc,ff_rwcs/novdd/125C/mc322,ff_rwcs,125,,322,2027446274,149854089,1732236196,pass,1.798463995,pass,ok
mc,ff_rwcs/novdd/125C/mc323,ff_rwcs,125,,323,2045749455,149854089,899997488,pass,1.776902234,pass,ok
mc,ff_rwcs/novdd/125C/mc324,ff_rwcs,125,,324,2076498177,149854089,1614825473,pass,1.809273572,pass,ok
mc,ff_rwcs/novdd/125C/mc325,ff_rwcs,125,,325,1130671695,149854089,215049529,pass,1.795687023,pass,ok
mc,ff_rwcs/novdd/125C/mc326,ff_rwcs,125,,326,1828103407,149854089,1469529249,pass,1.801198184,pass,ok
mc,ff_rwcs/novdd/125C/mc327,ff_rwcs,125,,327,576108970,149854089,532565897,pass,1.801637609,pass,ok
mc,ff_rwcs/novdd/125C/mc328,ff_rwcs,125,,328,1893420105,149854089,1691552686,pass,1.80528569,pass,ok
mc,ff_rwcs/novdd/125C/mc329,ff_rwcs,125,,329,1735505309,149854089,1825646187,pass,1.795843582,pass,ok
mc,ff_rwcs/novdd/125C/mc330,ff_rwcs,125,,330,2080929340,149854089,1358439348,pass,1.804811487,pass,ok
mc,ff_rwcs/novdd/125C/mc331,ff_rwcs,125,,331,1937252303,149854089,2011270020,pass,1.790742438,pass,ok
mc,ff_rwcs/novdd/125C/mc332,ff_rwcs,125,,332,484687487,149854089,1952000844,pass,1.800222486,pass,ok
mc,ff_rwcs/novdd/125C/mc333,ff_rwcs,125,,333,626660629,149854089,1210579872,pass,1.78318106,pass,ok
mc,ff_rwcs/novdd/125C/mc334,ff_rwcs,125,,334,1962084052,149854089,1056889525,pass,1.795553348,pass,ok
mc,ff_rwcs/novdd/125C/mc335,ff_rwcs,125,,335,95562391,149854089,1319402234,pass,1.788319603,pass,ok
mc,ff_rwcs/novdd/125C/mc336,ff_rwcs,125,,336,1697483577,149854089,233078312,pass,1.782419204,pass,ok
mc,ff_rwcs/novdd/125C/mc337,ff_rwcs,125,,337,1904540849,149854089,1038396579,pass,1.810210223,pass,ok
mc,ff_rwcs/novdd/125C/mc338,ff_rwcs,125,,338,708961617,149854089,1017157075,pass,1.815786152,pass,ok
mc,ff_rwcs/novdd/125C/mc339,ff_rwcs,125,,339,1560882151,149854089,958986746,pass,1.807884782,pass,ok
mc,ff_rwcs/novdd/125C/mc340,ff_rwcs,125,,340,1251107531,149854089,1022877300,pass,1.795074846,pass,ok
mc,ff_rwcs/novdd/125C/mc341,ff_rwcs,125,,341,1432833087,149854089,679995951,pass,1.786996058,pass,ok
mc,ff_rwcs/novdd/125C/mc342,ff_rwcs,125,,342,126103041,149854089,1769905043,pass,1.802647599,pass,ok
mc,ff_rwcs/novdd/125C/mc343,ff_rwcs,125,,343,1510983045,149854089,1827174440,pass,1.791727027,pass,ok
mc,ff_rwcs/novdd/125C/mc344,ff_rwcs,125,,344,1916049854,149854089,1164347404,pass,1.787670704,pass,ok
mc,ff_rwcs/novdd/125C/mc345,ff_rwcs,125,,345,2062900428,149854089,1142963213,pass,1.779406794,pass,ok
mc,ff_rwcs/novdd/125C/mc346,ff_rwcs,125,,346,1528986756,149854089,1064251537,pass,1.787628564,pass,ok
mc,ff_rwcs/novdd/125C/mc347,ff_rwcs,125,,347,1980271680,149854089,1520210840,pass,1.813243646,pass,ok
mc,ff_rwcs/novdd/125C/mc348,ff_rwcs,125,,348,1404068052,149854089,1457252864,pass,1.803144536,pass,ok
mc,ff_rwcs/novdd/125C/mc349,ff_rwcs,125,,349,217739133,149854089,236146547,pass,1.800876855,pass,ok
mc,ff_rwcs/novdd/125C/mc350,ff_rwcs,125,,350,1092885202,149854089,1441106110,pass,1.813170582,pass,ok
mc,ff_rwcs/novdd/125C/mc351,ff_rwcs,125,,351,1054528526,149854089,1437257129,pass,1.78704881,pass,ok
mc,ff_rwcs/novdd/125C/mc352,ff_rwcs,125,,352,1001132720,149854089,1735096133,pass,1.814079437,pass,ok
mc,ff_rwcs/novdd/125C/mc353,ff_rwcs,125,,353,656122997,149854089,603116528,pass,1.810246955,pass,ok
mc,ff_rwcs/novdd/125C/mc354,ff_rwcs,125,,354,662518086,149854089,1567995440,pass,1.788266018,pass,ok
mc,ff_rwcs/novdd/125C/mc355,ff_rwcs,125,,355,1507559184,149854089,1465085811,pass,1.781145263,pass,ok
mc,ff_rwcs/novdd/125C/mc356,ff_rwcs,125,,356,389770814,149854089,1176781850,pass,1.788804129,pass,ok
mc,ff_rwcs/novdd/125C/mc357,ff_rwcs,125,,357,1595770824,149854089,775178411,pass,1.79831576,pass,ok
mc,ff_rwcs/novdd/125C/mc358,ff_rwcs,125,,358,1499499213,149854089,381924293,pass,1.815016276,pass,ok
mc,ff_rwcs/novdd/125C/mc359,ff_rwcs,125,,359,1441260958,149854089,1581290176,pass,1.794601779,pass,ok
mc,ff_rwcs/novdd/125C/mc360,ff_rwcs,125,,360,652420145,149854089,401878691,pass,1.813803508,pass,ok
mc,ff_rwcs/novdd/125C/mc361,ff_rwcs,125,,361,1005235584,149854089,179261341,pass,1.798852905,pass,ok
mc,ff_rwcs/novdd/125C/mc362,ff_rwcs,125,,362,694385739,149854089,333348692,pass,1.794483369,pass,ok
mc,ff_rwcs/novdd/125C/mc363,ff_rwcs,125,,363,577090459,149854089,616377657,pass,1.793906809,pass,ok
mc,ff_rwcs/novdd/125C/mc364,ff_rwcs,125,,364,1048482319,149854089,805596987,pass,1.783144181,pass,ok
mc,ff_rwcs/novdd/125C/mc365,ff_rwcs,125,,365,663692259,149854089,202544410,pass,1.796174544,pass,ok
mc,ff_rwcs/novdd/125C/mc366,ff_rwcs,125,,366,522366921,149854089,1950763362,pass,1.799804835,pass,ok
mc,ff_rwcs/novdd/125C/mc367,ff_rwcs,125,,367,1944942382,149854089,271210858,pass,1.80328675,pass,ok
mc,ff_rwcs/novdd/125C/mc368,ff_rwcs,125,,368,1298585476,149854089,1106341320,pass,1.799811149,pass,ok
mc,ff_rwcs/novdd/125C/mc369,ff_rwcs,125,,369,1084940165,149854089,1660701108,pass,1.798539039,pass,ok
mc,ff_rwcs/novdd/125C/mc370,ff_rwcs,125,,370,1760835673,149854089,1689854934,pass,1.786410248,pass,ok
mc,ff_rwcs/novdd/125C/mc371,ff_rwcs,125,,371,1420335144,149854089,1537466390,pass,1.801967353,pass,ok
mc,ff_rwcs/novdd/125C/mc372,ff_rwcs,125,,372,547484289,149854089,681684446,pass,1.79691537,pass,ok
mc,ff_rwcs/novdd/125C/mc373,ff_rwcs,125,,373,321691107,149854089,179958341,pass,1.802055735,pass,ok
mc,ff_rwcs/novdd/125C/mc374,ff_rwcs,125,,374,1189541060,149854089,1153241049,pass,1.790089026,pass,ok
mc,ff_rwcs/novdd/125C/mc375,ff_rwcs,125,,375,1357714628,149854089,1746345953,pass,1.792903899,pass,ok
mc,ff_rwcs/novdd/125C/mc376,ff_rwcs,125,,376,1870155952,149854089,2039847524,pass,1.790901052,pass,ok
mc,ff_rwcs/novdd/125C/mc377,ff_rwcs,125,,377,1457768535,149854089,780534526,pass,1.794802851,pass,ok
mc,ff_rwcs/novdd/125C/mc378,ff_rwcs,125,,378,1264516746,149854089,1890540267,pass,1.800751163,pass,ok
mc,ff_rwcs/novdd/125C/mc379,ff_rwcs,125,,379,1454590224,149854089,606230358,pass,1.814728545,pass,ok
mc,ff_rwcs/novdd/125C/mc380,ff_rwcs,125,,380,49262958,149854089,1349471670,pass,1.778289751,pass,ok
mc,ff_rwcs/novdd/125C/mc381,ff_rwcs,125,,381,955683346,149854089,1205390020,pass,1.8044052,pass,ok
mc,ff_rwcs/novdd/125C/mc382,ff_rwcs,125,,382,1244544578,149854089,428817100,pass,1.796669706,pass,ok
mc,ff_rwcs/novdd/125C/mc383,ff_rwcs,125,,383,2022001514,149854089,1588874534,pass,1.789552679,pass,ok
mc,ff_rwcs/novdd/125C/mc384,ff_rwcs,125,,384,842751040,149854089,318534052,pass,1.806823359,pass,ok
mc,ff_rwcs/novdd/125C/mc385,ff_rwcs,125,,385,299305176,149854089,1407349637,pass,1.804308722,pass,ok
mc,ff_rwcs/novdd/125C/mc386,ff_rwcs,125,,386,658208141,149854089,1820539214,pass,1.784463084,pass,ok
mc,ff_rwcs/novdd/125C/mc387,ff_rwcs,125,,387,441714567,149854089,2025602966,pass,1.818158906,pass,ok
mc,ff_rwcs/novdd/125C/mc388,ff_rwcs,125,,388,397865528,149854089,2065730916,pass,1.810917287,pass,ok
mc,ff_rwcs/novdd/125C/mc389,ff_rwcs,125,,389,863627330,149854089,408306919,pass,1.787669422,pass,ok
mc,ff_rwcs/novdd/125C/mc390,ff_rwcs,125,,390,1880140833,149854089,798696893,pass,1.806292887,pass,ok
mc,ff_rwcs/novdd/125C/mc391,ff_rwcs,125,,391,1492821836,149854089,1142966793,pass,1.80289501,pass,ok
mc,ff_rwcs/novdd/125C/mc392,ff_rwcs,125,,392,1873551672,149854089,289710615,pass,1.796911534,pass,ok
mc,ff_rwcs/novdd/125C/mc393,ff_rwcs,125,,393,898861136,149854089,1789409924,pass,1.792914705,pass,ok
mc,ff_rwcs/novdd/125C/mc394,ff_rwcs,125,,394,1308234731,149854089,1762935894,pass,1.791388078,pass,ok
mc,ff_rwcs/novdd/125C/mc395,ff_rwcs,125,,395,1660965064,149854089,2004043962,pass,1.811231513,pass,ok
mc,ff_rwcs/novdd/125C/mc396,ff_rwcs,125,,396,228763234,149854089,957570461,pass,1.807980085,pass,ok
mc,ff_rwcs/novdd/125C/mc397,ff_rwcs,125,,397,1902641466,149854089,499961608,pass,1.803815221,pass,ok
mc,ff_rwcs/novdd/125C/mc398,ff_rwcs,125,,398,2028778674,149854089,616155752,pass,1.804239822,pass,ok
mc,ff_rwcs/novdd/125C/mc399,ff_rwcs,125,,399,687005257,149854089,1288866567,pass,1.789113969,pass,ok
mc,sf_rwcs/novdd/125C/mc0,sf_rwcs,125,,0,1959983473,1645129208,1374345981,pass,1.800103875,pass,ok
mc,sf_rwcs/novdd/125C/mc1,sf_rwcs,125,,1,864315834,1645129208,479305080,pass,1.789029992,pass,ok
mc,sf_rwcs/novdd/125C/mc2,sf_rwcs,125,,2,175646921,1645129208,1161606690,pass,1.807746323,pass,ok
mc,sf_rwcs/novdd/125C/mc3,sf_rwcs,125,,3,1454295130,1645129208,914334459,pass,1.797547146,pass,ok
mc,sf_rwcs/novdd/125C/mc4,sf_rwcs,125,,4,1409617349,1645129208,1334017861,pass,1.794093004,pass,ok
mc,sf_rwcs/novdd/125C/mc5,sf_rwcs,125,,5,1060768513,1645129208,878209878,pass,1.806120533,pass,ok
mc,sf_rwcs/novdd/125C/mc6,sf_rwcs,125,,6,348653754,1645129208,1141055550,pass,1.806688752,pass,ok
mc,sf_rwcs/novdd/125C/mc7,sf_rwcs,125,,7,1735262223,1645129208,1699860200,pass,1.819562926,pass,ok
mc,sf_rwcs/novdd/125C/mc8,sf_rwcs,125,,8,2078082365,1645129208,911242199,pass,1.795159748,pass,ok
mc,sf_rwcs/novdd/125C/mc9,sf_rwcs,125,,9,991937685,1645129208,289862092,pass,1.803999435,pass,ok
mc,sf_rwcs/novdd/125C/mc10,sf_rwcs,125,,10,460989304,1645129208,731699015,pass,1.821074592,pass,ok
mc,sf_rwcs/novdd/125C/mc11,sf_rwcs,125,,11,2080615847,1645129208,204163852,pass,1.78052118,pass,ok
mc,sf_rwcs/novdd/125C/mc12,sf_rwcs,125,,12,1604891835,1645129208,1063955534,pass,1.813338368,pass,ok
mc,sf_rwcs/novdd/125C/mc13,sf_rwcs,125,,13,1935522820,1645129208,1043581666,pass,1.797193154,pass,ok
mc,sf_rwcs/novdd/125C/mc14,sf_rwcs,125,,14,2062824943,1645129208,902716289,pass,1.794781233,pass,ok
mc,sf_rwcs/novdd/125C/mc15,sf_rwcs,125,,15,1665362281,1645129208,1552248909,pass,1.792763566,pass,ok
mc,sf_rwcs/novdd/125C/mc16,sf_rwcs,125,,16,1098834460,1645129208,1940609604,pass,1.795398401,pass,ok
mc,sf_rwcs/novdd/125C/mc17,sf_rwcs,125,,17,1558644815,1645129208,1248323566,pass,1.802478088,pass,ok
mc,sf_rwcs/novdd/125C/mc18,sf_rwcs,125,,18,670356388,1645129208,1460788693,pass,1.804865065,pass,ok
mc,sf_rwcs/novdd/125C/mc19,sf_rwcs,125,,19,72639022,1645129208,272529700,pass,1.795728212,pass,ok
mc,sf_rwcs/novdd/125C/mc20,sf_rwcs,125,,20,1320434494,1645129208,1147738343,pass,1.804349506,pass,ok
mc,sf_rwcs/novdd/125C/mc21,sf_rwcs,125,,21,1327661387,1645129208,208843093,pass,1.811584681,pass,ok
mc,sf_rwcs/novdd/125C/mc22,sf_rwcs,125,,22,1985868345,1645129208,1978222636,pass,1.781126599,pass,ok
mc,sf_rwcs/novdd/125C/mc23,sf_rwcs,125,,23,70048483,1645129208,1404155979,pass,1.78690713,pass,ok
mc,sf_rwcs/novdd/125C/mc24,sf_rwcs,125,,24,1317614774,1645129208,1165137112,pass,1.785765502,pass,ok
mc,sf_rwcs/novdd/125C/mc25,sf_rwcs,125,,25,626751692,1645129208,1752569403,pass,1.797444157,pass,ok
mc,sf_rwcs/novdd/125C/mc26,sf_rwcs,125,,26,965820611,1645129208,259723467,pass,1.808006876,pass,ok
mc,sf_rwcs/novdd/125C/mc27,sf_rwcs,125,,27,1880493365,1645129208,1527602244,pass,1.799851229,pass,ok
mc,sf_rwcs/novdd/125C/mc28,sf_rwcs,125,,28,889317859,1645129208,1077504400,pass,1.804799287,pass,ok
mc,sf_rwcs/novdd/125C/mc29,sf_rwcs,125,,29,2040306583,1645129208,1091886571,pass,1.791276905,pass,ok
mc,sf_rwcs/novdd/125C/mc30,sf_rwcs,125,,30,1950809346,1645129208,1976002868,pass,1.792130841,pass,ok
mc,sf_rwcs/novdd/125C/mc31,sf_rwcs,125,,31,183487198,1645129208,531765348,pass,1.795431926,pass,ok
mc,sf_rwcs/novdd/125C/mc32,sf_rwcs,125,,32,1927944772,1645129208,415593981,pass,1.807730001,pass,ok
mc,sf_rwcs/novdd/125C/mc33,sf_rwcs,125,,33,1122068690,1645129208,826192867,pass,1.782510948,pass,ok
mc,sf_rwcs/novdd/125C/mc34,sf_rwcs,125,,34,2104152317,1645129208,1903427602,pass,1.801832729,pass,ok
mc,sf_rwcs/novdd/125C/mc35,sf_rwcs,125,,35,1275447829,1645129208,1772089539,pass,1.797263717,pass,ok
mc,sf_rwcs/novdd/125C/mc36,sf_rwcs,125,,36,1592827666,1645129208,958099014,pass,1.791854579,pass,ok
mc,sf_rwcs/novdd/125C/mc37,sf_rwcs,125,,37,1413882454,1645129208,177867619,pass,1.80679503,pass,ok
mc,sf_rwcs/novdd/125C/mc38,sf_rwcs,125,,38,149837593,1645129208,932179525,pass,1.789415931,pass,ok
mc,sf_rwcs/novdd/125C/mc39,sf_rwcs,125,,39,491386204,1645129208,61072398,pass,1.80172486,pass,ok
mc,sf_rwcs/novdd/125C/mc40,sf_rwcs,125,,40,94229764,1645129208,1937063588,pass,1.810296247,pass,ok
mc,sf_rwcs/novdd/125C/mc41,sf_rwcs,125,,41,1520426952,1645129208,1960548454,pass,1.81769371,pass,ok
mc,sf_rwcs/novdd/125C/mc42,sf_rwcs,125,,42,483916952,1645129208,448631199,pass,1.794733528,pass,ok
mc,sf_rwcs/novdd/125C/mc43,sf_rwcs,125,,43,1945199384,1645129208,786560421,pass,1.805192764,pass,ok
mc,sf_rwcs/novdd/125C/mc44,sf_rwcs,125,,44,1143950982,1645129208,2002228549,pass,1.826502181,pass,ok
mc,sf_rwcs/novdd/125C/mc45,sf_rwcs,125,,45,2132214461,1645129208,101546187,pass,1.799726588,pass,ok
mc,sf_rwcs/novdd/125C/mc46,sf_rwcs,125,,46,571760199,1645129208,1127231540,pass,1.810113067,pass,ok
mc,sf_rwcs/novdd/125C/mc47,sf_rwcs,125,,47,1403433512,1645129208,1346246601,pass,1.791864966,pass,ok
mc,sf_rwcs/novdd/125C/mc48,sf_rwcs,125,,48,1837214778,1645129208,171157409,pass,1.809866101,pass,ok
mc,sf_rwcs/novdd/125C/mc49,sf_rwcs,125,,49,303033467,1645129208,420300168,pass,1.801998166,pass,ok
mc,sf_rwcs/novdd/125C/mc50,sf_rwcs,125,,50,2111233957,1645129208,897434847,pass,1.804195721,pass,ok
mc,sf_rwcs/novdd/125C/mc51,sf_rwcs,125,,51,1799063283,1645129208,291348141,pass,1.80440959,pass,ok
mc,sf_rwcs/novdd/125C/mc52,sf_rwcs,125,,52,799402836,1645129208,528786124,pass,1.788075695,pass,ok
mc,sf_rwcs/novdd/125C/mc53,sf_rwcs,125,,53,254807848,1645129208,2027064480,pass,1.780505822,pass,ok
mc,sf_rwcs/novdd/125C/mc54,sf_rwcs,125,,54,1240269060,1645129208,1169694400,pass,1.797148107,pass,ok
mc,sf_rwcs/novdd/125C/mc55,sf_rwcs,125,,55,2119567411,1645129208,1813329423,pass,1.79722246,pass,ok
mc,sf_rwcs/novdd/125C/mc56,sf_rwcs,125,,56,1172232593,1645129208,145998081,pass,1.79382605,pass,ok
mc,sf_rwcs/novdd/125C/mc57,sf_rwcs,125,,57,129023710,1645129208,323757194,pass,1.823740065,pass,ok
mc,sf_rwcs/novdd/125C/mc58,sf_rwcs,125,,58,1740654849,1645129208,1801185323,pass,1.782714595,pass,ok
mc,sf_rwcs/novdd/125C/mc59,sf_rwcs,125,,59,1610603574,1645129208,229295599,pass,1.80447902,pass,ok
mc,sf_rwcs/novdd/125C/mc60,sf_rwcs,125,,60,11881960,1645129208,1692769907,pass,1.792834384,pass,ok
mc,sf_rwcs/novdd/125C/mc61,sf_rwcs,125,,61,1834635711,1645129208,136328820,pass,1.81444177,pass,ok
mc,sf_rwcs/novdd/125C/mc62,sf_rwcs,125,,62,985884260,1645129208,803500414,pass,1.81260233,pass,ok
mc,sf_rwcs/novdd/125C/mc63,sf_rwcs,125,,63,1181522702,1645129208,2054350161,pass,1.795211279,pass,ok
mc,sf_rwcs/novdd/125C/mc64,sf_rwcs,125,,64,853142041,1645129208,100481773,pass,1.78172552,pass,ok
mc,sf_rwcs/novdd/125C/mc65,sf_rwcs,125,,65,910672396,1645129208,1366974388,pass,1.804529526,pass,ok
mc,sf_rwcs/novdd/125C/mc66,sf_rwcs,125,,66,1656524051,1645129208,1929639523,pass,1.800538368,pass,ok
mc,sf_rwcs/novdd/125C/mc67,sf_rwcs,125,,67,1643009205,1645129208,597098084,pass,1.811399515,pass,ok
mc,sf_rwcs/novdd/125C/mc68,sf_rwcs,125,,68,1390965308,1645129208,1563847932,pass,1.7972569,pass,ok
mc,sf_rwcs/novdd/125C/mc69,sf_rwcs,125,,69,687777584,1645129208,695968767,pass,1.807819092,pass,ok
mc,sf_rwcs/novdd/125C/mc70,sf_rwcs,125,,70,626323370,1645129208,2044247901,pass,1.791062759,pass,ok
mc,sf_rwcs/novdd/125C/mc71,sf_rwcs,125,,71,1774704723,1645129208,1149378213,pass,1.795452649,pass,ok
mc,sf_rwcs/novdd/125C/mc72,sf_rwcs,125,,72,2142744703,1645129208,471276655,pass,1.791787308,pass,ok
mc,sf_rwcs/novdd/125C/mc73,sf_rwcs,125,,73,1871563196,1645129208,1197333115,pass,1.791784739,pass,ok
mc,sf_rwcs/novdd/125C/mc74,sf_rwcs,125,,74,1063261432,1645129208,792812293,pass,1.797738618,pass,ok
mc,sf_rwcs/novdd/125C/mc75,sf_rwcs,125,,75,2028426507,1645129208,868582470,pass,1.792142321,pass,ok
mc,sf_rwcs/novdd/125C/mc76,sf_rwcs,125,,76,247427548,1645129208,1182259165,pass,1.811257874,pass,ok
mc,sf_rwcs/novdd/125C/mc77,sf_rwcs,125,,77,1453779127,1645129208,1477757549,pass,1.806569541,pass,ok
mc,sf_rwcs/novdd/125C/mc78,sf_rwcs,125,,78,229698426,1645129208,594562557,pass,1.807071335,pass,ok
mc,sf_rwcs/novdd/125C/mc79,sf_rwcs,125,,79,360917923,1645129208,238853405,pass,1.791347668,pass,ok
mc,sf_rwcs/novdd/125C/mc80,sf_rwcs,125,,80,1027773885,1645129208,126602498,pass,1.799975951,pass,ok
mc,sf_rwcs/novdd/125C/mc81,sf_rwcs,125,,81,256648928,1645129208,1492153646,pass,1.800041662,pass,ok
mc,sf_rwcs/novdd/125C/mc82,sf_rwcs,125,,82,1228754022,1645129208,1901785842,pass,1.808042201,pass,ok
mc,sf_rwcs/novdd/125C/mc83,sf_rwcs,125,,83,858161891,1645129208,1410513562,pass,1.811618293,pass,ok
mc,sf_rwcs/novdd/125C/mc84,sf_rwcs,125,,84,1669425124,1645129208,489885333,pass,1.789855523,pass,ok
mc,sf_rwcs/novdd/125C/mc85,sf_rwcs,125,,85,1074396349,1645129208,662162186,pass,1.802148937,pass,ok
mc,sf_rwcs/novdd/125C/mc86,sf_rwcs,125,,86,1015076904,1645129208,634948756,pass,1.801300251,pass,ok
mc,sf_rwcs/novdd/125C/mc87,sf_rwcs,125,,87,1461044038,1645129208,1508662782,pass,1.79735257,pass,ok
mc,sf_rwcs/novdd/125C/mc88,sf_rwcs,125,,88,1110758502,1645129208,680928113,pass,1.808635618,pass,ok
mc,sf_rwcs/novdd/125C/mc89,sf_rwcs,125,,89,729779590,1645129208,1746811026,pass,1.812869965,pass,ok
mc,sf_rwcs/novdd/125C/mc90,sf_rwcs,125,,90,1805308539,1645129208,1281437186,pass,1.813671329,pass,ok
mc,sf_rwcs/novdd/125C/mc91,sf_rwcs,125,,91,1087346426,1645129208,1079069445,pass,1.808966362,pass,ok
mc,sf_rwcs/novdd/125C/mc92,sf_rwcs,125,,92,1511622503,1645129208,2086699473,pass,1.817211804,pass,ok
mc,sf_rwcs/novdd/125C/mc93,sf_rwcs,125,,93,1638286674,1645129208,1525573552,pass,1.802416505,pass,ok
mc,sf_rwcs/novdd/125C/mc94,sf_rwcs,125,,94,337794352,1645129208,592421387,pass,1.817505479,pass,ok
mc,sf_rwcs/novdd/125C/mc95,sf_rwcs,125,,95,806783971,1645129208,1514575034,pass,1.812106305,pass,ok
mc,sf_rwcs/novdd/125C/mc96,sf_rwcs,125,,96,235046201,1645129208,1462681549,pass,1.787572449,pass,ok
mc,sf_rwcs/novdd/125C/mc97,sf_rwcs,125,,97,83540824,1645129208,1906877963,pass,1.798553261,pass,ok
mc,sf_rwcs/novdd/125C/mc98,sf_rwcs,125,,98,1281627180,1645129208,974770738,pass,1.800979358,pass,ok
mc,sf_rwcs/novdd/125C/mc99,sf_rwcs,125,,99,1122942282,1645129208,1953694370,pass,1.807896532,pass,ok
mc,sf_rwcs/novdd/125C/mc100,sf_rwcs,125,,100,306329182,1645129208,1545947382,pass,1.812652367,pass,ok
mc,sf_rwcs/novdd/125C/mc101,sf_rwcs,125,,101,109798960,1645129208,1002651725,pass,1.797451777,pass,ok
mc,sf_rwcs/novdd/125C/mc102,sf_rwcs,125,,102,1204405155,1645129208,197435062,pass,1.796325171,pass,ok
mc,sf_rwcs/novdd/125C/mc103,sf_rwcs,125,,103,59271932,1645129208,488612895,pass,1.800418842,pass,ok
mc,sf_rwcs/novdd/125C/mc104,sf_rwcs,125,,104,627784254,1645129208,1050291992,pass,1.798798719,pass,ok
mc,sf_rwcs/novdd/125C/mc105,sf_rwcs,125,,105,546776134,1645129208,1402454082,pass,1.815090761,pass,ok
mc,sf_rwcs/novdd/125C/mc106,sf_rwcs,125,,106,1249939069,1645129208,935434279,pass,1.803725256,pass,ok
mc,sf_rwcs/novdd/125C/mc107,sf_rwcs,125,,107,558522512,1645129208,1595433622,pass,1.796458084,pass,ok
mc,sf_rwcs/novdd/125C/mc108,sf_rwcs,125,,108,457469799,1645129208,1202041887,pass,1.799528934,pass,ok
mc,sf_rwcs/novdd/125C/mc109,sf_rwcs,125,,109,253540716,1645129208,1245166121,pass,1.801793002,pass,ok
mc,sf_rwcs/novdd/125C/mc110,sf_rwcs,125,,110,386233714,1645129208,1747275534,pass,1.808037006,pass,ok
mc,sf_rwcs/novdd/125C/mc111,sf_rwcs,125,,111,1435571883,1645129208,1921783493,pass,1.814383954,pass,ok
mc,sf_rwcs/novdd/125C/mc112,sf_rwcs,125,,112,1839879800,1645129208,1402858726,pass,1.795717317,pass,ok
mc,sf_rwcs/novdd/125C/mc113,sf_rwcs,125,,113,1410792435,1645129208,992178908,pass,1.804791722,pass,ok
mc,sf_rwcs/novdd/125C/mc114,sf_rwcs,125,,114,57516321,1645129208,684135830,pass,1.797442315,pass,ok
mc,sf_rwcs/novdd/125C/mc115,sf_rwcs,125,,115,1435826231,1645129208,2043237299,pass,1.801480378,pass,ok
mc,sf_rwcs/novdd/125C/mc116,sf_rwcs,125,,116,1362958953,1645129208,1895885991,pass,1.799070016,pass,ok
mc,sf_rwcs/novdd/125C/mc117,sf_rwcs,125,,117,138707784,1645129208,256954739,pass,1.777693685,pass,ok
mc,sf_rwcs/novdd/125C/mc118,sf_rwcs,125,,118,1184889668,1645129208,776084456,pass,1.775804994,pass,ok
mc,sf_rwcs/novdd/125C/mc119,sf_rwcs,125,,119,1205134485,1645129208,1251635478,pass,1.802070352,pass,ok
mc,sf_rwcs/novdd/125C/mc120,sf_rwcs,125,,120,230803758,1645129208,590153501,pass,1.817417538,pass,ok
mc,sf_rwcs/novdd/125C/mc121,sf_rwcs,125,,121,1918332440,1645129208,376100942,pass,1.7842059,pass,ok
mc,sf_rwcs/novdd/125C/mc122,sf_rwcs,125,,122,1464108499,1645129208,156385557,pass,1.796287412,pass,ok
mc,sf_rwcs/novdd/125C/mc123,sf_rwcs,125,,123,488285184,1645129208,1054015864,pass,1.795995971,pass,ok
mc,sf_rwcs/novdd/125C/mc124,sf_rwcs,125,,124,1214675253,1645129208,1187380534,pass,1.790402665,pass,ok
mc,sf_rwcs/novdd/125C/mc125,sf_rwcs,125,,125,297110887,1645129208,1495107755,pass,1.806570084,pass,ok
mc,sf_rwcs/novdd/125C/mc126,sf_rwcs,125,,126,771756503,1645129208,311548985,pass,1.804835801,pass,ok
mc,sf_rwcs/novdd/125C/mc127,sf_rwcs,125,,127,168541066,1645129208,606788829,pass,1.80291359,pass,ok
mc,sf_rwcs/novdd/125C/mc128,sf_rwcs,125,,128,2129090314,1645129208,2024849089,pass,1.799220724,pass,ok
mc,sf_rwcs/novdd/125C/mc129,sf_rwcs,125,,129,2010998713,1645129208,1200191252,pass,1.796778232,pass,ok
mc,sf_rwcs/novdd/125C/mc130,sf_rwcs,125,,130,2099508291,1645129208,856258047,pass,1.80196099,pass,ok
mc,sf_rwcs/novdd/125C/mc131,sf_rwcs,125,,131,1884879629,1645129208,559632707,pass,1.818206608,pass,ok
mc,sf_rwcs/novdd/125C/mc132,sf_rwcs,125,,132,820654543,1645129208,564595494,pass,1.80320956,pass,ok
mc,sf_rwcs/novdd/125C/mc133,sf_rwcs,125,,133,1996073206,1645129208,251290318,pass,1.805080707,pass,ok
mc,sf_rwcs/novdd/125C/mc134,sf_rwcs,125,,134,2004645453,1645129208,939072758,pass,1.803028342,pass,ok
mc,sf_rwcs/novdd/125C/mc135,sf_rwcs,125,,135,1529496665,1645129208,823284139,pass,1.79129933,pass,ok
mc,sf_rwcs/novdd/125C/mc136,sf_rwcs,125,,136,1196312356,1645129208,692294057,pass,1.789217211,pass,ok
mc,sf_rwcs/novdd/125C/mc137,sf_rwcs,125,,137,1852447436,1645129208,1324798708,pass,1.798704821,pass,ok
mc,sf_rwcs/novdd/125C/mc138,sf_rwcs,125,,138,1527807540,1645129208,466108723,pass,1.802715865,pass,ok
mc,sf_rwcs/novdd/125C/mc139,sf_rwcs,125,,139,802768242,1645129208,570430221,pass,1.811664622,pass,ok
mc,sf_rwcs/novdd/125C/mc140,sf_rwcs,125,,140,1960622996,1645129208,1852678703,pass,1.797430171,pass,ok
mc,sf_rwcs/novdd/125C/mc141,sf_rwcs,125,,141,1639909823,1645129208,108393996,pass,1.800852648,pass,ok
mc,sf_rwcs/novdd/125C/mc142,sf_rwcs,125,,142,1245987630,1645129208,2045384285,pass,1.794110463,pass,ok
mc,sf_rwcs/novdd/125C/mc143,sf_rwcs,125,,143,535298146,1645129208,1478397697,pass,1.810995401,pass,ok
mc,sf_rwcs/novdd/125C/mc144,sf_rwcs,125,,144,1132631148,1645129208,1479354258,pass,1.799172021,pass,ok
mc,sf_rwcs/novdd/125C/mc145,sf_rwcs,125,,145,659827489,1645129208,831208060,pass,1.802924515,pass,ok
mc,sf_rwcs/novdd/125C/mc146,sf_rwcs,125,,146,1750502321,1645129208,598061938,pass,1.797164754,pass,ok
mc,sf_rwcs/novdd/125C/mc147,sf_rwcs,125,,147,880499576,1645129208,496472195,pass,1.824309171,pass,ok
mc,sf_rwcs/novdd/125C/mc148,sf_rwcs,125,,148,478375733,1645129208,1431567979,pass,1.791671629,pass,ok
mc,sf_rwcs/novdd/125C/mc149,sf_rwcs,125,,149,489179624,1645129208,1684986467,pass,1.811404351,pass,ok
mc,sf_rwcs/novdd/125C/mc150,sf_rwcs,125,,150,1704331267,1645129208,892512465,pass,1.803350221,pass,ok
mc,sf_rwcs/novdd/125C/mc151,sf_rwcs,125,,151,1251632092,1645129208,948779744,pass,1.799317433,pass,ok
mc,sf_rwcs/novdd/125C/mc152,sf_rwcs,125,,152,1837587593,1645129208,332992313,pass,1.796021708,pass,ok
mc,sf_rwcs/novdd/125C/mc153,sf_rwcs,125,,153,838470286,1645129208,347903337,pass,1.783576056,pass,ok
mc,sf_rwcs/novdd/125C/mc154,sf_rwcs,125,,154,15411909,1645129208,1487179719,pass,1.779928322,pass,ok
mc,sf_rwcs/novdd/125C/mc155,sf_rwcs,125,,155,2061497682,1645129208,1551557897,pass,1.783712656,pass,ok
mc,sf_rwcs/novdd/125C/mc156,sf_rwcs,125,,156,1348601382,1645129208,1921108921,pass,1.798014089,pass,ok
mc,sf_rwcs/novdd/125C/mc157,sf_rwcs,125,,157,361078814,1645129208,583660025,pass,1.800679015,pass,ok
mc,sf_rwcs/novdd/125C/mc158,sf_rwcs,125,,158,993574266,1645129208,1891739452,pass,1.806592798,pass,ok
mc,sf_rwcs/novdd/125C/mc159,sf_rwcs,125,,159,918351760,1645129208,1284649602,pass,1.806491103,pass,ok
mc,sf_rwcs/novdd/125C/mc160,sf_rwcs,125,,160,799310370,1645129208,1176810958,pass,1.793841864,pass,ok
mc,sf_rwcs/novdd/125C/mc161,sf_rwcs,125,,161,190546474,1645129208,770608960,pass,1.793073652,pass,ok
mc,sf_rwcs/novdd/125C/mc162,sf_rwcs,125,,162,725703630,1645129208,1639931265,pass,1.80556761,pass,ok
mc,sf_rwcs/novdd/125C/mc163,sf_rwcs,125,,163,729564353,1645129208,1664255128,pass,1.800956234,pass,ok
mc,sf_rwcs/novdd/125C/mc164,sf_rwcs,125,,164,562702247,1645129208,944492851,pass,1.805862739,pass,ok
mc,sf_rwcs/novdd/125C/mc165,sf_rwcs,125,,165,436481927,1645129208,1246205670,pass,1.808709433,pass,ok
mc,sf_rwcs/novdd/125C/mc166,sf_rwcs,125,,166,299956084,1645129208,1091549214,pass,1.820955459,pass,ok
mc,sf_rwcs/novdd/125C/mc167,sf_rwcs,125,,167,87017960,1645129208,2135951347,pass,1.79869063,pass,ok
mc,sf_rwcs/novdd/125C/mc168,sf_rwcs,125,,168,525819201,1645129208,1401107145,pass,1.804145693,pass,ok
mc,sf_rwcs/novdd/125C/mc169,sf_rwcs,125,,169,72105822,1645129208,1479689255,pass,1.783688745,pass,ok
mc,sf_rwcs/novdd/125C/mc170,sf_rwcs,125,,170,1854152285,1645129208,49947443,pass,1.801213136,pass,ok
mc,sf_rwcs/novdd/125C/mc171,sf_rwcs,125,,171,2047232592,1645129208,724301447,pass,1.798338384,pass,ok
mc,sf_rwcs/novdd/125C/mc172,sf_rwcs,125,,172,1347444865,1645129208,1434131565,pass,1.805238496,pass,ok
mc,sf_rwcs/novdd/125C/mc173,sf_rwcs,125,,173,1354451545,1645129208,574330889,pass,1.799126915,pass,ok
mc,sf_rwcs/novdd/125C/mc174,sf_rwcs,125,,174,1700814608,1645129208,1405454729,pass,1.808147211,pass,ok
mc,sf_rwcs/novdd/125C/mc175,sf_rwcs,125,,175,1955109885,1645129208,118219780,pass,1.803402245,pass,ok
mc,sf_rwcs/novdd/125C/mc176,sf_rwcs,125,,176,1359004045,1645129208,580319959,pass,1.793169934,pass,ok
mc,sf_rwcs/novdd/125C/mc177,sf_rwcs,125,,177,1815424792,1645129208,1527014479,pass,1.804277079,pass,ok
mc,sf_rwcs/novdd/125C/mc178,sf_rwcs,125,,178,1799505153,1645129208,2133740950,pass,1.798494883,pass,ok
mc,sf_rwcs/novdd/125C/mc179,sf_rwcs,125,,179,339798300,1645129208,2061381615,pass,1.790825754,pass,ok
mc,sf_rwcs/novdd/125C/mc180,sf_rwcs,125,,180,29484306,1645129208,1007279302,pass,1.816406092,pass,ok
mc,sf_rwcs/novdd/125C/mc181,sf_rwcs,125,,181,150546969,1645129208,54694191,pass,1.800882426,pass,ok
mc,sf_rwcs/novdd/125C/mc182,sf_rwcs,125,,182,2079673265,1645129208,1146658529,pass,1.814416342,pass,ok
mc,sf_rwcs/novdd/125C/mc183,sf_rwcs,125,,183,1874213588,1645129208,1781420104,pass,1.806756486,pass,ok
mc,sf_rwcs/novdd/125C/mc184,sf_rwcs,125,,184,1007446832,1645129208,121534127,pass,1.800947671,pass,ok
mc,sf_rwcs/novdd/125C/mc185,sf_rwcs,125,,185,33838688,1645129208,1483652826,pass,1.791015635,pass,ok
mc,sf_rwcs/novdd/125C/mc186,sf_rwcs,125,,186,1677626237,1645129208,1269023011,pass,1.803067976,pass,ok
mc,sf_rwcs/novdd/125C/mc187,sf_rwcs,125,,187,1244292845,1645129208,590732467,pass,1.808828256,pass,ok
mc,sf_rwcs/novdd/125C/mc188,sf_rwcs,125,,188,1096871614,1645129208,920602113,pass,1.795523748,pass,ok
mc,sf_rwcs/novdd/125C/mc189,sf_rwcs,125,,189,453827467,1645129208,1961848994,pass,1.811253038,pass,ok
mc,sf_rwcs/novdd/125C/mc190,sf_rwcs,125,,190,1061400310,1645129208,1886148167,pass,1.79922747,pass,ok
mc,sf_rwcs/novdd/125C/mc191,sf_rwcs,125,,191,2142835646,1645129208,547812778,pass,1.781133146,pass,ok
mc,sf_rwcs/novdd/125C/mc192,sf_rwcs,125,,192,1176330827,1645129208,1943739422,pass,1.791066286,pass,ok
mc,sf_rwcs/novdd/125C/mc193,sf_rwcs,125,,193,270063447,1645129208,938952608,pass,1.807045492,pass,ok
mc,sf_rwcs/novdd/125C/mc194,sf_rwcs,125,,194,2014881747,1645129208,1225951733,pass,1.783524844,pass,ok
mc,sf_rwcs/novdd/125C/mc195,sf_rwcs,125,,195,1941081039,1645129208,1985208838,pass,1.796616391,pass,ok
mc,sf_rwcs/novdd/125C/mc196,sf_rwcs,125,,196,2021369843,1645129208,857540593,pass,1.796174939,pass,ok
mc,sf_rwcs/novdd/125C/mc197,sf_rwcs,125,,197,55515503,1645129208,1234401109,pass,1.801093694,pass,ok
mc,sf_rwcs/novdd/125C/mc198,sf_rwcs,125,,198,1893576313,1645129208,914663994,pass,1.791161861,pass,ok
mc,sf_rwcs/novdd/125C/mc199,sf_rwcs,125,,199,899515175,1645129208,447588213,pass,1.79256982,pass,ok
mc,sf_rwcs/novdd/125C/mc200,sf_rwcs,125,,200,325389939,1645129208,1245152645,pass,1.789603075,pass,ok
mc,sf_rwcs/novdd/125C/mc201,sf_rwcs,125,,201,974979896,1645129208,1749421934,pass,1.788516841,pass,ok
mc,sf_rwcs/novdd/125C/mc202,sf_rwcs,125,,202,1700176041,1645129208,1022745392,pass,1.796935702,pass,ok
mc,sf_rwcs/novdd/125C/mc203,sf_rwcs,125,,203,1366104355,1645129208,100864190,pass,1.803600755,pass,ok
mc,sf_rwcs/novdd/125C/mc204,sf_rwcs,125,,204,1089808788,1645129208,317492117,pass,1.79454342,pass,ok
mc,sf_rwcs/novdd/125C/mc205,sf_rwcs,125,,205,1401950816,1645129208,1962946020,pass,1.801706009,pass,ok
mc,sf_rwcs/novdd/125C/mc206,sf_rwcs,125,,206,1097486244,1645129208,2006250463,pass,1.795276635,pass,ok
mc,sf_rwcs/novdd/125C/mc207,sf_rwcs,125,,207,1028518533,1645129208,1609178516,pass,1.806854523,pass,ok
mc,sf_rwcs/novdd/125C/mc208,sf_rwcs,125,,208,1462599352,1645129208,983656659,pass,1.781125128,pass,ok
mc,sf_rwcs/novdd/125C/mc209,sf_rwcs,125,,209,1349279121,1645129208,1964437404,pass,1.816905385,pass,ok
mc,sf_rwcs/novdd/125C/mc210,sf_rwcs,125,,210,238850406,1645129208,636569027,pass,1.808698776,pass,ok
mc,sf_rwcs/novdd/125C/mc211,sf_rwcs,125,,211,1973035358,1645129208,1647223255,pass,1.800622427,pass,ok
mc,sf_rwcs/novdd/125C/mc212,sf_rwcs,125,,212,3559,1645129208,910653683,pass,1.792903422,pass,ok
mc,sf_rwcs/novdd/125C/mc213,sf_rwcs,125,,213,1394658300,1645129208,738351489,pass,1.795325311,pass,ok
mc,sf_rwcs/novdd/125C/mc214,sf_rwcs,125,,214,1566341854,1645129208,1089600903,pass,1.807425003,pass,ok
mc,sf_rwcs/novdd/125C/mc215,sf_rwcs,125,,215,813787377,1645129208,1108188793,pass,1.794590742,pass,ok
mc,sf_rwcs/novdd/125C/mc216,sf_rwcs,125,,216,1811761374,1645129208,1250679644,pass,1.808975351,pass,ok
mc,sf_rwcs/novdd/125C/mc217,sf_rwcs,125,,217,926948955,1645129208,1039143325,pass,1.802743227,pass,ok
mc,sf_rwcs/novdd/125C/mc218,sf_rwcs,125,,218,263257836,1645129208,1373334976,pass,1.792551073,pass,ok
mc,sf_rwcs/novdd/125C/mc219,sf_rwcs,125,,219,1953344178,1645129208,1419781690,pass,1.784804458,pass,ok
mc,sf_rwcs/novdd/125C/mc220,sf_rwcs,125,,220,1067905196,1645129208,1679989847,pass,1.815566821,pass,ok
mc,sf_rwcs/novdd/125C/mc221,sf_rwcs,125,,221,375196215,1645129208,1263678731,pass,1.787623211,pass,ok
mc,sf_rwcs/novdd/125C/mc222,sf_rwcs,125,,222,1678613494,1645129208,1635770331,pass,1.811444916,pass,ok
mc,sf_rwcs/novdd/125C/mc223,sf_rwcs,125,,223,1739788518,1645129208,704423966,pass,1.799268099,pass,ok
mc,sf_rwcs/novdd/125C/mc224,sf_rwcs,125,,224,1887432263,1645129208,1317856098,pass,1.796352437,pass,ok
mc,sf_rwcs/novdd/125C/mc225,sf_rwcs,125,,225,204053199,1645129208,784441443,pass,1.800469981,pass,ok
mc,sf_rwcs/novdd/125C/mc226,sf_rwcs,125,,226,557021255,1645129208,1200828813,pass,1.798283517,pass,ok
mc,sf_rwcs/novdd/125C/mc227,sf_rwcs,125,,227,1089899579,1645129208,982177228,pass,1.815751715,pass,ok
mc,sf_rwcs/novdd/125C/mc228,sf_rwcs,125,,228,1178140872,1645129208,2061923605,pass,1.795487909,pass,ok
mc,sf_rwcs/novdd/125C/mc229,sf_rwcs,125,,229,1857072050,1645129208,485233179,pass,1.791859231,pass,ok
mc,sf_rwcs/novdd/125C/mc230,sf_rwcs,125,,230,1946417869,1645129208,80676707,pass,1.797791333,pass,ok
mc,sf_rwcs/novdd/125C/mc231,sf_rwcs,125,,231,1212420042,1645129208,913509601,pass,1.807737383,pass,ok
mc,sf_rwcs/novdd/125C/mc232,sf_rwcs,125,,232,864575877,1645129208,1565546136,pass,1.808863013,pass,ok
mc,sf_rwcs/novdd/125C/mc233,sf_rwcs,125,,233,494902979,1645129208,953713398,pass,1.804483111,pass,ok
mc,sf_rwcs/novdd/125C/mc234,sf_rwcs,125,,234,1809904799,1645129208,375774285,pass,1.795552608,pass,ok
mc,sf_rwcs/novdd/125C/mc235,sf_rwcs,125,,235,1914910631,1645129208,1969012467,pass,1.79238296,pass,ok
mc,sf_rwcs/novdd/125C/mc236,sf_rwcs,125,,236,1146370284,1645129208,2095358317,pass,1.819101922,pass,ok
mc,sf_rwcs/novdd/125C/mc237,sf_rwcs,125,,237,561091752,1645129208,1155136961,pass,1.802721711,pass,ok
mc,sf_rwcs/novdd/125C/mc238,sf_rwcs,125,,238,109505455,1645129208,1070343186,pass,1.797071398,pass,ok
mc,sf_rwcs/novdd/125C/mc239,sf_rwcs,125,,239,317089770,1645129208,559967097,pass,1.796358871,pass,ok
mc,sf_rwcs/novdd/125C/mc240,sf_rwcs,125,,240,1861439283,1645129208,1174194802,pass,1.798530052,pass,ok
mc,sf_rwcs/novdd/125C/mc241,sf_rwcs,125,,241,66188695,1645129208,1610651062,pass,1.780128805,pass,ok
mc,sf_rwcs/novdd/125C/mc242,sf_rwcs,125,,242,1323142102,1645129208,1281077979,pass,1.78028104,pass,ok
mc,sf_rwcs/novdd/125C/mc243,sf_rwcs,125,,243,563004231,1645129208,10567,pass,1.796993262,pass,ok
mc,sf_rwcs/novdd/125C/mc244,sf_rwcs,125,,244,872446523,1645129208,933199141,pass,1.814107888,pass,ok
mc,sf_rwcs/novdd/125C/mc245,sf_rwcs,125,,245,493906501,1645129208,1477714271,pass,1.81065388,pass,ok
mc,sf_rwcs/novdd/125C/mc246,sf_rwcs,125,,246,1419619518,1645129208,1148579028,pass,1.798243434,pass,ok
mc,sf_rwcs/novdd/125C/mc247,sf_rwcs,125,,247,1181312357,1645129208,1588128444,pass,1.799809807,pass,ok
mc,sf_rwcs/novdd/125C/mc248,sf_rwcs,125,,248,1416414340,1645129208,1683701133,pass,1.812665732,pass,ok
mc,sf_rwcs/novdd/125C/mc249,sf_rwcs,125,,249,1148465500,1645129208,1382426060,pass,1.786612249,pass,ok
mc,sf_rwcs/novdd/125C/mc250,sf_rwcs,125,,250,1434714097,1645129208,1880572229,pass,1.806718998,pass,ok
mc,sf_rwcs/novdd/125C/mc251,sf_rwcs,125,,251,1315412774,1645129208,1606995753,pass,1.796971484,pass,ok
mc,sf_rwcs/novdd/125C/mc252,sf_rwcs,125,,252,2054364314,1645129208,1595301357,pass,1.795692439,pass,ok
mc,sf_rwcs/novdd/125C/mc253,sf_rwcs,125,,253,839185473,1645129208,92176272,pass,1.800629925,pass,ok
mc,sf_rwcs/novdd/125C/mc254,sf_rwcs,125,,254,602994976,1645129208,1540032665,pass,1.795650166,pass,ok
mc,sf_rwcs/novdd/125C/mc255,sf_rwcs,125,,255,1497507307,1645129208,371884576,pass,1.782885294,pass,ok
mc,sf_rwcs/novdd/125C/mc256,sf_rwcs,125,,256,532847433,1645129208,38379967,pass,1.790520208,pass,ok
mc,sf_rwcs/novdd/125C/mc257,sf_rwcs,125,,257,415260356,1645129208,1884066702,pass,1.794533119,pass,ok
mc,sf_rwcs/novdd/125C/mc258,sf_rwcs,125,,258,949030321,1645129208,1568967898,pass,1.801430407,pass,ok
mc,sf_rwcs/novdd/125C/mc259,sf_rwcs,125,,259,1215880895,1645129208,823227983,pass,1.800725369,pass,ok
mc,sf_rwcs/novdd/125C/mc260,sf_rwcs,125,,260,433353208,1645129208,590717468,pass,1.818101225,pass,ok
mc,sf_rwcs/novdd/125C/mc261,sf_rwcs,125,,261,1911317982,1645129208,1404638633,pass,1.821924606,pass,ok
mc,sf_rwcs/novdd/125C/mc262,sf_rwcs,125,,262,1167499089,1645129208,1382975397,pass,1.800339219,pass,ok
mc,sf_rwcs/novdd/125C/mc263,sf_rwcs,125,,263,1688181003,1645129208,460634992,pass,1.787252971,pass,ok
mc,sf_rwcs/novdd/125C/mc264,sf_rwcs,125,,264,1973789328,1645129208,1611122927,pass,1.801774946,pass,ok
mc,sf_rwcs/novdd/125C/mc265,sf_rwcs,125,,265,1951086085,1645129208,1693624495,pass,1.817844583,pass,ok
mc,sf_rwcs/novdd/125C/mc266,sf_rwcs,125,,266,1565096196,1645129208,1060339962,pass,1.796921832,pass,ok
mc,sf_rwcs/novdd/125C/mc267,sf_rwcs,125,,267,838556239,1645129208,2118939139,pass,1.80836778,pass,ok
mc,sf_rwcs/novdd/125C/mc268,sf_rwcs,125,,268,2067770767,1645129208,1923700737,pass,1.790093849,pass,ok
mc,sf_rwcs/novdd/125C/mc269,sf_rwcs,125,,269,2086492577,1645129208,71663942,pass,1.791702126,pass,ok
mc,sf_rwcs/novdd/125C/mc270,sf_rwcs,125,,270,1894593280,1645129208,2104320430,pass,1.804497532,pass,ok
mc,sf_rwcs/novdd/125C/mc271,sf_rwcs,125,,271,1856511344,1645129208,810084423,pass,1.806016954,pass,ok
mc,sf_rwcs/novdd/125C/mc272,sf_rwcs,125,,272,405258183,1645129208,957487833,pass,1.79282402,pass,ok
mc,sf_rwcs/novdd/125C/mc273,sf_rwcs,125,,273,1306239454,1645129208,1346142318,pass,1.810901912,pass,ok
mc,sf_rwcs/novdd/125C/mc274,sf_rwcs,125,,274,176597387,1645129208,258858546,pass,1.804501304,pass,ok
mc,sf_rwcs/novdd/125C/mc275,sf_rwcs,125,,275,1127991748,1645129208,1175358005,pass,1.80962914,pass,ok
mc,sf_rwcs/novdd/125C/mc276,sf_rwcs,125,,276,1826725694,1645129208,141825442,pass,1.805786973,pass,ok
mc,sf_rwcs/novdd/125C/mc277,sf_rwcs,125,,277,568197944,1645129208,630813028,pass,1.803404992,pass,ok
mc,sf_rwcs/novdd/125C/mc278,sf_rwcs,125,,278,1889196627,1645129208,1239896236,pass,1.780179611,pass,ok
mc,sf_rwcs/novdd/125C/mc279,sf_rwcs,125,,279,1584162988,1645129208,950792658,pass,1.801696791,pass,ok
mc,sf_rwcs/novdd/125C/mc280,sf_rwcs,125,,280,1080247260,1645129208,1314671567,pass,1.802856795,pass,ok
mc,sf_rwcs/novdd/125C/mc281,sf_rwcs,125,,281,243342654,1645129208,1200135336,pass,1.783124538,pass,ok
mc,sf_rwcs/novdd/125C/mc282,sf_rwcs,125,,282,815304372,1645129208,2033488904,pass,1.80127238,pass,ok
mc,sf_rwcs/novdd/125C/mc283,sf_rwcs,125,,283,1669814902,1645129208,1714746188,pass,1.805371642,pass,ok
mc,sf_rwcs/novdd/125C/mc284,sf_rwcs,125,,284,621811309,1645129208,546173402,pass,1.799322746,pass,ok
mc,sf_rwcs/novdd/125C/mc285,sf_rwcs,125,,285,18870133,1645129208,2128049668,pass,1.787932273,pass,ok
mc,sf_rwcs/novdd/125C/mc286,sf_rwcs,125,,286,1779132888,1645129208,2052270431,pass,1.807942534,pass,ok
mc,sf_rwcs/novdd/125C/mc287,sf_rwcs,125,,287,1600294462,1645129208,1369923970,pass,1.808242532,pass,ok
mc,sf_rwcs/novdd/125C/mc288,sf_rwcs,125,,288,2059663654,1645129208,1241460441,pass,1.802176959,pass,ok
mc,sf_rwcs/novdd/125C/mc289,sf_rwcs,125,,289,1946204470,1645129208,2036478304,pass,1.813498203,pass,ok
mc,sf_rwcs/novdd/125C/mc290,sf_rwcs,125,,290,365245382,1645129208,46711469,pass,1.80346642,pass,ok
mc,sf_rwcs/novdd/125C/mc291,sf_rwcs,125,,291,615303776,1645129208,2094032694,pass,1.808656493,pass,ok
mc,sf_rwcs/novdd/125C/mc292,sf_rwcs,125,,292,254852673,1645129208,952440370,pass,1.811754682,pass,ok
mc,sf_rwcs/novdd/125C/mc293,sf_rwcs,125,,293,584059949,1645129208,2027345842,pass,1.792750506,pass,ok
mc,sf_rwcs/novdd/125C/mc294,sf_rwcs,125,,294,897082430,1645129208,278895277,pass,1.794197211,pass,ok
mc,sf_rwcs/novdd/125C/mc295,sf_rwcs,125,,295,619157718,1645129208,756260396,pass,1.809161368,pass,ok
mc,sf_rwcs/novdd/125C/mc296,sf_rwcs,125,,296,10567037,1645129208,659764154,pass,1.805405694,pass,ok
mc,sf_rwcs/novdd/125C/mc297,sf_rwcs,125,,297,178128183,1645129208,1014863378,pass,1.811779819,pass,ok
mc,sf_rwcs/novdd/125C/mc298,sf_rwcs,125,,298,196075360,1645129208,1539875103,pass,1.797651349,pass,ok
mc,sf_rwcs/novdd/125C/mc299,sf_rwcs,125,,299,1138080777,1645129208,494048766,pass,1.789056609,pass,ok
mc,sf_rwcs/novdd/125C/mc300,sf_rwcs,125,,300,848157935,1645129208,1459258192,pass,1.80307037,pass,ok
mc,sf_rwcs/novdd/125C/mc301,sf_rwcs,125,,301,2114770604,1645129208,983771573,pass,1.802272652,pass,ok
mc,sf_rwcs/novdd/125C/mc302,sf_rwcs,125,,302,428502116,1645129208,1912104038,pass,1.800987309,pass,ok
mc,sf_rwcs/novdd/125C/mc303,sf_rwcs,125,,303,1612163925,1645129208,428713766,pass,1.813329936,pass,ok
mc,sf_rwcs/novdd/125C/mc304,sf_rwcs,125,,304,1082187599,1645129208,1390828232,pass,1.818866842,pass,ok
mc,sf_rwcs/novdd/125C/mc305,sf_rwcs,125,,305,2096477317,1645129208,1148559676,pass,1.799038696,pass,ok
mc,sf_rwcs/novdd/125C/mc306,sf_rwcs,125,,306,683417749,1645129208,1625689890,pass,1.81272498,pass,ok
mc,sf_rwcs/novdd/125C/mc307,sf_rwcs,125,,307,1456240469,1645129208,439275424,pass,1.79836331,pass,ok
mc,sf_rwcs/novdd/125C/mc308,sf_rwcs,125,,308,1007347248,1645129208,950979774,pass,1.805519278,pass,ok
mc,sf_rwcs/novdd/125C/mc309,sf_rwcs,125,,309,1962921254,1645129208,447569320,pass,1.820399607,pass,ok
mc,sf_rwcs/novdd/125C/mc310,sf_rwcs,125,,310,186649223,1645129208,1733755401,pass,1.796324534,pass,ok
mc,sf_rwcs/novdd/125C/mc311,sf_rwcs,125,,311,320510620,1645129208,1425987312,pass,1.80465896,pass,ok
mc,sf_rwcs/novdd/125C/mc312,sf_rwcs,125,,312,1617402738,1645129208,304923928,pass,1.815337683,pass,ok
mc,sf_rwcs/novdd/125C/mc313,sf_rwcs,125,,313,2067567501,1645129208,778244455,pass,1.800262421,pass,ok
mc,sf_rwcs/novdd/125C/mc314,sf_rwcs,125,,314,1399322154,1645129208,604815125,pass,1.818612667,pass,ok
mc,sf_rwcs/novdd/125C/mc315,sf_rwcs,125,,315,1326802238,1645129208,1242926543,pass,1.817115913,pass,ok
mc,sf_rwcs/novdd/125C/mc316,sf_rwcs,125,,316,466789183,1645129208,977943618,pass,1.798243691,pass,ok
mc,sf_rwcs/novdd/125C/mc317,sf_rwcs,125,,317,1095581099,1645129208,463710596,pass,1.800175266,pass,ok
mc,sf_rwcs/novdd/125C/mc318,sf_rwcs,125,,318,672718278,1645129208,306656809,pass,1.816559055,pass,ok
mc,sf_rwcs/novdd/125C/mc319,sf_rwcs,125,,319,1049613761,1645129208,269813714,pass,1.797996272,pass,ok
mc,sf_rwcs/novdd/125C/mc320,sf_rwcs,125,,320,1531404499,1645129208,289037404,pass,1.812705434,pass,ok
mc,sf_rwcs/novdd/125C/mc321,sf_rwcs,125,,321,1557753811,1645129208,1168768631,pass,1.805143385,pass,ok
mc,sf_rwcs/novdd/125C/mc322,sf_rwcs,125,,322,25302955,1645129208,1077216705,pass,1.805895704,pass,ok
mc,sf_rwcs/novdd/125C/mc323,sf_rwcs,125,,323,1160395211,1645129208,44411177,pass,1.802111917,pass,ok
mc,sf_rwcs/novdd/125C/mc324,sf_rwcs,125,,324,1814730951,1645129208,183766383,pass,1.797268428,pass,ok
mc,sf_rwcs/novdd/125C/mc325,sf_rwcs,125,,325,1370927033,1645129208,275613209,pass,1.79792401,pass,ok
mc,sf_rwcs/novdd/125C/mc326,sf_rwcs,125,,326,1131566007,1645129208,2034621425,pass,1.789205708,pass,ok
mc,sf_rwcs/novdd/125C/mc327,sf_rwcs,125,,327,1712285427,1645129208,444851020,pass,1.809804445,pass,ok
mc,sf_rwcs/novdd/125C/mc328,sf_rwcs,125,,328,2054236204,1645129208,1525065074,pass,1.798692533,pass,ok
mc,sf_rwcs/novdd/125C/mc329,sf_rwcs,125,,329,1138669059,1645129208,1240120456,pass,1.80541668,pass,ok
mc,sf_rwcs/novdd/125C/mc330,sf_rwcs,125,,330,2000752824,1645129208,1187954103,pass,1.794644093,pass,ok
mc,sf_rwcs/novdd/125C/mc331,sf_rwcs,125,,331,994894836,1645129208,543658591,pass,1.803780372,pass,ok
mc,sf_rwcs/novdd/125C/mc332,sf_rwcs,125,,332,1906314501,1645129208,274782953,pass,1.8237358,pass,ok
mc,sf_rwcs/novdd/125C/mc333,sf_rwcs,125,,333,1841356806,1645129208,1742093646,pass,1.809506739,pass,ok
mc,sf_rwcs/novdd/125C/mc334,sf_rwcs,125,,334,58932234,1645129208,1259383296,pass,1.813742368,pass,ok
mc,sf_rwcs/novdd/125C/mc335,sf_rwcs,125,,335,904515698,1645129208,1655624300,pass,1.79762419,pass,ok
mc,sf_rwcs/novdd/125C/mc336,sf_rwcs,125,,336,1641789155,1645129208,673366242,pass,1.803766042,pass,ok
mc,sf_rwcs/novdd/125C/mc337,sf_rwcs,125,,337,697767472,1645129208,22555481,pass,1.816813144,pass,ok
mc,sf_rwcs/novdd/125C/mc338,sf_rwcs,125,,338,283264201,1645129208,734033496,pass,1.821567865,pass,ok
mc,sf_rwcs/novdd/125C/mc339,sf_rwcs,125,,339,575464760,1645129208,1771391870,pass,1.800829023,pass,ok
mc,sf_rwcs/novdd/125C/mc340,sf_rwcs,125,,340,1034564661,1645129208,737760961,pass,1.796962633,pass,ok
mc,sf_rwcs/novdd/125C/mc341,sf_rwcs,125,,341,875610793,1645129208,300244331,pass,1.801500355,pass,ok
mc,sf_rwcs/novdd/125C/mc342,sf_rwcs,125,,342,486152068,1645129208,110064274,pass,1.798036091,pass,ok
mc,sf_rwcs/novdd/125C/mc343,sf_rwcs,125,,343,1703369373,1645129208,1796793233,pass,1.808754987,pass,ok
mc,sf_rwcs/novdd/125C/mc344,sf_rwcs,125,,344,1497933714,1645129208,1358984136,pass,1.797595952,pass,ok
mc,sf_rwcs/novdd/125C/mc345,sf_rwcs,125,,345,903634588,1645129208,697471026,pass,1.792755075,pass,ok
mc,sf_rwcs/novdd/125C/mc346,sf_rwcs,125,,346,390239794,1645129208,1291607583,pass,1.798675735,pass,ok
mc,sf_rwcs/novdd/125C/mc347,sf_rwcs,125,,347,506354163,1645129208,262937510,pass,1.805073599,pass,ok
mc,sf_rwcs/novdd/125C/mc348,sf_rwcs,125,,348,929955771,1645129208,1147930493,pass,1.802283268,pass,ok
mc,sf_rwcs/novdd/125C/mc349,sf_rwcs,125,,349,1753965619,1645129208,1291767473,pass,1.794817361,pass,ok
mc,sf_rwcs/novdd/125C/mc350,sf_rwcs,125,,350,318226901,1645129208,1202949489,pass,1.803906995,pass,ok
mc,sf_rwcs/novdd/125C/mc351,sf_rwcs,125,,351,1683244315,1645129208,625393320,pass,1.793588995,pass,ok
mc,sf_rwcs/novdd/125C/mc352,sf_rwcs,125,,352,450018996,1645129208,717156448,pass,1.816653069,pass,ok
mc,sf_rwcs/novdd/125C/mc353,sf_rwcs,125,,353,1907278057,1645129208,679772108,pass,1.790105728,pass,ok
mc,sf_rwcs/novdd/125C/mc354,sf_rwcs,125,,354,924132243,1645129208,148172870,pass,1.794843058,pass,ok
mc,sf_rwcs/novdd/125C/mc355,sf_rwcs,125,,355,923450926,1645129208,256615383,pass,1.796489963,pass,ok
mc,sf_rwcs/novdd/125C/mc356,sf_rwcs,125,,356,1100855316,1645129208,1765179336,pass,1.797566951,pass,ok
mc,sf_rwcs/novdd/125C/mc357,sf_rwcs,125,,357,230813400,1645129208,316133102,pass,1.808853943,pass,ok
mc,sf_rwcs/novdd/125C/mc358,sf_rwcs,125,,358,1931614679,1645129208,724088796,pass,1.814348836,pass,ok
mc,sf_rwcs/novdd/125C/mc359,sf_rwcs,125,,359,1475878535,1645129208,327801082,pass,1.801712056,pass,ok
mc,sf_rwcs/novdd/125C/mc360,sf_rwcs,125,,360,1265524403,1645129208,1499353544,pass,1.785301826,pass,ok
mc,sf_rwcs/novdd/125C/mc361,sf_rwcs,125,,361,1437092664,1645129208,1267488050,pass,1.804956431,pass,ok
mc,sf_rwcs/novdd/125C/mc362,sf_rwcs,125,,362,606422099,1645129208,900759708,pass,1.789255187,pass,ok
mc,sf_rwcs/novdd/125C/mc363,sf_rwcs,125,,363,2056727349,1645129208,1484334723,pass,1.804472807,pass,ok
mc,sf_rwcs/novdd/125C/mc364,sf_rwcs,125,,364,2079621951,1645129208,1637105251,pass,1.7950481,pass,ok
mc,sf_rwcs/novdd/125C/mc365,sf_rwcs,125,,365,1246475828,1645129208,1230807066,pass,1.789962647,pass,ok
mc,sf_rwcs/novdd/125C/mc366,sf_rwcs,125,,366,1887879640,1645129208,901211576,pass,1.793730801,pass,ok
mc,sf_rwcs/novdd/125C/mc367,sf_rwcs,125,,367,1894071149,1645129208,2129068267,pass,1.815161964,pass,ok
mc,sf_rwcs/novdd/125C/mc368,sf_rwcs,125,,368,2102279678,1645129208,619544871,pass,1.796258539,pass,ok
mc,sf_rwcs/novdd/125C/mc369,sf_rwcs,125,,369,1731543625,1645129208,742976584,pass,1.789365925,pass,ok
mc,sf_rwcs/novdd/125C/mc370,sf_rwcs,125,,370,1794841870,1645129208,1030743696,pass,1.807678512,pass,ok
mc,sf_rwcs/novdd/125C/mc371,sf_rwcs,125,,371,2012774860,1645129208,358356428,pass,1.794601217,pass,ok
mc,sf_rwcs/novdd/125C/mc372,sf_rwcs,125,,372,1010251661,1645129208,1302936625,pass,1.799651474,pass,ok
mc,sf_rwcs/novdd/125C/mc373,sf_rwcs,125,,373,2079993358,1645129208,1508900606,pass,1.818301481,pass,ok
mc,sf_rwcs/novdd/125C/mc374,sf_rwcs,125,,374,216670396,1645129208,66601270,pass,1.793507463,pass,ok
mc,sf_rwcs/novdd/125C/mc375,sf_rwcs,125,,375,240473027,1645129208,1494302033,pass,1.796186932,pass,ok
mc,sf_rwcs/novdd/125C/mc376,sf_rwcs,125,,376,109198427,1645129208,1667896906,pass,1.807258251,pass,ok
mc,sf_rwcs/novdd/125C/mc377,sf_rwcs,125,,377,847813149,1645129208,1660710079,pass,1.803617413,pass,ok
mc,sf_rwcs/novdd/125C/mc378,sf_rwcs,125,,378,633892755,1645129208,1296404773,pass,1.818417581,pass,ok
mc,sf_rwcs/novdd/125C/mc379,sf_rwcs,125,,379,602424010,1645129208,171972237,pass,1.797604202,pass,ok
mc,sf_rwcs/novdd/125C/mc380,sf_rwcs,125,,380,1608206005,1645129208,1094895043,pass,1.809484856,pass,ok
mc,sf_rwcs/novdd/125C/mc381,sf_rwcs,125,,381,418647675,1645129208,1135524621,pass,1.799741511,pass,ok
mc,sf_rwcs/novdd/125C/mc382,sf_rwcs,125,,382,1774020940,1645129208,1680598341,pass,1.783404644,pass,ok
mc,sf_rwcs/novdd/125C/mc383,sf_rwcs,125,,383,94376621,1645129208,386689744,pass,1.820100999,pass,ok
mc,sf_rwcs/novdd/125C/mc384,sf_rwcs,125,,384,1243375703,1645129208,176808850,pass,1.79514077,pass,ok
mc,sf_rwcs/novdd/125C/mc385,sf_rwcs,125,,385,151901365,1645129208,2126983435,pass,1.797343616,pass,ok
mc,sf_rwcs/novdd/125C/mc386,sf_rwcs,125,,386,857482019,1645129208,2138074224,pass,1.805701297,pass,ok
mc,sf_rwcs/novdd/125C/mc387,sf_rwcs,125,,387,1726926986,1645129208,491497516,pass,1.792860182,pass,ok
mc,sf_rwcs/novdd/125C/mc388,sf_rwcs,125,,388,1355263150,1645129208,157427593,pass,1.826029025,pass,ok
mc,sf_rwcs/novdd/125C/mc389,sf_rwcs,125,,389,1028322273,1645129208,1081109974,pass,1.79264396,pass,ok
mc,sf_rwcs/novdd/125C/mc390,sf_rwcs,125,,390,1372183156,1645129208,1119848903,pass,1.813169367,pass,ok
mc,sf_rwcs/novdd/125C/mc391,sf_rwcs,125,,391,1020742041,1645129208,779003387,pass,1.790023602,pass,ok
mc,sf_rwcs/novdd/125C/mc392,sf_rwcs,125,,392,1771089036,1645129208,1888797971,pass,1.77757729,pass,ok
mc,sf_rwcs/novdd/125C/mc393,sf_rwcs,125,,393,2055602975,1645129208,779851126,pass,1.781627234,pass,ok
mc,sf_rwcs/novdd/125C/mc394,sf_rwcs,125,,394,1685564629,1645129208,998799761,pass,1.797151701,pass,ok
mc,sf_rwcs/novdd/125C/mc395,sf_rwcs,125,,395,1545718703,1645129208,1400504904,pass,1.805481157,pass,ok
mc,sf_rwcs/novdd/125C/mc396,sf_rwcs,125,,396,88608429,1645129208,17520669,pass,1.796568757,pass,ok
mc,sf_rwcs/novdd/125C/mc397,sf_rwcs,125,,397,1835919028,1645129208,1718646968,pass,1.812278582,pass,ok
mc,sf_rwcs/novdd/125C/mc398,sf_rwcs,125,,398,177499108,1645129208,837440377,pass,1.790848762,pass,ok
mc,sf_rwcs/novdd/125C/mc399,sf_rwcs,125,,399,583024544,1645129208,1060367148,pass,1.805704172,pass,ok
mc,fs_rbcs/novdd/-40C/mc0,fs_rbcs,-40,,0,1928171960,1496877867,1868869123,pass,1.808138683,pass,ok
mc,fs_rbcs/novdd/-40C/mc1,fs_rbcs,-40,,1,446591990,1496877867,528045358,pass,1.797606142,pass,ok
mc,fs_rbcs/novdd/-40C/mc2,fs_rbcs,-40,,2,305161037,1496877867,1307966030,pass,1.794312434,pass,ok
mc,fs_rbcs/novdd/-40C/mc3,fs_rbcs,-40,,3,614872402,1496877867,1714666297,pass,1.803173633,pass,ok
mc,fs_rbcs/novdd/-40C/mc4,fs_rbcs,-40,,4,820941478,1496877867,30213691,pass,1.78624917,pass,ok
mc,fs_rbcs/novdd/-40C/mc5,fs_rbcs,-40,,5,1713626095,1496877867,844620437,pass,1.804032305,pass,ok
mc,fs_rbcs/novdd/-40C/mc6,fs_rbcs,-40,,6,1525584810,1496877867,24433504,pass,1.82465403,pass,ok
mc,fs_rbcs/novdd/-40C/mc7,fs_rbcs,-40,,7,1391737349,1496877867,629468489,pass,1.81652361,pass,ok
mc,fs_rbcs/novdd/-40C/mc8,fs_rbcs,-40,,8,257737386,1496877867,1708310220,pass,1.797488396,pass,ok
mc,fs_rbcs/novdd/-40C/mc9,fs_rbcs,-40,,9,376790131,1496877867,587570224,pass,1.801625245,pass,ok
mc,fs_rbcs/novdd/-40C/mc10,fs_rbcs,-40,,10,313056076,1496877867,625669013,pass,1.798934001,pass,ok
mc,fs_rbcs/novdd/-40C/mc11,fs_rbcs,-40,,11,600321523,1496877867,749901701,pass,1.792723313,pass,ok
mc,fs_rbcs/novdd/-40C/mc12,fs_rbcs,-40,,12,1931915661,1496877867,1059947430,pass,1.805928475,pass,ok
mc,fs_rbcs/novdd/-40C/mc13,fs_rbcs,-40,,13,1751005254,1496877867,1603983381,pass,1.804730479,pass,ok
mc,fs_rbcs/novdd/-40C/mc14,fs_rbcs,-40,,14,1340175161,1496877867,457241092,pass,1.803817275,pass,ok
mc,fs_rbcs/novdd/-40C/mc15,fs_rbcs,-40,,15,1084695776,1496877867,1829317766,pass,1.81090481,pass,ok
mc,fs_rbcs/novdd/-40C/mc16,fs_rbcs,-40,,16,1589448871,1496877867,734953201,pass,1.782003711,pass,ok
mc,fs_rbcs/novdd/-40C/mc17,fs_rbcs,-40,,17,365154209,1496877867,1934515490,pass,1.798157409,pass,ok
mc,fs_rbcs/novdd/-40C/mc18,fs_rbcs,-40,,18,1067003418,1496877867,2075571343,pass,1.816231287,pass,ok
mc,fs_rbcs/novdd/-40C/mc19,fs_rbcs,-40,,19,924540722,1496877867,1624602251,pass,1.803973163,pass,ok
mc,fs_rbcs/novdd/-40C/mc20,fs_rbcs,-40,,20,2117608315,1496877867,1842363774,pass,1.795832512,pass,ok
mc,fs_rbcs/novdd/-40C/mc21,fs_rbcs,-40,,21,52292565,1496877867,1314344843,pass,1.791959632,pass,ok
mc,fs_rbcs/novdd/-40C/mc22,fs_rbcs,-40,,22,468403199,1496877867,853517419,pass,1.802973802,pass,ok
mc,fs_rbcs/novdd/-40C/mc23,fs_rbcs,-40,,23,1664301012,1496877867,1386672358,pass,1.787334013,pass,ok
mc,fs_rbcs/novdd/-40C/mc24,fs_rbcs,-40,,24,1194934039,1496877867,1334084395,pass,1.804812941,pass,ok
mc,fs_rbcs/novdd/-40C/mc25,fs_rbcs,-40,,25,848682665,1496877867,1711502808,pass,1.807662756,pass,ok
mc,fs_rbcs/novdd/-40C/mc26,fs_rbcs,-40,,26,1249902837,1496877867,1046594214,pass,1.804204823,pass,ok
mc,fs_rbcs/novdd/-40C/mc27,fs_rbcs,-40,,27,327465278,1496877867,956069689,pass,1.816600974,pass,ok
mc,fs_rbcs/novdd/-40C/mc28,fs_rbcs,-40,,28,1798756210,1496877867,1374518241,pass,1.809139635,pass,ok
mc,fs_rbcs/novdd/-40C/mc29,fs_rbcs,-40,,29,1428067401,1496877867,673706629,pass,1.792934186,pass,ok
mc,fs_rbcs/novdd/-40C/mc30,fs_rbcs,-40,,30,2097684201,1496877867,774431403,pass,1.81728896,pass,ok
mc,fs_rbcs/novdd/-40C/mc31,fs_rbcs,-40,,31,1935628760,1496877867,1931679693,pass,1.803436182,pass,ok
mc,fs_rbcs/novdd/-40C/mc32,fs_rbcs,-40,,32,670945755,1496877867,1314710667,pass,1.799732269,pass,ok
mc,fs_rbcs/novdd/-40C/mc33,fs_rbcs,-40,,33,1019589909,1496877867,545619138,pass,1.807734779,pass,ok
mc,fs_rbcs/novdd/-40C/mc34,fs_rbcs,-40,,34,1408699821,1496877867,653905747,pass,1.814782105,pass,ok
mc,fs_rbcs/novdd/-40C/mc35,fs_rbcs,-40,,35,711250687,1496877867,709210368,pass,1.806826592,pass,ok
mc,fs_rbcs/novdd/-40C/mc36,fs_rbcs,-40,,36,97219406,1496877867,317960082,pass,1.796402627,pass,ok
mc,fs_rbcs/novdd/-40C/mc37,fs_rbcs,-40,,37,227610009,1496877867,2117710745,pass,1.78410664,pass,ok
mc,fs_rbcs/novdd/-40C/mc38,fs_rbcs,-40,,38,520455510,1496877867,1429515533,pass,1.804221575,pass,ok
mc,fs_rbcs/novdd/-40C/mc39,fs_rbcs,-40,,39,117329806,1496877867,403911414,pass,1.796545132,pass,ok
mc,fs_rbcs/novdd/-40C/mc40,fs_rbcs,-40,,40,2010872684,1496877867,1889686621,pass,1.784723424,pass,ok
mc,fs_rbcs/novdd/-40C/mc41,fs_rbcs,-40,,41,409963574,1496877867,684571666,pass,1.813976793,pass,ok
mc,fs_rbcs/novdd/-40C/mc42,fs_rbcs,-40,,42,1947519032,1496877867,452853549,pass,1.803026,pass,ok
mc,fs_rbcs/novdd/-40C/mc43,fs_rbcs,-40,,43,2064589850,1496877867,1332637755,pass,1.795030185,pass,ok
mc,fs_rbcs/novdd/-40C/mc44,fs_rbcs,-40,,44,2030553568,1496877867,565945316,pass,1.791376801,pass,ok
mc,fs_rbcs/novdd/-40C/mc45,fs_rbcs,-40,,45,1969813648,1496877867,842838332,pass,1.813954851,pass,ok
mc,fs_rbcs/novdd/-40C/mc46,fs_rbcs,-40,,46,1089979557,1496877867,1948834684,pass,1.817772694,pass,ok
mc,fs_rbcs/novdd/-40C/mc47,fs_rbcs,-40,,47,337658728,1496877867,1995198965,pass,1.808515598,pass,ok
mc,fs_rbcs/novdd/-40C/mc48,fs_rbcs,-40,,48,405853481,1496877867,490381659,pass,1.791482306,pass,ok
mc,fs_rbcs/novdd/-40C/mc49,fs_rbcs,-40,,49,1867760882,1496877867,1898933613,pass,1.801667884,pass,ok
mc,fs_rbcs/novdd/-40C/mc50,fs_rbcs,-40,,50,350306858,1496877867,557134943,pass,1.799391027,pass,ok
mc,fs_rbcs/novdd/-40C/mc51,fs_rbcs,-40,,51,1665381438,1496877867,602572046,pass,1.792790041,pass,ok
mc,fs_rbcs/novdd/-40C/mc52,fs_rbcs,-40,,52,354400069,1496877867,992156765,pass,1.798538284,pass,ok
mc,fs_rbcs/novdd/-40C/mc53,fs_rbcs,-40,,53,1670097043,1496877867,2045691610,pass,1.8072795,pass,ok
mc,fs_rbcs/novdd/-40C/mc54,fs_rbcs,-40,,54,1709521679,1496877867,981449067,pass,1.795601588,pass,ok
mc,fs_rbcs/novdd/-40C/mc55,fs_rbcs,-40,,55,967128699,1496877867,347496307,pass,1.802450451,pass,ok
mc,fs_rbcs/novdd/-40C/mc56,fs_rbcs,-40,,56,516246759,1496877867,1324829377,pass,1.813667915,pass,ok
mc,fs_rbcs/novdd/-40C/mc57,fs_rbcs,-40,,57,1248881320,1496877867,1569661018,pass,1.798110108,pass,ok
mc,fs_rbcs/novdd/-40C/mc58,fs_rbcs,-40,,58,978431413,1496877867,1849224143,pass,1.806036998,pass,ok
mc,fs_rbcs/novdd/-40C/mc59,fs_rbcs,-40,,59,1812499580,1496877867,1466007203,pass,1.7908289,pass,ok
mc,fs_rbcs/novdd/-40C/mc60,fs_rbcs,-40,,60,791904491,1496877867,78558900,pass,1.795352317,pass,ok
mc,fs_rbcs/novdd/-40C/mc61,fs_rbcs,-40,,61,1727447831,1496877867,137702198,pass,1.805923413,pass,ok
mc,fs_rbcs/novdd/-40C/mc62,fs_rbcs,-40,,62,1353788964,1496877867,1339300834,pass,1.797320751,pass,ok
mc,fs_rbcs/novdd/-40C/mc63,fs_rbcs,-40,,63,1978328916,1496877867,2022795600,pass,1.808394206,pass,ok
mc,fs_rbcs/novdd/-40C/mc64,fs_rbcs,-40,,64,265385681,1496877867,27131764,pass,1.797647857,pass,ok
mc,fs_rbcs/novdd/-40C/mc65,fs_rbcs,-40,,65,7960189,1496877867,2078084317,pass,1.816512677,pass,ok
mc,fs_rbcs/novdd/-40C/mc66,fs_rbcs,-40,,66,899403731,1496877867,1518049874,pass,1.801440094,pass,ok
mc,fs_rbcs/novdd/-40C/mc67,fs_rbcs,-40,,67,733907986,1496877867,918655450,pass,1.797535139,pass,ok
mc,fs_rbcs/novdd/-40C/mc68,fs_rbcs,-40,,68,2046546607,1496877867,848611452,pass,1.806963917,pass,ok
mc,fs_rbcs/novdd/-40C/mc69,fs_rbcs,-40,,69,271261543,1496877867,110996482,pass,1.803133473,pass,ok
mc,fs_rbcs/novdd/-40C/mc70,fs_rbcs,-40,,70,330327006,1496877867,2066868393,pass,1.792079003,pass,ok
mc,fs_rbcs/novdd/-40C/mc71,fs_rbcs,-40,,71,1581021999,1496877867,404636271,pass,1.779150639,pass,ok
mc,fs_rbcs/novdd/-40C/mc72,fs_rbcs,-40,,72,128705389,1496877867,1184073866,pass,1.822200972,pass,ok
mc,fs_rbcs/novdd/-40C/mc73,fs_rbcs,-40,,73,1055546564,1496877867,1170979137,pass,1.802469709,pass,ok
mc,fs_rbcs/novdd/-40C/mc74,fs_rbcs,-40,,74,316708806,1496877867,27073897,pass,1.80979557,pass,ok
mc,fs_rbcs/novdd/-40C/mc75,fs_rbcs,-40,,75,1831576955,1496877867,1745060859,pass,1.806032158,pass,ok
mc,fs_rbcs/novdd/-40C/mc76,fs_rbcs,-40,,76,139441577,1496877867,2048997913,pass,1.798181114,pass,ok
mc,fs_rbcs/novdd/-40C/mc77,fs_rbcs,-40,,77,1435243613,1496877867,1883603539,pass,1.794263352,pass,ok
mc,fs_rbcs/novdd/-40C/mc78,fs_rbcs,-40,,78,2048330255,1496877867,1367639336,pass,1.795067451,pass,ok
mc,fs_rbcs/novdd/-40C/mc79,fs_rbcs,-40,,79,802770237,1496877867,1963151902,pass,1.803868079,pass,ok
mc,fs_rbcs/novdd/-40C/mc80,fs_rbcs,-40,,80,1964079644,1496877867,1212966181,pass,1.78673106,pass,ok
mc,fs_rbcs/novdd/-40C/mc81,fs_rbcs,-40,,81,892448095,1496877867,1844286365,pass,1.807003217,pass,ok
mc,fs_rbcs/novdd/-40C/mc82,fs_rbcs,-40,,82,1581437665,1496877867,315861392,pass,1.777907911,pass,ok
mc,fs_rbcs/novdd/-40C/mc83,fs_rbcs,-40,,83,1492243437,1496877867,1140337376,pass,1.815671671,pass,ok
mc,fs_rbcs/novdd/-40C/mc84,fs_rbcs,-40,,84,1963563001,1496877867,408411891,pass,1.796266616,pass,ok
mc,fs_rbcs/novdd/-40C/mc85,fs_rbcs,-40,,85,1820361439,1496877867,903983652,pass,1.80215226,pass,ok
mc,fs_rbcs/novdd/-40C/mc86,fs_rbcs,-40,,86,1759168868,1496877867,1114760375,pass,1.813957171,pass,ok
mc,fs_rbcs/novdd/-40C/mc87,fs_rbcs,-40,,87,106101574,1496877867,1168013772,pass,1.810027647,pass,ok
mc,fs_rbcs/novdd/-40C/mc88,fs_rbcs,-40,,88,1823764428,1496877867,1440298908,pass,1.806832369,pass,ok
mc,fs_rbcs/novdd/-40C/mc89,fs_rbcs,-40,,89,1609235729,1496877867,205184166,pass,1.817408554,pass,ok
mc,fs_rbcs/novdd/-40C/mc90,fs_rbcs,-40,,90,1087537480,1496877867,1513519194,pass,1.807330407,pass,ok
mc,fs_rbcs/novdd/-40C/mc91,fs_rbcs,-40,,91,549392885,1496877867,278758818,pass,1.797931396,pass,ok
mc,fs_rbcs/novdd/-40C/mc92,fs_rbcs,-40,,92,1450255735,1496877867,1334864969,pass,1.790284133,pass,ok
mc,fs_rbcs/novdd/-40C/mc93,fs_rbcs,-40,,93,1145102227,1496877867,99553083,pass,1.807302577,pass,ok
mc,fs_rbcs/novdd/-40C/mc94,fs_rbcs,-40,,94,941170377,1496877867,1778011641,pass,1.796192194,pass,ok
mc,fs_rbcs/novdd/-40C/mc95,fs_rbcs,-40,,95,190157921,1496877867,674845222,pass,1.811317398,pass,ok
mc,fs_rbcs/novdd/-40C/mc96,fs_rbcs,-40,,96,216431896,1496877867,622500758,pass,1.802775214,pass,ok
mc,fs_rbcs/novdd/-40C/mc97,fs_rbcs,-40,,97,28165356,1496877867,1846560056,pass,1.788923511,pass,ok
mc,fs_rbcs/novdd/-40C/mc98,fs_rbcs,-40,,98,1532514446,1496877867,1166419958,pass,1.804495347,pass,ok
mc,fs_rbcs/novdd/-40C/mc99,fs_rbcs,-40,,99,1927977325,1496877867,328190258,pass,1.80494304,pass,ok
mc,fs_rbcs/novdd/-40C/mc100,fs_rbcs,-40,,100,1106664428,1496877867,701996683,pass,1.815171684,pass,ok
mc,fs_rbcs/novdd/-40C/mc101,fs_rbcs,-40,,101,1729541576,1496877867,2021085259,pass,1.810198249,pass,ok
mc,fs_rbcs/novdd/-40C/mc102,fs_rbcs,-40,,102,1150090474,1496877867,449247450,pass,1.794046687,pass,ok
mc,fs_rbcs/novdd/-40C/mc103,fs_rbcs,-40,,103,584362787,1496877867,263042987,pass,1.804785976,pass,ok
mc,fs_rbcs/novdd/-40C/mc104,fs_rbcs,-40,,104,286054973,1496877867,887983076,pass,1.799112758,pass,ok
mc,fs_rbcs/novdd/-40C/mc105,fs_rbcs,-40,,105,1133114399,1496877867,721875060,pass,1.795028833,pass,ok
mc,fs_rbcs/novdd/-40C/mc106,fs_rbcs,-40,,106,772123196,1496877867,1753570449,pass,1.805076457,pass,ok
mc,fs_rbcs/novdd/-40C/mc107,fs_rbcs,-40,,107,1965151060,1496877867,257109537,pass,1.798362678,pass,ok
mc,fs_rbcs/novdd/-40C/mc108,fs_rbcs,-40,,108,72495828,1496877867,2091025483,pass,1.784869535,pass,ok
mc,fs_rbcs/novdd/-40C/mc109,fs_rbcs,-40,,109,1428330159,1496877867,675279665,pass,1.794880118,pass,ok
mc,fs_rbcs/novdd/-40C/mc110,fs_rbcs,-40,,110,2116822551,1496877867,596852525,pass,1.799874069,pass,ok
mc,fs_rbcs/novdd/-40C/mc111,fs_rbcs,-40,,111,1428112977,1496877867,1920921497,pass,1.804548977,pass,ok
mc,fs_rbcs/novdd/-40C/mc112,fs_rbcs,-40,,112,1674346830,1496877867,940447018,pass,1.805612705,pass,ok
mc,fs_rbcs/novdd/-40C/mc113,fs_rbcs,-40,,113,616819359,1496877867,514422746,pass,1.782340953,pass,ok
mc,fs_rbcs/novdd/-40C/mc114,fs_rbcs,-40,,114,1983356813,1496877867,687847660,pass,1.810012859,pass,ok
mc,fs_rbcs/novdd/-40C/mc115,fs_rbcs,-40,,115,347933437,1496877867,1926048650,pass,1.789781601,pass,ok
mc,fs_rbcs/novdd/-40C/mc116,fs_rbcs,-40,,116,2083116524,1496877867,1219735090,pass,1.778278993,pass,ok
mc,fs_rbcs/novdd/-40C/mc117,fs_rbcs,-40,,117,2038462314,1496877867,489436843,pass,1.792557444,pass,ok
mc,fs_rbcs/novdd/-40C/mc118,fs_rbcs,-40,,118,2043590631,1496877867,88211904,pass,1.802616725,pass,ok
mc,fs_rbcs/novdd/-40C/mc119,fs_rbcs,-40,,119,885625513,1496877867,1407206679,pass,1.785550011,pass,ok
mc,fs_rbcs/novdd/-40C/mc120,fs_rbcs,-40,,120,1263805594,1496877867,102143889,pass,1.79675829,pass,ok
mc,fs_rbcs/novdd/-40C/mc121,fs_rbcs,-40,,121,601091687,1496877867,547197263,pass,1.804542832,pass,ok
mc,fs_rbcs/novdd/-40C/mc122,fs_rbcs,-40,,122,1826135482,1496877867,1502316641,pass,1.801604881,pass,ok
mc,fs_rbcs/novdd/-40C/mc123,fs_rbcs,-40,,123,227567317,1496877867,1628162469,pass,1.806994909,pass,ok
mc,fs_rbcs/novdd/-40C/mc124,fs_rbcs,-40,,124,1950454787,1496877867,994767810,pass,1.804608442,pass,ok
mc,fs_rbcs/novdd/-40C/mc125,fs_rbcs,-40,,125,847296290,1496877867,965785816,pass,1.793301643,pass,ok
mc,fs_rbcs/novdd/-40C/mc126,fs_rbcs,-40,,126,429006681,1496877867,197871505,pass,1.807413245,pass,ok
mc,fs_rbcs/novdd/-40C/mc127,fs_rbcs,-40,,127,630589186,1496877867,1195018992,pass,1.801216442,pass,ok
mc,fs_rbcs/novdd/-40C/mc128,fs_rbcs,-40,,128,464548289,1496877867,127239127,pass,1.793457707,pass,ok
mc,fs_rbcs/novdd/-40C/mc129,fs_rbcs,-40,,129,16635630,1496877867,1977688256,pass,1.790646501,pass,ok
mc,fs_rbcs/novdd/-40C/mc130,fs_rbcs,-40,,130,1528709957,1496877867,1357901078,pass,1.804904598,pass,ok
mc,fs_rbcs/novdd/-40C/mc131,fs_rbcs,-40,,131,1986781665,1496877867,417825677,pass,1.795602419,pass,ok
mc,fs_rbcs/novdd/-40C/mc132,fs_rbcs,-40,,132,602481907,1496877867,1302525371,pass,1.81458817,pass,ok
mc,fs_rbcs/novdd/-40C/mc133,fs_rbcs,-40,,133,1187423790,1496877867,316342437,pass,1.795433794,pass,ok
mc,fs_rbcs/novdd/-40C/mc134,fs_rbcs,-40,,134,836826296,1496877867,289026991,pass,1.79412728,pass,ok
mc,fs_rbcs/novdd/-40C/mc135,fs_rbcs,-40,,135,1761171351,1496877867,1713631192,pass,1.79698156,pass,ok
mc,fs_rbcs/novdd/-40C/mc136,fs_rbcs,-40,,136,473872706,1496877867,627147153,pass,1.800985683,pass,ok
mc,fs_rbcs/novdd/-40C/mc137,fs_rbcs,-40,,137,671166879,1496877867,762083471,pass,1.796430055,pass,ok
mc,fs_rbcs/novdd/-40C/mc138,fs_rbcs,-40,,138,1091126064,1496877867,1241947997,pass,1.80671815,pass,ok
mc,fs_rbcs/novdd/-40C/mc139,fs_rbcs,-40,,139,851913316,1496877867,685140016,pass,1.815302528,pass,ok
mc,fs_rbcs/novdd/-40C/mc140,fs_rbcs,-40,,140,625973514,1496877867,1053356303,pass,1.805459528,pass,ok
mc,fs_rbcs/novdd/-40C/mc141,fs_rbcs,-40,,141,889956473,1496877867,55112701,pass,1.788318931,pass,ok
mc,fs_rbcs/novdd/-40C/mc142,fs_rbcs,-40,,142,520021906,1496877867,1578853975,pass,1.814110214,pass,ok
mc,fs_rbcs/novdd/-40C/mc143,fs_rbcs,-40,,143,211530777,1496877867,1054660571,pass,1.7929371,pass,ok
mc,fs_rbcs/novdd/-40C/mc144,fs_rbcs,-40,,144,958702219,1496877867,215513830,pass,1.794319881,pass,ok
mc,fs_rbcs/novdd/-40C/mc145,fs_rbcs,-40,,145,1529105789,1496877867,1208842147,pass,1.779728291,pass,ok
mc,fs_rbcs/novdd/-40C/mc146,fs_rbcs,-40,,146,636978092,1496877867,1295999437,pass,1.80044458,pass,ok
mc,fs_rbcs/novdd/-40C/mc147,fs_rbcs,-40,,147,1979388180,1496877867,556467642,pass,1.802709585,pass,ok
mc,fs_rbcs/novdd/-40C/mc148,fs_rbcs,-40,,148,1991961600,1496877867,1228042210,pass,1.806788024,pass,ok
mc,fs_rbcs/novdd/-40C/mc149,fs_rbcs,-40,,149,1377358648,1496877867,74069362,pass,1.808983396,pass,ok
mc,fs_rbcs/novdd/-40C/mc150,fs_rbcs,-40,,150,320607328,1496877867,303173513,pass,1.795847801,pass,ok
mc,fs_rbcs/novdd/-40C/mc151,fs_rbcs,-40,,151,2112227203,1496877867,609129515,pass,1.799853967,pass,ok
mc,fs_rbcs/novdd/-40C/mc152,fs_rbcs,-40,,152,1289663927,1496877867,1257241619,pass,1.811867184,pass,ok
mc,fs_rbcs/novdd/-40C/mc153,fs_rbcs,-40,,153,624136745,1496877867,160465380,pass,1.804966795,pass,ok
mc,fs_rbcs/novdd/-40C/mc154,fs_rbcs,-40,,154,260723261,1496877867,20444967,pass,1.791476701,pass,ok
mc,fs_rbcs/novdd/-40C/mc155,fs_rbcs,-40,,155,89433952,1496877867,54042275,pass,1.805628336,pass,ok
mc,fs_rbcs/novdd/-40C/mc156,fs_rbcs,-40,,156,1730133104,1496877867,538144876,pass,1.812217021,pass,ok
mc,fs_rbcs/novdd/-40C/mc157,fs_rbcs,-40,,157,1358962384,1496877867,791161861,pass,1.786307936,pass,ok
mc,fs_rbcs/novdd/-40C/mc158,fs_rbcs,-40,,158,312874323,1496877867,1456254250,pass,1.787437497,pass,ok
mc,fs_rbcs/novdd/-40C/mc159,fs_rbcs,-40,,159,1505278911,1496877867,932196076,pass,1.803030329,pass,ok
mc,fs_rbcs/novdd/-40C/mc160,fs_rbcs,-40,,160,572776935,1496877867,1805291246,pass,1.795043208,pass,ok
mc,fs_rbcs/novdd/-40C/mc161,fs_rbcs,-40,,161,1365605157,1496877867,1463984654,pass,1.813718844,pass,ok
mc,fs_rbcs/novdd/-40C/mc162,fs_rbcs,-40,,162,972469669,1496877867,1786386508,pass,1.783461046,pass,ok
mc,fs_rbcs/novdd/-40C/mc163,fs_rbcs,-40,,163,430765848,1496877867,652931379,pass,1.795293526,pass,ok
mc,fs_rbcs/novdd/-40C/mc164,fs_rbcs,-40,,164,526221227,1496877867,531690964,pass,1.794380246,pass,ok
mc,fs_rbcs/novdd/-40C/mc165,fs_rbcs,-40,,165,149197427,1496877867,262610226,pass,1.795288466,pass,ok
mc,fs_rbcs/novdd/-40C/mc166,fs_rbcs,-40,,166,143664613,1496877867,1646270200,pass,1.804475233,pass,ok
mc,fs_rbcs/novdd/-40C/mc167,fs_rbcs,-40,,167,1790570620,1496877867,1126578596,pass,1.791644061,pass,ok
mc,fs_rbcs/novdd/-40C/mc168,fs_rbcs,-40,,168,108632753,1496877867,525217822,pass,1.795994013,pass,ok
mc,fs_rbcs/novdd/-40C/mc169,fs_rbcs,-40,,169,191624958,1496877867,774454651,pass,1.796897025,pass,ok
mc,fs_rbcs/novdd/-40C/mc170,fs_rbcs,-40,,170,2013784546,1496877867,1796472970,pass,1.791807028,pass,ok
mc,fs_rbcs/novdd/-40C/mc171,fs_rbcs,-40,,171,858385296,1496877867,1691840209,pass,1.804567272,pass,ok
mc,fs_rbcs/novdd/-40C/mc172,fs_rbcs,-40,,172,380543866,1496877867,12741778,pass,1.790715331,pass,ok
mc,fs_rbcs/novdd/-40C/mc173,fs_rbcs,-40,,173,59694710,1496877867,631173504,pass,1.778301429,pass,ok
mc,fs_rbcs/novdd/-40C/mc174,fs_rbcs,-40,,174,1648831979,1496877867,520689160,pass,1.786538988,pass,ok
mc,fs_rbcs/novdd/-40C/mc175,fs_rbcs,-40,,175,1069619066,1496877867,680117121,pass,1.813213293,pass,ok
mc,fs_rbcs/novdd/-40C/mc176,fs_rbcs,-40,,176,1018602121,1496877867,463398144,pass,1.785654576,pass,ok
mc,fs_rbcs/novdd/-40C/mc177,fs_rbcs,-40,,177,1822305386,1496877867,1379847816,pass,1.796503514,pass,ok
mc,fs_rbcs/novdd/-40C/mc178,fs_rbcs,-40,,178,230857919,1496877867,1129296932,pass,1.801631204,pass,ok
mc,fs_rbcs/novdd/-40C/mc179,fs_rbcs,-40,,179,1339174779,1496877867,941011190,pass,1.812529621,pass,ok
mc,fs_rbcs/novdd/-40C/mc180,fs_rbcs,-40,,180,541368166,1496877867,1444845615,pass,1.792699864,pass,ok
mc,fs_rbcs/novdd/-40C/mc181,fs_rbcs,-40,,181,2041316270,1496877867,25563681,pass,1.804146701,pass,ok
mc,fs_rbcs/novdd/-40C/mc182,fs_rbcs,-40,,182,26971576,1496877867,613822533,pass,1.801747546,pass,ok
mc,fs_rbcs/novdd/-40C/mc183,fs_rbcs,-40,,183,588828571,1496877867,1858424015,pass,1.813450868,pass,ok
mc,fs_rbcs/novdd/-40C/mc184,fs_rbcs,-40,,184,452759523,1496877867,2062007115,pass,1.797466413,pass,ok
mc,fs_rbcs/novdd/-40C/mc185,fs_rbcs,-40,,185,1815812651,1496877867,411464655,pass,1.811772038,pass,ok
mc,fs_rbcs/novdd/-40C/mc186,fs_rbcs,-40,,186,333784735,1496877867,1328540693,pass,1.809852327,pass,ok
mc,fs_rbcs/novdd/-40C/mc187,fs_rbcs,-40,,187,1473561788,1496877867,452742297,pass,1.803652684,pass,ok
mc,fs_rbcs/novdd/-40C/mc188,fs_rbcs,-40,,188,263635818,1496877867,172538824,pass,1.803248221,pass,ok
mc,fs_rbcs/novdd/-40C/mc189,fs_rbcs,-40,,189,814957884,1496877867,1858652089,pass,1.768807326,pass,ok
mc,fs_rbcs/novdd/-40C/mc190,fs_rbcs,-40,,190,2125551844,1496877867,1321805617,pass,1.789790163,pass,ok
mc,fs_rbcs/novdd/-40C/mc191,fs_rbcs,-40,,191,425304407,1496877867,274309511,pass,1.781009645,pass,ok
mc,fs_rbcs/novdd/-40C/mc192,fs_rbcs,-40,,192,534618296,1496877867,990704124,pass,1.802185445,pass,ok
mc,fs_rbcs/novdd/-40C/mc193,fs_rbcs,-40,,193,955167906,1496877867,253286612,pass,1.798312463,pass,ok
mc,fs_rbcs/novdd/-40C/mc194,fs_rbcs,-40,,194,1450950481,1496877867,1118231226,pass,1.800227478,pass,ok
mc,fs_rbcs/novdd/-40C/mc195,fs_rbcs,-40,,195,2040880597,1496877867,428548606,pass,1.801979786,pass,ok
mc,fs_rbcs/novdd/-40C/mc196,fs_rbcs,-40,,196,1063196919,1496877867,2053250492,pass,1.805343981,pass,ok
mc,fs_rbcs/novdd/-40C/mc197,fs_rbcs,-40,,197,2035471764,1496877867,1496690839,pass,1.793800001,pass,ok
mc,fs_rbcs/novdd/-40C/mc198,fs_rbcs,-40,,198,738904499,1496877867,1518392163,pass,1.798072593,pass,ok
mc,fs_rbcs/novdd/-40C/mc199,fs_rbcs,-40,,199,340943330,1496877867,1828304145,pass,1.789684443,pass,ok
mc,fs_rbcs/novdd/-40C/mc200,fs_rbcs,-40,,200,721250825,1496877867,365228205,pass,1.789025407,pass,ok
mc,fs_rbcs/novdd/-40C/mc201,fs_rbcs,-40,,201,544360905,1496877867,1823938247,pass,1.77651253,pass,ok
mc,fs_rbcs/novdd/-40C/mc202,fs_rbcs,-40,,202,634496505,1496877867,243603775,pass,1.792442175,pass,ok
mc,fs_rbcs/novdd/-40C/mc203,fs_rbcs,-40,,203,621746288,1496877867,317908166,pass,1.804182638,pass,ok
mc,fs_rbcs/novdd/-40C/mc204,fs_rbcs,-40,,204,1614481090,1496877867,1464046627,pass,1.793811025,pass,ok
mc,fs_rbcs/novdd/-40C/mc205,fs_rbcs,-40,,205,434957240,1496877867,85421701,pass,1.797778675,pass,ok
mc,fs_rbcs/novdd/-40C/mc206,fs_rbcs,-40,,206,1614776315,1496877867,1163017310,pass,1.804185013,pass,ok
mc,fs_rbcs/novdd/-40C/mc207,fs_rbcs,-40,,207,185835670,1496877867,464494576,pass,1.808315103,pass,ok
mc,fs_rbcs/novdd/-40C/mc208,fs_rbcs,-40,,208,322214581,1496877867,1431779230,pass,1.806381162,pass,ok
mc,fs_rbcs/novdd/-40C/mc209,fs_rbcs,-40,,209,455323824,1496877867,577076360,pass,1.811988393,pass,ok
mc,fs_rbcs/novdd/-40C/mc210,fs_rbcs,-40,,210,66366599,1496877867,1773457262,pass,1.798221659,pass,ok
mc,fs_rbcs/novdd/-40C/mc211,fs_rbcs,-40,,211,981726803,1496877867,1521828688,pass,1.800716876,pass,ok
mc,fs_rbcs/novdd/-40C/mc212,fs_rbcs,-40,,212,491407648,1496877867,553208250,pass,1.785976815,pass,ok
mc,fs_rbcs/novdd/-40C/mc213,fs_rbcs,-40,,213,255445311,1496877867,1899750786,pass,1.800160765,pass,ok
mc,fs_rbcs/novdd/-40C/mc214,fs_rbcs,-40,,214,245418322,1496877867,1158324751,pass,1.804706861,pass,ok
mc,fs_rbcs/novdd/-40C/mc215,fs_rbcs,-40,,215,1758978513,1496877867,1890047995,pass,1.812797896,pass,ok
mc,fs_rbcs/novdd/-40C/mc216,fs_rbcs,-40,,216,1774657332,1496877867,978159158,pass,1.804837909,pass,ok
mc,fs_rbcs/novdd/-40C/mc217,fs_rbcs,-40,,217,2012311489,1496877867,1177164928,pass,1.810995716,pass,ok
mc,fs_rbcs/novdd/-40C/mc218,fs_rbcs,-40,,218,624022567,1496877867,12116210,pass,1.81790989,pass,ok
mc,fs_rbcs/novdd/-40C/mc219,fs_rbcs,-40,,219,1703592547,1496877867,831466651,pass,1.786594914,pass,ok
mc,fs_rbcs/novdd/-40C/mc220,fs_rbcs,-40,,220,339698282,1496877867,956430157,pass,1.799338957,pass,ok
mc,fs_rbcs/novdd/-40C/mc221,fs_rbcs,-40,,221,2076169533,1496877867,56384154,pass,1.792646766,pass,ok
mc,fs_rbcs/novdd/-40C/mc222,fs_rbcs,-40,,222,717817744,1496877867,1471502868,pass,1.794258996,pass,ok
mc,fs_rbcs/novdd/-40C/mc223,fs_rbcs,-40,,223,1666783693,1496877867,325811612,pass,1.803480198,pass,ok
mc,fs_rbcs/novdd/-40C/mc224,fs_rbcs,-40,,224,838542778,1496877867,974764168,pass,1.791936027,pass,ok
mc,fs_rbcs/novdd/-40C/mc225,fs_rbcs,-40,,225,755460583,1496877867,382815089,pass,1.807365232,pass,ok
mc,fs_rbcs/novdd/-40C/mc226,fs_rbcs,-40,,226,1380491533,1496877867,687801332,pass,1.805431946,pass,ok
mc,fs_rbcs/novdd/-40C/mc227,fs_rbcs,-40,,227,502618471,1496877867,488638614,pass,1.806436672,pass,ok
mc,fs_rbcs/novdd/-40C/mc228,fs_rbcs,-40,,228,703074191,1496877867,1002004666,pass,1.799436542,pass,ok
mc,fs_rbcs/novdd/-40C/mc229,fs_rbcs,-40,,229,429241912,1496877867,113311511,pass,1.786184372,pass,ok
mc,fs_rbcs/novdd/-40C/mc230,fs_rbcs,-40,,230,738750712,1496877867,1994923386,pass,1.7946145,pass,ok
mc,fs_rbcs/novdd/-40C/mc231,fs_rbcs,-40,,231,1776213414,1496877867,2030425942,pass,1.79076164,pass,ok
mc,fs_rbcs/novdd/-40C/mc232,fs_rbcs,-40,,232,679065340,1496877867,178226313,pass,1.797386163,pass,ok
mc,fs_rbcs/novdd/-40C/mc233,fs_rbcs,-40,,233,1869596995,1496877867,1601241994,pass,1.794507485,pass,ok
mc,fs_rbcs/novdd/-40C/mc234,fs_rbcs,-40,,234,1138197785,1496877867,1976832202,pass,1.794173568,pass,ok
mc,fs_rbcs/novdd/-40C/mc235,fs_rbcs,-40,,235,46706722,1496877867,1731680835,pass,1.795718592,pass,ok
mc,fs_rbcs/novdd/-40C/mc236,fs_rbcs,-40,,236,350771323,1496877867,205281499,pass,1.788548491,pass,ok
mc,fs_rbcs/novdd/-40C/mc237,fs_rbcs,-40,,237,394472998,1496877867,1634650017,pass,1.803544956,pass,ok
mc,fs_rbcs/novdd/-40C/mc238,fs_rbcs,-40,,238,1706637382,1496877867,73475805,pass,1.797364569,pass,ok
mc,fs_rbcs/novdd/-40C/mc239,fs_rbcs,-40,,239,2125748002,1496877867,1860050597,pass,1.802038014,pass,ok
mc,fs_rbcs/novdd/-40C/mc240,fs_rbcs,-40,,240,343356444,1496877867,656912337,pass,1.80771332,pass,ok
mc,fs_rbcs/novdd/-40C/mc241,fs_rbcs,-40,,241,1597149392,1496877867,2070497895,pass,1.808659203,pass,ok
mc,fs_rbcs/novdd/-40C/mc242,fs_rbcs,-40,,242,166006004,1496877867,1747981428,pass,1.784678946,pass,ok
mc,fs_rbcs/novdd/-40C/mc243,fs_rbcs,-40,,243,1808473434,1496877867,1415920622,pass,1.806934177,pass,ok
mc,fs_rbcs/novdd/-40C/mc244,fs_rbcs,-40,,244,435879966,1496877867,868688706,pass,1.798982551,pass,ok
mc,fs_rbcs/novdd/-40C/mc245,fs_rbcs,-40,,245,1070906314,1496877867,1800951279,pass,1.785779251,pass,ok
mc,fs_rbcs/novdd/-40C/mc246,fs_rbcs,-40,,246,1563306126,1496877867,1467935642,pass,1.788676967,pass,ok
mc,fs_rbcs/novdd/-40C/mc247,fs_rbcs,-40,,247,878603630,1496877867,654875030,pass,1.812314612,pass,ok
mc,fs_rbcs/novdd/-40C/mc248,fs_rbcs,-40,,248,1396694714,1496877867,894749167,pass,1.801160696,pass,ok
mc,fs_rbcs/novdd/-40C/mc249,fs_rbcs,-40,,249,729765658,1496877867,1959128199,pass,1.791930555,pass,ok
mc,fs_rbcs/novdd/-40C/mc250,fs_rbcs,-40,,250,1844396423,1496877867,1632685779,pass,1.809605894,pass,ok
mc,fs_rbcs/novdd/-40C/mc251,fs_rbcs,-40,,251,3122619,1496877867,1688707333,pass,1.780097977,pass,ok
mc,fs_rbcs/novdd/-40C/mc252,fs_rbcs,-40,,252,737903896,1496877867,1588088979,pass,1.808344893,pass,ok
mc,fs_rbcs/novdd/-40C/mc253,fs_rbcs,-40,,253,1477766224,1496877867,664058189,pass,1.788982103,pass,ok
mc,fs_rbcs/novdd/-40C/mc254,fs_rbcs,-40,,254,498525838,1496877867,1191427010,pass,1.805304118,pass,ok
mc,fs_rbcs/novdd/-40C/mc255,fs_rbcs,-40,,255,1445456606,1496877867,2001710467,pass,1.804218849,pass,ok
mc,fs_rbcs/novdd/-40C/mc256,fs_rbcs,-40,,256,1622828167,1496877867,999497771,pass,1.794932695,pass,ok
mc,fs_rbcs/novdd/-40C/mc257,fs_rbcs,-40,,257,199517625,1496877867,2673952,pass,1.794644824,pass,ok
mc,fs_rbcs/novdd/-40C/mc258,fs_rbcs,-40,,258,1363333097,1496877867,1913067050,pass,1.804388547,pass,ok
mc,fs_rbcs/novdd/-40C/mc259,fs_rbcs,-40,,259,1120424235,1496877867,410050627,pass,1.781226306,pass,ok
mc,fs_rbcs/novdd/-40C/mc260,fs_rbcs,-40,,260,1833509271,1496877867,1483510901,pass,1.79794617,pass,ok
mc,fs_rbcs/novdd/-40C/mc261,fs_rbcs,-40,,261,870559146,1496877867,1864777685,pass,1.792954731,pass,ok
mc,fs_rbcs/novdd/-40C/mc262,fs_rbcs,-40,,262,175233530,1496877867,241693811,pass,1.801783095,pass,ok
mc,fs_rbcs/novdd/-40C/mc263,fs_rbcs,-40,,263,687808187,1496877867,1443739868,pass,1.804012853,pass,ok
mc,fs_rbcs/novdd/-40C/mc264,fs_rbcs,-40,,264,1218880589,1496877867,587946435,pass,1.807880663,pass,ok
mc,fs_rbcs/novdd/-40C/mc265,fs_rbcs,-40,,265,1151145795,1496877867,1885528976,pass,1.803135277,pass,ok
mc,fs_rbcs/novdd/-40C/mc266,fs_rbcs,-40,,266,1538983484,1496877867,1694995039,pass,1.810074679,pass,ok
mc,fs_rbcs/novdd/-40C/mc267,fs_rbcs,-40,,267,1821238358,1496877867,613308688,pass,1.816082271,pass,ok
mc,fs_rbcs/novdd/-40C/mc268,fs_rbcs,-40,,268,1037562809,1496877867,1694654305,pass,1.807089635,pass,ok
mc,fs_rbcs/novdd/-40C/mc269,fs_rbcs,-40,,269,1774841807,1496877867,346816821,pass,1.807375946,pass,ok
mc,fs_rbcs/novdd/-40C/mc270,fs_rbcs,-40,,270,915029071,1496877867,2037202930,pass,1.789918491,pass,ok
mc,fs_rbcs/novdd/-40C/mc271,fs_rbcs,-40,,271,487593116,1496877867,1047318455,pass,1.79990334,pass,ok
mc,fs_rbcs/novdd/-40C/mc272,fs_rbcs,-40,,272,1373653452,1496877867,761755080,pass,1.798704404,pass,ok
mc,fs_rbcs/novdd/-40C/mc273,fs_rbcs,-40,,273,2134065316,1496877867,1951848468,pass,1.8098493,pass,ok
mc,fs_rbcs/novdd/-40C/mc274,fs_rbcs,-40,,274,1054940266,1496877867,130882927,pass,1.796721423,pass,ok
mc,fs_rbcs/novdd/-40C/mc275,fs_rbcs,-40,,275,1369711089,1496877867,1385486470,pass,1.808471472,pass,ok
mc,fs_rbcs/novdd/-40C/mc276,fs_rbcs,-40,,276,2138632172,1496877867,300890195,pass,1.806251107,pass,ok
mc,fs_rbcs/novdd/-40C/mc277,fs_rbcs,-40,,277,1209070092,1496877867,890269098,pass,1.801016026,pass,ok
mc,fs_rbcs/novdd/-40C/mc278,fs_rbcs,-40,,278,521940,1496877867,2061782099,pass,1.797979304,pass,ok
mc,fs_rbcs/novdd/-40C/mc279,fs_rbcs,-40,,279,526588042,1496877867,677127582,pass,1.805606814,pass,ok
mc,fs_rbcs/novdd/-40C/mc280,fs_rbcs,-40,,280,495354548,1496877867,1921926972,pass,1.812072648,pass,ok
mc,fs_rbcs/novdd/-40C/mc281,fs_rbcs,-40,,281,2020006222,1496877867,1032629112,pass,1.8028766,pass,ok
mc,fs_rbcs/novdd/-40C/mc282,fs_rbcs,-40,,282,699640406,1496877867,1696545653,pass,1.792472733,pass,ok
mc,fs_rbcs/novdd/-40C/mc283,fs_rbcs,-40,,283,751584592,1496877867,161968978,pass,1.805051562,pass,ok
mc,fs_rbcs/novdd/-40C/mc284,fs_rbcs,-40,,284,1169013451,1496877867,1099460489,pass,1.784052591,pass,ok
mc,fs_rbcs/novdd/-40C/mc285,fs_rbcs,-40,,285,1640011943,1496877867,942361034,pass,1.799227067,pass,ok
mc,fs_rbcs/novdd/-40C/mc286,fs_rbcs,-40,,286,473920731,1496877867,1545819258,pass,1.778937497,pass,ok
mc,fs_rbcs/novdd/-40C/mc287,fs_rbcs,-40,,287,94695119,1496877867,1508477293,pass,1.797626054,pass,ok
mc,fs_rbcs/novdd/-40C/mc288,fs_rbcs,-40,,288,1444489006,1496877867,1196873231,pass,1.802555953,pass,ok
mc,fs_rbcs/novdd/-40C/mc289,fs_rbcs,-40,,289,1209579443,1496877867,238510971,pass,1.8058203,pass,ok
mc,fs_rbcs/novdd/-40C/mc290,fs_rbcs,-40,,290,503480374,1496877867,655141575,pass,1.793601249,pass,ok
mc,fs_rbcs/novdd/-40C/mc291,fs_rbcs,-40,,291,1675179724,1496877867,512643039,pass,1.802897717,pass,ok
mc,fs_rbcs/novdd/-40C/mc292,fs_rbcs,-40,,292,2105943708,1496877867,653116418,pass,1.799880645,pass,ok
mc,fs_rbcs/novdd/-40C/mc293,fs_rbcs,-40,,293,1425409860,1496877867,832230025,pass,1.799649534,pass,ok
mc,fs_rbcs/novdd/-40C/mc294,fs_rbcs,-40,,294,1522929963,1496877867,39978106,pass,1.78706052,pass,ok
mc,fs_rbcs/novdd/-40C/mc295,fs_rbcs,-40,,295,968069353,1496877867,932291831,pass,1.820484764,pass,ok
mc,fs_rbcs/novdd/-40C/mc296,fs_rbcs,-40,,296,431802520,1496877867,1361968466,pass,1.796434815,pass,ok
mc,fs_rbcs/novdd/-40C/mc297,fs_rbcs,-40,,297,1046868510,1496877867,370184099,pass,1.793629009,pass,ok
mc,fs_rbcs/novdd/-40C/mc298,fs_rbcs,-40,,298,1394963149,1496877867,954602535,pass,1.789381341,pass,ok
mc,fs_rbcs/novdd/-40C/mc299,fs_rbcs,-40,,299,748717650,1496877867,645295465,pass,1.782867821,pass,ok
mc,fs_rbcs/novdd/-40C/mc300,fs_rbcs,-40,,300,1659191746,1496877867,1689628614,pass,1.806896611,pass,ok
mc,fs_rbcs/novdd/-40C/mc301,fs_rbcs,-40,,301,1066775465,1496877867,1125233227,pass,1.787228737,pass,ok
mc,fs_rbcs/novdd/-40C/mc302,fs_rbcs,-40,,302,1663965400,1496877867,627965726,pass,1.791592825,pass,ok
mc,fs_rbcs/novdd/-40C/mc303,fs_rbcs,-40,,303,2131081082,1496877867,14699818,pass,1.804209036,pass,ok
mc,fs_rbcs/novdd/-40C/mc304,fs_rbcs,-40,,304,1825954139,1496877867,1961686694,pass,1.80025547,pass,ok
mc,fs_rbcs/novdd/-40C/mc305,fs_rbcs,-40,,305,1970617647,1496877867,166124178,pass,1.788208482,pass,ok
mc,fs_rbcs/novdd/-40C/mc306,fs_rbcs,-40,,306,506344804,1496877867,1066604388,pass,1.808933173,pass,ok
mc,fs_rbcs/novdd/-40C/mc307,fs_rbcs,-40,,307,189859786,1496877867,1663185634,pass,1.801788186,pass,ok
mc,fs_rbcs/novdd/-40C/mc308,fs_rbcs,-40,,308,2135455543,1496877867,1604868635,pass,1.807519729,pass,ok
mc,fs_rbcs/novdd/-40C/mc309,fs_rbcs,-40,,309,550957240,1496877867,1265183207,pass,1.81340499,pass,ok
mc,fs_rbcs/novdd/-40C/mc310,fs_rbcs,-40,,310,1661712154,1496877867,1749268196,pass,1.784904392,pass,ok
mc,fs_rbcs/novdd/-40C/mc311,fs_rbcs,-40,,311,836734299,1496877867,2134162066,pass,1.796015286,pass,ok
mc,fs_rbcs/novdd/-40C/mc312,fs_rbcs,-40,,312,955161212,1496877867,782408945,pass,1.796367952,pass,ok
mc,fs_rbcs/novdd/-40C/mc313,fs_rbcs,-40,,313,747979993,1496877867,1616849970,pass,1.82141126,pass,ok
mc,fs_rbcs/novdd/-40C/mc314,fs_rbcs,-40,,314,291049406,1496877867,1709063442,pass,1.792978403,pass,ok
mc,fs_rbcs/novdd/-40C/mc315,fs_rbcs,-40,,315,183987563,1496877867,1754326336,pass,1.818203169,pass,ok
mc,fs_rbcs/novdd/-40C/mc316,fs_rbcs,-40,,316,86907486,1496877867,1419404577,pass,1.794145335,pass,ok
mc,fs_rbcs/novdd/-40C/mc317,fs_rbcs,-40,,317,1610300587,1496877867,1872159017,pass,1.788697239,pass,ok
mc,fs_rbcs/novdd/-40C/mc318,fs_rbcs,-40,,318,1678294319,1496877867,80476326,pass,1.8086671,pass,ok
mc,fs_rbcs/novdd/-40C/mc319,fs_rbcs,-40,,319,340990274,1496877867,1213795721,pass,1.805337257,pass,ok
mc,fs_rbcs/novdd/-40C/mc320,fs_rbcs,-40,,320,550085707,1496877867,551549501,pass,1.793733446,pass,ok
mc,fs_rbcs/novdd/-40C/mc321,fs_rbcs,-40,,321,1121479879,1496877867,435196608,pass,1.800311105,pass,ok
mc,fs_rbcs/novdd/-40C/mc322,fs_rbcs,-40,,322,2080815504,1496877867,735633910,pass,1.793318863,pass,ok
mc,fs_rbcs/novdd/-40C/mc323,fs_rbcs,-40,,323,294583432,1496877867,527110324,pass,1.799834227,pass,ok
mc,fs_rbcs/novdd/-40C/mc324,fs_rbcs,-40,,324,180146529,1496877867,88399523,pass,1.815761509,pass,ok
mc,fs_rbcs/novdd/-40C/mc325,fs_rbcs,-40,,325,263017178,1496877867,967743420,pass,1.811855351,pass,ok
mc,fs_rbcs/novdd/-40C/mc326,fs_rbcs,-40,,326,287553242,1496877867,2040578985,pass,1.816478048,pass,ok
mc,fs_rbcs/novdd/-40C/mc327,fs_rbcs,-40,,327,1476216490,1496877867,328527394,pass,1.794994139,pass,ok
mc,fs_rbcs/novdd/-40C/mc328,fs_rbcs,-40,,328,1534968172,1496877867,1918437299,pass,1.793393454,pass,ok
mc,fs_rbcs/novdd/-40C/mc329,fs_rbcs,-40,,329,1070509528,1496877867,659179811,pass,1.765306918,pass,ok
mc,fs_rbcs/novdd/-40C/mc330,fs_rbcs,-40,,330,193451771,1496877867,306877348,pass,1.80875742,pass,ok
mc,fs_rbcs/novdd/-40C/mc331,fs_rbcs,-40,,331,885440549,1496877867,859859935,pass,1.783165166,pass,ok
mc,fs_rbcs/novdd/-40C/mc332,fs_rbcs,-40,,332,584471872,1496877867,663408683,pass,1.781891697,pass,ok
mc,fs_rbcs/novdd/-40C/mc333,fs_rbcs,-40,,333,1950497263,1496877867,1063138099,pass,1.803217006,pass,ok
mc,fs_rbcs/novdd/-40C/mc334,fs_rbcs,-40,,334,1036966601,1496877867,1940205287,pass,1.794632982,pass,ok
mc,fs_rbcs/novdd/-40C/mc335,fs_rbcs,-40,,335,1923364620,1496877867,72889791,pass,1.792081167,pass,ok
mc,fs_rbcs/novdd/-40C/mc336,fs_rbcs,-40,,336,237210067,1496877867,16342844,pass,1.794494055,pass,ok
mc,fs_rbcs/novdd/-40C/mc337,fs_rbcs,-40,,337,588498814,1496877867,1328502661,pass,1.812084778,pass,ok
mc,fs_rbcs/novdd/-40C/mc338,fs_rbcs,-40,,338,1114944128,1496877867,798421844,pass,1.801526142,pass,ok
mc,fs_rbcs/novdd/-40C/mc339,fs_rbcs,-40,,339,1262754480,1496877867,1121752441,pass,1.787112624,pass,ok
mc,fs_rbcs/novdd/-40C/mc340,fs_rbcs,-40,,340,469461359,1496877867,1568033112,pass,1.793808245,pass,ok
mc,fs_rbcs/novdd/-40C/mc341,fs_rbcs,-40,,341,897646099,1496877867,596735110,pass,1.790025634,pass,ok
mc,fs_rbcs/novdd/-40C/mc342,fs_rbcs,-40,,342,351739259,1496877867,551286085,pass,1.789486091,pass,ok
mc,fs_rbcs/novdd/-40C/mc343,fs_rbcs,-40,,343,260965311,1496877867,950689054,pass,1.785496657,pass,ok
mc,fs_rbcs/novdd/-40C/mc344,fs_rbcs,-40,,344,879632688,1496877867,2091358625,pass,1.799952869,pass,ok
mc,fs_rbcs/novdd/-40C/mc345,fs_rbcs,-40,,345,1829533530,1496877867,64154402,pass,1.781389781,pass,ok
mc,fs_rbcs/novdd/-40C/mc346,fs_rbcs,-40,,346,1201701374,1496877867,135820722,pass,1.792798453,pass,ok
mc,fs_rbcs/novdd/-40C/mc347,fs_rbcs,-40,,347,1472243972,1496877867,875022453,pass,1.805507358,pass,ok
mc,fs_rbcs/novdd/-40C/mc348,fs_rbcs,-40,,348,2123830637,1496877867,1042976678,pass,1.799259742,pass,ok
mc,fs_rbcs/novdd/-40C/mc349,fs_rbcs,-40,,349,1593572095,1496877867,1491742090,pass,1.787321189,pass,ok
mc,fs_rbcs/novdd/-40C/mc350,fs_rbcs,-40,,350,359556939,1496877867,466993181,pass,1.804471304,pass,ok
mc,fs_rbcs/novdd/-40C/mc351,fs_rbcs,-40,,351,605312188,1496877867,1775633583,pass,1.808566282,pass,ok
mc,fs_rbcs/novdd/-40C/mc352,fs_rbcs,-40,,352,86143683,1496877867,1645372332,pass,1.794481142,pass,ok
mc,fs_rbcs/novdd/-40C/mc353,fs_rbcs,-40,,353,774413490,1496877867,2041330816,pass,1.817450829,pass,ok
mc,fs_rbcs/novdd/-40C/mc354,fs_rbcs,-40,,354,1017606598,1496877867,285800383,pass,1.797002144,pass,ok
mc,fs_rbcs/novdd/-40C/mc355,fs_rbcs,-40,,355,473364726,1496877867,487732236,pass,1.789815327,pass,ok
mc,fs_rbcs/novdd/-40C/mc356,fs_rbcs,-40,,356,1670431926,1496877867,95752440,pass,1.789885324,pass,ok
mc,fs_rbcs/novdd/-40C/mc357,fs_rbcs,-40,,357,233619202,1496877867,773497384,pass,1.795673939,pass,ok
mc,fs_rbcs/novdd/-40C/mc358,fs_rbcs,-40,,358,1659996584,1496877867,441787403,pass,1.800959965,pass,ok
mc,fs_rbcs/novdd/-40C/mc359,fs_rbcs,-40,,359,70834411,1496877867,1327068322,pass,1.80667806,pass,ok
mc,fs_rbcs/novdd/-40C/mc360,fs_rbcs,-40,,360,1418862193,1496877867,1425747484,pass,1.796134023,pass,ok
mc,fs_rbcs/novdd/-40C/mc361,fs_rbcs,-40,,361,1140657403,1496877867,1623503130,pass,1.816502593,pass,ok
mc,fs_rbcs/novdd/-40C/mc362,fs_rbcs,-40,,362,836276888,1496877867,1625146379,pass,1.805661857,pass,ok
mc,fs_rbcs/novdd/-40C/mc363,fs_rbcs,-40,,363,740120754,1496877867,2139635984,pass,1.786356899,pass,ok
mc,fs_rbcs/novdd/-40C/mc364,fs_rbcs,-40,,364,11233202,1496877867,667490692,pass,1.797678169,pass,ok
mc,fs_rbcs/novdd/-40C/mc365,fs_rbcs,-40,,365,1900684471,1496877867,1765878319,pass,1.807446758,pass,ok
mc,fs_rbcs/novdd/-40C/mc366,fs_rbcs,-40,,366,1505649220,1496877867,373580711,pass,1.793042312,pass,ok
mc,fs_rbcs/novdd/-40C/mc367,fs_rbcs,-40,,367,1188677828,1496877867,882637733,pass,1.800124747,pass,ok
mc,fs_rbcs/novdd/-40C/mc368,fs_rbcs,-40,,368,913233053,1496877867,846147849,pass,1.80594054,pass,ok
mc,fs_rbcs/novdd/-40C/mc369,fs_rbcs,-40,,369,147440073,1496877867,663416939,pass,1.817897038,pass,ok
mc,fs_rbcs/novdd/-40C/mc370,fs_rbcs,-40,,370,172706,1496877867,1260961331,pass,1.789533332,pass,ok
mc,fs_rbcs/novdd/-40C/mc371,fs_rbcs,-40,,371,960225327,1496877867,435542952,pass,1.813415549,pass,ok
mc,fs_rbcs/novdd/-40C/mc372,fs_rbcs,-40,,372,344710735,1496877867,1044468257,pass,1.797602382,pass,ok
mc,fs_rbcs/novdd/-40C/mc373,fs_rbcs,-40,,373,1214712777,1496877867,1022916673,pass,1.797797657,pass,ok
mc,fs_rbcs/novdd/-40C/mc374,fs_rbcs,-40,,374,1422314814,1496877867,316952362,pass,1.815273724,pass,ok
mc,fs_rbcs/novdd/-40C/mc375,fs_rbcs,-40,,375,898644965,1496877867,798308750,pass,1.804705833,pass,ok
mc,fs_rbcs/novdd/-40C/mc376,fs_rbcs,-40,,376,761966284,1496877867,832236100,pass,1.797675717,pass,ok
mc,fs_rbcs/novdd/-40C/mc377,fs_rbcs,-40,,377,1198463003,1496877867,1789160710,pass,1.800147708,pass,ok
mc,fs_rbcs/novdd/-40C/mc378,fs_rbcs,-40,,378,473300036,1496877867,1008298813,pass,1.794684185,pass,ok
mc,fs_rbcs/novdd/-40C/mc379,fs_rbcs,-40,,379,200498398,1496877867,775342431,pass,1.798723902,pass,ok
mc,fs_rbcs/novdd/-40C/mc380,fs_rbcs,-40,,380,907936971,1496877867,1432657913,pass,1.817258101,pass,ok
mc,fs_rbcs/novdd/-40C/mc381,fs_rbcs,-40,,381,1016892360,1496877867,935148382,pass,1.800851988,pass,ok
mc,fs_rbcs/novdd/-40C/mc382,fs_rbcs,-40,,382,766592091,1496877867,581410167,pass,1.823498717,pass,ok
mc,fs_rbcs/novdd/-40C/mc383,fs_rbcs,-40,,383,1827157185,1496877867,2145298051,pass,1.8212827,pass,ok
mc,fs_rbcs/novdd/-40C/mc384,fs_rbcs,-40,,384,1319967904,1496877867,1146202522,pass,1.809759633,pass,ok
mc,fs_rbcs/novdd/-40C/mc385,fs_rbcs,-40,,385,1383777462,1496877867,183317069,pass,1.799613062,pass,ok
mc,fs_rbcs/novdd/-40C/mc386,fs_rbcs,-40,,386,1688292823,1496877867,1123184509,pass,1.813058608,pass,ok
mc,fs_rbcs/novdd/-40C/mc387,fs_rbcs,-40,,387,253205619,1496877867,1983612559,pass,1.798528848,pass,ok
mc,fs_rbcs/novdd/-40C/mc388,fs_rbcs,-40,,388,1898522652,1496877867,1263813833,pass,1.790394758,pass,ok
mc,fs_rbcs/novdd/-40C/mc389,fs_rbcs,-40,,389,414925558,1496877867,108657401,pass,1.788893256,pass,ok
mc,fs_rbcs/novdd/-40C/mc390,fs_rbcs,-40,,390,1998302447,1496877867,287002890,pass,1.792134636,pass,ok
mc,fs_rbcs/novdd/-40C/mc391,fs_rbcs,-40,,391,1662497395,1496877867,501618311,pass,1.77689674,pass,ok
mc,fs_rbcs/novdd/-40C/mc392,fs_rbcs,-40,,392,1166976568,1496877867,197493325,pass,1.792945508,pass,ok
mc,fs_rbcs/novdd/-40C/mc393,fs_rbcs,-40,,393,300500821,1496877867,1171486349,pass,1.785296731,pass,ok
mc,fs_rbcs/novdd/-40C/mc394,fs_rbcs,-40,,394,2062615687,1496877867,1430216525,pass,1.804763294,pass,ok
mc,fs_rbcs/novdd/-40C/mc395,fs_rbcs,-40,,395,2112687475,1496877867,68715097,pass,1.789903189,pass,ok
mc,fs_rbcs/novdd/-40C/mc396,fs_rbcs,-40,,396,1728478945,1496877867,1702539911,pass,1.782288414,pass,ok
mc,fs_rbcs/novdd/-40C/mc397,fs_rbcs,-40,,397,1922593385,1496877867,1868982287,pass,1.794149753,pass,ok
mc,fs_rbcs/novdd/-40C/mc398,fs_rbcs,-40,,398,675282075,1496877867,1165851888,pass,1.804883228,pass,ok
mc,fs_rbcs/novdd/-40C/mc399,fs_rbcs,-40,,399,572194674,1496877867,542657685,pass,1.807705313,pass,ok
attribution,tt_nom/novdd/27C/mc0,tt_nom,27,,0,79048234,1833639848,1390796769,pass,1.800306041,pass,ok
attribution,tt_nom/novdd/27C/mc1,tt_nom,27,,1,152774019,1833639848,1118956979,pass,1.800306041,pass,ok
attribution,tt_nom/novdd/27C/mc2,tt_nom,27,,2,593141898,1833639848,1643251926,pass,1.800306041,pass,ok
attribution,tt_nom/novdd/27C/mc3,tt_nom,27,,3,2147401106,1833639848,2005512876,pass,1.800306041,pass,ok
attribution,tt_nom/novdd/27C/mc4,tt_nom,27,,4,353565986,1833639848,1144428106,pass,1.800306041,pass,ok
attribution,tt_nom/novdd/27C/mc5,tt_nom,27,,5,1561589906,1833639848,409870250,pass,1.800306041,pass,ok
attribution,tt_nom/novdd/27C/mc6,tt_nom,27,,6,420586916,1833639848,1482146135,pass,1.800306041,pass,ok
attribution,tt_nom/novdd/27C/mc7,tt_nom,27,,7,2018921037,1833639848,1718531384,pass,1.800306041,pass,ok
attribution,tt_nom/novdd/27C/mc8,tt_nom,27,,8,373614785,1833639848,2080866590,pass,1.800306041,pass,ok
attribution,tt_nom/novdd/27C/mc9,tt_nom,27,,9,241327811,1833639848,1634381948,pass,1.800306041,pass,ok
attribution,tt_nom/novdd/27C/mc10,tt_nom,27,,10,336702552,1833639848,1444640502,pass,1.800306041,pass,ok
attribution,tt_nom/novdd/27C/mc11,tt_nom,27,,11,886173129,1833639848,1876858247,pass,1.800306041,pass,ok
attribution,tt_nom/novdd/27C/mc12,tt_nom,27,,12,693624348,1833639848,1290806838,pass,1.800306041,pass,ok
attribution,tt_nom/novdd/27C/mc13,tt_nom,27,,13,947316893,1833639848,63998569,pass,1.800306041,pass,ok
attribution,tt_nom/novdd/27C/mc14,tt_nom,27,,14,738916559,1833639848,1042706560,pass,1.800306041,pass,ok
attribution,tt_nom/novdd/27C/mc15,tt_nom,27,,15,883461148,1833639848,1144104354,pass,1.800306041,pass,ok
attribution,tt_nom/novdd/27C/mc16,tt_nom,27,,16,1994949835,1833639848,2054329280,pass,1.800306041,pass,ok
attribution,tt_nom/novdd/27C/mc17,tt_nom,27,,17,719705693,1833639848,1412236343,pass,1.800306041,pass,ok
attribution,tt_nom/novdd/27C/mc18,tt_nom,27,,18,769251356,1833639848,1508360228,pass,1.800306041,pass,ok
attribution,tt_nom/novdd/27C/mc19,tt_nom,27,,19,1560425914,1833639848,992733103,pass,1.800306041,pass,ok
attribution,tt_nom/novdd/27C/mc20,tt_nom,27,,20,1684570515,1833639848,1817052973,pass,1.800306041,pass,ok
attribution,tt_nom/novdd/27C/mc21,tt_nom,27,,21,1865894309,1833639848,447215054,pass,1.800306041,pass,ok
attribution,tt_nom/novdd/27C/mc22,tt_nom,27,,22,1092678587,1833639848,459760705,pass,1.800306041,pass,ok
attribution,tt_nom/novdd/27C/mc23,tt_nom,27,,23,472988327,1833639848,5706495,pass,1.800306041,pass,ok
attribution,tt_nom/novdd/27C/mc24,tt_nom,27,,24,1567965111,1833639848,1925487079,pass,1.800306041,pass,ok
attribution,tt_nom/novdd/27C/mc25,tt_nom,27,,25,714655750,1833639848,925444737,pass,1.800306041,pass,ok
attribution,tt_nom/novdd/27C/mc26,tt_nom,27,,26,507047562,1833639848,1722228256,pass,1.800306041,pass,ok
attribution,tt_nom/novdd/27C/mc27,tt_nom,27,,27,1392853862,1833639848,1389675408,pass,1.800306041,pass,ok
attribution,tt_nom/novdd/27C/mc28,tt_nom,27,,28,779565962,1833639848,1764208630,pass,1.800306041,pass,ok
attribution,tt_nom/novdd/27C/mc29,tt_nom,27,,29,1106269094,1833639848,142499919,pass,1.800306041,pass,ok
attribution,tt_nom/novdd/27C/mc30,tt_nom,27,,30,1134734897,1833639848,1471809123,pass,1.800306041,pass,ok
attribution,tt_nom/novdd/27C/mc31,tt_nom,27,,31,613961558,1833639848,384149777,pass,1.800306041,pass,ok
attribution,tt_nom/novdd/27C/mc32,tt_nom,27,,32,1272879107,1833639848,1738021337,pass,1.800306041,pass,ok
attribution,tt_nom/novdd/27C/mc33,tt_nom,27,,33,672176171,1833639848,811012751,pass,1.800306041,pass,ok
attribution,tt_nom/novdd/27C/mc34,tt_nom,27,,34,1285797892,1833639848,1982039621,pass,1.800306041,pass,ok
attribution,tt_nom/novdd/27C/mc35,tt_nom,27,,35,1185559814,1833639848,976171874,pass,1.800306041,pass,ok
attribution,tt_nom/novdd/27C/mc36,tt_nom,27,,36,1242753473,1833639848,859861857,pass,1.800306041,pass,ok
attribution,tt_nom/novdd/27C/mc37,tt_nom,27,,37,584737307,1833639848,1039251352,pass,1.800306041,pass,ok
attribution,tt_nom/novdd/27C/mc38,tt_nom,27,,38,960531161,1833639848,4370981,pass,1.800306041,pass,ok
attribution,tt_nom/novdd/27C/mc39,tt_nom,27,,39,699022415,1833639848,407534246,pass,1.800306041,pass,ok
attribution,tt_nom/novdd/27C/mc40,tt_nom,27,,40,446007188,1833639848,531238975,pass,1.800306041,pass,ok
attribution,tt_nom/novdd/27C/mc41,tt_nom,27,,41,2116740635,1833639848,74709489,pass,1.800306041,pass,ok
attribution,tt_nom/novdd/27C/mc42,tt_nom,27,,42,1207105029,1833639848,1302310564,pass,1.800306041,pass,ok
attribution,tt_nom/novdd/27C/mc43,tt_nom,27,,43,1054648552,1833639848,1955863205,pass,1.800306041,pass,ok
attribution,tt_nom/novdd/27C/mc44,tt_nom,27,,44,1568757372,1833639848,1301498818,pass,1.800306041,pass,ok
attribution,tt_nom/novdd/27C/mc45,tt_nom,27,,45,834946136,1833639848,1254967431,pass,1.800306041,pass,ok
attribution,tt_nom/novdd/27C/mc46,tt_nom,27,,46,930351298,1833639848,485922759,pass,1.800306041,pass,ok
attribution,tt_nom/novdd/27C/mc47,tt_nom,27,,47,961844076,1833639848,304881255,pass,1.800306041,pass,ok
attribution,tt_nom/novdd/27C/mc48,tt_nom,27,,48,1859639837,1833639848,80702351,pass,1.800306041,pass,ok
attribution,tt_nom/novdd/27C/mc49,tt_nom,27,,49,2108607107,1833639848,1903412482,pass,1.800306041,pass,ok
attribution,tt_nom/novdd/27C/mc50,tt_nom,27,,50,1072117313,1833639848,1432153673,pass,1.800306041,pass,ok
attribution,tt_nom/novdd/27C/mc51,tt_nom,27,,51,254656263,1833639848,283858016,pass,1.800306041,pass,ok
attribution,tt_nom/novdd/27C/mc52,tt_nom,27,,52,270825284,1833639848,2124852602,pass,1.800306041,pass,ok
attribution,tt_nom/novdd/27C/mc53,tt_nom,27,,53,649561214,1833639848,693161067,pass,1.800306041,pass,ok
attribution,tt_nom/novdd/27C/mc54,tt_nom,27,,54,1789556421,1833639848,1556692854,pass,1.800306041,pass,ok
attribution,tt_nom/novdd/27C/mc55,tt_nom,27,,55,48257149,1833639848,109724470,pass,1.800306041,pass,ok
attribution,tt_nom/novdd/27C/mc56,tt_nom,27,,56,1669948677,1833639848,836532992,pass,1.800306041,pass,ok
attribution,tt_nom/novdd/27C/mc57,tt_nom,27,,57,1392814357,1833639848,1047124551,pass,1.800306041,pass,ok
attribution,tt_nom/novdd/27C/mc58,tt_nom,27,,58,45356496,1833639848,1688455802,pass,1.800306041,pass,ok
attribution,tt_nom/novdd/27C/mc59,tt_nom,27,,59,117904359,1833639848,548583323,pass,1.800306041,pass,ok
attribution,tt_nom/novdd/27C/mc60,tt_nom,27,,60,74339957,1833639848,1830668099,pass,1.800306041,pass,ok
attribution,tt_nom/novdd/27C/mc61,tt_nom,27,,61,1799448995,1833639848,1430854803,pass,1.800306041,pass,ok
attribution,tt_nom/novdd/27C/mc62,tt_nom,27,,62,1601075226,1833639848,1650744848,pass,1.800306041,pass,ok
attribution,tt_nom/novdd/27C/mc63,tt_nom,27,,63,686730058,1833639848,721208324,pass,1.800306041,pass,ok
attribution,tt_nom/novdd/27C/mc64,tt_nom,27,,64,1167578243,1833639848,1156689916,pass,1.800306041,pass,ok
attribution,tt_nom/novdd/27C/mc65,tt_nom,27,,65,542512547,1833639848,1218240409,pass,1.800306041,pass,ok
attribution,tt_nom/novdd/27C/mc66,tt_nom,27,,66,1384369156,1833639848,1891008853,pass,1.800306041,pass,ok
attribution,tt_nom/novdd/27C/mc67,tt_nom,27,,67,1332045682,1833639848,2046333746,pass,1.800306041,pass,ok
attribution,tt_nom/novdd/27C/mc68,tt_nom,27,,68,1872503184,1833639848,1437075323,pass,1.800306041,pass,ok
attribution,tt_nom/novdd/27C/mc69,tt_nom,27,,69,742145087,1833639848,446942799,pass,1.800306041,pass,ok
attribution,tt_nom/novdd/27C/mc70,tt_nom,27,,70,12058145,1833639848,1601003209,pass,1.800306041,pass,ok
attribution,tt_nom/novdd/27C/mc71,tt_nom,27,,71,631923663,1833639848,900766199,pass,1.800306041,pass,ok
attribution,tt_nom/novdd/27C/mc72,tt_nom,27,,72,1593139102,1833639848,574725787,pass,1.800306041,pass,ok
attribution,tt_nom/novdd/27C/mc73,tt_nom,27,,73,1397356740,1833639848,170713171,pass,1.800306041,pass,ok
attribution,tt_nom/novdd/27C/mc74,tt_nom,27,,74,1881597347,1833639848,1278432775,pass,1.800306041,pass,ok
attribution,tt_nom/novdd/27C/mc75,tt_nom,27,,75,766975880,1833639848,1076089262,pass,1.800306041,pass,ok
attribution,tt_nom/novdd/27C/mc76,tt_nom,27,,76,1763466908,1833639848,475414299,pass,1.800306041,pass,ok
attribution,tt_nom/novdd/27C/mc77,tt_nom,27,,77,825162070,1833639848,2121679019,pass,1.800306041,pass,ok
attribution,tt_nom/novdd/27C/mc78,tt_nom,27,,78,1988988919,1833639848,1363761162,pass,1.800306041,pass,ok
attribution,tt_nom/novdd/27C/mc79,tt_nom,27,,79,486112925,1833639848,820447872,pass,1.800306041,pass,ok
attribution,tt_nom/novdd/27C/mc80,tt_nom,27,,80,48206093,1833639848,888910189,pass,1.800306041,pass,ok
attribution,tt_nom/novdd/27C/mc81,tt_nom,27,,81,1549153258,1833639848,154829074,pass,1.800306041,pass,ok
attribution,tt_nom/novdd/27C/mc82,tt_nom,27,,82,856596943,1833639848,1109739687,pass,1.800306041,pass,ok
attribution,tt_nom/novdd/27C/mc83,tt_nom,27,,83,894858386,1833639848,1107687820,pass,1.800306041,pass,ok
attribution,tt_nom/novdd/27C/mc84,tt_nom,27,,84,146397486,1833639848,272696466,pass,1.800306041,pass,ok
attribution,tt_nom/novdd/27C/mc85,tt_nom,27,,85,530557179,1833639848,1014179943,pass,1.800306041,pass,ok
attribution,tt_nom/novdd/27C/mc86,tt_nom,27,,86,1964202384,1833639848,785500477,pass,1.800306041,pass,ok
attribution,tt_nom/novdd/27C/mc87,tt_nom,27,,87,1271372671,1833639848,2113568349,pass,1.800306041,pass,ok
attribution,tt_nom/novdd/27C/mc88,tt_nom,27,,88,241611376,1833639848,1801007432,pass,1.800306041,pass,ok
attribution,tt_nom/novdd/27C/mc89,tt_nom,27,,89,1312690542,1833639848,1894961706,pass,1.800306041,pass,ok
attribution,tt_nom/novdd/27C/mc90,tt_nom,27,,90,1914694793,1833639848,1028777945,pass,1.800306041,pass,ok
attribution,tt_nom/novdd/27C/mc91,tt_nom,27,,91,1670748367,1833639848,1505157046,pass,1.800306041,pass,ok
attribution,tt_nom/novdd/27C/mc92,tt_nom,27,,92,1503355269,1833639848,120011555,pass,1.800306041,pass,ok
attribution,tt_nom/novdd/27C/mc93,tt_nom,27,,93,814389323,1833639848,1486736669,pass,1.800306041,pass,ok
attribution,tt_nom/novdd/27C/mc94,tt_nom,27,,94,1132168932,1833639848,1191785206,pass,1.800306041,pass,ok
attribution,tt_nom/novdd/27C/mc95,tt_nom,27,,95,1480797683,1833639848,458624237,pass,1.800306041,pass,ok
attribution,tt_nom/novdd/27C/mc96,tt_nom,27,,96,999760893,1833639848,1100315189,pass,1.800306041,pass,ok
attribution,tt_nom/novdd/27C/mc97,tt_nom,27,,97,1424336262,1833639848,677930863,pass,1.800306041,pass,ok
attribution,tt_nom/novdd/27C/mc98,tt_nom,27,,98,3843644,1833639848,255297854,pass,1.800306041,pass,ok
attribution,tt_nom/novdd/27C/mc99,tt_nom,27,,99,1689865578,1833639848,254492178,pass,1.800306041,pass,ok
attribution,tt_mosmm/novdd/27C/mc0,tt_mosmm,27,,0,1414636784,191891837,39233019,pass,1.790399359,pass,ok
attribution,tt_mosmm/novdd/27C/mc1,tt_mosmm,27,,1,947431371,191891837,1458945244,pass,1.793314385,pass,ok
attribution,tt_mosmm/novdd/27C/mc2,tt_mosmm,27,,2,708068973,191891837,2112356420,pass,1.786152054,pass,ok
attribution,tt_mosmm/novdd/27C/mc3,tt_mosmm,27,,3,698592505,191891837,592419836,pass,1.791893772,pass,ok
attribution,tt_mosmm/novdd/27C/mc4,tt_mosmm,27,,4,1500266809,191891837,526343280,pass,1.798528185,pass,ok
attribution,tt_mosmm/novdd/27C/mc5,tt_mosmm,27,,5,1777759548,191891837,68629227,pass,1.804507275,pass,ok
attribution,tt_mosmm/novdd/27C/mc6,tt_mosmm,27,,6,536007561,191891837,2026249514,pass,1.803824685,pass,ok
attribution,tt_mosmm/novdd/27C/mc7,tt_mosmm,27,,7,979214770,191891837,16255112,pass,1.802858031,pass,ok
attribution,tt_mosmm/novdd/27C/mc8,tt_mosmm,27,,8,1556213439,191891837,1881379279,pass,1.801058367,pass,ok
attribution,tt_mosmm/novdd/27C/mc9,tt_mosmm,27,,9,393843935,191891837,423729616,pass,1.810686975,pass,ok
attribution,tt_mosmm/novdd/27C/mc10,tt_mosmm,27,,10,516882195,191891837,980659889,pass,1.799720095,pass,ok
attribution,tt_mosmm/novdd/27C/mc11,tt_mosmm,27,,11,197546291,191891837,1080957820,pass,1.801882616,pass,ok
attribution,tt_mosmm/novdd/27C/mc12,tt_mosmm,27,,12,1753482462,191891837,1194993063,pass,1.802541245,pass,ok
attribution,tt_mosmm/novdd/27C/mc13,tt_mosmm,27,,13,1104602351,191891837,174819164,pass,1.786572674,pass,ok
attribution,tt_mosmm/novdd/27C/mc14,tt_mosmm,27,,14,385802988,191891837,1569626179,pass,1.804413748,pass,ok
attribution,tt_mosmm/novdd/27C/mc15,tt_mosmm,27,,15,621340503,191891837,1162436560,pass,1.805384761,pass,ok
attribution,tt_mosmm/novdd/27C/mc16,tt_mosmm,27,,16,1663463385,191891837,859591923,pass,1.792723555,pass,ok
attribution,tt_mosmm/novdd/27C/mc17,tt_mosmm,27,,17,717994763,191891837,2003969932,pass,1.804876309,pass,ok
attribution,tt_mosmm/novdd/27C/mc18,tt_mosmm,27,,18,2098585413,191891837,1813514164,pass,1.807532933,pass,ok
attribution,tt_mosmm/novdd/27C/mc19,tt_mosmm,27,,19,575076722,191891837,834313193,pass,1.815454167,pass,ok
attribution,tt_mosmm/novdd/27C/mc20,tt_mosmm,27,,20,85354460,191891837,1218555595,pass,1.790655104,pass,ok
attribution,tt_mosmm/novdd/27C/mc21,tt_mosmm,27,,21,1330937387,191891837,2089282282,pass,1.806771799,pass,ok
attribution,tt_mosmm/novdd/27C/mc22,tt_mosmm,27,,22,771933545,191891837,974433838,pass,1.81730753,pass,ok
attribution,tt_mosmm/novdd/27C/mc23,tt_mosmm,27,,23,690429815,191891837,1009682547,pass,1.79374903,pass,ok
attribution,tt_mosmm/novdd/27C/mc24,tt_mosmm,27,,24,1943858901,191891837,660178849,pass,1.806240141,pass,ok
attribution,tt_mosmm/novdd/27C/mc25,tt_mosmm,27,,25,1470697207,191891837,179713919,pass,1.803147899,pass,ok
attribution,tt_mosmm/novdd/27C/mc26,tt_mosmm,27,,26,759022140,191891837,278385195,pass,1.780107345,pass,ok
attribution,tt_mosmm/novdd/27C/mc27,tt_mosmm,27,,27,510142162,191891837,108112218,pass,1.823201315,pass,ok
attribution,tt_mosmm/novdd/27C/mc28,tt_mosmm,27,,28,157531500,191891837,1701433462,pass,1.795329736,pass,ok
attribution,tt_mosmm/novdd/27C/mc29,tt_mosmm,27,,29,94339660,191891837,241556302,pass,1.798721814,pass,ok
attribution,tt_mosmm/novdd/27C/mc30,tt_mosmm,27,,30,1918060760,191891837,313169374,pass,1.792863043,pass,ok
attribution,tt_mosmm/novdd/27C/mc31,tt_mosmm,27,,31,709758771,191891837,1918398629,pass,1.801658079,pass,ok
attribution,tt_mosmm/novdd/27C/mc32,tt_mosmm,27,,32,1122377347,191891837,557120826,pass,1.813266167,pass,ok
attribution,tt_mosmm/novdd/27C/mc33,tt_mosmm,27,,33,1502150552,191891837,1454397233,pass,1.792915914,pass,ok
attribution,tt_mosmm/novdd/27C/mc34,tt_mosmm,27,,34,921353265,191891837,950549572,pass,1.79673351,pass,ok
attribution,tt_mosmm/novdd/27C/mc35,tt_mosmm,27,,35,846413407,191891837,2046035500,pass,1.803850324,pass,ok
attribution,tt_mosmm/novdd/27C/mc36,tt_mosmm,27,,36,577528338,191891837,1185709335,pass,1.7946256,pass,ok
attribution,tt_mosmm/novdd/27C/mc37,tt_mosmm,27,,37,1547392665,191891837,1507405490,pass,1.811706815,pass,ok
attribution,tt_mosmm/novdd/27C/mc38,tt_mosmm,27,,38,1877515191,191891837,175467704,pass,1.814422275,pass,ok
attribution,tt_mosmm/novdd/27C/mc39,tt_mosmm,27,,39,1988411515,191891837,1705292362,pass,1.79658183,pass,ok
attribution,tt_mosmm/novdd/27C/mc40,tt_mosmm,27,,40,435940547,191891837,204309071,pass,1.784238328,pass,ok
attribution,tt_mosmm/novdd/27C/mc41,tt_mosmm,27,,41,1892844703,191891837,2062532175,pass,1.784756574,pass,ok
attribution,tt_mosmm/novdd/27C/mc42,tt_mosmm,27,,42,1869422237,191891837,1772256279,pass,1.790595337,pass,ok
attribution,tt_mosmm/novdd/27C/mc43,tt_mosmm,27,,43,85152181,191891837,1878997845,pass,1.797336091,pass,ok
attribution,tt_mosmm/novdd/27C/mc44,tt_mosmm,27,,44,60725089,191891837,1715737937,pass,1.816734983,pass,ok
attribution,tt_mosmm/novdd/27C/mc45,tt_mosmm,27,,45,1053117477,191891837,596032432,pass,1.805353226,pass,ok
attribution,tt_mosmm/novdd/27C/mc46,tt_mosmm,27,,46,1247476558,191891837,1322845235,pass,1.79919148,pass,ok
attribution,tt_mosmm/novdd/27C/mc47,tt_mosmm,27,,47,1456891635,191891837,418627792,pass,1.807305878,pass,ok
attribution,tt_mosmm/novdd/27C/mc48,tt_mosmm,27,,48,183175434,191891837,1543139718,pass,1.803703182,pass,ok
attribution,tt_mosmm/novdd/27C/mc49,tt_mosmm,27,,49,1679431965,191891837,1308079706,pass,1.80411038,pass,ok
attribution,tt_mosmm/novdd/27C/mc50,tt_mosmm,27,,50,1081710313,191891837,1232316066,pass,1.816788866,pass,ok
attribution,tt_mosmm/novdd/27C/mc51,tt_mosmm,27,,51,873272785,191891837,1058113292,pass,1.803298225,pass,ok
attribution,tt_mosmm/novdd/27C/mc52,tt_mosmm,27,,52,1478126266,191891837,1185550272,pass,1.816252429,pass,ok
attribution,tt_mosmm/novdd/27C/mc53,tt_mosmm,27,,53,927314733,191891837,490070266,pass,1.815564072,pass,ok
attribution,tt_mosmm/novdd/27C/mc54,tt_mosmm,27,,54,1065963690,191891837,914928984,pass,1.787506936,pass,ok
attribution,tt_mosmm/novdd/27C/mc55,tt_mosmm,27,,55,487275425,191891837,1261368970,pass,1.804477077,pass,ok
attribution,tt_mosmm/novdd/27C/mc56,tt_mosmm,27,,56,1021120133,191891837,613300830,pass,1.803003793,pass,ok
attribution,tt_mosmm/novdd/27C/mc57,tt_mosmm,27,,57,1685436025,191891837,149338903,pass,1.785565003,pass,ok
attribution,tt_mosmm/novdd/27C/mc58,tt_mosmm,27,,58,1648099825,191891837,1844828571,pass,1.80982218,pass,ok
attribution,tt_mosmm/novdd/27C/mc59,tt_mosmm,27,,59,701795622,191891837,406746180,pass,1.795187144,pass,ok
attribution,tt_mosmm/novdd/27C/mc60,tt_mosmm,27,,60,1707287218,191891837,296708210,pass,1.815203113,pass,ok
attribution,tt_mosmm/novdd/27C/mc61,tt_mosmm,27,,61,438594573,191891837,2140155719,pass,1.792666255,pass,ok
attribution,tt_mosmm/novdd/27C/mc62,tt_mosmm,27,,62,1354289374,191891837,383459270,pass,1.806430834,pass,ok
attribution,tt_mosmm/novdd/27C/mc63,tt_mosmm,27,,63,1187283218,191891837,15868040,pass,1.811905637,pass,ok
attribution,tt_mosmm/novdd/27C/mc64,tt_mosmm,27,,64,168161913,191891837,2007319731,pass,1.806176827,pass,ok
attribution,tt_mosmm/novdd/27C/mc65,tt_mosmm,27,,65,1551991714,191891837,1531970933,pass,1.815180551,pass,ok
attribution,tt_mosmm/novdd/27C/mc66,tt_mosmm,27,,66,2091485318,191891837,1947665422,pass,1.802116788,pass,ok
attribution,tt_mosmm/novdd/27C/mc67,tt_mosmm,27,,67,1436884143,191891837,792652547,pass,1.787917567,pass,ok
attribution,tt_mosmm/novdd/27C/mc68,tt_mosmm,27,,68,1760938147,191891837,833283846,pass,1.801139963,pass,ok
attribution,tt_mosmm/novdd/27C/mc69,tt_mosmm,27,,69,711717980,191891837,69008541,pass,1.791928878,pass,ok
attribution,tt_mosmm/novdd/27C/mc70,tt_mosmm,27,,70,1780080496,191891837,1895401686,pass,1.809091954,pass,ok
attribution,tt_mosmm/novdd/27C/mc71,tt_mosmm,27,,71,217642484,191891837,682688038,pass,1.797490195,pass,ok
attribution,tt_mosmm/novdd/27C/mc72,tt_mosmm,27,,72,1375014797,191891837,796407119,pass,1.808214634,pass,ok
attribution,tt_mosmm/novdd/27C/mc73,tt_mosmm,27,,73,1414498587,191891837,789203112,pass,1.786591662,pass,ok
attribution,tt_mosmm/novdd/27C/mc74,tt_mosmm,27,,74,940267758,191891837,271917522,pass,1.803714342,pass,ok
attribution,tt_mosmm/novdd/27C/mc75,tt_mosmm,27,,75,196956474,191891837,1506700671,pass,1.795951098,pass,ok
attribution,tt_mosmm/novdd/27C/mc76,tt_mosmm,27,,76,1749166734,191891837,306848484,pass,1.798076037,pass,ok
attribution,tt_mosmm/novdd/27C/mc77,tt_mosmm,27,,77,572469000,191891837,2129101467,pass,1.788690437,pass,ok
attribution,tt_mosmm/novdd/27C/mc78,tt_mosmm,27,,78,1456522357,191891837,37822986,pass,1.772539056,pass,ok
attribution,tt_mosmm/novdd/27C/mc79,tt_mosmm,27,,79,1650105718,191891837,1477329971,pass,1.802705654,pass,ok
attribution,tt_mosmm/novdd/27C/mc80,tt_mosmm,27,,80,1004732298,191891837,675437281,pass,1.807369771,pass,ok
attribution,tt_mosmm/novdd/27C/mc81,tt_mosmm,27,,81,1719010847,191891837,539465678,pass,1.801623841,pass,ok
attribution,tt_mosmm/novdd/27C/mc82,tt_mosmm,27,,82,2132166933,191891837,151259455,pass,1.790774035,pass,ok
attribution,tt_mosmm/novdd/27C/mc83,tt_mosmm,27,,83,655699753,191891837,590295122,pass,1.79340971,pass,ok
attribution,tt_mosmm/novdd/27C/mc84,tt_mosmm,27,,84,1420343048,191891837,1962916238,pass,1.804150315,pass,ok
attribution,tt_mosmm/novdd/27C/mc85,tt_mosmm,27,,85,2012847490,191891837,78632798,pass,1.793858948,pass,ok
attribution,tt_mosmm/novdd/27C/mc86,tt_mosmm,27,,86,1062282974,191891837,223532723,pass,1.78477268,pass,ok
attribution,tt_mosmm/novdd/27C/mc87,tt_mosmm,27,,87,1886856567,191891837,1458340374,pass,1.774225563,pass,ok
attribution,tt_mosmm/novdd/27C/mc88,tt_mosmm,27,,88,4883074,191891837,1267635569,pass,1.79116276,pass,ok
attribution,tt_mosmm/novdd/27C/mc89,tt_mosmm,27,,89,1464476762,191891837,980214439,pass,1.804674896,pass,ok
attribution,tt_mosmm/novdd/27C/mc90,tt_mosmm,27,,90,337552370,191891837,285880168,pass,1.81484873,pass,ok
attribution,tt_mosmm/novdd/27C/mc91,tt_mosmm,27,,91,563672297,191891837,1646857629,pass,1.791783592,pass,ok
attribution,tt_mosmm/novdd/27C/mc92,tt_mosmm,27,,92,87430831,191891837,1959877773,pass,1.793918369,pass,ok
attribution,tt_mosmm/novdd/27C/mc93,tt_mosmm,27,,93,1072407603,191891837,1223192611,pass,1.787420742,pass,ok
attribution,tt_mosmm/novdd/27C/mc94,tt_mosmm,27,,94,1694212186,191891837,1018376082,pass,1.795273329,pass,ok
attribution,tt_mosmm/novdd/27C/mc95,tt_mosmm,27,,95,567858315,191891837,1507102548,pass,1.788765146,pass,ok
attribution,tt_mosmm/novdd/27C/mc96,tt_mosmm,27,,96,1808053217,191891837,1415972443,pass,1.795571488,pass,ok
attribution,tt_mosmm/novdd/27C/mc97,tt_mosmm,27,,97,1053275650,191891837,872425091,pass,1.798451262,pass,ok
attribution,tt_mosmm/novdd/27C/mc98,tt_mosmm,27,,98,1359311056,191891837,1413250566,pass,1.79773467,pass,ok
attribution,tt_mosmm/novdd/27C/mc99,tt_mosmm,27,,99,194171806,191891837,321182984,pass,1.800458358,pass,ok
attribution,tt_resmm/novdd/27C/mc0,tt_resmm,27,,0,1888050884,403626944,1657822255,pass,1.800601618,pass,ok
attribution,tt_resmm/novdd/27C/mc1,tt_resmm,27,,1,1616839717,403626944,1587123748,pass,1.804360839,pass,ok
attribution,tt_resmm/novdd/27C/mc2,tt_resmm,27,,2,1584339555,403626944,888809184,pass,1.796043534,pass,ok
attribution,tt_resmm/novdd/27C/mc3,tt_resmm,27,,3,1987084674,403626944,953070054,pass,1.800708885,pass,ok
attribution,tt_resmm/novdd/27C/mc4,tt_resmm,27,,4,599356722,403626944,1572785956,pass,1.798001617,pass,ok
attribution,tt_resmm/novdd/27C/mc5,tt_resmm,27,,5,295459953,403626944,1485408105,pass,1.797728869,pass,ok
attribution,tt_resmm/novdd/27C/mc6,tt_resmm,27,,6,628383950,403626944,869779267,pass,1.806507833,pass,ok
attribution,tt_resmm/novdd/27C/mc7,tt_resmm,27,,7,1923582548,403626944,343418344,pass,1.806820572,pass,ok
attribution,tt_resmm/novdd/27C/mc8,tt_resmm,27,,8,1467296461,403626944,1264834251,pass,1.807132747,pass,ok
attribution,tt_resmm/novdd/27C/mc9,tt_resmm,27,,9,1977506069,403626944,1992080586,pass,1.795956128,pass,ok
attribution,tt_resmm/novdd/27C/mc10,tt_resmm,27,,10,315940625,403626944,1472814753,pass,1.801524132,pass,ok
attribution,tt_resmm/novdd/27C/mc11,tt_resmm,27,,11,1658859332,403626944,1113488784,pass,1.801337736,pass,ok
attribution,tt_resmm/novdd/27C/mc12,tt_resmm,27,,12,302028419,403626944,1167588506,pass,1.802690548,pass,ok
attribution,tt_resmm/novdd/27C/mc13,tt_resmm,27,,13,1745832702,403626944,254384964,pass,1.801030182,pass,ok
attribution,tt_resmm/novdd/27C/mc14,tt_resmm,27,,14,1104300468,403626944,551924345,pass,1.799989662,pass,ok
attribution,tt_resmm/novdd/27C/mc15,tt_resmm,27,,15,1760260079,403626944,1231695494,pass,1.803363031,pass,ok
attribution,tt_resmm/novdd/27C/mc16,tt_resmm,27,,16,1917655500,403626944,537608557,pass,1.796863495,pass,ok
attribution,tt_resmm/novdd/27C/mc17,tt_resmm,27,,17,1198352920,403626944,1254507845,pass,1.799209832,pass,ok
attribution,tt_resmm/novdd/27C/mc18,tt_resmm,27,,18,482806403,403626944,797403114,pass,1.807482549,pass,ok
attribution,tt_resmm/novdd/27C/mc19,tt_resmm,27,,19,585290352,403626944,1266036113,pass,1.795933152,pass,ok
attribution,tt_resmm/novdd/27C/mc20,tt_resmm,27,,20,2093861873,403626944,2134772768,pass,1.795767843,pass,ok
attribution,tt_resmm/novdd/27C/mc21,tt_resmm,27,,21,429181396,403626944,1561567114,pass,1.793292254,pass,ok
attribution,tt_resmm/novdd/27C/mc22,tt_resmm,27,,22,1839441433,403626944,1316430311,pass,1.805998212,pass,ok
attribution,tt_resmm/novdd/27C/mc23,tt_resmm,27,,23,405526128,403626944,1577959968,pass,1.80203309,pass,ok
attribution,tt_resmm/novdd/27C/mc24,tt_resmm,27,,24,1570857993,403626944,1242110796,pass,1.802369492,pass,ok
attribution,tt_resmm/novdd/27C/mc25,tt_resmm,27,,25,323339425,403626944,1436493591,pass,1.795819773,pass,ok
attribution,tt_resmm/novdd/27C/mc26,tt_resmm,27,,26,332895067,403626944,893394299,pass,1.795386634,pass,ok
attribution,tt_resmm/novdd/27C/mc27,tt_resmm,27,,27,992634627,403626944,903109102,pass,1.790354794,pass,ok
attribution,tt_resmm/novdd/27C/mc28,tt_resmm,27,,28,1092120862,403626944,619603500,pass,1.807890719,pass,ok
attribution,tt_resmm/novdd/27C/mc29,tt_resmm,27,,29,1421779572,403626944,774168461,pass,1.805075113,pass,ok
attribution,tt_resmm/novdd/27C/mc30,tt_resmm,27,,30,161753896,403626944,868868312,pass,1.813390221,pass,ok
attribution,tt_resmm/novdd/27C/mc31,tt_resmm,27,,31,773356343,403626944,839382218,pass,1.80104899,pass,ok
attribution,tt_resmm/novdd/27C/mc32,tt_resmm,27,,32,534783586,403626944,774567823,pass,1.795376932,pass,ok
attribution,tt_resmm/novdd/27C/mc33,tt_resmm,27,,33,1887852006,403626944,2076916907,pass,1.804304659,pass,ok
attribution,tt_resmm/novdd/27C/mc34,tt_resmm,27,,34,846968560,403626944,553937454,pass,1.798253364,pass,ok
attribution,tt_resmm/novdd/27C/mc35,tt_resmm,27,,35,65213331,403626944,561758820,pass,1.800708896,pass,ok
attribution,tt_resmm/novdd/27C/mc36,tt_resmm,27,,36,1172797105,403626944,43728433,pass,1.802960782,pass,ok
attribution,tt_resmm/novdd/27C/mc37,tt_resmm,27,,37,730419169,403626944,905283144,pass,1.800986969,pass,ok
attribution,tt_resmm/novdd/27C/mc38,tt_resmm,27,,38,28752502,403626944,1294098866,pass,1.79590286,pass,ok
attribution,tt_resmm/novdd/27C/mc39,tt_resmm,27,,39,438443560,403626944,484084654,pass,1.795039974,pass,ok
attribution,tt_resmm/novdd/27C/mc40,tt_resmm,27,,40,293065477,403626944,1639493046,pass,1.798077956,pass,ok
attribution,tt_resmm/novdd/27C/mc41,tt_resmm,27,,41,691685482,403626944,189395273,pass,1.806009751,pass,ok
attribution,tt_resmm/novdd/27C/mc42,tt_resmm,27,,42,600518118,403626944,1297708428,pass,1.804290419,pass,ok
attribution,tt_resmm/novdd/27C/mc43,tt_resmm,27,,43,282778075,403626944,1729154133,pass,1.801219279,pass,ok
attribution,tt_resmm/novdd/27C/mc44,tt_resmm,27,,44,13286728,403626944,1496390252,pass,1.798234873,pass,ok
attribution,tt_resmm/novdd/27C/mc45,tt_resmm,27,,45,404387117,403626944,2069127876,pass,1.798110427,pass,ok
attribution,tt_resmm/novdd/27C/mc46,tt_resmm,27,,46,246619608,403626944,685871415,pass,1.80349879,pass,ok
attribution,tt_resmm/novdd/27C/mc47,tt_resmm,27,,47,734634745,403626944,1756899555,pass,1.80050282,pass,ok
attribution,tt_resmm/novdd/27C/mc48,tt_resmm,27,,48,413214217,403626944,1626771443,pass,1.799313318,pass,ok
attribution,tt_resmm/novdd/27C/mc49,tt_resmm,27,,49,1407468438,403626944,1611548619,pass,1.793636344,pass,ok
attribution,tt_resmm/novdd/27C/mc50,tt_resmm,27,,50,232663876,403626944,95825948,pass,1.796068825,pass,ok
attribution,tt_resmm/novdd/27C/mc51,tt_resmm,27,,51,1581595492,403626944,177071053,pass,1.801767641,pass,ok
attribution,tt_resmm/novdd/27C/mc52,tt_resmm,27,,52,2033255540,403626944,1712533820,pass,1.806786509,pass,ok
attribution,tt_resmm/novdd/27C/mc53,tt_resmm,27,,53,1883702100,403626944,73715204,pass,1.802406845,pass,ok
attribution,tt_resmm/novdd/27C/mc54,tt_resmm,27,,54,76907007,403626944,975642581,pass,1.803172488,pass,ok
attribution,tt_resmm/novdd/27C/mc55,tt_resmm,27,,55,1112813435,403626944,1100835685,pass,1.80004408,pass,ok
attribution,tt_resmm/novdd/27C/mc56,tt_resmm,27,,56,1532214915,403626944,758508714,pass,1.796926261,pass,ok
attribution,tt_resmm/novdd/27C/mc57,tt_resmm,27,,57,1803300378,403626944,1241562766,pass,1.803884148,pass,ok
attribution,tt_resmm/novdd/27C/mc58,tt_resmm,27,,58,1973427342,403626944,1193559101,pass,1.803083353,pass,ok
attribution,tt_resmm/novdd/27C/mc59,tt_resmm,27,,59,335953190,403626944,1052331673,pass,1.803075326,pass,ok
attribution,tt_resmm/novdd/27C/mc60,tt_resmm,27,,60,1964568591,403626944,1114368463,pass,1.798169152,pass,ok
attribution,tt_resmm/novdd/27C/mc61,tt_resmm,27,,61,2055077917,403626944,669441980,pass,1.803733976,pass,ok
attribution,tt_resmm/novdd/27C/mc62,tt_resmm,27,,62,546830613,403626944,1677546145,pass,1.79319109,pass,ok
attribution,tt_resmm/novdd/27C/mc63,tt_resmm,27,,63,648573819,403626944,1093857558,pass,1.809411497,pass,ok
attribution,tt_resmm/novdd/27C/mc64,tt_resmm,27,,64,160136349,403626944,2129743368,pass,1.800087614,pass,ok
attribution,tt_resmm/novdd/27C/mc65,tt_resmm,27,,65,1016219132,403626944,818857179,pass,1.803094218,pass,ok
attribution,tt_resmm/novdd/27C/mc66,tt_resmm,27,,66,1853635231,403626944,1546170080,pass,1.791268567,pass,ok
attribution,tt_resmm/novdd/27C/mc67,tt_resmm,27,,67,1379456897,403626944,178557668,pass,1.801667567,pass,ok
attribution,tt_resmm/novdd/27C/mc68,tt_resmm,27,,68,1968214132,403626944,16283629,pass,1.797383429,pass,ok
attribution,tt_resmm/novdd/27C/mc69,tt_resmm,27,,69,1674446842,403626944,747567124,pass,1.798823874,pass,ok
attribution,tt_resmm/novdd/27C/mc70,tt_resmm,27,,70,1486617672,403626944,1237281890,pass,1.795574878,pass,ok
attribution,tt_resmm/novdd/27C/mc71,tt_resmm,27,,71,1135495730,403626944,395677198,pass,1.794320441,pass,ok
attribution,tt_resmm/novdd/27C/mc72,tt_resmm,27,,72,349271672,403626944,432495131,pass,1.805331949,pass,ok
attribution,tt_resmm/novdd/27C/mc73,tt_resmm,27,,73,693571952,403626944,524469247,pass,1.811345563,pass,ok
attribution,tt_resmm/novdd/27C/mc74,tt_resmm,27,,74,1133756260,403626944,1817893833,pass,1.801310973,pass,ok
attribution,tt_resmm/novdd/27C/mc75,tt_resmm,27,,75,114339414,403626944,1376217787,pass,1.800208012,pass,ok
attribution,tt_resmm/novdd/27C/mc76,tt_resmm,27,,76,7004673,403626944,2146256515,pass,1.798524099,pass,ok
attribution,tt_resmm/novdd/27C/mc77,tt_resmm,27,,77,85938688,403626944,806776013,pass,1.810023352,pass,ok
attribution,tt_resmm/novdd/27C/mc78,tt_resmm,27,,78,317626319,403626944,662029880,pass,1.803757905,pass,ok
attribution,tt_resmm/novdd/27C/mc79,tt_resmm,27,,79,1404252620,403626944,1570067183,pass,1.795380145,pass,ok
attribution,tt_resmm/novdd/27C/mc80,tt_resmm,27,,80,1763357989,403626944,1162374352,pass,1.794849563,pass,ok
attribution,tt_resmm/novdd/27C/mc81,tt_resmm,27,,81,165221350,403626944,568579529,pass,1.803528754,pass,ok
attribution,tt_resmm/novdd/27C/mc82,tt_resmm,27,,82,1556138524,403626944,676804278,pass,1.808754581,pass,ok
attribution,tt_resmm/novdd/27C/mc83,tt_resmm,27,,83,1652498971,403626944,1968857036,pass,1.795961805,pass,ok
attribution,tt_resmm/novdd/27C/mc84,tt_resmm,27,,84,896969990,403626944,1263404130,pass,1.802842359,pass,ok
attribution,tt_resmm/novdd/27C/mc85,tt_resmm,27,,85,1691879598,403626944,257232558,pass,1.801022843,pass,ok
attribution,tt_resmm/novdd/27C/mc86,tt_resmm,27,,86,387959279,403626944,998428043,pass,1.800922715,pass,ok
attribution,tt_resmm/novdd/27C/mc87,tt_resmm,27,,87,2012632550,403626944,604890732,pass,1.800229799,pass,ok
attribution,tt_resmm/novdd/27C/mc88,tt_resmm,27,,88,993797,403626944,51071543,pass,1.805324448,pass,ok
attribution,tt_resmm/novdd/27C/mc89,tt_resmm,27,,89,1238299789,403626944,358335036,pass,1.800306034,pass,ok
attribution,tt_resmm/novdd/27C/mc90,tt_resmm,27,,90,1613676309,403626944,1245940713,pass,1.800483335,pass,ok
attribution,tt_resmm/novdd/27C/mc91,tt_resmm,27,,91,1462455900,403626944,544681941,pass,1.795879995,pass,ok
attribution,tt_resmm/novdd/27C/mc92,tt_resmm,27,,92,1652790821,403626944,765450832,pass,1.796446679,pass,ok
attribution,tt_resmm/novdd/27C/mc93,tt_resmm,27,,93,519654730,403626944,1410954465,pass,1.794586967,pass,ok
attribution,tt_resmm/novdd/27C/mc94,tt_resmm,27,,94,860113387,403626944,686728866,pass,1.798605457,pass,ok
attribution,tt_resmm/novdd/27C/mc95,tt_resmm,27,,95,1976770479,403626944,617197500,pass,1.806635821,pass,ok
attribution,tt_resmm/novdd/27C/mc96,tt_resmm,27,,96,1690614667,403626944,984171465,pass,1.801896284,pass,ok
attribution,tt_resmm/novdd/27C/mc97,tt_resmm,27,,97,612124348,403626944,331197104,pass,1.793359048,pass,ok
attribution,tt_resmm/novdd/27C/mc98,tt_resmm,27,,98,292466882,403626944,309506183,pass,1.799884489,pass,ok
attribution,tt_resmm/novdd/27C/mc99,tt_resmm,27,,99,751391907,403626944,407420186,pass,1.800037141,pass,ok
negctl,tt/0.930V/27C/mc0,tt,27,vref=0.93,0,1439333159,1342826448,1776046802,fail,1.855354032,fail,ok
negctl,tt/0.930V/27C/mc1,tt,27,vref=0.93,1,1710950070,1342826448,1924163524,fail,1.864947016,fail,ok
negctl,tt/0.930V/27C/mc2,tt,27,vref=0.93,2,84400047,1342826448,968623388,fail,1.862913651,fail,ok
negctl,tt/0.930V/27C/mc3,tt,27,vref=0.93,3,499437139,1342826448,503761890,fail,1.849658474,fail,ok
negctl,tt/0.930V/27C/mc4,tt,27,vref=0.93,4,241148328,1342826448,1636861242,fail,1.853956275,fail,ok
negctl,tt/0.930V/27C/mc5,tt,27,vref=0.93,5,1279463794,1342826448,1547038652,fail,1.863433751,fail,ok
negctl,tt/0.930V/27C/mc6,tt,27,vref=0.93,6,1049118007,1342826448,209670172,fail,1.853334992,fail,ok
negctl,tt/0.930V/27C/mc7,tt,27,vref=0.93,7,394703960,1342826448,880496632,fail,1.861502179,fail,ok
negctl,tt/0.930V/27C/mc8,tt,27,vref=0.93,8,907914304,1342826448,435870831,fail,1.850739611,fail,ok
negctl,tt/0.930V/27C/mc9,tt,27,vref=0.93,9,714244731,1342826448,1701712048,fail,1.857756016,fail,ok
negctl,tt/0.930V/27C/mc10,tt,27,vref=0.93,10,728675863,1342826448,1877863122,fail,1.852927167,fail,ok
negctl,tt/0.930V/27C/mc11,tt,27,vref=0.93,11,1352674713,1342826448,548641206,fail,1.854753405,fail,ok
negctl,tt/0.930V/27C/mc12,tt,27,vref=0.93,12,1420236121,1342826448,807464724,fail,1.885604981,fail,ok
negctl,tt/0.930V/27C/mc13,tt,27,vref=0.93,13,392130445,1342826448,35143153,fail,1.849383623,fail,ok
negctl,tt/0.930V/27C/mc14,tt,27,vref=0.93,14,1531180519,1342826448,1431905910,fail,1.867256642,fail,ok
negctl,tt/0.930V/27C/mc15,tt,27,vref=0.93,15,23626459,1342826448,874474459,fail,1.84514639,fail,ok
negctl,tt/0.930V/27C/mc16,tt,27,vref=0.93,16,1820553937,1342826448,365261737,fail,1.846607801,fail,ok
negctl,tt/0.930V/27C/mc17,tt,27,vref=0.93,17,960345977,1342826448,1138986436,fail,1.866730437,fail,ok
negctl,tt/0.930V/27C/mc18,tt,27,vref=0.93,18,1626523040,1342826448,397956078,fail,1.86322727,fail,ok
negctl,tt/0.930V/27C/mc19,tt,27,vref=0.93,19,1984104411,1342826448,2037222381,fail,1.861195544,fail,ok
negctl,tt/0.930V/27C/mc20,tt,27,vref=0.93,20,1883181271,1342826448,269661018,fail,1.865879336,fail,ok
negctl,tt/0.930V/27C/mc21,tt,27,vref=0.93,21,1468569590,1342826448,1937463552,fail,1.862900073,fail,ok
negctl,tt/0.930V/27C/mc22,tt,27,vref=0.93,22,1280612423,1342826448,1963304376,fail,1.863349527,fail,ok
negctl,tt/0.930V/27C/mc23,tt,27,vref=0.93,23,1697085279,1342826448,1875068591,fail,1.867707393,fail,ok
negctl,tt/0.930V/27C/mc24,tt,27,vref=0.93,24,678316527,1342826448,181205576,fail,1.85710184,fail,ok
negctl,tt/0.930V/27C/mc25,tt,27,vref=0.93,25,506413459,1342826448,1563528182,fail,1.870663179,fail,ok
negctl,tt/0.930V/27C/mc26,tt,27,vref=0.93,26,42615558,1342826448,246523635,fail,1.851453099,fail,ok
negctl,tt/0.930V/27C/mc27,tt,27,vref=0.93,27,1350687124,1342826448,1959268523,fail,1.849033868,fail,ok
negctl,tt/0.930V/27C/mc28,tt,27,vref=0.93,28,1362308933,1342826448,319365421,fail,1.865232732,fail,ok
negctl,tt/0.930V/27C/mc29,tt,27,vref=0.93,29,941036167,1342826448,2016043113,fail,1.872964773,fail,ok
negctl,tt/0.930V/27C/mc30,tt,27,vref=0.93,30,1014845138,1342826448,1736911320,fail,1.851127654,fail,ok
negctl,tt/0.930V/27C/mc31,tt,27,vref=0.93,31,111634390,1342826448,1029858893,fail,1.840479756,fail,ok
negctl,tt/0.930V/27C/mc32,tt,27,vref=0.93,32,1998013490,1342826448,735664733,fail,1.865419015,fail,ok
negctl,tt/0.930V/27C/mc33,tt,27,vref=0.93,33,1353342455,1342826448,1383671779,fail,1.872469495,fail,ok
negctl,tt/0.930V/27C/mc34,tt,27,vref=0.93,34,136314953,1342826448,2095618626,fail,1.858200413,fail,ok
negctl,tt/0.930V/27C/mc35,tt,27,vref=0.93,35,102332269,1342826448,2084537849,fail,1.875601782,fail,ok
negctl,tt/0.930V/27C/mc36,tt,27,vref=0.93,36,304073498,1342826448,2134741312,fail,1.856726827,fail,ok
negctl,tt/0.930V/27C/mc37,tt,27,vref=0.93,37,1987525925,1342826448,1070599116,fail,1.849947016,fail,ok
negctl,tt/0.930V/27C/mc38,tt,27,vref=0.93,38,1500107473,1342826448,1643450709,fail,1.879279679,fail,ok
negctl,tt/0.930V/27C/mc39,tt,27,vref=0.93,39,641038984,1342826448,337822473,fail,1.855467543,fail,ok
negctl,tt/0.930V/27C/mc40,tt,27,vref=0.93,40,512529726,1342826448,1975384356,fail,1.862811318,fail,ok
negctl,tt/0.930V/27C/mc41,tt,27,vref=0.93,41,827274304,1342826448,1470554374,fail,1.866344965,fail,ok
negctl,tt/0.930V/27C/mc42,tt,27,vref=0.93,42,659642592,1342826448,402946629,fail,1.864644406,fail,ok
negctl,tt/0.930V/27C/mc43,tt,27,vref=0.93,43,897175544,1342826448,308459396,fail,1.85443237,fail,ok
negctl,tt/0.930V/27C/mc44,tt,27,vref=0.93,44,1031665255,1342826448,1891153428,fail,1.859773989,fail,ok
negctl,tt/0.930V/27C/mc45,tt,27,vref=0.93,45,1047673233,1342826448,1628738571,fail,1.866051445,fail,ok
negctl,tt/0.930V/27C/mc46,tt,27,vref=0.93,46,1652805086,1342826448,1450319749,fail,1.854989078,fail,ok
negctl,tt/0.930V/27C/mc47,tt,27,vref=0.93,47,1361279329,1342826448,1206278000,fail,1.889402749,fail,ok
negctl,tt/0.930V/27C/mc48,tt,27,vref=0.93,48,405990587,1342826448,48811731,fail,1.872889336,fail,ok
negctl,tt/0.930V/27C/mc49,tt,27,vref=0.93,49,1263345084,1342826448,513612652,fail,1.853013499,fail,ok
negctl,tt/0.930V/27C/mc50,tt,27,vref=0.93,50,651331870,1342826448,40531109,fail,1.854009993,fail,ok
negctl,tt/0.930V/27C/mc51,tt,27,vref=0.93,51,1140036529,1342826448,9229356,fail,1.857922262,fail,ok
negctl,tt/0.930V/27C/mc52,tt,27,vref=0.93,52,1032159970,1342826448,628658905,fail,1.856647238,fail,ok
negctl,tt/0.930V/27C/mc53,tt,27,vref=0.93,53,1431101225,1342826448,1663865736,fail,1.869477522,fail,ok
negctl,tt/0.930V/27C/mc54,tt,27,vref=0.93,54,1050596935,1342826448,923213059,fail,1.85716415,fail,ok
negctl,tt/0.930V/27C/mc55,tt,27,vref=0.93,55,787297393,1342826448,1492108490,fail,1.841304254,fail,ok
negctl,tt/0.930V/27C/mc56,tt,27,vref=0.93,56,544985036,1342826448,368321686,fail,1.849206188,fail,ok
negctl,tt/0.930V/27C/mc57,tt,27,vref=0.93,57,1080453891,1342826448,900217606,fail,1.877559334,fail,ok
negctl,tt/0.930V/27C/mc58,tt,27,vref=0.93,58,1248636204,1342826448,307308622,fail,1.862252268,fail,ok
negctl,tt/0.930V/27C/mc59,tt,27,vref=0.93,59,945896479,1342826448,205137889,fail,1.862831765,fail,ok
negctl,tt/0.930V/27C/mc60,tt,27,vref=0.93,60,189694351,1342826448,680989201,fail,1.866038059,fail,ok
negctl,tt/0.930V/27C/mc61,tt,27,vref=0.93,61,821218823,1342826448,608845206,fail,1.857271749,fail,ok
negctl,tt/0.930V/27C/mc62,tt,27,vref=0.93,62,1369166928,1342826448,1488531993,fail,1.850307098,fail,ok
negctl,tt/0.930V/27C/mc63,tt,27,vref=0.93,63,2076537407,1342826448,1267100301,fail,1.850827905,fail,ok
negctl,tt/0.930V/27C/mc64,tt,27,vref=0.93,64,878057267,1342826448,1565989017,fail,1.867783885,fail,ok
negctl,tt/0.930V/27C/mc65,tt,27,vref=0.93,65,910405217,1342826448,1671774180,fail,1.855258735,fail,ok
negctl,tt/0.930V/27C/mc66,tt,27,vref=0.93,66,60691168,1342826448,1559216458,fail,1.839988827,fail,ok
negctl,tt/0.930V/27C/mc67,tt,27,vref=0.93,67,1405033928,1342826448,112581282,fail,1.881061264,fail,ok
negctl,tt/0.930V/27C/mc68,tt,27,vref=0.93,68,1777837000,1342826448,611812634,fail,1.858458337,fail,ok
negctl,tt/0.930V/27C/mc69,tt,27,vref=0.93,69,719440675,1342826448,1478846246,fail,1.848724648,fail,ok
negctl,tt/0.930V/27C/mc70,tt,27,vref=0.93,70,1547620979,1342826448,1521483468,fail,1.852994373,fail,ok
negctl,tt/0.930V/27C/mc71,tt,27,vref=0.93,71,423278921,1342826448,408272990,fail,1.845498555,fail,ok
negctl,tt/0.930V/27C/mc72,tt,27,vref=0.93,72,407427389,1342826448,695955165,fail,1.841834083,fail,ok
negctl,tt/0.930V/27C/mc73,tt,27,vref=0.93,73,506631911,1342826448,1594075062,fail,1.860879668,fail,ok
negctl,tt/0.930V/27C/mc74,tt,27,vref=0.93,74,445722614,1342826448,1892230764,fail,1.857231435,fail,ok
negctl,tt/0.930V/27C/mc75,tt,27,vref=0.93,75,886308579,1342826448,571654886,fail,1.859066775,fail,ok
negctl,tt/0.930V/27C/mc76,tt,27,vref=0.93,76,21768149,1342826448,1074946102,fail,1.863453001,fail,ok
negctl,tt/0.930V/27C/mc77,tt,27,vref=0.93,77,837440754,1342826448,1893683176,fail,1.861556766,fail,ok
negctl,tt/0.930V/27C/mc78,tt,27,vref=0.93,78,1122851766,1342826448,749421504,fail,1.869490004,fail,ok
negctl,tt/0.930V/27C/mc79,tt,27,vref=0.93,79,893542825,1342826448,899628501,fail,1.85530031,fail,ok
negctl,tt/0.930V/27C/mc80,tt,27,vref=0.93,80,978858031,1342826448,1814432760,fail,1.844223603,fail,ok
negctl,tt/0.930V/27C/mc81,tt,27,vref=0.93,81,1130825890,1342826448,545321916,fail,1.856549518,fail,ok
negctl,tt/0.930V/27C/mc82,tt,27,vref=0.93,82,1929523882,1342826448,1396414509,fail,1.855215977,fail,ok
negctl,tt/0.930V/27C/mc83,tt,27,vref=0.93,83,165804405,1342826448,1070106539,fail,1.877146841,fail,ok
negctl,tt/0.930V/27C/mc84,tt,27,vref=0.93,84,1460972537,1342826448,922414459,fail,1.870181448,fail,ok
negctl,tt/0.930V/27C/mc85,tt,27,vref=0.93,85,1771140426,1342826448,1141635744,fail,1.86341428,fail,ok
negctl,tt/0.930V/27C/mc86,tt,27,vref=0.93,86,1324692114,1342826448,2099972323,fail,1.851838726,fail,ok
negctl,tt/0.930V/27C/mc87,tt,27,vref=0.93,87,1727918581,1342826448,177893740,fail,1.849403219,fail,ok
negctl,tt/0.930V/27C/mc88,tt,27,vref=0.93,88,215134406,1342826448,202727829,fail,1.839172925,fail,ok
negctl,tt/0.930V/27C/mc89,tt,27,vref=0.93,89,1802921741,1342826448,821528109,fail,1.874974303,fail,ok
negctl,tt/0.930V/27C/mc90,tt,27,vref=0.93,90,394212821,1342826448,1352665797,fail,1.881672751,fail,ok
negctl,tt/0.930V/27C/mc91,tt,27,vref=0.93,91,996948882,1342826448,442152636,fail,1.873677613,fail,ok
negctl,tt/0.930V/27C/mc92,tt,27,vref=0.93,92,724725545,1342826448,378907215,fail,1.8713956,fail,ok
negctl,tt/0.930V/27C/mc93,tt,27,vref=0.93,93,2101415806,1342826448,282301955,fail,1.857581325,fail,ok
negctl,tt/0.930V/27C/mc94,tt,27,vref=0.93,94,449946512,1342826448,2010615341,fail,1.846691795,fail,ok
negctl,tt/0.930V/27C/mc95,tt,27,vref=0.93,95,586295193,1342826448,452221492,fail,1.855713001,fail,ok
negctl,tt/0.930V/27C/mc96,tt,27,vref=0.93,96,695630451,1342826448,9632903,fail,1.863138028,fail,ok
negctl,tt/0.930V/27C/mc97,tt,27,vref=0.93,97,1576028194,1342826448,269267945,fail,1.850106844,fail,ok
negctl,tt/0.930V/27C/mc98,tt,27,vref=0.93,98,1067759505,1342826448,1179639964,fail,1.867506703,fail,ok
negctl,tt/0.930V/27C/mc99,tt,27,vref=0.93,99,1531838872,1342826448,298177410,fail,1.849642802,fail,ok
negctl,tt/0.930V/27C/mc100,tt,27,vref=0.93,100,391647534,1342826448,546036817,fail,1.867643192,fail,ok
negctl,tt/0.930V/27C/mc101,tt,27,vref=0.93,101,1900542039,1342826448,997773215,fail,1.873298053,fail,ok
negctl,tt/0.930V/27C/mc102,tt,27,vref=0.93,102,2118597198,1342826448,1605503235,fail,1.849539123,fail,ok
negctl,tt/0.930V/27C/mc103,tt,27,vref=0.93,103,1847728194,1342826448,114771758,fail,1.844735546,fail,ok
negctl,tt/0.930V/27C/mc104,tt,27,vref=0.93,104,1117536554,1342826448,926256528,fail,1.870150892,fail,ok
negctl,tt/0.930V/27C/mc105,tt,27,vref=0.93,105,1256649229,1342826448,638485788,fail,1.871802814,fail,ok
negctl,tt/0.930V/27C/mc106,tt,27,vref=0.93,106,287869376,1342826448,173280681,fail,1.862367284,fail,ok
negctl,tt/0.930V/27C/mc107,tt,27,vref=0.93,107,1597375630,1342826448,624285192,fail,1.861868724,fail,ok
negctl,tt/0.930V/27C/mc108,tt,27,vref=0.93,108,1140913771,1342826448,164751050,fail,1.860134227,fail,ok
negctl,tt/0.930V/27C/mc109,tt,27,vref=0.93,109,114203940,1342826448,804124210,fail,1.866259424,fail,ok
negctl,tt/0.930V/27C/mc110,tt,27,vref=0.93,110,2064414359,1342826448,733219001,fail,1.880204777,fail,ok
negctl,tt/0.930V/27C/mc111,tt,27,vref=0.93,111,1496855878,1342826448,547758415,fail,1.866589246,fail,ok
negctl,tt/0.930V/27C/mc112,tt,27,vref=0.93,112,1395357717,1342826448,1873847431,fail,1.862706981,fail,ok
negctl,tt/0.930V/27C/mc113,tt,27,vref=0.93,113,1531814319,1342826448,669067522,fail,1.877330426,fail,ok
negctl,tt/0.930V/27C/mc114,tt,27,vref=0.93,114,96602964,1342826448,753886055,fail,1.871961867,fail,ok
negctl,tt/0.930V/27C/mc115,tt,27,vref=0.93,115,1504989194,1342826448,675546485,fail,1.850394093,fail,ok
negctl,tt/0.930V/27C/mc116,tt,27,vref=0.93,116,1294120768,1342826448,958220002,fail,1.858445296,fail,ok
negctl,tt/0.930V/27C/mc117,tt,27,vref=0.93,117,964746758,1342826448,1919187405,fail,1.876913141,fail,ok
negctl,tt/0.930V/27C/mc118,tt,27,vref=0.93,118,143644628,1342826448,572897413,fail,1.863914354,fail,ok
negctl,tt/0.930V/27C/mc119,tt,27,vref=0.93,119,288767028,1342826448,749270096,fail,1.847536348,fail,ok
negctl,tt/0.930V/27C/mc120,tt,27,vref=0.93,120,579988102,1342826448,2028782171,fail,1.848104217,fail,ok
negctl,tt/0.930V/27C/mc121,tt,27,vref=0.93,121,369379428,1342826448,108273519,fail,1.888156027,fail,ok
negctl,tt/0.930V/27C/mc122,tt,27,vref=0.93,122,434690554,1342826448,536563523,fail,1.878513308,fail,ok
negctl,tt/0.930V/27C/mc123,tt,27,vref=0.93,123,1593822505,1342826448,342729869,fail,1.854182494,fail,ok
negctl,tt/0.930V/27C/mc124,tt,27,vref=0.93,124,648192763,1342826448,1211654471,fail,1.848207747,fail,ok
negctl,tt/0.930V/27C/mc125,tt,27,vref=0.93,125,1372045165,1342826448,1605270548,fail,1.856806199,fail,ok
negctl,tt/0.930V/27C/mc126,tt,27,vref=0.93,126,989515218,1342826448,656873735,fail,1.874266534,fail,ok
negctl,tt/0.930V/27C/mc127,tt,27,vref=0.93,127,1175037145,1342826448,333239313,fail,1.845779763,fail,ok
negctl,tt/0.930V/27C/mc128,tt,27,vref=0.93,128,381260375,1342826448,1420842746,fail,1.867326748,fail,ok
negctl,tt/0.930V/27C/mc129,tt,27,vref=0.93,129,1403741176,1342826448,1951567417,fail,1.851702303,fail,ok
negctl,tt/0.930V/27C/mc130,tt,27,vref=0.93,130,744447261,1342826448,243695892,fail,1.864118119,fail,ok
negctl,tt/0.930V/27C/mc131,tt,27,vref=0.93,131,2036262823,1342826448,2082060510,fail,1.855016381,fail,ok
negctl,tt/0.930V/27C/mc132,tt,27,vref=0.93,132,1873829098,1342826448,1907899482,fail,1.855352373,fail,ok
negctl,tt/0.930V/27C/mc133,tt,27,vref=0.93,133,721332966,1342826448,1296153821,fail,1.873908292,fail,ok
negctl,tt/0.930V/27C/mc134,tt,27,vref=0.93,134,628566256,1342826448,1580976834,fail,1.868109322,fail,ok
negctl,tt/0.930V/27C/mc135,tt,27,vref=0.93,135,559839126,1342826448,276846354,fail,1.858310154,fail,ok
negctl,tt/0.930V/27C/mc136,tt,27,vref=0.93,136,1719863894,1342826448,312161767,fail,1.856747809,fail,ok
negctl,tt/0.930V/27C/mc137,tt,27,vref=0.93,137,511077675,1342826448,863026454,fail,1.84820191,fail,ok
negctl,tt/0.930V/27C/mc138,tt,27,vref=0.93,138,427123129,1342826448,1272798872,fail,1.88160394,fail,ok
negctl,tt/0.930V/27C/mc139,tt,27,vref=0.93,139,998453058,1342826448,2132484988,fail,1.883365949,fail,ok
negctl,tt/0.930V/27C/mc140,tt,27,vref=0.93,140,901160653,1342826448,1290987808,fail,1.878630144,fail,ok
negctl,tt/0.930V/27C/mc141,tt,27,vref=0.93,141,825937494,1342826448,331221817,fail,1.856913272,fail,ok
negctl,tt/0.930V/27C/mc142,tt,27,vref=0.93,142,1138842759,1342826448,1887451590,fail,1.87044865,fail,ok
negctl,tt/0.930V/27C/mc143,tt,27,vref=0.93,143,238136605,1342826448,1945509247,fail,1.854582367,fail,ok
negctl,tt/0.930V/27C/mc144,tt,27,vref=0.93,144,524413538,1342826448,569754257,fail,1.858872464,fail,ok
negctl,tt/0.930V/27C/mc145,tt,27,vref=0.93,145,1508675018,1342826448,1079629125,fail,1.859725839,fail,ok
negctl,tt/0.930V/27C/mc146,tt,27,vref=0.93,146,1779686377,1342826448,64143783,fail,1.886522689,fail,ok
negctl,tt/0.930V/27C/mc147,tt,27,vref=0.93,147,1111518528,1342826448,1843520237,fail,1.854097996,fail,ok
negctl,tt/0.930V/27C/mc148,tt,27,vref=0.93,148,1661302340,1342826448,466927429,fail,1.880070672,fail,ok
negctl,tt/0.930V/27C/mc149,tt,27,vref=0.93,149,2082248883,1342826448,1542243888,fail,1.870190783,fail,ok
negctl,tt/0.930V/27C/mc150,tt,27,vref=0.93,150,933608481,1342826448,1984614024,fail,1.863901232,fail,ok
negctl,tt/0.930V/27C/mc151,tt,27,vref=0.93,151,123942516,1342826448,1975816227,fail,1.841869292,fail,ok
negctl,tt/0.930V/27C/mc152,tt,27,vref=0.93,152,1012175413,1342826448,908520491,fail,1.85827164,fail,ok
negctl,tt/0.930V/27C/mc153,tt,27,vref=0.93,153,968170527,1342826448,1026394724,fail,1.864674012,fail,ok
negctl,tt/0.930V/27C/mc154,tt,27,vref=0.93,154,1449860688,1342826448,480350452,fail,1.870556218,fail,ok
negctl,tt/0.930V/27C/mc155,tt,27,vref=0.93,155,2104906318,1342826448,549102614,fail,1.862023068,fail,ok
negctl,tt/0.930V/27C/mc156,tt,27,vref=0.93,156,692039884,1342826448,1513056103,fail,1.875657752,fail,ok
negctl,tt/0.930V/27C/mc157,tt,27,vref=0.93,157,1968955257,1342826448,1070193127,fail,1.880027787,fail,ok
negctl,tt/0.930V/27C/mc158,tt,27,vref=0.93,158,405904419,1342826448,1290820285,fail,1.857679482,fail,ok
negctl,tt/0.930V/27C/mc159,tt,27,vref=0.93,159,1198143723,1342826448,1601369890,fail,1.856787669,fail,ok
negctl,tt/0.930V/27C/mc160,tt,27,vref=0.93,160,232704449,1342826448,670046232,fail,1.859348378,fail,ok
negctl,tt/0.930V/27C/mc161,tt,27,vref=0.93,161,239722788,1342826448,643787251,fail,1.859250838,fail,ok
negctl,tt/0.930V/27C/mc162,tt,27,vref=0.93,162,1092294371,1342826448,632736151,fail,1.854813721,fail,ok
negctl,tt/0.930V/27C/mc163,tt,27,vref=0.93,163,1827837581,1342826448,658031623,fail,1.860337301,fail,ok
negctl,tt/0.930V/27C/mc164,tt,27,vref=0.93,164,1612817998,1342826448,1106075711,fail,1.854084392,fail,ok
negctl,tt/0.930V/27C/mc165,tt,27,vref=0.93,165,75631411,1342826448,1715980501,fail,1.871534765,fail,ok
negctl,tt/0.930V/27C/mc166,tt,27,vref=0.93,166,1740240306,1342826448,839466002,fail,1.875133131,fail,ok
negctl,tt/0.930V/27C/mc167,tt,27,vref=0.93,167,415626565,1342826448,1100964257,fail,1.856187595,fail,ok
negctl,tt/0.930V/27C/mc168,tt,27,vref=0.93,168,1724303325,1342826448,938297373,fail,1.866158592,fail,ok
negctl,tt/0.930V/27C/mc169,tt,27,vref=0.93,169,1670395036,1342826448,1795395945,fail,1.864839316,fail,ok
negctl,tt/0.930V/27C/mc170,tt,27,vref=0.93,170,718838400,1342826448,1415923167,fail,1.877174106,fail,ok
negctl,tt/0.930V/27C/mc171,tt,27,vref=0.93,171,1690665408,1342826448,204084140,fail,1.853448354,fail,ok
negctl,tt/0.930V/27C/mc172,tt,27,vref=0.93,172,249561568,1342826448,858923735,fail,1.859216096,fail,ok
negctl,tt/0.930V/27C/mc173,tt,27,vref=0.93,173,730773568,1342826448,2012783312,fail,1.862669955,fail,ok
negctl,tt/0.930V/27C/mc174,tt,27,vref=0.93,174,1123738948,1342826448,32467723,fail,1.854179884,fail,ok
negctl,tt/0.930V/27C/mc175,tt,27,vref=0.93,175,2001273259,1342826448,550762416,fail,1.853078885,fail,ok
negctl,tt/0.930V/27C/mc176,tt,27,vref=0.93,176,1722687199,1342826448,951459739,fail,1.841337363,fail,ok
negctl,tt/0.930V/27C/mc177,tt,27,vref=0.93,177,2134352102,1342826448,1202946727,fail,1.869970286,fail,ok
negctl,tt/0.930V/27C/mc178,tt,27,vref=0.93,178,1068912915,1342826448,158822180,fail,1.854389432,fail,ok
negctl,tt/0.930V/27C/mc179,tt,27,vref=0.93,179,441542214,1342826448,231965835,fail,1.877736475,fail,ok
negctl,tt/0.930V/27C/mc180,tt,27,vref=0.93,180,1057814987,1342826448,1979179177,fail,1.876564463,fail,ok
negctl,tt/0.930V/27C/mc181,tt,27,vref=0.93,181,1771888376,1342826448,2019449362,fail,1.872339897,fail,ok
negctl,tt/0.930V/27C/mc182,tt,27,vref=0.93,182,893702594,1342826448,1358299956,fail,1.861227466,fail,ok
negctl,tt/0.930V/27C/mc183,tt,27,vref=0.93,183,358807126,1342826448,404019941,fail,1.884240228,fail,ok
negctl,tt/0.930V/27C/mc184,tt,27,vref=0.93,184,2032786375,1342826448,1255333211,fail,1.862848744,fail,ok
negctl,tt/0.930V/27C/mc185,tt,27,vref=0.93,185,1942148805,1342826448,1708831318,fail,1.876080571,fail,ok
negctl,tt/0.930V/27C/mc186,tt,27,vref=0.93,186,23985006,1342826448,801668337,fail,1.844887853,fail,ok
negctl,tt/0.930V/27C/mc187,tt,27,vref=0.93,187,1837257309,1342826448,976776565,fail,1.850228629,fail,ok
negctl,tt/0.930V/27C/mc188,tt,27,vref=0.93,188,668933321,1342826448,1987592653,fail,1.86111671,fail,ok
negctl,tt/0.930V/27C/mc189,tt,27,vref=0.93,189,1122673801,1342826448,1077480897,fail,1.870652785,fail,ok
negctl,tt/0.930V/27C/mc190,tt,27,vref=0.93,190,812262793,1342826448,307819742,fail,1.843432463,fail,ok
negctl,tt/0.930V/27C/mc191,tt,27,vref=0.93,191,215591231,1342826448,316801167,fail,1.874853999,fail,ok
negctl,tt/0.930V/27C/mc192,tt,27,vref=0.93,192,1760656677,1342826448,1434903192,fail,1.874349868,fail,ok
negctl,tt/0.930V/27C/mc193,tt,27,vref=0.93,193,337682756,1342826448,393444847,fail,1.869060942,fail,ok
negctl,tt/0.930V/27C/mc194,tt,27,vref=0.93,194,1315031047,1342826448,1978669873,fail,1.845403407,fail,ok
negctl,tt/0.930V/27C/mc195,tt,27,vref=0.93,195,1818423050,1342826448,12812625,fail,1.852462242,fail,ok
negctl,tt/0.930V/27C/mc196,tt,27,vref=0.93,196,1792018098,1342826448,125345288,fail,1.860373881,fail,ok
negctl,tt/0.930V/27C/mc197,tt,27,vref=0.93,197,625477052,1342826448,19882439,fail,1.879004087,fail,ok
negctl,tt/0.930V/27C/mc198,tt,27,vref=0.93,198,772767549,1342826448,2089125303,fail,1.859694281,fail,ok
negctl,tt/0.930V/27C/mc199,tt,27,vref=0.93,199,246808749,1342826448,1531466052,fail,1.852299545,fail,ok
negctl,tt/0.930V/27C/mc200,tt,27,vref=0.93,200,728711251,1342826448,1878125622,fail,1.850540334,fail,ok
negctl,tt/0.930V/27C/mc201,tt,27,vref=0.93,201,1864209538,1342826448,1404986475,fail,1.857106223,fail,ok
negctl,tt/0.930V/27C/mc202,tt,27,vref=0.93,202,1645879291,1342826448,1095448120,fail,1.837712482,fail,ok
negctl,tt/0.930V/27C/mc203,tt,27,vref=0.93,203,644979169,1342826448,1431168206,fail,1.843834014,fail,ok
negctl,tt/0.930V/27C/mc204,tt,27,vref=0.93,204,2027791936,1342826448,735749419,fail,1.868215927,fail,ok
negctl,tt/0.930V/27C/mc205,tt,27,vref=0.93,205,619135427,1342826448,656009439,fail,1.855259594,fail,ok
negctl,tt/0.930V/27C/mc206,tt,27,vref=0.93,206,1240621125,1342826448,112845024,fail,1.867678902,fail,ok
negctl,tt/0.930V/27C/mc207,tt,27,vref=0.93,207,270335624,1342826448,802674908,fail,1.868128384,fail,ok
negctl,tt/0.930V/27C/mc208,tt,27,vref=0.93,208,1484582832,1342826448,1751271718,fail,1.855417013,fail,ok
negctl,tt/0.930V/27C/mc209,tt,27,vref=0.93,209,1120169389,1342826448,1351954105,fail,1.867559813,fail,ok
negctl,tt/0.930V/27C/mc210,tt,27,vref=0.93,210,2053522959,1342826448,1583550163,fail,1.872522343,fail,ok
negctl,tt/0.930V/27C/mc211,tt,27,vref=0.93,211,411289950,1342826448,265402,fail,1.87842348,fail,ok
negctl,tt/0.930V/27C/mc212,tt,27,vref=0.93,212,1261286840,1342826448,67959494,fail,1.849906751,fail,ok
negctl,tt/0.930V/27C/mc213,tt,27,vref=0.93,213,1650626435,1342826448,1727226646,fail,1.863788435,fail,ok
negctl,tt/0.930V/27C/mc214,tt,27,vref=0.93,214,217076699,1342826448,1708154265,fail,1.869762033,fail,ok
negctl,tt/0.930V/27C/mc215,tt,27,vref=0.93,215,714669600,1342826448,928886735,fail,1.860826573,fail,ok
negctl,tt/0.930V/27C/mc216,tt,27,vref=0.93,216,357169279,1342826448,1083667834,fail,1.850712465,fail,ok
negctl,tt/0.930V/27C/mc217,tt,27,vref=0.93,217,1619358279,1342826448,1769387551,fail,1.867813111,fail,ok
negctl,tt/0.930V/27C/mc218,tt,27,vref=0.93,218,2023395645,1342826448,2106089054,fail,1.85057227,fail,ok
negctl,tt/0.930V/27C/mc219,tt,27,vref=0.93,219,281454930,1342826448,813806955,fail,1.872124021,fail,ok
negctl,tt/0.930V/27C/mc220,tt,27,vref=0.93,220,834708055,1342826448,408760554,fail,1.855668785,fail,ok
negctl,tt/0.930V/27C/mc221,tt,27,vref=0.93,221,1734269526,1342826448,1780989307,fail,1.864122518,fail,ok
negctl,tt/0.930V/27C/mc222,tt,27,vref=0.93,222,1624430910,1342826448,179942861,fail,1.86462082,fail,ok
negctl,tt/0.930V/27C/mc223,tt,27,vref=0.93,223,796975351,1342826448,1334262032,fail,1.868472485,fail,ok
negctl,tt/0.930V/27C/mc224,tt,27,vref=0.93,224,34363037,1342826448,1938434034,fail,1.838540023,fail,ok
negctl,tt/0.930V/27C/mc225,tt,27,vref=0.93,225,1078213191,1342826448,634447505,fail,1.861175132,fail,ok
negctl,tt/0.930V/27C/mc226,tt,27,vref=0.93,226,122371234,1342826448,529887210,fail,1.872539716,fail,ok
negctl,tt/0.930V/27C/mc227,tt,27,vref=0.93,227,1290443098,1342826448,1910438999,fail,1.85729848,fail,ok
negctl,tt/0.930V/27C/mc228,tt,27,vref=0.93,228,1808472177,1342826448,1114282925,fail,1.870842681,fail,ok
negctl,tt/0.930V/27C/mc229,tt,27,vref=0.93,229,879345620,1342826448,333776429,fail,1.872255652,fail,ok
negctl,tt/0.930V/27C/mc230,tt,27,vref=0.93,230,1244108189,1342826448,1499872913,fail,1.857573312,fail,ok
negctl,tt/0.930V/27C/mc231,tt,27,vref=0.93,231,1320357637,1342826448,633174182,fail,1.837128253,fail,ok
negctl,tt/0.930V/27C/mc232,tt,27,vref=0.93,232,2051454070,1342826448,599097591,fail,1.875660423,fail,ok
negctl,tt/0.930V/27C/mc233,tt,27,vref=0.93,233,534139259,1342826448,2009419646,fail,1.866763749,fail,ok
negctl,tt/0.930V/27C/mc234,tt,27,vref=0.93,234,1091982252,1342826448,2117823593,fail,1.844504239,fail,ok
negctl,tt/0.930V/27C/mc235,tt,27,vref=0.93,235,1834516380,1342826448,3771346,fail,1.86993654,fail,ok
negctl,tt/0.930V/27C/mc236,tt,27,vref=0.93,236,95288656,1342826448,586565219,fail,1.853036396,fail,ok
negctl,tt/0.930V/27C/mc237,tt,27,vref=0.93,237,1135333057,1342826448,1290917202,fail,1.855707104,fail,ok
negctl,tt/0.930V/27C/mc238,tt,27,vref=0.93,238,554797979,1342826448,741551562,fail,1.845262832,fail,ok
negctl,tt/0.930V/27C/mc239,tt,27,vref=0.93,239,136806533,1342826448,1321883579,fail,1.855217006,fail,ok
negctl,tt/0.930V/27C/mc240,tt,27,vref=0.93,240,959338089,1342826448,1490026566,fail,1.859505964,fail,ok
negctl,tt/0.930V/27C/mc241,tt,27,vref=0.93,241,57669735,1342826448,255991990,fail,1.870473247,fail,ok
negctl,tt/0.930V/27C/mc242,tt,27,vref=0.93,242,1651328320,1342826448,329342345,fail,1.859226529,fail,ok
negctl,tt/0.930V/27C/mc243,tt,27,vref=0.93,243,177663020,1342826448,1669154573,fail,1.865293733,fail,ok
negctl,tt/0.930V/27C/mc244,tt,27,vref=0.93,244,947235552,1342826448,753609745,fail,1.862215009,fail,ok
negctl,tt/0.930V/27C/mc245,tt,27,vref=0.93,245,159291513,1342826448,945529283,fail,1.861570226,fail,ok
negctl,tt/0.930V/27C/mc246,tt,27,vref=0.93,246,1418856781,1342826448,477917150,fail,1.869920994,fail,ok
negctl,tt/0.930V/27C/mc247,tt,27,vref=0.93,247,1955037868,1342826448,321054096,pass,1.827523713,pass,ok
negctl,tt/0.930V/27C/mc248,tt,27,vref=0.93,248,785707627,1342826448,521778194,fail,1.876477949,fail,ok
negctl,tt/0.930V/27C/mc249,tt,27,vref=0.93,249,1406926925,1342826448,1535407843,fail,1.873364595,fail,ok
negctl,tt/0.930V/27C/mc250,tt,27,vref=0.93,250,1514352451,1342826448,1302211323,fail,1.84866655,fail,ok
negctl,tt/0.930V/27C/mc251,tt,27,vref=0.93,251,489571590,1342826448,1402301413,fail,1.871444612,fail,ok
negctl,tt/0.930V/27C/mc252,tt,27,vref=0.93,252,1456975897,1342826448,685986436,fail,1.870540925,fail,ok
negctl,tt/0.930V/27C/mc253,tt,27,vref=0.93,253,1423107505,1342826448,120894433,fail,1.869169229,fail,ok
negctl,tt/0.930V/27C/mc254,tt,27,vref=0.93,254,61340849,1342826448,930268523,fail,1.870210099,fail,ok
negctl,tt/0.930V/27C/mc255,tt,27,vref=0.93,255,1468531179,1342826448,498205165,fail,1.868460686,fail,ok
negctl,tt/0.930V/27C/mc256,tt,27,vref=0.93,256,718104876,1342826448,924938327,fail,1.84960033,fail,ok
negctl,tt/0.930V/27C/mc257,tt,27,vref=0.93,257,326151143,1342826448,450852325,fail,1.874580889,fail,ok
negctl,tt/0.930V/27C/mc258,tt,27,vref=0.93,258,1100577696,1342826448,2028152569,fail,1.851659185,fail,ok
negctl,tt/0.930V/27C/mc259,tt,27,vref=0.93,259,287396312,1342826448,868001188,fail,1.841201136,fail,ok
negctl,tt/0.930V/27C/mc260,tt,27,vref=0.93,260,818036897,1342826448,708789069,fail,1.863518016,fail,ok
negctl,tt/0.930V/27C/mc261,tt,27,vref=0.93,261,432245880,1342826448,612871845,fail,1.874139715,fail,ok
negctl,tt/0.930V/27C/mc262,tt,27,vref=0.93,262,1792318594,1342826448,192853850,fail,1.853296434,fail,ok
negctl,tt/0.930V/27C/mc263,tt,27,vref=0.93,263,1820468927,1342826448,1820612466,fail,1.861560941,fail,ok
negctl,tt/0.930V/27C/mc264,tt,27,vref=0.93,264,2122157407,1342826448,100051293,fail,1.853902169,fail,ok
negctl,tt/0.930V/27C/mc265,tt,27,vref=0.93,265,1958618659,1342826448,141019826,fail,1.86427936,fail,ok
negctl,tt/0.930V/27C/mc266,tt,27,vref=0.93,266,1813445754,1342826448,2025897369,fail,1.866444152,fail,ok
negctl,tt/0.930V/27C/mc267,tt,27,vref=0.93,267,214970764,1342826448,1979419773,fail,1.873802893,fail,ok
negctl,tt/0.930V/27C/mc268,tt,27,vref=0.93,268,551747580,1342826448,659372333,fail,1.846037005,fail,ok
negctl,tt/0.930V/27C/mc269,tt,27,vref=0.93,269,1911207368,1342826448,1658820879,fail,1.857528491,fail,ok
negctl,tt/0.930V/27C/mc270,tt,27,vref=0.93,270,728776915,1342826448,1149677159,fail,1.864855243,fail,ok
negctl,tt/0.930V/27C/mc271,tt,27,vref=0.93,271,1007547302,1342826448,1750139901,fail,1.855991609,fail,ok
negctl,tt/0.930V/27C/mc272,tt,27,vref=0.93,272,456912736,1342826448,663728365,fail,1.85116097,fail,ok
negctl,tt/0.930V/27C/mc273,tt,27,vref=0.93,273,2081601871,1342826448,172218179,fail,1.8537032,fail,ok
negctl,tt/0.930V/27C/mc274,tt,27,vref=0.93,274,1725816225,1342826448,1082058339,fail,1.868465054,fail,ok
negctl,tt/0.930V/27C/mc275,tt,27,vref=0.93,275,1121601385,1342826448,2027117051,fail,1.860734833,fail,ok
negctl,tt/0.930V/27C/mc276,tt,27,vref=0.93,276,197943185,1342826448,388436055,fail,1.862623843,fail,ok
negctl,tt/0.930V/27C/mc277,tt,27,vref=0.93,277,761767820,1342826448,314548571,fail,1.846802307,fail,ok
negctl,tt/0.930V/27C/mc278,tt,27,vref=0.93,278,652591868,1342826448,788228049,fail,1.863785628,fail,ok
negctl,tt/0.930V/27C/mc279,tt,27,vref=0.93,279,480410664,1342826448,1412576617,fail,1.865760615,fail,ok
negctl,tt/0.930V/27C/mc280,tt,27,vref=0.93,280,241692691,1342826448,80777163,fail,1.878210503,fail,ok
negctl,tt/0.930V/27C/mc281,tt,27,vref=0.93,281,648669501,1342826448,1626342091,fail,1.861395,fail,ok
negctl,tt/0.930V/27C/mc282,tt,27,vref=0.93,282,496526925,1342826448,2060440980,fail,1.850500871,fail,ok
negctl,tt/0.930V/27C/mc283,tt,27,vref=0.93,283,1018568069,1342826448,1682956743,fail,1.868419631,fail,ok
negctl,tt/0.930V/27C/mc284,tt,27,vref=0.93,284,1749580015,1342826448,370959155,fail,1.874789243,fail,ok
negctl,tt/0.930V/27C/mc285,tt,27,vref=0.93,285,1087200743,1342826448,447689139,fail,1.86328501,fail,ok
negctl,tt/0.930V/27C/mc286,tt,27,vref=0.93,286,257372879,1342826448,383097036,fail,1.869141297,fail,ok
negctl,tt/0.930V/27C/mc287,tt,27,vref=0.93,287,1032254070,1342826448,1733396125,fail,1.848191994,fail,ok
negctl,tt/0.930V/27C/mc288,tt,27,vref=0.93,288,694899275,1342826448,1774584796,fail,1.873344278,fail,ok
negctl,tt/0.930V/27C/mc289,tt,27,vref=0.93,289,1350357573,1342826448,1899037127,fail,1.860106774,fail,ok
negctl,tt/0.930V/27C/mc290,tt,27,vref=0.93,290,1919578187,1342826448,727232871,fail,1.868512236,fail,ok
negctl,tt/0.930V/27C/mc291,tt,27,vref=0.93,291,1332631532,1342826448,1146372137,fail,1.838012174,fail,ok
negctl,tt/0.930V/27C/mc292,tt,27,vref=0.93,292,756948166,1342826448,1842839737,fail,1.852376849,fail,ok
negctl,tt/0.930V/27C/mc293,tt,27,vref=0.93,293,441561237,1342826448,1358176942,fail,1.857509105,fail,ok
negctl,tt/0.930V/27C/mc294,tt,27,vref=0.93,294,2099964403,1342826448,1021449419,fail,1.850019949,fail,ok
negctl,tt/0.930V/27C/mc295,tt,27,vref=0.93,295,382385788,1342826448,1470117576,fail,1.860257497,fail,ok
negctl,tt/0.930V/27C/mc296,tt,27,vref=0.93,296,1247980681,1342826448,360989840,fail,1.860907719,fail,ok
negctl,tt/0.930V/27C/mc297,tt,27,vref=0.93,297,2097948538,1342826448,337652376,fail,1.871248761,fail,ok
negctl,tt/0.930V/27C/mc298,tt,27,vref=0.93,298,904478231,1342826448,1976563239,fail,1.853253468,fail,ok
negctl,tt/0.930V/27C/mc299,tt,27,vref=0.93,299,180292885,1342826448,800255997,fail,1.84831715,fail,ok
negctl,tt/0.930V/27C/mc300,tt,27,vref=0.93,300,1292062392,1342826448,287499441,fail,1.867547715,fail,ok
negctl,tt/0.930V/27C/mc301,tt,27,vref=0.93,301,432168264,1342826448,429061789,fail,1.871183238,fail,ok
negctl,tt/0.930V/27C/mc302,tt,27,vref=0.93,302,356974041,1342826448,1185956475,fail,1.863471064,fail,ok
negctl,tt/0.930V/27C/mc303,tt,27,vref=0.93,303,1816997507,1342826448,349012054,fail,1.877670127,fail,ok
negctl,tt/0.930V/27C/mc304,tt,27,vref=0.93,304,1270915899,1342826448,1476131152,fail,1.87028851,fail,ok
negctl,tt/0.930V/27C/mc305,tt,27,vref=0.93,305,1727064194,1342826448,604173411,fail,1.857898637,fail,ok
negctl,tt/0.930V/27C/mc306,tt,27,vref=0.93,306,1763836723,1342826448,698540385,fail,1.852670309,fail,ok
negctl,tt/0.930V/27C/mc307,tt,27,vref=0.93,307,1751866054,1342826448,2099950434,fail,1.855328461,fail,ok
negctl,tt/0.930V/27C/mc308,tt,27,vref=0.93,308,1137703612,1342826448,1334015294,pass,1.834625252,pass,ok
negctl,tt/0.930V/27C/mc309,tt,27,vref=0.93,309,530778024,1342826448,40779221,fail,1.857665286,fail,ok
negctl,tt/0.930V/27C/mc310,tt,27,vref=0.93,310,73554618,1342826448,762777979,fail,1.852631807,fail,ok
negctl,tt/0.930V/27C/mc311,tt,27,vref=0.93,311,125594970,1342826448,1731244693,fail,1.836705719,fail,ok
negctl,tt/0.930V/27C/mc312,tt,27,vref=0.93,312,836729806,1342826448,934419008,fail,1.866417453,fail,ok
negctl,tt/0.930V/27C/mc313,tt,27,vref=0.93,313,1163636972,1342826448,68151726,fail,1.860119848,fail,ok
negctl,tt/0.930V/27C/mc314,tt,27,vref=0.93,314,1745926797,1342826448,828733650,fail,1.866480568,fail,ok
negctl,tt/0.930V/27C/mc315,tt,27,vref=0.93,315,563174268,1342826448,1509396947,fail,1.882147293,fail,ok
negctl,tt/0.930V/27C/mc316,tt,27,vref=0.93,316,249795098,1342826448,2066520128,fail,1.866000587,fail,ok
negctl,tt/0.930V/27C/mc317,tt,27,vref=0.93,317,1956646999,1342826448,1793155012,fail,1.873320583,fail,ok
negctl,tt/0.930V/27C/mc318,tt,27,vref=0.93,318,1644716270,1342826448,1597451397,fail,1.848925918,fail,ok
negctl,tt/0.930V/27C/mc319,tt,27,vref=0.93,319,591382652,1342826448,1271966639,fail,1.862446871,fail,ok
negctl,tt/0.930V/27C/mc320,tt,27,vref=0.93,320,1546937438,1342826448,334703660,fail,1.86005162,fail,ok
negctl,tt/0.930V/27C/mc321,tt,27,vref=0.93,321,880734345,1342826448,2108410656,fail,1.872619257,fail,ok
negctl,tt/0.930V/27C/mc322,tt,27,vref=0.93,322,1169948594,1342826448,2094088562,fail,1.846507771,fail,ok
negctl,tt/0.930V/27C/mc323,tt,27,vref=0.93,323,1297680153,1342826448,1983023829,fail,1.86206591,fail,ok
negctl,tt/0.930V/27C/mc324,tt,27,vref=0.93,324,52567350,1342826448,1166403632,fail,1.852753215,fail,ok
negctl,tt/0.930V/27C/mc325,tt,27,vref=0.93,325,1034845733,1342826448,717335555,fail,1.851580874,fail,ok
negctl,tt/0.930V/27C/mc326,tt,27,vref=0.93,326,212316970,1342826448,1114538618,fail,1.872241324,fail,ok
negctl,tt/0.930V/27C/mc327,tt,27,vref=0.93,327,1900807702,1342826448,691359481,fail,1.848180545,fail,ok
negctl,tt/0.930V/27C/mc328,tt,27,vref=0.93,328,807117513,1342826448,1823735626,fail,1.857192817,fail,ok
negctl,tt/0.930V/27C/mc329,tt,27,vref=0.93,329,1523155332,1342826448,811867723,fail,1.889992109,fail,ok
negctl,tt/0.930V/27C/mc330,tt,27,vref=0.93,330,1329262301,1342826448,2045718036,fail,1.870405724,fail,ok
negctl,tt/0.930V/27C/mc331,tt,27,vref=0.93,331,1324531183,1342826448,903490877,fail,1.874410101,fail,ok
negctl,tt/0.930V/27C/mc332,tt,27,vref=0.93,332,506912498,1342826448,1008381570,fail,1.870772113,fail,ok
negctl,tt/0.930V/27C/mc333,tt,27,vref=0.93,333,1673117572,1342826448,1412079018,fail,1.871807737,fail,ok
negctl,tt/0.930V/27C/mc334,tt,27,vref=0.93,334,633362748,1342826448,1640898984,fail,1.868067078,fail,ok
negctl,tt/0.930V/27C/mc335,tt,27,vref=0.93,335,863768669,1342826448,1142185188,fail,1.882061522,fail,ok
negctl,tt/0.930V/27C/mc336,tt,27,vref=0.93,336,662791376,1342826448,2078233670,fail,1.853843888,fail,ok
negctl,tt/0.930V/27C/mc337,tt,27,vref=0.93,337,28286635,1342826448,1921696012,fail,1.852422835,fail,ok
negctl,tt/0.930V/27C/mc338,tt,27,vref=0.93,338,182661291,1342826448,1374518660,fail,1.853062293,fail,ok
negctl,tt/0.930V/27C/mc339,tt,27,vref=0.93,339,2021741499,1342826448,1668793149,fail,1.84739281,fail,ok
negctl,tt/0.930V/27C/mc340,tt,27,vref=0.93,340,1481822641,1342826448,852460349,fail,1.861785785,fail,ok
negctl,tt/0.930V/27C/mc341,tt,27,vref=0.93,341,2027417531,1342826448,623755277,fail,1.849278787,fail,ok
negctl,tt/0.930V/27C/mc342,tt,27,vref=0.93,342,272979169,1342826448,1810679132,fail,1.859435489,fail,ok
negctl,tt/0.930V/27C/mc343,tt,27,vref=0.93,343,1905938040,1342826448,2011336431,fail,1.86806141,fail,ok
negctl,tt/0.930V/27C/mc344,tt,27,vref=0.93,344,747578795,1342826448,1857633544,fail,1.853855741,fail,ok
negctl,tt/0.930V/27C/mc345,tt,27,vref=0.93,345,51534950,1342826448,2126663367,fail,1.862146953,fail,ok
negctl,tt/0.930V/27C/mc346,tt,27,vref=0.93,346,95515985,1342826448,1516563045,fail,1.861299894,fail,ok
negctl,tt/0.930V/27C/mc347,tt,27,vref=0.93,347,292990704,1342826448,250998904,fail,1.863908874,fail,ok
negctl,tt/0.930V/27C/mc348,tt,27,vref=0.93,348,1890811978,1342826448,1044033823,fail,1.860694959,fail,ok
negctl,tt/0.930V/27C/mc349,tt,27,vref=0.93,349,952955273,1342826448,2134165174,fail,1.84690249,fail,ok
negctl,tt/0.930V/27C/mc350,tt,27,vref=0.93,350,1238028326,1342826448,1570301633,fail,1.872642463,fail,ok
negctl,tt/0.930V/27C/mc351,tt,27,vref=0.93,351,2035344954,1342826448,1877198806,fail,1.870127881,fail,ok
negctl,tt/0.930V/27C/mc352,tt,27,vref=0.93,352,138492148,1342826448,779910658,fail,1.859906955,fail,ok
negctl,tt/0.930V/27C/mc353,tt,27,vref=0.93,353,620344918,1342826448,472580738,fail,1.868583022,fail,ok
negctl,tt/0.930V/27C/mc354,tt,27,vref=0.93,354,892684262,1342826448,1717873902,fail,1.868187587,fail,ok
negctl,tt/0.930V/27C/mc355,tt,27,vref=0.93,355,751668425,1342826448,223257565,fail,1.847617685,fail,ok
negctl,tt/0.930V/27C/mc356,tt,27,vref=0.93,356,346526147,1342826448,1576279189,pass,1.835036492,pass,ok
negctl,tt/0.930V/27C/mc357,tt,27,vref=0.93,357,380833567,1342826448,2077813882,fail,1.871592644,fail,ok
negctl,tt/0.930V/27C/mc358,tt,27,vref=0.93,358,202142976,1342826448,1334025024,fail,1.856385601,fail,ok
negctl,tt/0.930V/27C/mc359,tt,27,vref=0.93,359,1733562591,1342826448,1171161912,fail,1.873061552,fail,ok
negctl,tt/0.930V/27C/mc360,tt,27,vref=0.93,360,156348505,1342826448,694385867,fail,1.856639071,fail,ok
negctl,tt/0.930V/27C/mc361,tt,27,vref=0.93,361,1631249763,1342826448,1848960313,fail,1.872488174,fail,ok
negctl,tt/0.930V/27C/mc362,tt,27,vref=0.93,362,943207502,1342826448,843068667,fail,1.855884064,fail,ok
negctl,tt/0.930V/27C/mc363,tt,27,vref=0.93,363,1256833336,1342826448,841789521,fail,1.870886297,fail,ok
negctl,tt/0.930V/27C/mc364,tt,27,vref=0.93,364,2029872402,1342826448,941145823,fail,1.852219019,fail,ok
negctl,tt/0.930V/27C/mc365,tt,27,vref=0.93,365,1479491302,1342826448,1864137988,fail,1.864315984,fail,ok
negctl,tt/0.930V/27C/mc366,tt,27,vref=0.93,366,41306493,1342826448,466171832,fail,1.859945311,fail,ok
negctl,tt/0.930V/27C/mc367,tt,27,vref=0.93,367,1924868540,1342826448,1818737019,fail,1.852585616,fail,ok
negctl,tt/0.930V/27C/mc368,tt,27,vref=0.93,368,917488224,1342826448,101822660,fail,1.857344353,fail,ok
negctl,tt/0.930V/27C/mc369,tt,27,vref=0.93,369,1576594430,1342826448,1983066487,fail,1.871903463,fail,ok
negctl,tt/0.930V/27C/mc370,tt,27,vref=0.93,370,167320167,1342826448,1734111557,fail,1.862427436,fail,ok
negctl,tt/0.930V/27C/mc371,tt,27,vref=0.93,371,1465664563,1342826448,876693613,fail,1.868039288,fail,ok
negctl,tt/0.930V/27C/mc372,tt,27,vref=0.93,372,1398004832,1342826448,644706859,fail,1.860829047,fail,ok
negctl,tt/0.930V/27C/mc373,tt,27,vref=0.93,373,1408736856,1342826448,1985342977,fail,1.849045401,fail,ok
negctl,tt/0.930V/27C/mc374,tt,27,vref=0.93,374,1453667340,1342826448,1616906410,fail,1.857159305,fail,ok
negctl,tt/0.930V/27C/mc375,tt,27,vref=0.93,375,806115571,1342826448,153849818,fail,1.855442449,fail,ok
negctl,tt/0.930V/27C/mc376,tt,27,vref=0.93,376,194602888,1342826448,246982063,fail,1.858517283,fail,ok
negctl,tt/0.930V/27C/mc377,tt,27,vref=0.93,377,118505389,1342826448,744845396,fail,1.862210078,fail,ok
negctl,tt/0.930V/27C/mc378,tt,27,vref=0.93,378,1957990240,1342826448,160753948,fail,1.876097291,fail,ok
negctl,tt/0.930V/27C/mc379,tt,27,vref=0.93,379,438208678,1342826448,964110660,fail,1.860882233,fail,ok
negctl,tt/0.930V/27C/mc380,tt,27,vref=0.93,380,651164740,1342826448,1455001671,fail,1.857014087,fail,ok
negctl,tt/0.930V/27C/mc381,tt,27,vref=0.93,381,1888490843,1342826448,2045499086,fail,1.843543815,fail,ok
negctl,tt/0.930V/27C/mc382,tt,27,vref=0.93,382,508027107,1342826448,969000349,fail,1.849600066,fail,ok
negctl,tt/0.930V/27C/mc383,tt,27,vref=0.93,383,37273984,1342826448,330218583,fail,1.860387776,fail,ok
negctl,tt/0.930V/27C/mc384,tt,27,vref=0.93,384,799677774,1342826448,942357265,fail,1.847522795,fail,ok
negctl,tt/0.930V/27C/mc385,tt,27,vref=0.93,385,2106361596,1342826448,580208833,fail,1.863842477,fail,ok
negctl,tt/0.930V/27C/mc386,tt,27,vref=0.93,386,707484929,1342826448,137923935,fail,1.860628212,fail,ok
negctl,tt/0.930V/27C/mc387,tt,27,vref=0.93,387,1119622886,1342826448,381585564,fail,1.857913864,fail,ok
negctl,tt/0.930V/27C/mc388,tt,27,vref=0.93,388,1082620390,1342826448,918401850,fail,1.850573126,fail,ok
negctl,tt/0.930V/27C/mc389,tt,27,vref=0.93,389,475161144,1342826448,648116114,fail,1.841946266,fail,ok
negctl,tt/0.930V/27C/mc390,tt,27,vref=0.93,390,276449101,1342826448,1908726697,fail,1.852389555,fail,ok
negctl,tt/0.930V/27C/mc391,tt,27,vref=0.93,391,1866709663,1342826448,1093602997,fail,1.870395574,fail,ok
negctl,tt/0.930V/27C/mc392,tt,27,vref=0.93,392,164718429,1342826448,1510405931,fail,1.872037293,fail,ok
negctl,tt/0.930V/27C/mc393,tt,27,vref=0.93,393,1881522053,1342826448,434305656,fail,1.875936572,fail,ok
negctl,tt/0.930V/27C/mc394,tt,27,vref=0.93,394,1812390740,1342826448,697480128,fail,1.874601403,fail,ok
negctl,tt/0.930V/27C/mc395,tt,27,vref=0.93,395,559361416,1342826448,1045814534,fail,1.870408739,fail,ok
negctl,tt/0.930V/27C/mc396,tt,27,vref=0.93,396,537481170,1342826448,1970853656,fail,1.865308671,fail,ok
negctl,tt/0.930V/27C/mc397,tt,27,vref=0.93,397,484187721,1342826448,1972990101,fail,1.857379118,fail,ok
negctl,tt/0.930V/27C/mc398,tt,27,vref=0.93,398,354400832,1342826448,2117128495,fail,1.856570923,fail,ok
negctl,tt/0.930V/27C/mc399,tt,27,vref=0.93,399,1415228833,1342826448,2132372486,fail,1.858296401,fail,ok
repro,tt/novdd/27C/mc0,tt,27,,0,1439333159,1342826448,1776046802,pass,1.795453724,pass,ok
repro,tt/novdd/27C/mc1,tt,27,,1,1710950070,1342826448,1924163524,pass,1.804995039,pass,ok
repro,tt/novdd/27C/mc2,tt,27,,2,84400047,1342826448,968623388,pass,1.802835164,pass,ok
repro,tt/novdd/27C/mc3,tt,27,,3,499437139,1342826448,503761890,pass,1.789804539,pass,ok
repro,tt/novdd/27C/mc4,tt,27,,4,241148328,1342826448,1636861242,pass,1.794178594,pass,ok
repro,tt/novdd/27C/mc5,tt,27,,5,1279463794,1342826448,1547038652,pass,1.803322785,pass,ok
repro,tt/novdd/27C/mc6,tt,27,,6,1049118007,1342826448,209670172,pass,1.793406596,pass,ok
repro,tt/novdd/27C/mc7,tt,27,,7,394703960,1342826448,880496632,pass,1.80119608,pass,ok
repro,tt/novdd/27C/mc8,tt,27,,8,907914304,1342826448,435870831,pass,1.790812191,pass,ok
repro,tt/novdd/27C/mc9,tt,27,,9,714244731,1342826448,1701712048,pass,1.797676727,pass,ok
repro,tt/novdd/27C/mc10,tt,27,,10,728675863,1342826448,1877863122,pass,1.79293958,pass,ok
repro,tt/novdd/27C/mc11,tt,27,,11,1352674713,1342826448,548641206,pass,1.794729636,pass,ok
repro,tt/novdd/27C/mc12,tt,27,,12,1420236121,1342826448,807464724,pass,1.825298152,pass,ok
repro,tt/novdd/27C/mc13,tt,27,,13,392130445,1342826448,35143153,pass,1.789424011,pass,ok
repro,tt/novdd/27C/mc14,tt,27,,14,1531180519,1342826448,1431905910,pass,1.807117079,pass,ok
repro,tt/novdd/27C/mc15,tt,27,,15,23626459,1342826448,874474459,pass,1.785265087,pass,ok
repro,tt/novdd/27C/mc16,tt,27,,16,1820553937,1342826448,365261737,pass,1.786550589,pass,ok
repro,tt/novdd/27C/mc17,tt,27,,17,960345977,1342826448,1138986436,pass,1.806545748,pass,ok
repro,tt/novdd/27C/mc18,tt,27,,18,1626523040,1342826448,397956078,pass,1.803171225,pass,ok
repro,tt/novdd/27C/mc19,tt,27,,19,1984104411,1342826448,2037222381,pass,1.801204932,pass,ok
repro,tt/novdd/27C/mc20,tt,27,,20,1883181271,1342826448,269661018,pass,1.806128679,pass,ok
repro,tt/novdd/27C/mc21,tt,27,,21,1468569590,1342826448,1937463552,pass,1.802912641,pass,ok
repro,tt/novdd/27C/mc22,tt,27,,22,1280612423,1342826448,1963304376,pass,1.803304175,pass,ok
repro,tt/novdd/27C/mc23,tt,27,,23,1697085279,1342826448,1875068591,pass,1.807539889,pass,ok
repro,tt/novdd/27C/mc24,tt,27,,24,678316527,1342826448,181205576,pass,1.797048492,pass,ok
repro,tt/novdd/27C/mc25,tt,27,,25,506413459,1342826448,1563528182,pass,1.81081697,pass,ok
repro,tt/novdd/27C/mc26,tt,27,,26,42615558,1342826448,246523635,pass,1.791536504,pass,ok
repro,tt/novdd/27C/mc27,tt,27,,27,1350687124,1342826448,1959268523,pass,1.789143719,pass,ok
repro,tt/novdd/27C/mc28,tt,27,,28,1362308933,1342826448,319365421,pass,1.805224321,pass,ok
repro,tt/novdd/27C/mc29,tt,27,,29,941036167,1342826448,2016043113,pass,1.812973271,pass,ok
repro,tt/novdd/27C/mc30,tt,27,,30,1014845138,1342826448,1736911320,pass,1.791498043,pass,ok
repro,tt/novdd/27C/mc31,tt,27,,31,111634390,1342826448,1029858893,pass,1.780645031,pass,ok
repro,tt/novdd/27C/mc32,tt,27,,32,1998013490,1342826448,735664733,pass,1.805488174,pass,ok
repro,tt/novdd/27C/mc33,tt,27,,33,1353342455,1342826448,1383671779,pass,1.812305428,pass,ok
repro,tt/novdd/27C/mc34,tt,27,,34,136314953,1342826448,2095618626,pass,1.798130074,pass,ok
repro,tt/novdd/27C/mc35,tt,27,,35,102332269,1342826448,2084537849,pass,1.815608802,pass,ok
repro,tt/novdd/27C/mc36,tt,27,,36,304073498,1342826448,2134741312,pass,1.796693989,pass,ok
repro,tt/novdd/27C/mc37,tt,27,,37,1987525925,1342826448,1070599116,pass,1.790035245,pass,ok
repro,tt/novdd/27C/mc38,tt,27,,38,1500107473,1342826448,1643450709,pass,1.819116228,pass,ok
repro,tt/novdd/27C/mc39,tt,27,,39,641038984,1342826448,337822473,pass,1.795511019,pass,ok
repro,tt/novdd/27C/mc40,tt,27,,40,512529726,1342826448,1975384356,pass,1.802669306,pass,ok
repro,tt/novdd/27C/mc41,tt,27,,41,827274304,1342826448,1470554374,pass,1.806449689,pass,ok
repro,tt/novdd/27C/mc42,tt,27,,42,659642592,1342826448,402946629,pass,1.80477094,pass,ok
repro,tt/novdd/27C/mc43,tt,27,,43,897175544,1342826448,308459396,pass,1.794394944,pass,ok
repro,tt/novdd/27C/mc44,tt,27,,44,1031665255,1342826448,1891153428,pass,1.800208218,pass,ok
repro,tt/novdd/27C/mc45,tt,27,,45,1047673233,1342826448,1628738571,pass,1.806080619,pass,ok
repro,tt/novdd/27C/mc46,tt,27,,46,1652805086,1342826448,1450319749,pass,1.795308263,pass,ok
repro,tt/novdd/27C/mc47,tt,27,,47,1361279329,1342826448,1206278000,pass,1.829202492,pass,ok
repro,tt/novdd/27C/mc48,tt,27,,48,405990587,1342826448,48811731,pass,1.812768135,pass,ok
repro,tt/novdd/27C/mc49,tt,27,,49,1263345084,1342826448,513612652,pass,1.792968812,pass,ok
